run_id,thickness_cm,w_regolith,w_hdpe,regolith_volume_fraction_target,voxel_seed,environment,spe_severity
0,9.1775810898429047,0.12829681055332179,0.87170318944667824,0.048383798819429523,21260907,GCR,
1,8.1740254484648425,0.53117221054067876,0.46882778945932124,0.28129572833278621,21260908,GCR,
2,11.547758800286486,0.2339081840390079,0.76609181596099207,0.095412661502784893,21260909,GCR,
3,13.099658716749001,0.29629020620319324,0.70370979379680676,0.12698088898071358,21260910,GCR,
4,14.888751049190279,0.066885665936970817,0.93311433406302924,0.024163843344270158,21260911,GCR,
5,7.3894461156980125,0.50584674527620677,0.49415325472379323,0.26124529212551106,21260912,GCR,
6,5.2708103054056803,0.56275687234122862,0.43724312765877138,0.30777630809880407,21260913,GCR,
7,4.1669456503136821,0.52419691446665939,0.47580308553334061,0.27567233767530958,21260914,GCR,
8,12.72107136878571,0.56510344934789913,0.43489655065210087,0.30981302181168086,21260915,GCR,
9,10.02574475545511,0.44611416020554218,0.55388583979445782,0.2176731622322102,21260916,GCR,
10,6.8097877625718226,0.33688069001620558,0.66311930998379442,0.14929765449942395,21260917,GCR,
11,5.0024543200894787,0.22644942711953842,0.77355057288046158,0.091840752845926729,21260918,GCR,
12,10.300453034930181,0.077254583819524519,0.92274541618047545,0.028109342023102592,21260919,GCR,
13,4.2013148880653954,0.63634117737246265,0.36365882262753735,0.3767477489138672,21260920,GCR,
14,14.244844354203961,0.053423634944428561,0.94657636505557141,0.019124175469535612,21260921,GCR,
15,12.417138111084901,0.34080543407485792,0.65919456592514214,0.15153641582708849,21260922,GCR,
16,6.9932333650765228,0.62470013540956881,0.37529986459043119,0.36508804312698334,21260923,GCR,
17,4.853658192167507,0.57754210686768204,0.42245789313231796,0.32077714936104551,21260924,GCR,
18,8.1535008488360248,0.53633734923762633,0.46366265076237367,0.28551078428046439,21260925,GCR,
19,4.1439997247228071,0.3396426069070812,0.66035739309291874,0.15087157143972707,21260926,GCR,
20,13.195062842209275,0.20707076627150051,0.79292923372849944,0.082749124456355419,21260927,GCR,
21,7.0902230211815098,0.69827936869065665,0.30172063130934335,0.44428817395949632,21260928,GCR,
22,3.5173923032172518,0.065672212451769379,0.93432778754823065,0.023705767334123148,21260929,GCR,
23,5.6979568871332393,0.40642122305263673,0.59357877694736327,0.19128624971298616,21260930,GCR,
24,12.446982869702216,0.12100425797837414,0.87899574202162589,0.045397043289940313,21260931,GCR,
25,11.343126666356921,0.57544722840249307,0.42455277159750693,0.31891055015916209,21260932,GCR,
26,7.9591704042524762,0.34751566176433929,0.65248433823566065,0.15539856886067208,21260933,GCR,
27,7.7190229590215953,0.64589755073384558,0.35410244926615442,0.38654951493933032,21260934,GCR,
28,5.8445515067801148,0.17213366408709527,0.82786633591290471,0.067014876393556549,21260935,GCR,
29,7.0505858050021617,0.40438191028927684,0.59561808971072316,0.1899809249460247,21260936,GCR,
30,3.529093036178641,0.38216461091025078,0.61783538908974922,0.17606116525618162,21260937,GCR,
31,9.1462789634379593,0.092211424681335585,0.90778857531866441,0.033901004087387339,21260938,GCR,
32,4.6147629571685531,0.47770395548580191,0.52229604451419809,0.24009886420332829,21260939,GCR,
33,9.8854699263762562,0.41209076042107901,0.58790923957892094,0.19494028557675394,21260940,GCR,
34,2.699774693503413,0.36746065259807165,0.6325393474019283,0.16714186358229077,21260941,GCR,
35,11.178507681024783,0.0014684392165105113,0.99853156078348948,0.00050776704755157943,21260942,GCR,
36,11.431282285267338,0.35175430713677996,0.64824569286322009,0.15786088558523681,21260943,GCR,
37,2.2219577133578197,0.16250440506870059,0.83749559493129944,0.062819809937459573,21260944,GCR,
38,8.620133575015192,0.57261135998705281,0.42738864001294719,0.31639675084398938,21260945,GCR,
39,8.1336428063982851,0.52658146081896262,0.47341853918103738,0.27758591247538555,21260946,GCR,
40,6.7826442699680562,0.36188686504011885,0.6381131349598812,0.16381965358093248,21260947,GCR,
41,5.8848296532826971,0.22247142341680431,0.77752857658319563,0.089952426170071043,21260948,GCR,
42,3.2153298226012961,0.18675384695482994,0.81324615304517001,0.073499456700064358,21260949,GCR,
43,4.2450514175192957,0.52956532007270307,0.47043467992729693,0.27999330769595138,21260950,GCR,
44,5.7848238176980518,0.056866252442868748,0.94313374755713131,0.020404180556008525,21260951,GCR,
45,3.1372532539048552,0.4879486327198419,0.5120513672801581,0.24766419201707848,21260952,GCR,
46,13.598180852259196,0.217528833270937,0.78247116672906303,0.087622191727496135,21260953,GCR,
47,10.397731620661382,0.22486612547993867,0.77513387452006133,0.091087790790723128,21260954,GCR,
48,7.0434373536362731,0.44774252278622995,0.55225747721377005,0.21879707407753257,21260955,GCR,
49,3.1561935078635837,0.39535377638361863,0.60464622361638143,0.18425866749460698,21260956,GCR,
50,12.659552104609176,0.022706633798298879,0.97729336620170115,0.0079624519909361584,21260957,GCR,
51,2.7252609123397962,0.39038417572368483,0.60961582427631522,0.18114757492126024,21260958,GCR,
52,1.3189993533280011,0.044233231237103578,0.95576676876289646,0.015736174920184004,21260959,GCR,
53,9.6687032360390592,0.67467703662200795,0.32532296337799205,0.41739448804562967,21260960,GCR,
54,13.056214657215408,0.68452728943743146,0.31547271056256854,0.42843531861877432,21260961,GCR,
55,7.666745206191667,0.49227521010031783,0.50772478989968217,0.25090417402302478,21260962,GCR,
56,1.3719710965733121,0.39817633819650983,0.60182366180349023,0.18603784978792773,21260963,GCR,
57,9.0516759572853847,0.51752616818171049,0.48247383181828951,0.27036711289576837,21260964,GCR,
58,1.3631056536672683,0.63328356934988228,0.36671643065011772,0.37365585130180567,21260965,GCR,
59,2.4252152717921223,0.35387127707237287,0.64612872292762713,0.15909733536735096,21260966,GCR,
60,11.585150572723277,0.13947382677405731,0.86052617322594271,0.05302238483132965,21260967,GCR,
61,7.6258501069158804,0.46523415338295931,0.53476584661704063,0.23108721560362644,21260968,GCR,
62,2.3644470738733769,0.024684534378744329,0.97531546562125571,0.0086674254954615913,21260969,GCR,
63,3.1193906234209576,0.68222654632536395,0.31777345367463605,0.42583346480629247,21260970,GCR,
64,2.0058360712093242,0.56786672665547855,0.43213327334452145,0.31222417818584369,21260971,GCR,
65,1.5600766348237833,0.48070266746873175,0.5192973325312682,0.24229798140614392,21260972,GCR,
66,14.062695792981732,0.5483951260984935,0.4516048739015065,0.29552367555230724,21260973,GCR,
67,10.463365069025269,0.13172670878861059,0.86827329121138941,0.049799345584665596,21260974,GCR,
68,3.6902175217824498,0.55303007812366756,0.44696992187633244,0.29943849652577054,21260975,GCR,
69,8.7705746043088588,0.46256939163773292,0.53743060836226708,0.2291888129713659,21260976,GCR,
70,8.6919080783310498,0.65404024298579255,0.34595975701420745,0.39507047857622357,21260977,GCR,
71,12.799685670585557,0.089184658305580325,0.91081534169441969,0.03271924502854491,21260978,GCR,
72,5.8357383442729418,0.4377012786576604,0.5622987213423396,0.21191999677719553,21260979,GCR,
73,6.9172205280704198,0.50152260209064448,0.49847739790935552,0.25792073034808627,21260980,GCR,
74,4.049095551875558,0.11209955999733003,0.88790044000266999,0.041791740469113429,21260981,GCR,
75,6.6909123609707457,0.23547317348270902,0.76452682651729098,0.096167349256467805,21260982,GCR,
76,7.8544690148708796,0.31339997655925478,0.68660002344074522,0.13620600032220695,21260983,GCR,
77,11.84344204069396,0.085485448910965156,0.9145145510890349,0.031281675257895145,21260984,GCR,
78,9.2782915777549242,0.62706000066849621,0.37293999933150379,0.36742733639418079,21260985,GCR,
79,6.6188566327928253,0.61482715602626314,0.38517284397373686,0.35543226806990652,21260986,GCR,
80,1.0609349682377169,0.19707190330705673,0.80292809669294329,0.078161653288864305,21260987,GCR,
81,10.235662933512256,0.47530631872850171,0.52469368127149829,0.23834956331154994,21260988,GCR,
82,14.235025052521793,0.44400907434583858,0.55599092565416142,0.21622521653314311,21260989,GCR,
83,2.750980693984864,0.02768252485827211,0.97231747514172784,0.0097395291562601353,21260990,GCR,
84,3.7319467622939277,0.42528834149175915,0.5747116585082408,0.20359173376159798,21260991,GCR,
85,2.4922909866824652,0.53483916367762896,0.46516083632237104,0.2842836619161167,21260992,GCR,
86,1.5429635941236493,0.19566740561083193,0.80433259438916804,0.07752278690604314,21260993,GCR,
87,5.5132624231931642,0.11568921658020472,0.8843107834197953,0.043239637595937935,21260994,GCR,
88,6.289531709084323,0.49118480203915194,0.50881519796084806,0.25008506652644641,21260995,GCR,
89,13.421615319497024,0.15843120065557043,0.84156879934442963,0.061063041606595266,21260996,GCR,
90,2.393653384813113,0.13610452633970782,0.86389547366029218,0.051616242809035984,21260997,GCR,
91,2.2576938397406718,0.41322451586567377,0.58677548413432623,0.19567545505428025,21260998,GCR,
92,11.95598036796466,0.20427642277482672,0.79572357722517328,0.08146010282267635,21260999,GCR,
93,10.070813410101234,0.66884794601543884,0.33115205398456116,0.41098011684490354,21261000,GCR,
94,11.690981642038178,0.33789368195681108,0.66210631804318898,0.14987407363006675,21261001,GCR,
95,12.270810898702365,0.54099771759313886,0.45900228240686114,0.28935178637550801,21261002,GCR,
96,13.032014820107214,0.45223028529870718,0.54776971470129276,0.22191218582884348,21261003,GCR,
97,6.5411405124038522,0.12507188653888218,0.87492811346111776,0.047059160977547622,21261004,GCR,
98,13.641117517840778,0.49701417495426281,0.50298582504573719,0.25448418634774894,21261005,GCR,
99,1.0852640397227258,0.28352852503822179,0.71647147496177821,0.12026533634785,21261006,GCR,
100,14.007455786004954,0.66030067049200536,0.33969932950799464,0.40173050978582625,21261007,GCR,
101,4.0751882997368325,0.013045419623993736,0.98695458037600625,0.0045454119615704518,21261008,GCR,
102,6.7151683371283708,0.37173332307597207,0.62826667692402793,0.16971024460265402,21261009,GCR,
103,3.8863070449234263,0.14245679435613445,0.85754320564386555,0.054273003335965971,21261010,GCR,
104,6.1165217176066218,0.057462805210915562,0.94253719478908449,0.020626595120737088,21261011,GCR,
105,3.8022555106572171,0.32548266183764624,0.67451733816235371,0.14287882708027469,21261012,GCR,
106,8.7125780585501698,0.33270550858308484,0.66729449141691521,0.14693218017077025,21261013,GCR,
107,12.78720153772568,0.68827523996271933,0.31172476003728067,0.43270432224353295,21261014,GCR,
108,12.872417454610099,0.26108856226049271,0.73891143773950729,0.10878496438194193,21261015,GCR,
109,6.2133990805657975,0.20977474833936766,0.79022525166063229,0.084001666187078897,21261016,GCR,
110,4.7594434243859673,0.11117358899984152,0.88882641100015847,0.041419438269862482,21261017,GCR,
111,10.716373388316093,0.48256340431782491,0.51743659568217515,0.24366890432692578,21261018,GCR,
112,13.866937364911561,0.043019794805929129,0.9569802051940709,0.015291981564351525,21261019,GCR,
113,7.2233533881647576,0.4731040542263461,0.52689594577365395,0.23674981259269207,21261020,GCR,
114,7.7275231970487015,0.50843181836697615,0.49156818163302385,0.26324626371633597,21261021,GCR,
115,13.705052453798254,0.26829798696954388,0.73170201303045612,0.11242873159097561,21261022,GCR,
116,5.0223258166573501,0.61757300388606273,0.38242699611393727,0.35809667995139471,21261023,GCR,
117,14.407635810293874,0.48591996380756386,0.51408003619243614,0.246154278671606,21261024,GCR,
118,1.5294072083235171,0.46894808737291338,0.53105191262708662,0.23374899824746959,21261025,GCR,
119,14.69726983522747,0.55850850334874635,0.44149149665125365,0.30411402129819232,21261026,GCR,
120,3.6440914747684259,0.45007502046538439,0.54992497953461561,0.2204129037647557,21261027,GCR,
121,1.927197457767382,0.67105589621124451,0.32894410378875549,0.41339949088196704,21261028,GCR,
122,1.1965011544800621,0.0046458532805288468,0.9953541467194712,0.0016098264903011965,21261029,GCR,
123,11.994639975625519,0.24088761120570132,0.75911238879429865,0.09879252436514889,21261030,GCR,
124,11.833785665484339,0.34904490674037714,0.65095509325962286,0.15628489690115954,21261031,GCR,
125,5.2529695778661667,0.65074900823428483,0.34925099176571517,0.39160729657221521,21261032,GCR,
126,4.4611831071621886,0.16590044797747217,0.83409955202252783,0.064292552530209865,21261033,GCR,
127,4.9744996903804548,0.2766320195642209,0.7233679804357791,0.1166932242620948,21261034,GCR,
128,14.676964156437618,0.11860950446870212,0.88139049553129789,0.044422984733268223,21261035,GCR,
129,4.7966293947179039,0.64850866147616237,0.35149133852383763,0.3892647357650646,21261036,GCR,
130,7.2106667458574787,0.083567396009992426,0.91643260399000759,0.03053918952365001,21261037,GCR,
131,13.088269440205359,0.36925148884012376,0.63074851115987629,0.1682160621489911,21261038,GCR,
132,4.5269563766849066,0.5152605591830568,0.4847394408169432,0.26858118351764954,21261039,GCR,
133,13.753758899260488,0.4391422085828256,0.5608577914171744,0.21289906882765458,21261040,GCR,
134,5.1753465920922661,0.50396929539834867,0.49603070460165133,0.25979838941693573,21261041,GCR,
135,5.449032340638059,0.012573709776180372,0.98742629022381967,0.00437969032966469,21261042,GCR,
136,6.6551434955279536,0.29819630120054591,0.70180369879945403,0.12799589469034398,21261043,GCR,
137,9.8029606089068739,0.66959541029979219,0.33040458970020781,0.41179776123434408,21261044,GCR,
138,12.862084983405678,0.19330079798271851,0.80669920201728151,0.076449325950649155,21261045,GCR,
139,2.6308415809220165,0.67901690107176227,0.32098309892823773,0.42222732097645466,21261046,GCR,
140,9.2944879391657018,0.2932685804940251,0.70673141950597484,0.12537827992350184,21261047,GCR,
141,14.662429459130273,0.02643237060258366,0.97356762939741637,0.009291944246379788,21261048,GCR,
142,2.4748497557232785,0.033409643348977551,0.96659035665102244,0.011799547191101864,21261049,GCR,
143,6.1901514718049953,0.56690269657812609,0.43309730342187391,0.31138141811595732,21261050,GCR,
144,9.4408116093435233,0.1786914559361871,0.82130854406381293,0.069906112007079038,21261051,GCR,
145,5.609250958032872,0.61308934556472594,0.38691065443527406,0.35375426318501335,21261052,GCR,
146,1.2598676709699803,0.17953037027233759,0.82046962972766235,0.070278006349938874,21261053,GCR,
147,7.571066585122046,0.18147308874809118,0.8185269112519088,0.071141001206024235,21261054,GCR,
148,10.752612517780447,0.69701533102178503,0.30298466897821497,0.44280913746185324,21261055,GCR,
149,5.9667920601627564,0.43632105494484097,0.56367894505515903,0.21098459696939501,21261056,GCR,
150,12.236387501047622,0.69491029450256181,0.30508970549743819,0.4403560210385476,21261057,GCR,
151,1.4672698182609278,0.59460804021665792,0.40539195978334208,0.33629563570560267,21261058,GCR,
152,11.629026791975546,0.53438566414593369,0.46561433585406631,0.28391294276347256,21261059,GCR,
153,5.7387492795364707,0.6932931642738861,0.3067068357261139,0.43847989485702965,21261060,GCR,
154,13.278126405386592,0.55126829927734555,0.44873170072265445,0.2979460664311448,21261061,GCR,
155,11.794211739450663,0.061940956568921755,0.93805904343107827,0.022301977913486638,21261062,GCR,
156,13.612724853004959,0.029378263885792261,0.97062173611420777,0.010347837599292158,21261063,GCR,
157,10.629546939046413,0.12266173816571596,0.87733826183428398,0.046073162473709101,21261064,GCR,
158,4.000406323945489,0.39280132934169132,0.60719867065830868,0.18265736966945451,21261065,GCR,
159,4.3145407604451513,0.40800988124616544,0.59199011875383456,0.19230641376884386,21261066,GCR,
160,10.545734734862307,0.22053139628051532,0.77946860371948468,0.089035679812592861,21261067,GCR,
161,9.219914109450734,0.20515885188948627,0.79484114811051376,0.081866576095568813,21261068,GCR,
162,1.1144997497882407,0.017780917277752887,0.98221908272224712,0.0062148294828873636,21261069,GCR,
163,12.956631264960734,0.059539164564145521,0.94046083543585446,0.021402139735060863,21261070,GCR,
164,8.0986239909624409,0.10540270907539144,0.8945972909246086,0.039110083403189486,21261071,GCR,
165,9.5826411804299703,0.67331716139063502,0.32668283860936498,0.41589024510098871,21261072,GCR,
166,4.9322589726385759,0.55007864669874262,0.44992135330125738,0.29694133555919144,21261073,GCR,
167,4.725978852395575,0.090564124070862964,0.90943587592913699,0.033257221029893036,21261074,GCR,
168,7.7498554970508424,0.47667396384422622,0.52332603615577378,0.23934641091325609,21261075,GCR,
169,8.8461232504115017,0.63909103270937806,0.36090896729062194,0.37954661404913803,21261076,GCR,
170,12.306101365489109,0.64260409544440678,0.35739590455559322,0.3831475881552675,21261077,GCR,
171,13.778237430223449,0.39136919156877642,0.60863080843122352,0.18176205699563916,21261078,GCR,
172,10.241673066747182,0.68522096848871672,0.31477903151128328,0.4292225711650976,21261079,GCR,
173,6.8406245934166581,0.019321882783245495,0.98067811721675446,0.006760330475463437,21261080,GCR,
174,13.394656157457709,0.43426376939385514,0.56573623060614486,0.20959472436828816,21261081,GCR,
175,8.4714771145155048,0.052551959498913399,0.94744804050108655,0.01880102426255216,21261082,GCR,
176,5.5460021369214942,0.3633781765083498,0.6366218234916502,0.16470542095809398,21261083,GCR,
177,12.020829629903051,0.32474816283264701,0.67525183716735304,0.14246936366986071,21261084,GCR,
178,1.7051598820675795,0.016696466036457795,0.9833035339635422,0.0058316012996740404,21261085,GCR,
179,2.8918831247291434,0.52628198109624924,0.47371801890375076,0.27734508261325369,21261086,GCR,
180,13.927205920731767,0.49590679929561027,0.50409320070438968,0.2536446842434873,21261087,GCR,
181,7.8900985518927094,0.041943773346254952,0.95805622665374501,0.014898697581477683,21261088,GCR,
182,11.071567139418073,0.29023595386272089,0.70976404613727917,0.12377770496376736,21261089,GCR,
183,7.1495885042575473,0.21141792657825492,0.78858207342174502,0.08476533477542543,21261090,GCR,
184,10.488020649596443,0.33580696317258107,0.66419303682741893,0.14868774521482836,21261091,GCR,
185,8.4836132804635405,0.13062806633681592,0.8693719336631841,0.049345170386606838,21261092,GCR,
186,3.073768933992767,0.34709607801175102,0.65290392198824898,0.1551557856488556,21261093,GCR,
187,2.3155369395601726,0.34562036039770017,0.65437963960229983,0.15430326205600894,21261094,GCR,
188,10.074183810926019,0.62379247645710845,0.37620752354289155,0.36419154884272215,21261095,GCR,
189,5.1319877506339893,0.47142227552215837,0.52857772447784157,0.23553264070547844,21261096,GCR,
190,12.530550141384065,0.40163641188316507,0.59836358811683499,0.18823105105453897,21261097,GCR,
191,5.4589064812672374,0.6579398594390139,0.3420601405609861,0.39920774848413659,21261098,GCR,
192,1.4272454685484401,0.66429886749639144,0.33570113250360856,0.40603444495626112,21261099,GCR,
193,1.8629424815168072,0.38047929607515507,0.61952070392484493,0.17502726672748062,21261100,GCR,
194,10.014780542778762,0.32642090665930701,0.67357909334069299,0.14340260157372295,21261101,GCR,
195,9.4672839081982296,0.41757056826854255,0.58242943173145745,0.19850750805662282,21261102,GCR,
196,14.508912286795363,0.10351602087600442,0.89648397912399558,0.038359139531472762,21261103,GCR,
197,14.280101283686527,0.12895521175961694,0.87104478824038312,0.048654987951109278,21261104,GCR,
198,3.316599300560497,0.69245396178903851,0.30754603821096149,0.43750915054882583,21261105,GCR,
199,7.7762402516340341,0.24553576180784417,0.7544642381921558,0.10106385309320295,21261106,GCR,
200,9.4243469803161535,0.26015672076221502,0.73984327923778492,0.1083170204517595,21261107,GCR,
201,5.2207866264635747,0.10370104622853789,0.89629895377146207,0.038432695738372803,21261108,GCR,
202,13.969359206067127,0.3009764942105016,0.69902350578949846,0.12948201750805688,21261109,GCR,
203,5.1002602010940032,0.3077198683225284,0.6922801316774716,0.13311475383479851,21261110,GCR,
204,7.9370051192848798,0.27086196870848284,0.72913803129151722,0.11373468843178167,21261111,GCR,
205,5.3346028227477458,0.2510390474155243,0.7489609525844757,0.10377442731985027,21261112,GCR,
206,2.0909362926535451,0.49415543618517294,0.50584456381482701,0.25232064700224255,21261113,GCR,
207,9.8678996116079762,0.38627070720416384,0.61372929279583621,0.17859293273270821,21261114,GCR,
208,4.3360693445016993,0.32092332196397855,0.67907667803602145,0.14034517326200541,21261115,GCR,
209,4.3723179798899796,0.2803716886629255,0.7196283113370745,0.1186253202430034,21261116,GCR,
210,4.695725377979425,0.075264886204008424,0.9247351137959916,0.027347870449817246,21261117,GCR,
211,11.317484499309446,0.1892737802985103,0.81072621970148973,0.074631450743272362,21261118,GCR,
212,1.7954598066381224,0.19833628284207105,0.80166371715792895,0.078737938457498921,21261119,GCR,
213,1.7769936744751869,0.086996721670410976,0.91300327832958905,0.031868087272893572,21261120,GCR,
214,6.5564188268613224,0.2312048591369873,0.7687951408630127,0.094113323679984776,21261121,GCR,
215,3.3771061519445138,0.55467610841183834,0.44532389158816166,0.30083775734839213,21261122,GCR,
216,2.81805264718537,0.41530892626960375,0.5846910737303963,0.19703097475555328,21261123,GCR,
217,7.9887707733488282,0.095109449377358921,0.90489055062264112,0.035037177023446414,21261124,GCR,
218,9.9339794850617995,0.093218353474572316,0.9067816465254277,0.034295250940064685,21261125,GCR,
219,7.6061890972367969,0.58283273847792094,0.41716726152207906,0.32552810453180436,21261126,GCR,
220,12.162628704258882,0.59696087791616403,0.40303912208383597,0.33847976504692306,21261127,GCR,
221,4.4253373139704433,0.65524085718249181,0.34475914281750819,0.39634032136662589,21261128,GCR,
222,14.367887030892359,0.16430029667079232,0.83569970332920773,0.063597710022125664,21261129,GCR,
223,3.0171214171922625,0.28934739506295382,0.71065260493704618,0.12331022179652035,21261130,GCR,
224,13.562693204069342,0.40500384315395532,0.59499615684604468,0.19037850963548625,21261131,GCR,
225,12.909964349531558,0.38313946571395346,0.61686053428604648,0.17666060419459401,21261132,GCR,
226,7.1618367617282015,0.030831254926402971,0.96916874507359707,0.010870162001620616,21261133,GCR,
227,13.936150790565677,0.24962420435609445,0.75037579564390555,0.10307533507254081,21261134,GCR,
228,7.4727377963643153,0.34313909672105281,0.65686090327894719,0.15287462146227132,21261135,GCR,
229,13.135211106280392,0.47893282037762208,0.52106717962237792,0.24099853639979704,21261136,GCR,
230,10.980568526175894,0.30614532600944233,0.69385467399055767,0.13226294013754425,21261137,GCR,
231,12.045453209395907,0.35817445105654916,0.64182554894345079,0.16162446832750607,21261138,GCR,
232,14.468778560441757,0.3511744018836806,0.64882559811631935,0.15752295908361505,21261139,GCR,
233,7.8786780714446909,0.38762491232665136,0.61237508767334869,0.17943191745443671,21261140,GCR,
234,11.868779256736588,0.30975882698741269,0.69024117301258725,0.13422108518786521,21261141,GCR,
235,14.332328235456941,0.19050764547372123,0.80949235452627877,0.07518727843308784,21261142,GCR,
236,3.6100883376170496,0.51155872819951209,0.48844127180048791,0.26568024766315018,21261143,GCR,
237,3.3324858009709248,0.27881001599248967,0.72118998400751033,0.11781707676134526,21261144,GCR,
238,6.42754266944889,0.082277860465175587,0.9177221395348244,0.030041112999406372,21261145,GCR,
239,5.155776464661912,0.038535157348238057,0.96146484265176191,0.013656606003999556,21261146,GCR,
240,11.1378502328315,0.19273685893762726,0.80726314106237274,0.07619409238358299,21261147,GCR,
241,12.142073257918732,0.39440078033282056,0.60559921966717944,0.18365995416100428,21261148,GCR,
242,3.9910075071017284,0.2668053265850876,0.7331946734149124,0.11167089513427751,21261149,GCR,
243,4.665034918148427,0.22872908369058509,0.77127091630941491,0.092928100426743279,21261150,GCR,
244,2.3331421229923697,0.11727979606876145,0.88272020393123851,0.043883558112152811,21261151,GCR,
245,7.8071505220789437,0.31921626799513392,0.68078373200486608,0.13940147124434496,21261152,GCR,
246,8.3728117573596101,0.069850356398464319,0.93014964360153574,0.025286214756897608,21261153,GCR,
247,6.2492650679313879,0.50442025825032222,0.49557974174967778,0.26014545052483529,21261154,GCR,
248,6.5868986694507683,0.48556395708601791,0.51443604291398204,0.24588991352057299,21261155,GCR,
249,9.0822852443891069,0.1079468192976399,0.89205318070236006,0.040125855875176503,21261156,GCR,
250,5.8148517073070671,0.63832765789456813,0.36167234210543187,0.37876789855503668,21261157,GCR,
251,8.5684673858075904,0.55603941195275297,0.44396058804724703,0.3020002662425792,21261158,GCR,
252,1.8787229381538428,0.60213855001922678,0.39786144998077322,0.34332527869743257,21261159,GCR,
253,11.513615083943955,0.099889674693065075,0.90011032530693491,0.036921345880366441,21261160,GCR,
254,14.735919732106691,0.58409161953733724,0.41590838046266276,0.3266664179464368,21261161,GCR,
255,2.6790155405281384,0.23325191934899323,0.76674808065100675,0.09509673279592154,21261162,GCR,
256,3.2858608074838971,0.45484728319327022,0.54515271680672983,0.22374076379007785,21261163,GCR,
257,12.606616850466498,0.033957429392630162,0.96604257060736987,0.011997410962611527,21261164,GCR,
258,11.915843427064571,0.35560760040140976,0.64439239959859029,0.16011479623276742,21261165,GCR,
259,5.3903999360455108,0.47333927254162261,0.52666072745837744,0.23692035918303031,21261166,GCR,
260,8.2234595559947437,0.61388553793291867,0.38611446206708133,0.35452226301336404,21261167,GCR,
261,8.3622775747603377,0.035988116978596517,0.9640118830214035,0.012732175925656347,21261168,GCR,
262,6.1574423504658498,0.17274660561763691,0.82725339438236312,0.067283927856942094,21261169,GCR,
263,3.9430643198647979,0.19951617739665248,0.80048382260334749,0.079276706265473437,21261170,GCR,
264,13.484951431209332,0.3764924934612725,0.62350750653872744,0.17259351288153718,21261171,GCR,
265,14.173191328220351,0.32771407620168463,0.67228592379831542,0.14412585486675969,21261172,GCR,
266,6.3484045034651793,0.53794782683395848,0.46205217316604152,0.28683402470908453,21261173,GCR,
267,5.3100447571146825,0.12435568029798878,0.87564431970201118,0.04676580532654858,21261174,GCR,
268,5.0422817625381331,0.014576221856948316,0.98542377814305171,0.0050839268238622882,21261175,GCR,
269,9.3185067210075978,0.51452478748227315,0.48547521251772685,0.2680029089968749,21261176,GCR,
270,12.360259697388354,0.15803195856862076,0.84196804143137927,0.060891411195817376,21261177,GCR,
271,9.5469439603466899,0.51953066992417829,0.48046933007582171,0.27195390923927865,21261178,GCR,
272,12.375601280376802,0.62137424467879676,0.37862575532120324,0.36181182668570644,21261179,GCR,
273,13.890718710990159,0.17654103707605578,0.82345896292394416,0.068954931010977244,21261180,GCR,
274,8.798612710797336,0.20294528229067382,0.79705471770932612,0.0808479641484596,21261181,GCR,
275,13.536398258521118,0.68927840836679632,0.31072159163320368,0.43385342900565221,21261182,GCR,
276,5.9244795794907112,0.65891009095081443,0.34108990904918557,0.40024287797761199,21261183,GCR,
277,14.412558572056525,0.64241754325452849,0.35758245674547151,0.38295564919618152,21261184,GCR,
278,2.1357809972547028,0.42609152341753698,0.57390847658246302,0.2041249370855103,21261185,GCR,
279,5.9500567147098629,0.36006655319178993,0.63993344680821007,0.16274154199643315,21261186,GCR,
280,4.4111759309703995,0.095762336756758659,0.9042376632432414,0.035293776757221042,21261187,GCR,
281,6.9909490100179834,0.54180043800221689,0.45819956199778311,0.29001704160151165,21261188,GCR,
282,10.113240969357344,0.43366559195608873,0.56633440804391122,0.20919158509269195,21261189,GCR,
283,12.112212385360799,0.59634311971070308,0.40365688028929692,0.33790523445533766,21261190,GCR,
284,12.752528034389826,0.31102072379340673,0.68897927620659327,0.13490764315604178,21261191,GCR,
285,13.733044001082106,0.66228472278222517,0.33771527721777483,0.40386131030013922,21261192,GCR,
286,13.488213622207134,0.25679624998617478,0.74320375001382522,0.10663518799904421,21261193,GCR,
287,8.6687311788745767,0.28232321229249008,0.71767678770750987,0.11963818008949631,21261194,GCR,
288,12.180290292137977,0.60007760094628093,0.39992239905371907,0.34139006397879945,21261195,GCR,
289,10.641791851090529,0.44143351138083098,0.55856648861916902,0.21446129452676341,21261196,GCR,
290,12.839259293105108,0.36498807523607768,0.63501192476392232,0.16566417370433947,21261197,GCR,
291,5.405625125764006,0.049684558682143595,0.95031544131785639,0.017740698375692043,21261198,GCR,
292,10.19783317409618,0.0012310126873653581,0.99876898731263464,0.00042560185866003203,21261199,GCR,
293,7.4427092525123495,0.17495911564464248,0.8250408843553575,0.068257140326030794,21261200,GCR,
294,6.3829678768379416,0.48959148190087437,0.51040851809912557,0.24889126870849224,21261201,GCR,
295,2.9944339483181448,0.4489613607961539,0.5510386392038461,0.21964054827051946,21261202,GCR,
296,9.0134828720659463,0.24273335614022837,0.7572666438597716,0.09969248466366655,21261203,GCR,
297,13.79704672524538,0.10679845867316472,0.89320154132683527,0.039666906077234075,21261204,GCR,
298,3.438876639213988,0.42230673836197913,0.57769326163802082,0.20161913244787757,21261205,GCR,
299,3.752341723041186,0.6052381180732499,0.3947618819267501,0.34625202897554769,21261206,GCR,
300,9.5062183271847207,0.49872910933600273,0.50127089066399733,0.25578784474501182,21261207,GCR,
301,3.9247807320928674,0.43131614244476996,0.56868385755522999,0.2076124397275857,21261208,GCR,
302,14.929702111319177,0.01978365170424751,0.98021634829575244,0.0069240135304666113,21261209,GCR,
303,14.963325093465444,0.24030653732722415,0.75969346267277582,0.098509734642034455,21261210,GCR,
304,11.288425150355476,0.12730072025926017,0.8726992797407398,0.047974003492059707,21261211,GCR,
305,7.3157581202806545,0.063151426377211869,0.93684857362278817,0.022756602354579856,21261212,GCR,
306,3.249573312152735,0.5740908845630931,0.4259091154369069,0.31770638083937824,21261213,GCR,
307,14.806213183804401,0.022254984879870002,0.97774501512013001,0.0078017327401381509,21261214,GCR,
308,1.8328036518276021,0.2005660034905162,0.79943399650948377,0.079756887085213252,21261215,GCR,
309,1.4075192105778458,0.16829135194190303,0.83170864805809697,0.065333815813942098,21261216,GCR,
310,11.934564677824682,0.46732724515347512,0.53267275484652488,0.23258504508620342,21261217,GCR,
311,11.464016678508543,0.68661782099682811,0.31338217900317189,0.43081179129725911,21261218,GCR,
312,14.751116972847402,0.1441687546563182,0.85583124534368182,0.054993183540999378,21261219,GCR,
313,11.121716289979746,0.25401896035424143,0.74598103964575857,0.10525192098796279,21261220,GCR,
314,1.8984274805042705,0.26312597526815545,0.7368740247318446,0.10981049663397838,21261221,GCR,
315,12.58077579906146,0.64440447605883933,0.35559552394116067,0.38500412192964062,21261222,GCR,
316,12.222305901844537,0.50727011449288018,0.49272988550711982,0.26234579454146584,21261223,GCR,
317,6.5088355652522409,0.14905823509923077,0.85094176490076923,0.057059918021697076,21261224,GCR,
318,8.7405784539964628,0.22805123510015587,0.7719487648998441,0.092604382636272312,21261225,GCR,
319,3.868731263361366,0.1477081114849107,0.8522918885150893,0.05648777068527714,21261226,GCR,
320,2.7860023507691842,0.39758035016559179,0.60241964983440821,0.18566143274793301,21261227,GCR,
321,9.8259956292198254,0.65316178172302963,0.34683821827697037,0.39414357299906488,21261228,GCR,
322,4.5701826523394082,0.26968061822843192,0.73031938177156808,0.11313230962966532,21261229,GCR,
323,10.845816525225603,0.31560526261453653,0.68439473738546353,0.13741397538224204,21261230,GCR,
324,11.372489805071829,0.60850054081830629,0.39149945918169371,0.349353873127417,21261231,GCR,
325,14.311723017564219,0.2864962824703492,0.7135037175296508,0.12181473088531468,21261232,GCR,
326,2.1916245499742328,0.52309482617379999,0.47690517382620001,0.27479099200827728,21261233,GCR,
327,8.8952978914361474,0.23930610194057006,0.76069389805943,0.098023452947687356,21261234,GCR,
328,14.834500105705763,0.29473619183781924,0.70526380816218071,0.12615569023186507,21261235,GCR,
329,3.4320987920977588,0.65151245423231452,0.34848754576768548,0.39240831064500858,21261236,GCR,
330,13.660466093093081,0.58050643055272466,0.41949356944727534,0.32343255689125938,21261237,GCR,
331,9.6962843451124545,0.10931666511037484,0.89068333488962514,0.040674295594566159,21261238,GCR,
332,1.0020394041825136,0.4188430057661377,0.58115699423386236,0.19934087775064988,21261239,GCR,
333,4.2911657261177307,0.64070763811433906,0.35929236188566094,0.38120013100376904,21261240,GCR,
334,6.3183080963212301,0.6107976844823737,0.3892023155176263,0.35155119172698307,21261241,GCR,
335,8.9184670772156363,0.58133524454708152,0.41866475545291848,0.32417797461367159,21261242,GCR,
336,9.7119159628470761,0.66710492159929757,0.33289507840070243,0.409078955539041,21261243,GCR,
337,9.6070183778355762,0.58711827216135515,0.41288172783864485,0.32941566541762557,21261244,GCR,
338,12.948647123457759,0.66597369910351822,0.33402630089648178,0.40784921732095247,21261245,GCR,
339,11.407284432605023,0.15310028163938183,0.84689971836061817,0.058779551311320809,21261246,GCR,
340,3.664108843435693,0.69055659583444395,0.30944340416555605,0.43532155353895219,21261247,GCR,
341,2.9427392716759257,0.44367637931923137,0.55632362068076868,0.2159968927837779,21261248,GCR,
342,9.1095157697119298,0.079169408015769369,0.92083059198423067,0.028844134206824721,21261249,GCR,
343,4.5367169394802458,0.16125316351029842,0.83874683648970161,0.062279036475843229,21261250,GCR,
344,2.0507815186834386,0.029668083477915174,0.97033191652208484,0.010451941689234894,21261251,GCR,
345,8.9391801525321704,0.53305428890645434,0.46694571109354566,0.28282654544850616,21261252,GCR,
346,3.4052335092658259,0.15638274855163983,0.84361725144836019,0.060183490354299429,21261253,GCR,
347,1.2390830774421757,0.32936331138215513,0.67063668861784487,0.14505051585835815,21261254,GCR,
348,14.61162173533908,0.60981692191300629,0.39018307808699371,0.35061170402013719,21261255,GCR,
349,10.511354588481982,0.64746576411723789,0.35253423588276211,0.38817832412856035,21261256,GCR,
350,8.9695156382905736,0.18305774167368719,0.81694225832631284,0.071846782610204621,21261257,GCR,
351,11.255036680195865,0.50084120178345548,0.49915879821654452,0.25739939805034773,21261258,GCR,
352,3.051617345132982,0.1852886794294317,0.81471132057056828,0.07284323395769568,21261259,GCR,
353,8.6071171483035798,0.2844778227252559,0.7155221772747441,0.12076013716147332,21261260,GCR,
354,6.8710671850111744,0.60362789171201336,0.39637210828798664,0.34472913116799386,21261261,GCR,
355,2.9695782347637785,0.1510686008773505,0.84893139912264948,0.057913938398053366,21261262,GCR,
356,14.791102755207277,0.456129082907195,0.543870917092805,0.22463965561554419,21261263,GCR,
357,4.8785626082964662,0.26592278535835656,0.73407721464164344,0.11122366481097287,21261264,GCR,
358,5.5056423329933084,0.6012502276027224,0.3987497723972776,0.34249009535938052,21261265,GCR,
359,1.6520564197313337,0.258767815264072,0.741232184735928,0.10762082768046621,21261266,GCR,
360,14.872485853814473,0.13760462534660381,0.86239537465339622,0.052241451541749438,21261267,GCR,
361,9.9645205930941572,0.31718524169755136,0.68281475830244864,0.13828213624137783,21261268,GCR,
362,6.9362382285624333,0.23662909773818114,0.76337090226181892,0.09672594743928932,21261269,GCR,
363,4.2530890460612634,0.084911625810023802,0.91508837418997624,0.031059339160736023,21261270,GCR,
364,2.5912572407739125,0.51912013712529326,0.48087986287470674,0.27162841119653758,21261271,GCR,
365,13.210338458466602,0.58652499712067174,0.41347500287932826,0.32887537328214816,21261272,GCR,
366,4.600231832327502,0.24382680797542539,0.75617319202457467,0.10022685749108359,21261273,GCR,
367,11.017958708869429,0.4282248513300973,0.57177514866990276,0.20554495830808195,21261274,GCR,
368,6.6771297187268122,0.61920893374461372,0.38079106625538628,0.35969174727716136,21261275,GCR,
369,10.670505091091817,0.42967375285226639,0.57032624714773361,0.20651254644585251,21261276,GCR,
370,11.495754922408011,0.40937446161570568,0.59062553838429432,0.19318499910384873,21261277,GCR,
371,8.2647971699257852,0.31398858793334572,0.68601141206665428,0.13652799067050758,21261278,GCR,
372,13.453562260188553,0.29885042743746532,0.70114957256253474,0.12834494605169872,21261279,GCR,
373,9.3489145740967086,0.071453580366945574,0.9285464196330544,0.02589506644700339,21261280,GCR,
374,10.134782050200835,0.11917333794171811,0.88082666205828186,0.044652024152756736,21261281,GCR,
375,5.5863173618668895,0.14071927263582543,0.8592807273641746,0.053543887822266378,21261282,GCR,
376,4.1087134916540142,0.31833833537385908,0.68166166462614086,0.13891716553509015,21261283,GCR,
377,10.823781463732372,0.61686166706103684,0.38313833293896316,0.35740489822010363,21261284,GCR,
378,4.9147343451291361,0.42024286354056012,0.57975713645943983,0.20025991216643629,21261285,GCR,
379,3.8516881587079128,0.34238646728921501,0.65761353271078504,0.15244246119250524,21261286,GCR,
380,1.154348517874741,0.20789612200593818,0.79210387799406179,0.083130902532885118,21261287,GCR,
381,9.5165873498455884,0.21553614316919834,0.78446385683080166,0.086687682872189767,21261288,GCR,
382,13.370823501676028,0.30351907513106424,0.69648092486893576,0.13084703636537345,21261289,GCR,
383,11.20742975542797,0.45791841457600307,0.54208158542399687,0.22589806806491963,21261290,GCR,
384,12.487583271224061,0.051178308456762293,0.9488216915432377,0.018292552902078457,21261291,GCR,
385,1.1865626151308768,0.58966848680282924,0.41033151319717076,0.33174591338600529,21261292,GCR,
386,10.893934336620173,0.070414520542057324,0.92958547945794268,0.025500312973077619,21261293,GCR,
387,1.2830012929134664,0.56132720543492753,0.43867279456507247,0.30654027590099953,21261294,GCR,
388,12.989323479226286,0.33041714612673262,0.66958285387326733,0.14564269319760376,21261295,GCR,
389,10.282033838819494,0.5220948203709106,0.4779051796290894,0.27399295379842903,21261296,GCR,
390,10.18130394635784,0.060327657135089245,0.93967234286491075,0.021697225938659193,21261297,GCR,
391,7.6589878921172048,0.14451908820012849,0.85548091179987151,0.055140780095170212,21261298,GCR,
392,13.830824455234414,0.51043373753007348,0.48956626246992652,0.26480283270823002,21261299,GCR,
393,14.041620667938336,0.47023550035330225,0.5297644996466977,0.23467605286958479,21261300,GCR,
394,2.0279648811624855,0.46110955124307457,0.53889044875692549,0.22815282973019219,21261301,GCR,
395,9.6287550288538313,0.25552440715545677,0.74447559284454323,0.10600097975022416,21261302,GCR,
396,11.244680156767439,0.096848582891260734,0.90315141710873925,0.035721215306764531,21261303,GCR,
397,3.1979204424040364,0.30177807035267207,0.69822192964732799,0.12991174336191982,21261304,GCR,
398,8.3992725262409653,0.45214744393238887,0.54785255606761107,0.22185444727411319,21261305,GCR,
399,1.7509325214155336,0.57955315993009482,0.42044684006990518,0.32257681681612743,21261306,GCR,
400,14.99287266782353,0.62234846339152894,0.37765153660847106,0.36276900227694275,21261307,GCR,
401,8.3028247235724617,0.67755085246557423,0.32244914753442577,0.42058922459366976,21261308,GCR,
402,5.3657713051661036,0.33410492755350563,0.66589507244649437,0.14772318577545299,21261309,GCR,
403,10.423611924522177,0.1677519649928742,0.83224803500712574,0.065098587445558423,21261310,GCR,
404,11.766307231444266,0.076110106321109261,0.92388989367889074,0.027671087240151764,21261311,GCR,
405,8.0743283530446348,0.22327057905496103,0.77672942094503894,0.090330854572634053,21261312,GCR,
406,8.8347040715037153,0.30468879232940782,0.69531120767059218,0.13147692084763513,21261313,GCR,
407,14.121339969348417,0.58845618872032612,0.41154381127967388,0.33063660328943928,21261314,GCR,
408,2.4342364925882647,0.18855316166026487,0.81144683833973508,0.074307302491590871,21261315,GCR,
409,9.7451785669468212,0.037448816796958259,0.96255118320304178,0.013261940032687937,21261316,GCR,
410,2.5433783664780636,0.047422588770284248,0.95257741122971573,0.016907150867239151,21261317,GCR,
411,3.5872576076326874,0.52887223106164782,0.47112776893835218,0.27943283702419414,21261318,GCR,
412,1.6070265118869063,0.30886608551004674,0.69113391448995332,0.13373623148871083,21261319,GCR,
413,12.698670279863531,0.010465908658321555,0.98953409134167847,0.0036404341958517173,21261320,GCR,
414,2.9068794156467046,0.22963587216433809,0.77036412783566188,0.093361680864685173,21261321,GCR,
415,13.261064405408352,0.35548602514598077,0.64451397485401918,0.16004345672602327,21261322,GCR,
416,14.597204499071399,0.32206960685032221,0.67793039314967785,0.14098036779702053,21261323,GCR,
417,13.159647116433346,0.374709026838492,0.62529097316150795,0.1715102393825137,21261324,GCR,
418,2.149255298947133,0.21295773307890964,0.78704226692109036,0.085482693679743565,21261325,GCR,
419,14.092730152550072,0.15127064757092101,0.84872935242907899,0.057999907494840519,21261326,GCR,
420,6.1291986035306145,0.49461793483911215,0.50538206516088779,0.25266986157331484,21261327,GCR,
421,12.066564599246085,0.67768899705667951,0.32231100294332049,0.42074333999282754,21261328,GCR,
422,5.9918227067125924,0.48346443119530103,0.51653556880469897,0.2443345035911608,21261329,GCR,
423,2.611040829870098,0.59225680257529145,0.40774319742470855,0.33412396666927091,21261330,GCR,
424,9.3923242696661742,0.46357698693833138,0.53642301306166862,0.22990551604668241,21261331,GCR,
425,12.641323561287056,0.42387806590013577,0.57612193409986423,0.20265738025150681,21261332,GCR,
426,6.0896744129207869,0.62874417401285265,0.37125582598714735,0.36910433777066576,21261333,GCR,
427,6.4674714733522567,0.0094419965592035162,0.99055800344079648,0.0032820644968285049,21261334,GCR,
428,10.935495330972827,0.69901653708031841,0.30098346291968159,0.44515280934191859,21261335,GCR,
429,7.2680154133561015,0.35851539126382248,0.64148460873617752,0.16182548817334461,21261336,GCR,
430,3.5725245602701885,0.11386373009746827,0.88613626990253169,0.042502404257828044,21261337,GCR,
431,8.2460139184810473,0.18389858727466854,0.81610141272533143,0.072221958948528509,21261338,GCR,
432,8.4223368196250696,0.17523017363979684,0.82476982636020313,0.06837658900898208,21261339,GCR,
433,11.706783076778517,0.0035071897260713107,0.99649281027392866,0.0012143623411620791,21261340,GCR,
434,7.5400101512593629,0.1334148832818611,0.86658511671813887,0.050498626217701931,21261341,GCR,
435,11.562647494408376,0.3994856772081235,0.60051432279187655,0.1868662050053394,21261342,GCR,
436,10.562654926725276,0.40216459405107802,0.59783540594892193,0.18856703067962241,21261343,GCR,
437,14.206273118415282,0.21663693157275699,0.78336306842724301,0.087203566772404276,21261344,GCR,
438,7.3546287986756198,0.0067245877439796068,0.99327541225602034,0.002333309577366177,21261345,GCR,
439,8.5048226861229139,0.45971351975472524,0.5402864802452747,0.22716477781930675,21261346,GCR,
440,3.7894969101325402,0.24646237672447632,0.75353762327552365,0.10151861546855979,21261347,GCR,
441,8.5580945362667542,0.55954866653011204,0.44045133346988796,0.30500771805883187,21261348,GCR,
442,10.788258052556344,0.38465661788036953,0.61534338211963047,0.17759553590158114,21261349,GCR,
443,9.2372136652928862,0.55262963348437943,0.44737036651562057,0.29909880011706041,21261350,GCR,
444,2.8343748339170798,0.27164243710367719,0.72835756289632281,0.11413327621829446,21261351,GCR,
445,9.7782419486266932,0.68146822446910627,0.31853177553089373,0.42497899702343767,21261352,GCR,
446,4.4833205709359643,0.14579902633457015,0.85420097366542991,0.055680657926660861,21261353,GCR,
447,6.4500434994556937,0.36669425645185966,0.6333057435481404,0.16668316812646586,21261354,GCR,
448,3.48021083612438,0.29147429999456537,0.70852570000543458,0.12443033696410909,21261355,GCR,
449,11.747685715753152,0.67577529500155942,0.32422470499844058,0.41861284524768588,21261356,GCR,
450,1.6384788530346053,0.45653595548811299,0.54346404451188701,0.22492543424804576,21261357,GCR,
451,2.8525618370231691,0.57100768762699916,0.42899231237300084,0.31498180343651061,21261358,GCR,
452,10.964462156089951,0.27827745122182418,0.72172254877817577,0.11754190990596868,21261359,GCR,
453,6.0186150460467882,0.27567818989087944,0.72432181010912056,0.11620227644029162,21261360,GCR,
454,1.4881735153973621,0.16001401924836817,0.83998598075163189,0.061744466444260168,21261361,GCR,
455,8.9822951223578151,0.43964485519105478,0.56035514480894522,0.21324121333685214,21261362,GCR,
456,13.335859503241034,0.047804776745811579,0.95219522325418837,0.017047810210371717,21261363,GCR,
457,13.292358150224914,0.37801064460719314,0.62198935539280686,0.17351828229510727,21261364,GCR,
458,8.3123335603666195,0.56333812454022969,0.43666187545977031,0.3082798830484339,21261365,GCR,
459,4.1051053539906999,0.661426858457831,0.338573141542169,0.40293879735642302,21261366,GCR,
460,12.479710516897338,0.38808381349027549,0.61191618650972446,0.17971667754112472,21261367,GCR,
461,8.0227061531114607,0.63073375390512421,0.36926624609487579,0.37109355856178095,21261368,GCR,
462,11.104322922346771,0.51267224919250176,0.48732775080749824,0.26655063221283926,21261369,GCR,
463,10.367532495591973,0.073665429274566013,0.92633457072543401,0.026737257682734428,21261370,GCR,
464,10.882547070091199,0.045222573979478278,0.95477742602052174,0.016098874118907581,21261371,GCR,
465,10.351161752346218,0.54558208751807069,0.45441791248192931,0.2931657149396687,21261372,GCR,
466,2.516949597006148,0.63215244257238878,0.36784755742761122,0.37251738896057318,21261373,GCR,
467,6.759808979644145,0.15420440416207706,0.84579559583792296,0.059251044986387065,21261374,GCR,
468,14.153668740181255,0.098021688603383714,0.90197831139661633,0.03618356262080516,21261375,GCR,
469,14.543868815977268,0.57227552031117268,0.42772447968882732,0.31610004060823305,21261376,GCR,
470,5.7069152608457454,0.54737424056052397,0.45262575943947603,0.2946663790257365,21261377,GCR,
471,5.6233510756641492,0.59141761832677486,0.40858238167322514,0.33335151350538039,21261378,GCR,
472,4.813467293385373,0.41660968325403169,0.58339031674596831,0.19787945128388298,21261379,GCR,
473,5.080909067256238,0.25277935568020432,0.74722064431979573,0.10463646409029592,21261380,GCR,
474,1.0506408852740989,0.21134913566204078,0.78865086433795928,0.084733325898844414,21261381,GCR,
475,6.0584774535179768,0.24830960435879837,0.75169039564120166,0.10242715990282858,21261382,GCR,
476,4.717439176197975,0.43104984044703237,0.56895015955296757,0.20743387594948504,21261383,GCR,
477,6.3275537577530923,0.27437901074731952,0.72562098925268048,0.11553477502149666,21261384,GCR,
478,10.5798813871929,0.37798241863884746,0.62201758136115259,0.17350106639643864,21261385,GCR,
479,7.1254294029651346,0.13518071056105246,0.86481928943894748,0.051231886593676126,21261386,GCR,
480,10.708824499128752,0.56906551723491172,0.43093448276508828,0.31327453132406724,21261387,GCR,
481,6.886400227982362,0.26390794976759174,0.7360920502324082,0.11020498169935458,21261388,GCR,
482,14.454878869087036,0.0075409099440918916,0.99245909005590816,0.0026179635403701901,21261389,GCR,
483,11.042830572255832,0.17022240269612549,0.82977759730387457,0.066177485701127706,21261390,GCR,
484,7.3726586469986497,0.41122794871041474,0.58877205128958532,0.19438180659772639,21261391,GCR,
485,5.6610321400607031,0.10081251993001565,0.89918748006998439,0.037286547411176013,21261392,GCR,
486,12.546618706702967,0.54446616162886441,0.45553383837113559,0.29223405494292554,21261393,GCR,
487,9.1688968487747289,0.080504834966592206,0.91949516503340778,0.029357740093243725,21261394,GCR,
488,9.9288248554385703,0.37290032016682972,0.62709967983317028,0.17041505227524456,21261395,GCR,
489,8.0366878296028528,0.63473090779026686,0.36526909220973314,0.37511678195020542,21261396,GCR,
490,7.5086217810981131,0.28803241141826674,0.71196758858173326,0.12261962024726321,21261397,GCR,
491,11.657663195762336,0.59884385773921867,0.40115614226078133,0.34023569777746659,21261398,GCR,
492,2.106319799049603,0.60638257895129255,0.39361742104870745,0.34733765751078033,21261399,GCR,
493,1.9701495933080611,0.62760362701653349,0.37239637298346651,0.36796796187931607,21261400,GCR,
494,7.2881870141533609,0.53974754472520126,0.46025245527479874,0.28831785727443393,21261401,GCR,
495,14.553953384726462,0.040217048377812564,0.95978295162218741,0.014268771689196887,21261402,GCR,
496,7.4152253019403114,0.37086260095600393,0.62913739904399613,0.16918529838216456,21261403,GCR,
497,12.319100234833057,0.21929259595737741,0.78070740404262262,0.088451715453504179,21261404,GCR,
498,1.6756694984414073,0.068470389493717088,0.93152961050628291,0.024763220073232884,21261405,GCR,
499,2.2652890172597324,0.054838030691660024,0.94516196930833996,0.019649340058484923,21261406,GCR,
500,8.6531519750010659,0.6226894408644178,0.3773105591355822,0.36310450145218121,21261407,SPE,0.55418424486642359
501,14.556375116469031,0.20138970180615229,0.79861029819384766,0.080134171297280385,21261408,SPE,0.4305598582622317
502,11.058110848544594,0.54961428283003366,0.45038571716996634,0.29654981639082606,21261409,SPE,0.12478760119459226
503,9.4991969612210703,0.32387921688270327,0.67612078311729673,0.14198559488905141,21261410,SPE,0.49422174319059958
504,13.298653612756828,0.12645575830097378,0.87354424169902622,0.047626839638336582,21261411,SPE,0.59644269643853798
505,1.5671978713315169,0.29809326998445446,0.70190673001554549,0.12794094957350549,21261412,SPE,0.89155251745946307
506,9.6810101978185266,0.4496392746447308,0.55036072535526914,0.22011051129700995,21261413,SPE,0.3018800476221451
507,11.434179549262749,0.60851042860144611,0.39148957139855389,0.3493633076924072,21261414,SPE,0.036505060167638638
508,5.3815883885254383,0.46301197656518506,0.536988023434815,0.22950345681442402,21261415,SPE,0.37271765650424921
509,3.9884020786940364,0.65633379226916821,0.34366620773083179,0.39749931851570613,21261416,SPE,0.13759742660352323
510,3.7588748266392695,0.050439154842768785,0.94956084515723127,0.01801933872345314,21261417,SPE,0.68782753433705901
511,7.8705437860538181,0.56281086372511691,0.43718913627488309,0.30782305863579451,21261418,SPE,0.81744401275638534
512,7.3743697197926252,0.4202882538806324,0.5797117461193676,0.20028975071354568,21261419,SPE,0.29387776666355186
513,2.000261112092458,0.22606978620323251,0.77393021379676752,0.091660042157931651,21261420,SPE,0.36499897037820589
514,1.531723807973004,0.48054764810641387,0.51945235189358607,0.24218398864586821,21261421,SPE,0.84491078810404441
515,11.63950838817418,0.69573233266233236,0.30426766733766764,0.44131251077244699,21261422,SPE,0.15247584011300436
516,11.043144941302273,0.1454491503929573,0.85455084960704264,0.055532980981005592,21261423,SPE,0.099084918036355149
517,1.2634531597154945,0.16699681100452796,0.8330031889954721,0.064769575677517413,21261424,SPE,0.42536007500539363
518,4.3652625713091489,0.060756498696898663,0.9392435013031013,0.02185784918395842,21261425,SPE,0.24080315651059789
519,11.776408560373314,0.38110342716364171,0.61889657283635824,0.17540980120833483,21261426,SPE,0.75416138998187432
520,2.7895741276306536,0.0052584851752860715,0.99474151482471396,0.0018228416768013105,21261427,SPE,0.87077936120793109
521,12.595082047583873,0.21182325685086881,0.78817674314913122,0.084954005632093085,21261428,SPE,0.50984554966188711
522,1.2845838255082738,0.49662221561286801,0.50337778438713199,0.25418683559340388,21261429,SPE,0.68633585215546011
523,7.5629469907514908,0.65291459932857787,0.34708540067142213,0.39388309486648976,21261430,SPE,0.44967836518279564
524,5.720185687182811,0.67809686143962533,0.32190313856037467,0.4211986497131846,21261431,SPE,0.1693111187712589
525,2.4331997626913275,0.26343030105208992,0.73656969894791002,0.10996396279340814,21261432,SPE,0.24355735309901824
526,7.6394271284166599,0.35666297468644126,0.64333702531355874,0.1607347048288833,21261433,SPE,0.54174073913919507
527,14.09701355035841,0.24451950004038875,0.7554804999596112,0.10056584913069178,21261434,SPE,0.76788081352260451
528,10.607776765305726,0.33144335117616769,0.66855664882383237,0.14622034729861544,21261435,SPE,0.89309591486996243
529,6.2566631085849727,0.12328274915177667,0.87671725084822327,0.046326896186534045,21261436,SPE,0.45082171948074679
530,10.742123439742624,0.5288546995779686,0.4711453004220314,0.27941867016787869,21261437,SPE,0.22399638145267586
531,6.1590601852631783,0.296026188079068,0.703973811920932,0.12684054562220032,21261438,SPE,0.30516729979537932
532,13.813337558683248,0.052883242812150399,0.9471167571878496,0.018923794014688539,21261439,SPE,0.6858715655378308
533,4.698630396231902,0.17220191265907833,0.82779808734092164,0.067044822153375497,21261440,SPE,0.61148618744613104
534,11.201294609700946,0.30701255463998189,0.69298744536001811,0.13273183145018075,21261441,SPE,0.60920894361547084
535,7.1992005774809567,0.5080803357657071,0.4919196642342929,0.26297360324243885,21261442,SPE,0.70479287458279927
536,3.872063087826862,0.60498533571437219,0.39501466428562781,0.34601260426180974,21261443,SPE,0.52705003468137113
537,5.7050364920188388,0.50571082998379036,0.49428917001620964,0.26114036719715811,21261444,SPE,0.82774643890030386
538,2.6570477579340448,0.62730214824571962,0.37269785175428038,0.36766806667316393,21261445,SPE,0.15916375529450527
539,10.757619082701527,0.36890934006905596,0.63109065993094404,0.16801057425299445,21261446,SPE,0.24855322212878317
540,6.7927254955430278,0.4940028325681779,0.5059971674318221,0.25220549056342073,21261447,SPE,0.10806234202591924
541,11.327756102160793,0.35321549794611623,0.64678450205388383,0.15871384070786784,21261448,SPE,0.11986907338960825
542,12.501467900109295,0.37964805935822121,0.62035194064177879,0.17451844150636947,21261449,SPE,0.66153043900719599
543,7.7014771660811032,0.19768274248652271,0.80231725751347727,0.07843992779937535,21261450,SPE,0.90361424919176703
544,7.1130017286784923,0.65007174160129921,0.34992825839870079,0.39089786903263174,21261451,SPE,0.87454642665215898
545,1.6236369294011666,0.27372374865292742,0.72627625134707263,0.11519863453559577,21261452,SPE,0.88980893285371609
546,12.41211689296917,0.43415656615793546,0.56584343384206459,0.20952244274329004,21261453,SPE,0.43519665607553198
547,2.7089550065615273,0.45275500337784469,0.54724499662215531,0.22227810912555862,21261454,SPE,0.53401746474067791
548,1.8350328037463717,0.67900022898258694,0.32099977101741306,0.4222086605279709,21261455,SPE,0.59471017732333065
549,9.0041799690958531,0.63106563410902716,0.36893436589097284,0.37142623789984186,21261456,SPE,0.58141067595315643
550,1.7968775004258235,0.13354228224449441,0.86645771775550562,0.050551466512057053,21261457,SPE,0.97333975815762508
551,1.5788429409086455,0.47909892712452901,0.52090107287547105,0.24112030764803719,21261458,SPE,0.57244471833783728
552,11.265702695737582,0.38576735535120521,0.61423264464879479,0.17828159318708861,21261459,SPE,0.47475123517708739
553,9.4065339604921512,0.15998347741943478,0.84001652258056525,0.06173130285121789,21261460,SPE,0.73910300777286375
554,7.9944710670305845,0.11282273636514992,0.88717726363485006,0.042082844570212989,21261461,SPE,0.5460927925122171
555,6.6045765742871279,0.46697320686053256,0.53302679313946744,0.23233127774469306,21261462,SPE,0.28021363649145214
556,14.1632826495247,0.60398877626710001,0.39601122373289999,0.34506998201935712,21261463,SPE,0.62189530699394424
557,14.702794746411625,0.69268359843052341,0.30731640156947659,0.43777458797345675,21261464,SPE,0.23059627330531204
558,7.8579976139316763,0.045103914530066118,0.95489608546993388,0.016055347281575448,21261465,SPE,0.33043808622116588
559,6.7523740601620323,0.45346558536034004,0.54653441463966002,0.22277421835978292,21261466,SPE,0.85519105578221455
560,13.387047799527073,0.58613473149869855,0.41386526850130145,0.32852033187220536,21261467,SPE,0.052208738912225154
561,6.0230636278024212,0.6978554038576068,0.3021445961423932,0.44379159525299028,21261468,SPE,0.76413215898798492
562,4.2642398482205532,0.69498931345421722,0.30501068654578278,0.44044788220272302,21261469,SPE,0.58402536305532871
563,3.8865432014450931,0.66028734041892456,0.33971265958107544,0.4017162267310872,21261470,SPE,0.92269424497447927
564,9.7593125253569113,0.19647441897584908,0.80352558102415095,0.077889709773263927,21261471,SPE,0.54377235611181374
565,12.976104790561028,0.64203806814018316,0.35796193185981684,0.38256546608981451,21261472,SPE,0.37752210737462993
566,10.011321720730605,0.40826785207372007,0.59173214792627993,0.19247234415546857,21261473,SPE,0.58251214568883614
567,14.491947059112697,0.26535768364148815,0.73464231635851185,0.110937626261709,21261474,SPE,0.29107583025621797
568,5.066929865649791,0.375606925176872,0.624393074823128,0.17205520157040441,21261475,SPE,0.75080062853541385
569,10.497022485164784,0.13121192076535029,0.86878807923464973,0.049586444929731792,21261476,SPE,0.33696639931183131
570,5.2566119998259122,0.4024369041767823,0.59756309582321765,0.18874037188619786,21261477,SPE,0.50470770778876795
571,8.1187022788850136,0.62015257257618994,0.37984742742381006,0.36061443067211657,21261478,SPE,0.14606403772211241
572,7.5418166224378824,0.18573968579506092,0.81426031420493905,0.0730450791223312,21261479,SPE,0.1723187659033546
573,9.2189446721221522,0.64477020761930215,0.35522979238069785,0.38538218567430627,21261480,SPE,0.058922094053521931
574,1.4033539642815229,0.57250884980214078,0.42749115019785922,0.31630616223119901,21261481,SPE,0.41970926078254417
575,6.0863041072349686,0.026347966404719026,0.97365203359528096,0.0092617523994206717,21261482,SPE,0.58941494925443738
576,5.3454509828054686,0.28456462379930381,0.71543537620069619,0.12080541804303203,21261483,SPE,0.73856649574734923
577,13.238630504030498,0.68606391762959207,0.31393608237040793,0.43018097598668004,21261484,SPE,0.29025182774846425
578,4.2128133729417403,0.069204588411054341,0.93079541158894563,0.025041351472715686,21261485,SPE,0.0358778116926117
579,6.2273818086567951,0.33486101159495107,0.66513898840504893,0.14815132587122673,21261486,SPE,0.88088766502818372
580,9.3592573347057773,0.24175334295019082,0.7582466570498092,0.09921432179452061,21261487,SPE,0.9318793987574181
581,5.8595738964740436,0.30737658085434744,0.69262341914565262,0.13292885093295859,21261488,SPE,0.74435527411253133
582,4.3347533026342706,0.22920976361272166,0.77079023638727828,0.093157861863919056,21261489,SPE,0.048524862745539965
583,9.9623209382126667,0.5975818720428725,0.4024181279571275,0.33905807424286177,21261490,SPE,0.75570836436519262
584,4.5293098461542218,0.15838054295947582,0.84161945704052421,0.061041258796963385,21261491,SPE,0.52691059059696965
585,3.3224097518406741,0.49262348204461082,0.50737651795538918,0.25116615726403274,21261492,SPE,0.2281292963288043
586,5.8761599195018182,0.28578718672239445,0.71421281327760555,0.12144385586491308,21261493,SPE,0.43851678122897525
587,11.70450654980907,0.15928857317639272,0.84071142682360733,0.061431956418623833,21261494,SPE,0.87148520033037979
588,9.2436117270815465,0.51446090958152324,0.48553909041847676,0.2679527442346728,21261495,SPE,0.8820093718864388
589,6.3176604367209084,0.28185653401279903,0.71814346598720102,0.1193956808408688,21261496,SPE,0.58723887608148218
590,10.55773052657992,0.54837820771209411,0.45162179228790589,0.29550945364274511,21261497,SPE,0.65223239337565964
591,2.6371268895742794,0.66416759878895493,0.33583240121104507,0.40589250554140821,21261498,SPE,0.35531865504595733
592,1.941932521474304,0.23614037769465568,0.76385962230534432,0.096489652417365804,21261499,SPE,0.14720053754029302
593,5.628815853354304,0.54142273517573369,0.45857726482426631,0.28970388518072832,21261500,SPE,0.83069537476918931
594,8.0073372124313291,0.27536637634667632,0.72463362365332373,0.11604194437778213,21261501,SPE,0.76817628048405473
595,10.807577323517233,0.30595286295915103,0.69404713704084897,0.13215896988096676,21261502,SPE,0.41810222808799979
596,14.480189720689546,0.3930562446417657,0.6069437553582343,0.18281696899273028,21261503,SPE,0.30344526975799213
597,8.0451778468308142,0.43666087308559259,0.56333912691440746,0.21121467759188764,21261504,SPE,0.42211464687416572
598,3.9173305011158446,0.087220489276424826,0.91277951072357522,0.031955019334837617,21261505,SPE,0.36187283206131599
599,4.3895326205886658,0.55193601027629347,0.44806398972370653,0.29851106058412463,21261506,SPE,0.08315939022556415
600,9.9291295912462481,0.31106108507430619,0.68893891492569381,0.1349296259500502,21261507,SPE,0.5732113680057821
601,6.049189118788461,0.0020909174047670249,0.99790908259523292,0.00072330683973709871,21261508,SPE,0.93488160615734139
602,3.2089511409292597,0.30346043604699635,0.69653956395300365,0.13081549131203693,21261509,SPE,0.63766957015930048
603,9.8101961197019598,0.32513546079557298,0.67486453920442702,0.14268520951934904,21261510,SPE,0.027198301596797619
604,12.242536966975617,0.46836251258303235,0.53163748741696759,0.23332807654045815,21261511,SPE,0.50287166554747309
605,2.3705925974451723,0.48102078250902552,0.51897921749097442,0.24253201154137999,21261512,SPE,0.25083420446892141
606,13.89442203517854,0.33677677905591535,0.6632232209440847,0.14923858187191788,21261513,SPE,0.063439482702676173
607,11.368161809669148,0.03991955923771575,0.96008044076228427,0.014160392436467016,21261514,SPE,0.57078654076578095
608,8.9149441662745819,0.17911819503628756,0.82088180496371244,0.070095229474922846,21261515,SPE,0.78997216478613441
609,5.7681078438573765,0.51370086961689887,0.48629913038310113,0.2673563525873196,21261516,SPE,0.95957206300784581
610,7.5853132862796855,0.22706513153248209,0.77293486846751791,0.092134055032807083,21261517,SPE,0.8342515565906452
611,6.3565609624753927,0.40339990517081115,0.59660009482918885,0.18935405142150058,21261518,SPE,0.75244912142092124
612,11.493296031025167,0.53190212058028918,0.46809787941971082,0.28188872492892236,21261519,SPE,0.066672864010902486
613,13.719100423773853,0.34611040322729719,0.65388959677270275,0.15458612416253176,21261520,SPE,0.3927984226265977
614,9.7213453736583197,0.21856700477132435,0.7814329952286756,0.088110188559520727,21261521,SPE,0.37813972727393536
615,7.0864079745390463,0.0985753605619447,0.90142463943805529,0.036402040826642126,21261522,SPE,0.050345396083087884
616,14.963914488030795,0.41697243443510335,0.58302756556489665,0.19811642621245434,21261523,SPE,0.91832830377650909
617,4.9611324107893662,0.48246832764940878,0.51753167235059117,0.24359873698998441,21261524,SPE,0.202583616485152
618,12.318163618024537,0.44670671676449974,0.5532932832355002,0.21808175872490509,21261525,SPE,0.16401156703477773
619,5.6020573388534673,0.6634286821402664,0.3365713178597336,0.40509432744390994,21261526,SPE,0.54978087943895892
620,4.7598094484811879,0.58944002367560167,0.41055997632439833,0.3315366396255166,21261527,SPE,0.2575591700823725
621,2.0717662247698092,0.55286525264529685,0.44713474735470315,0.29929864160072522,21261528,SPE,0.25465477775287099
622,14.724549758095222,0.46683013629468223,0.53316986370531771,0.2322287757658682,21261529,SPE,0.087534730491658816
623,9.293404524640172,0.037077100119319806,0.96292289988068025,0.013127027981335778,21261530,SPE,0.26435650835599678
624,12.74840325575572,0.26921271229974902,0.73078728770025103,0.11289403380438114,21261531,SPE,0.46713333457156242
625,10.338432399686075,0.17805465001610526,0.82194534998389468,0.069624121848116796,21261532,SPE,0.40969232273230949
626,11.885256505727284,0.64366183766774121,0.35633816233225879,0.3842374047484779,21261533,SPE,0.73704333925290044
627,12.619994733134476,0.55812789354983716,0.44187210645016284,0.30378748470440664,21261534,SPE,0.37069694150314425
628,4.1882101626484767,0.33996810512397707,0.66003189487602287,0.15105754328197882,21261535,SPE,0.55705398174706111
629,12.059387544109251,0.024238754001385612,0.97576124599861436,0.0085083762514008791,21261536,SPE,0.010130729728792509
630,3.3867559583185081,0.56730529251556039,0.43269470748443961,0.31173316383310323,21261537,SPE,0.39522231941524416
631,8.5828176490249035,0.11930546297305281,0.88069453702694722,0.044705722265756191,21261538,SPE,0.95784710649124905
632,12.993221114389607,0.40973790389662762,0.59026209610337244,0.19341936315669778,21261539,SPE,0.49653457148900298
633,13.425816304347666,0.35898746018165806,0.64101253981834194,0.16210401569243199,21261540,SPE,0.15861892172300007
634,11.744323579659195,0.3278082057576594,0.67219179424234055,0.14417856119538119,21261541,SPE,0.11874345915119217
635,8.5257630412556864,0.54497287291447405,0.45502712708552595,0.29265683391758968,21261542,SPE,0.53763458548624854
636,8.0666335896353747,0.38457397607892096,0.61542602392107904,0.17754454471239023,21261543,SPE,0.1901594484539347
637,5.7376577895163638,0.010870143884955075,0.98912985611504489,0.0037820499122965313,21261544,SPE,0.57792537100728381
638,5.3279720776916655,0.3192483190536467,0.6807516809463533,0.13941916531129098,21261545,SPE,0.16504851348554045
639,3.3303569804611155,0.19156029999063287,0.80843970000936716,0.075662286356956168,21261546,SPE,0.70588373684715355
640,14.499377162099002,0.012218401344061844,0.98778159865593818,0.0042549310898925422,21261547,SPE,0.70885386496072711
641,6.6675721907942016,0.48650807782311617,0.51349192217688389,0.24659139913089032,21261548,SPE,0.69919892311812759
642,8.2105058545831469,0.19090029259957794,0.80909970740042203,0.075364372070267069,21261549,SPE,0.53226362163067964
643,14.077993906402758,0.62042312864224314,0.37957687135775686,0.36087933249552101,21261550,SPE,0.74794964541586295
644,14.646431241035536,0.10442337453265824,0.89557662546734174,0.038720037984392226,21261551,SPE,0.29978387281819946
645,1.9534199942446788,0.66670698605561551,0.33329301394438449,0.40864599625496284,21261552,SPE,0.96719116225007917
646,12.575666236347505,0.33877537644327332,0.66122462355672673,0.15037658052194233,21261553,SPE,0.71466809533456732
647,6.3988713157295312,0.59528007225972523,0.40471992774027477,0.33691835575948292,21261554,SPE,0.53198512046770474
648,2.4847511116016223,0.69104515202876493,0.30895484797123507,0.43588389344250256,21261555,SPE,0.40339826870680023
649,1.0330434609613439,0.24911192832025777,0.75088807167974225,0.10282259434908808,21261556,SPE,0.39319116707787355
650,11.853462358457476,0.063395557777347997,0.93660444222265204,0.022848383535209557,21261557,SPE,0.53398478779394198
651,6.1177182973243074,0.11205115093841676,0.88794884906158322,0.041772264728641158,21261558,SPE,0.65644890263689404
652,14.145926436213049,0.50966357952511476,0.49033642047488524,0.26420328080846428,21261559,SPE,0.6009760590488451
653,7.5013404589658368,0.21608820484998592,0.78391179515001408,0.086946298052178711,21261560,SPE,0.26106073384673284
654,8.4386797536424467,0.22831247955270129,0.77168752044729871,0.092729104241449214,21261561,SPE,0.082929401946936779
655,11.39680087906796,0.10199605035863712,0.89800394964136288,0.037755602954621749,21261562,SPE,0.20897715439630937
656,8.7732670349194812,0.47300441598963899,0.52699558401036106,0.2366775921671693,21261563,SPE,0.31896444587519296
657,4.0090492344129505,0.31457217915811103,0.68542782084188891,0.13684754328176202,21261564,SPE,0.86698194761224601
658,10.937149500122372,0.63782839985982398,0.36217160014017602,0.37825933006338763,21261565,SPE,0.060200551904727326
659,13.184349094808193,0.56524531397560696,0.43475468602439304,0.30993647168108668,21261566,SPE,0.51263797990025317
660,2.5990382414300814,0.047580872566131319,0.9524191274338687,0.016965396359945605,21261567,SPE,0.4230801969362793
661,1.0145521378366382,0.5367459315250982,0.4632540684749018,0.28584608662449795,21261568,SPE,0.54027559548791737
662,7.4134064715664199,0.079109597465127163,0.92089040253487287,0.028821153193292599,21261569,SPE,0.30499661700232517
663,3.8204285602984793,0.45434222835636062,0.54565777164363938,0.22338717192827426,21261570,SPE,0.39966779132213309
664,1.385251277803526,0.40900467752015918,0.59099532247984077,0.19294670184025658,21261571,SPE,0.91070743065372317
665,7.7346135362611133,0.4121650556763608,0.58783494432363925,0.19498841565088262,21261572,SPE,0.47041317426553197
666,11.337380974655863,0.32917557011795157,0.67082442988204849,0.14494512840484614,21261573,SPE,0.14326295475439726
667,6.8585152656394763,0.48416484868276616,0.5158351513172339,0.24485270428519237,21261574,SPE,0.5162225030055656
668,5.6362195662299035,0.6742822659394524,0.3257177340605476,0.41695731374847605,21261575,SPE,0.26531922314157652
669,11.448272175170414,0.457276149388049,0.54272385061195094,0.2254458877543537,21261576,SPE,0.5988248377393226
670,13.148609377630519,0.16544953064968762,0.83455046935031241,0.06409658304064976,21261577,SPE,0.43985737663381463
671,5.7461540330533882,0.29280454452360866,0.70719545547639129,0.1251328592966352,21261578,SPE,0.28708777834359711
672,4.4370913078816638,0.081038216453975659,0.91896178354602431,0.029563143870910715,21261579,SPE,0.024506808053330192
673,3.8446144842872996,0.142668539751755,0.85733146024824503,0.054361983013188987,21261580,SPE,0.070218301334009817
674,3.2641819696823657,0.15478485388287394,0.845215146117126,0.059499218673478307,21261581,SPE,0.97779233281072053
675,6.5395720604506371,0.30933308688445377,0.69066691311554629,0.13398977434857626,21261582,SPE,0.76996757541862415
676,7.9529559153822946,0.13758749971885778,0.86241250028114225,0.05223430633755427,21261583,SPE,0.88893942743152243
677,10.126820150147195,0.32558776053240268,0.67441223946759732,0.14293745769006952,21261584,SPE,0.28440109234257793
678,12.152436463473705,0.34364772394810078,0.65635227605189916,0.15316698659673383,21261585,SPE,0.3664602613495872
679,6.0318281388836565,0.55559892110727072,0.44440107889272928,0.30162429670809976,21261586,SPE,0.053169437932609635
680,5.2353183165488026,0.4660362882794899,0.53396371172051005,0.23166053038784415,21261587,SPE,0.83315664463032646
681,6.2674665430049803,0.024802435570466182,0.97519756442953387,0.0087095070432975652,21261588,SPE,0.094175182844457098
682,11.930734585532299,0.41407429051070788,0.58592570948929212,0.1962274621379945,21261589,SPE,0.39664042988529502
683,9.8013098057380699,0.1830028439594584,0.81699715604054157,0.071822304151443306,21261590,SPE,0.11597042096478268
684,4.9035411432242526,0.070236692303338344,0.9297633076966616,0.025432809923331343,21261591,SPE,0.33483677717022564
685,6.16816649664454,0.36803998723115405,0.63196001276884595,0.16748900327087449,21261592,SPE,0.24247209610459272
686,7.0579233623884381,0.49947436208762852,0.50052563791237148,0.25635572619649227,21261593,SPE,0.94987881047723777
687,1.1100619785626678,0.55687464332210002,0.44312535667789998,0.30271409301619417,21261594,SPE,0.96837631444443395
688,3.6515131186489675,0.43978146978331545,0.56021853021668455,0.21333425961521235,21261595,SPE,0.98123704577789361
689,2.6158912101102905,0.39873443709951362,0.60126556290048638,0.18639069693235358,21261596,SPE,0.82001691652073283
690,5.1640743479374143,0.25669177340016164,0.74330822659983831,0.10658304258908882,21261597,SPE,0.40541576544081392
691,11.826198486813716,0.64944444889244768,0.35055555110755232,0.3902417644353316,21261598,SPE,0.032069772628237896
692,14.749593360286893,0.39579581550908599,0.60420418449091406,0.18453671783291647,21261599,SPE,0.38132673274221185
693,2.900029030045868,0.1557015840892024,0.84429841591079757,0.059891598167128288,21261600,SPE,0.21367427836605457
694,6.0069518972968474,0.22304816682148276,0.77695183317851724,0.090225487973839308,21261601,SPE,0.29576207675140742
695,4.5811682800457225,0.46444239279669142,0.53555760720330858,0.23052216397406131,21261602,SPE,0.86087339346781577
696,1.599911702433904,0.34733604718007388,0.65266395281992606,0.15529461757506369,21261603,SPE,0.059416352925920596
697,4.1252061167387719,0.067717309583580049,0.93228269041641998,0.024478226722564802,21261604,SPE,0.67117309700276129
698,2.7542334846391294,0.14710700313358174,0.85289299686641828,0.056233396574500841,21261605,SPE,0.93708317730158253
699,4.5034730497355637,0.056554811755774995,0.94344518824422496,0.020288136849718717,21261606,SPE,0.41497389461171702
700,2.2738028876797509,0.2406957507935665,0.75930424920643347,0.098699123918339557,21261607,SPE,0.54276627311372416
701,13.658985768033252,0.26734563441915743,0.73265436558084263,0.11194500677866903,21261608,SPE,0.16238352469461667
702,8.3376424034678642,0.56199271982631005,0.43800728017368995,0.3071151974812642,21261609,SPE,0.38233832764695491
703,5.854810258433214,0.38321953572523226,0.61678046427476774,0.17670988468301074,21261610,SPE,0.50698106308563085
704,13.234419135162259,0.68482274598650594,0.31517725401349406,0.42877047222838122,21261611,SPE,0.84171791788325012
705,12.457864895064231,0.0042033166524734142,0.99579668334752658,0.001456060848184758,21261612,SPE,0.4646304650679528
706,7.9641850285560221,0.6522538779431124,0.3477461220568876,0.39318755583115578,21261613,SPE,0.64952865087684741
707,8.1598730161980164,0.29199813900669913,0.70800186099330087,0.12470680377405891,21261614,SPE,0.6462883245711093
708,3.0962843905192221,0.48229435515342078,0.51770564484657922,0.24347037694647089,21261615,SPE,0.67508562094976954
709,1.9712591626007061,0.44440197103803231,0.55559802896196775,0.21649503639955367,21261616,SPE,0.20563524963397012
710,11.216401563521226,0.53806605421584963,0.46193394578415037,0.28693133528788523,21261617,SPE,0.17985163359522416
711,3.4180442635532655,0.15462722339310925,0.84537277660689081,0.059431802351005474,21261618,SPE,0.85499111241749526
712,7.2736411384442592,0.42137027750014422,0.57862972249985578,0.20100177251584686,21261619,SPE,0.62582437103367239
713,6.9100763787869468,0.039033075341080019,0.96096692465891997,0.013837691398417415,21261620,SPE,0.60119426194822101
714,1.238916957211819,0.05709059145028602,0.94290940854971395,0.020487800375069951,21261621,SPE,0.78424734504482696
715,12.947449062649145,0.3388774612555478,0.66112253874445215,0.15043481018123175,21261622,SPE,0.31238644507168439
716,6.1084472310731446,0.26851195565933855,0.7314880443406615,0.11253751255334397,21261623,SPE,0.20465044910431668
717,9.0854091840825344,0.67588549399433984,0.32411450600566016,0.41873526834673197,21261624,SPE,0.92959134356142747
718,4.2210264692300896,0.13589999682458953,0.86410000317541047,0.05153110374027961,21261625,SPE,0.49552043175664734
719,12.396995949773018,0.5784835324209705,0.4215164675790295,0.32161867062348304,21261626,SPE,0.57623537621130461
720,11.135725579917647,0.39635765458788258,0.60364234541211736,0.18489043800442895,21261627,SPE,0.59749364961204843
721,4.3217948897803549,0.0067492358025606136,0.99325076419743941,0.0023418999547161006,21261628,SPE,0.21872576899312171
722,10.065941566097418,0.36309134766414408,0.63690865233585592,0.16453488221874774,21261629,SPE,0.76390342262853894
723,10.383858256922807,0.20629917482864624,0.79370082517135376,0.082392646998192348,21261630,SPE,0.94731651973228881
724,7.4958955425741971,0.65155899016426388,0.34844100983573612,0.39245718167790233,21261631,SPE,0.66530354757983146
725,14.437405299743094,0.40504338977811455,0.59495661022188551,0.19040380560672351,21261632,SPE,0.97249959132473052
726,7.6653053076978157,0.10987317333668817,0.89012682666331178,0.040897405283402584,21261633,SPE,0.93835729114247624
727,13.397995909437284,0.68837864502074797,0.31162135497925203,0.43282264343712523,21261634,SPE,0.85796307940016059
728,11.786662339953816,0.18878545900376539,0.81121454099623458,0.074411756238447258,21261635,SPE,0.56764089412113972
729,3.7120638215542123,0.538975417134816,0.461024582865184,0.28768059144528779,21261636,SPE,0.58640143901015829
730,9.9384846224636707,0.28037081629606281,0.71962918370393725,0.11862486818472566,21261637,SPE,0.50834404385566911
731,5.8237998541022744,0.0024897768290165455,0.99751022317098348,0.00086150869944796567,21261638,SPE,0.13012646680235918
732,3.0651933136963909,0.29946630145277847,0.70053369854722147,0.12867392525953947,21261639,SPE,0.60732188655809527
733,13.503363787969896,0.57391307176064899,0.42608692823935101,0.31754877158230277,21261640,SPE,0.86332889512548161
734,5.6197202706274005,0.62391404719246935,0.37608595280753065,0.36431151976675341,21261641,SPE,0.093818823911848426
735,13.653003281496424,0.3212226445841519,0.67877735541584805,0.14051092143778404,21261642,SPE,0.27048707607822664
736,3.5258384193804453,0.28512957298410446,0.71487042701589554,0.12110028552551087,21261643,SPE,0.40447589023578162
737,2.5386180740489444,0.54339868221344456,0.45660131778655544,0.29134481851381566,21261644,SPE,0.68334834890182761
738,2.4742773840915011,0.68954026386871525,0.31045973613128475,0.43415383124026335,21261645,SPE,0.25135723589310327
739,3.1929245512166031,0.31870928771650564,0.68129071228349436,0.13912171312944518,21261646,SPE,0.22431560537802656
740,8.8301838119284746,0.19448054569609244,0.80551945430390759,0.076983967084546356,21261647,SPE,0.75707807273665562
741,4.2490449606312994,0.6703334805006379,0.3296665194993621,0.41260652829826944,21261648,SPE,0.69746355143235483
742,12.878428666804286,0.54094744365947289,0.45905255634052711,0.2893101578238873,21261649,SPE,0.31339136525439215
743,10.948383881328068,0.6127334489915367,0.3872665510084633,0.35341140085292133,21261650,SPE,0.70635781763386374
744,9.8272137804110429,0.21474925598151545,0.7852507440184846,0.08631943877830088,21261651,SPE,0.61584912094232691
745,9.8392222370392872,0.12077678613643769,0.87922321386356228,0.045304377305286123,21261652,SPE,0.90038557084462834
746,9.1541729947657515,0.43306299494523298,0.56693700505476707,0.20878591272750385,21261653,SPE,0.63910436674319759
747,12.515681616687869,0.50371747595324778,0.49628252404675222,0.25960472211722274,21261654,SPE,0.13670520465866629
748,10.019457802422954,0.61820556182541198,0.38179443817458802,0.35871275739051989,21261655,SPE,0.61203105462465801
749,1.9164702690613424,0.54801216379362305,0.45198783620637695,0.29520187060460307,21261656,SPE,0.61698830738228772
750,14.706724702430831,0.22511540078528847,0.77488459921471153,0.091206215876378519,21261657,SPE,0.13198969738482383
751,13.833685744772229,0.35026567689701965,0.6497343231029804,0.15699408986647723,21261658,SPE,0.98291247600035259
752,2.0401801003070865,0.39732824563012076,0.60267175436987919,0.18550232678553352,21261659,SPE,0.9191974991630929
753,7.5159547433950857,0.53394215629706632,0.46605784370293368,0.28355071867164888,21261660,SPE,0.80897093036311207
754,11.27969775273696,0.027120787178028419,0.97287921282197154,0.0095383214672416818,21261661,SPE,0.18223361990451356
755,4.7265790060120763,0.51090048954948253,0.48909951045051747,0.26516663137378321,21261662,SPE,0.19533320158467643
756,12.433620361251378,0.16618221083416049,0.83381778916583948,0.06441507307278363,21261663,SPE,0.77353911143834864
757,14.533764987633909,0.51964846764581685,0.48035153235418315,0.27204735615100512,21261664,SPE,0.0011838446512810121
758,12.328203821264117,0.11053204701090065,0.88946795298909931,0.041161780824752234,21261665,SPE,0.88136577971535668
759,6.4929439559460063,0.43500690821916488,0.56499309178083512,0.21009617453531343,21261666,SPE,0.57505496737637607
760,8.6792587998442592,0.14114463794910442,0.85885536205089563,0.053722214782225219,21261667,SPE,0.48782616222979941
761,6.5602564795815415,0.23160786159758903,0.76839213840241094,0.094306680770737519,21261668,SPE,0.52245873123603492
762,4.6107393578814868,0.050077850273061005,0.949922149726939,0.017885888766087155,21261669,SPE,0.79389544025335013
763,10.236316233212548,0.68574621031039695,0.31425378968960305,0.42981952812733987,21261670,SPE,0.12793565104804636
764,6.1485722900893656,0.1353799012991142,0.86462009870088585,0.051314717345100923,21261671,SPE,0.14929122586091478
765,9.6425901976753501,0.53741549801629429,0.46258450198370571,0.28639616338648094,21261672,SPE,0.18900733186726487
766,12.642276965888975,0.10375731342747788,0.89624268657252215,0.038455068364435983,21261673,SPE,0.16178096899981836
767,12.298347067192005,0.033344458318333207,0.96665554168166679,0.011776011604732704,21261674,SPE,0.51499997257672481
768,14.221326908801938,0.58042063956908718,0.41957936043091282,0.32335547279177002,21261675,SPE,0.64506737437563177
769,9.1324267388920344,0.33332391418931634,0.66667608581068372,0.14728149832636825,21261676,SPE,0.79557437784309448
770,5.9550792839597104,0.57992908431362877,0.42007091568637123,0.32291407425917956,21261677,SPE,0.94531089512407374
771,1.6539807590422195,0.45388804492279905,0.54611195507720089,0.22306947946359115,21261678,SPE,0.65570283110536054
772,6.6378301594855973,0.39908200335893845,0.6009179966410616,0.18661061524070552,21261679,SPE,0.00254622108468444
773,4.0205107523884189,0.042086248420723379,0.95791375157927661,0.014950739253460917,21261680,SPE,0.25265874607247529
774,14.345110619307814,0.17106470819270425,0.82893529180729575,0.066546238530569513,21261681,SPE,0.22732940597613441
775,8.4562352948934638,0.32140560536789509,0.67859439463210491,0.14061227542038707,21261682,SPE,0.58094686888584612
776,3.4512981645040113,0.65507618663786149,0.34492381336213851,0.39616594901273794,21261683,SPE,0.77024450404281675
777,11.004589784860679,0.66208498205360744,0.33791501794639256,0.4036463538269186,21261684,SPE,0.065940226742276717
778,6.9698320974338106,0.55021171820748349,0.44978828179251651,0.29705360072595416,21261685,SPE,0.2201355144337174
779,7.573573953686628,0.68368905419840165,0.31631094580159835,0.42748573655348793,21261686,SPE,0.03792444385534658
780,6.3740950729257762,0.54197121213054444,0.45802878786945556,0.29015871056811937,21261687,SPE,0.46386496182036363
781,4.3480054071641874,0.23847154368561455,0.76152845631438548,0.097618376504827367,21261688,SPE,0.56036033430616672
782,9.2146659176677286,0.030302104749138591,0.96969789525086136,0.010679824583824108,21261689,SPE,0.79191521797315534
783,10.140583977080075,0.30579804114472026,0.69420195885527969,0.13207535752503394,21261690,SPE,0.90260103111352585
784,10.695455739003963,0.12019336837919505,0.87980663162080497,0.045066845329653347,21261691,SPE,0.95110193758271067
785,12.528874771537936,0.33605950600934359,0.66394049399065636,0.14883109832621022,21261692,SPE,0.38900888815601947
786,13.956544057446575,0.61360787378584025,0.38639212621415975,0.3542542788156523,21261693,SPE,0.37571685995746712
787,14.368665786687776,0.55900079469879771,0.44099920530120229,0.30453675340683733,21261694,SPE,0.94263307533676466
788,3.9619291031507324,0.68216947528225269,0.31783052471774731,0.42576910452485212,21261695,SPE,0.95615106383530024
789,7.0625354818046846,0.22794953374754634,0.77205046625245366,0.092555842604049823,21261696,SPE,0.4860185506641721
790,13.874554402269478,0.25996373147068252,0.74003626852931748,0.10822019277832001,21261697,SPE,0.50017065796016269
791,9.9784398892390538,0.20515536864069175,0.79484463135930827,0.081864970540615228,21261698,SPE,0.83289631229584893
792,10.254435791772821,0.2720902562375867,0.72790974376241335,0.11436220264092453,21261699,SPE,0.4537057443386936
793,13.333628338841264,0.35374927622288366,0.64625072377711634,0.15902595775838685,21261700,SPE,0.72392123838096567
794,1.86219368883128,0.40662623002599579,0.59337376997400426,0.19141773340064897,21261701,SPE,0.64088298205149585
795,9.9564534214849107,0.23872162978405312,0.76127837021594691,0.097739707824992486,21261702,SPE,0.66454304280237753
796,2.8553937414241632,0.31659352201579116,0.68340647798420884,0.13795673508256848,21261703,SPE,0.99745792610419892
797,12.767797279964554,0.048105967999160247,0.95189403200083977,0.017158710952426891,21261704,SPE,0.068612679501224891
798,2.4547536007955397,0.455897783573885,0.544102216426115,0.22447729261627586,21261705,SPE,0.092805939607079405
799,14.910441052625874,0.019922836688260375,0.98007716331173966,0.0069733700423212017,21261706,SPE,0.36230857344577128
800,10.702120799976226,0.43004808896200275,0.56995191103799725,0.2067629463267954,21261707,SPE,0.57175147771751744
801,3.217901583453096,0.12726537242694944,0.87273462757305054,0.047959471969640358,21261708,SPE,0.49981890830872366
802,1.8844405357953606,0.24816487652464048,0.75183512347535952,0.10235588194398898,21261709,SPE,0.37407580643921973
803,4.1001357104935998,0.57600293895033983,0.42399706104966017,0.31940490409181377,21261710,SPE,0.10285906742401993
804,12.648793547715456,0.25531269369070214,0.7446873063092978,0.1058955312799108,21261711,SPE,0.28272989318381242
805,12.743781037746951,0.11651633614484352,0.88348366385515642,0.043574302500733041,21261712,SPE,0.14228598100379508
806,11.812068078777264,0.19270429790111071,0.80729570209888935,0.076179362145573068,21261713,SPE,0.56187465764805788
807,7.794169618265955,0.6968834852890794,0.3031165147109206,0.44265512540020929,21261714,SPE,0.32647269909393606
808,10.762100353052993,0.23700298287590818,0.76299701712409185,0.096906840854806942,21261715,SPE,0.13459795736640584
809,1.0467083761672769,0.52256073433760841,0.47743926566239159,0.27436457123604474,21261716,SPE,0.18104732948920116
810,9.3379949728240987,0.68400994523608949,0.31599005476391051,0.42784903020910847,21261717,SPE,0.097595873449264653
811,8.9939229373566167,0.34875286723179727,0.65124713276820279,0.15611545745542418,21261718,SPE,0.93988493065710277
812,7.9011069152961984,0.62495354484136689,0.37504645515863311,0.36533865737956217,21261719,SPE,0.24649428473658883
813,4.4531016079604546,0.32880736927061244,0.67119263072938762,0.14473853686403462,21261720,SPE,0.0447160265213985
814,6.6747947857258678,0.34546273106386355,0.6545372689361364,0.15421232522810474,21261721,SPE,0.98998979479488503
815,5.3607541940241203,0.36855139507046369,0.63144860492953625,0.1677957292801717,21261722,SPE,0.2976080617818746
816,8.0324557777757875,0.20494831435446415,0.79505168564553585,0.081769546944757118,21261723,SPE,0.61802108662107902
817,6.9552371855320807,0.55994888148331934,0.44005111851668066,0.30535209009558756,21261724,SPE,0.38555954160052469
818,2.3398787762212439,0.031026538676232677,0.96897346132376727,0.010940440339643781,21261725,SPE,0.36379774831396483
819,4.475844315124343,0.16403853420327838,0.83596146579672159,0.063484198654286741,21261726,SPE,0.16652793237435806
820,11.873779570100551,0.36990720784396836,0.63009279215603164,0.16861021361915485,21261727,SPE,0.19674345744966876
821,4.0363697133849641,0.25258902516771931,0.74741097483228069,0.10454207200401755,21261728,SPE,0.81631963100214699
822,1.5032314949934054,0.42495539317400105,0.57504460682599889,0.20337092916792437,21261729,SPE,0.26382291508465727
823,8.4835144315803284,0.17431870165422467,0.82568129834577531,0.067975115470558636,21261730,SPE,0.20764150353801483
824,8.4677329296302268,0.40052556963606151,0.59947443036393855,0.18752546551598653,21261731,SPE,0.25805749049320864
825,9.1386868162816839,0.029883699840749903,0.9701163001592501,0.010529417884775278,21261732,SPE,0.83836686148547346
826,5.1996392556365514,0.22658723311951651,0.77341276688048355,0.091906375172778138,21261733,SPE,0.73273651838463938
827,6.5126003049898387,0.41641224995872761,0.58358775004127239,0.19775053879342991,21261734,SPE,0.35651570591037807
828,13.94769546235602,0.19006270046885915,0.80993729953114091,0.074986722803254358,21261735,SPE,0.68090494268026402
829,3.1547201765463542,0.373115219233839,0.62688478076616105,0.1705449958563027,21261736,SPE,0.84255445841853305
830,9.5792703471632255,0.18143576597788513,0.81856423402211487,0.071124398212309273,21261737,SPE,0.62600858203165333
831,9.076973917712543,0.57536885705311569,0.42463114294688431,0.31884087829309848,21261738,SPE,0.33767606121930654
832,13.634478848152385,0.2130529484019206,0.78694705159807943,0.085527107379534562,21261739,SPE,0.19933692300024711
833,4.139014306271104,0.015971053737286335,0.98402894626271364,0.0055755587775839872,21261740,SPE,0.0076032765024618655
834,12.390255873609627,0.023078649199569614,0.97692135080043041,0.0080949061226419476,21261741,SPE,0.60355950888419063
835,14.767664732096648,0.0056319196411591717,0.99436808035884083,0.0019527708313530241,21261742,SPE,0.44870820808628448
836,2.3786457221657735,0.57029095825009302,0.42970904174990698,0.31435095344755376,21261743,SPE,0.55127647877041241
837,9.9119784364123618,0.65965348931746137,0.34034651068253863,0.40103756722761186,21261744,SPE,0.33366154672215559
838,3.4286305741161276,0.16296956301103199,0.83703043698896806,0.063021099141081824,21261745,SPE,0.0032970151831618654
839,14.213068542305107,0.014839390688642522,0.98516060931135752,0.005176615722135537,21261746,SPE,0.35206750911754098
840,8.5521658083056664,0.60700229290083196,0.39299770709916804,0.34792664065771767,21261747,SPE,0.98036898282937357
841,9.9958078189943151,0.26105379889072933,0.73894620110927067,0.10876749485712663,21261748,SPE,0.54832090108650411
842,12.035119578141988,0.023551165052637397,0.97644883494736257,0.0082632373675666764,21261749,SPE,0.39489693302586731
843,3.678222604250784,0.10268912083265072,0.89731087916734931,0.038030641624212262,21261750,SPE,0.52091858454027484
844,3.1710283927318161,0.14886008979054188,0.85113991020945812,0.056975879034615665,21261751,SPE,0.072099556644607682
845,11.692604913004372,0.58908372381120155,0.41091627618879845,0.33121046986966901,21261752,SPE,0.96442210381641935
846,1.1611995825620982,0.47792293509259387,0.52207706490740613,0.24025902855966511,21261753,SPE,0.018223559000822051
847,12.867964329290032,0.62104280659783329,0.37895719340216671,0.36148665573639949,21261754,SPE,0.45598834113565434
848,10.044882685116624,0.12180482558455805,0.87819517441544193,0.045723411726624169,21261755,SPE,0.11091137191867027
849,6.5234262471104234,0.45652819656214627,0.54347180343785373,0.2249199825133619,21261756,SPE,0.41644730900625571
850,2.0863941946441722,0.37087447960607478,0.62912552039392522,0.16919245453817786,21261757,SPE,0.53071755484283178
851,14.4030927111839,0.032501495177189324,0.96749850482281063,0.011471837745756667,21261758,SPE,0.9922858011191692
852,7.1356355172687662,0.50200900410015337,0.49799099589984663,0.25829329514341576,21261759,SPE,0.89607678241875011
853,6.8159448611850086,0.1246894813304061,0.87531051866959386,0.046902491835654647,21261760,SPE,0.24769792125226975
854,2.5681538123958694,0.34179361514879431,0.65820638485120564,0.15210243133600443,21261761,SPE,0.80245904585310002
855,7.7775224119415114,0.66528664013241212,0.33471335986758788,0.40710389845037653,21261762,SPE,0.63008100796795563
856,2.3180990381470794,0.63312824413169022,0.36687175586830978,0.37349934825803632,21261763,SPE,0.039049742510023605
857,7.8444643725993988,0.51453932221427667,0.48546067778572333,0.26801432433445149,21261764,SPE,0.40292810082739461
858,13.312906265055112,0.32700116099839244,0.67299883900160751,0.14372693777579879,21261765,SPE,0.19783647489953329
859,8.2939401183359784,0.55460369580810831,0.44539630419189169,0.30077610115604042,21261766,SPE,0.47764385417905458
860,13.177998184162609,0.56111030109991256,0.43888969890008744,0.30635306860687794,21261767,SPE,0.44108453302311984
861,3.1315954698176092,0.661346863060704,0.338653136939296,0.40285286662521763,21261768,SPE,0.94885297337014951
862,5.9028595540630233,0.60107572138008081,0.39892427861991919,0.34232621619435755,21261769,SPE,0.63610167104567072
863,3.5575065464760955,0.22446904166642895,0.775530958333571,0.090899238766779619,21261770,SPE,0.44415069192176082
864,4.9190636870436428,0.45985796584899358,0.54014203415100637,0.22726689082660834,21261771,SPE,0.17786822766557966
865,14.624731505384702,0.091963676371286524,0.90803632362871345,0.033804086966388737,21261772,SPE,0.32110251915554966
866,5.5307443730866579,0.53091426472680103,0.46908573527319897,0.28108637457343166,21261773,SPE,0.44204979886707768
867,4.783039311830418,0.028347427235029178,0.97165257276497086,0.009977884032029545,21261774,SPE,0.42178519807428771
868,8.1443951640650134,0.46360979283176207,0.53639020716823793,0.22992887370989257,21261775,SPE,0.47529925660894562
869,6.6958231934006847,0.48898074571180716,0.51101925428819284,0.24843464447972052,21261776,SPE,0.67216299477466235
870,9.5551448318998737,0.4431230881244197,0.5568769118755803,0.21561748726414914,21261777,SPE,0.34957164125045137
871,8.0916405292742741,0.24516841096944664,0.75483158903055336,0.1008837472041476,21261778,SPE,0.02543662738738801
872,11.15603092288185,0.11853187597172843,0.88146812402827157,0.044391464978551169,21261779,SPE,0.6228410201736726
873,13.930720168118057,0.074447132743846289,0.92555286725615371,0.02703551488144466,21261780,SPE,0.01338483780978013
874,11.756763261065728,0.57446066217972447,0.42553933782027553,0.31803433164604855,21261781,SPE,0.66288030202381099
875,14.151485957598306,0.28289746858421227,0.71710253141578773,0.11993682943306849,21261782,SPE,0.86766112435064813
876,10.097002359902685,0.35717646225048089,0.64282353774951906,0.16103672276856529,21261783,SPE,0.9718572480620834
877,14.650524557273343,0.56361886191542299,0.43638113808457701,0.30852332075289224,21261784,SPE,0.93209745791623977
878,2.8270035677743719,0.41838638771362147,0.58161361228637853,0.1990416005907501,21261785,SPE,0.73441606931122871
879,14.465389999859381,0.37799501057582618,0.62200498942417382,0.17350874650720591,21261786,SPE,0.80362911088333089
880,7.7227609894030191,0.23435115781436502,0.765648842185635,0.095626092259036358,21261787,SPE,0.33572740693295577
881,6.4223497747984215,0.10879378614228725,0.8912062138577127,0.040464827668723259,21261788,SPE,0.069638765594334504
882,10.481683061670262,0.039769161358250774,0.96023083864174918,0.014105616979724381,21261789,SPE,0.4451070465713568
883,4.5652781395062458,0.49857787834097672,0.50142212165902333,0.25567270733698527,21261790,SPE,0.011338760851693209
884,8.9315521630907568,0.038292207737724175,0.96170779226227587,0.013568292780088921,21261791,SPE,0.65950920840609351
885,8.8788796501289386,0.25773139940928935,0.74226860059071065,0.107102313396248,21261792,SPE,0.65115584160040285
886,10.968937483881962,0.56919987409635175,0.43080012590364825,0.31339241548155072,21261793,SPE,0.55906626186910213
887,13.611418192046258,0.4918082754913497,0.50819172450865024,0.25055320466352904,21261794,SPE,0.31070881470735812
888,13.347234402445121,0.59211725413199234,0.40788274586800766,0.33399541892821022,21261795,SPE,0.3076332869689547
889,3.3013783455568979,0.65404044435467112,0.34595955564532888,0.39507069126361982,21261796,SPE,0.34135893856587729
890,14.608670214890648,0.51692719431686396,0.48307280568313604,0.26989417660063614,21261797,SPE,0.78241993599700443
891,4.7778146857626176,0.037369623622218705,0.96263037637778126,0.013233191764776131,21261798,SPE,0.17169905405549254
892,10.848225599486536,0.68909340330680191,0.31090659669319809,0.43364130315173283,21261799,SPE,0.041580320103164918
893,7.6107310488127196,0.029368213730192511,0.97063178626980751,0.010344228274914822,21261800,SPE,0.49865611329078952
894,11.596287375824602,0.0010864215014392842,0.99891357849856066,0.0003755763228778221,21261801,SPE,0.82414512423471908
895,8.7407545171211307,0.17625987352939582,0.82374012647060413,0.068830789492552918,21261802,SPE,0.26039936656426999
896,5.4372510318071621,0.3019756827607355,0.6980243172392645,0.13001776994692799,21261803,SPE,0.091863673228192083
897,13.271723577187945,0.41895559972236557,0.58104440027763449,0.19941471210181386,21261804,SPE,0.91663779398751821
898,1.2034303765328458,0.43244666031688667,0.56755333968311339,0.20837145384725833,21261805,SPE,0.56971506693071272
899,13.063154499586972,0.2191712768773835,0.78082872312261653,0.08839458567833304,21261806,SPE,0.033605277233017802
900,12.212653751977202,0.33428220642086198,0.66571779357913807,0.14782352301053855,21261807,SPE,0.074994694190583924
901,12.792121919337156,0.036004566802902059,0.96399543319709791,0.012738136143810424,21261808,SPE,0.35313696423120988
902,11.078421580444887,0.49310451358860324,0.50689548641139681,0.25152829729096221,21261809,SPE,0.029994292484114175
903,2.0134786781239447,0.18403398119806855,0.81596601880193143,0.072282414162238989,21261810,SPE,0.45621131499162243
904,4.5919679815404368,0.51209948169145147,0.48790051830854853,0.26610268968993939,21261811,SPE,0.84806835964052685
905,13.123637586624321,0.38859092798630473,0.61140907201369532,0.18003162209496873,21261812,SPE,0.369150983105342
906,6.4682874365629281,0.14420034435855336,0.85579965564144667,0.055006489309577758,21261813,SPE,0.76133525094195864
907,6.6205323800665932,0.15372450161849441,0.84627549838150562,0.059046019002250337,21261814,SPE,0.74556031360107766
908,5.4795217241634271,0.29733975357130715,0.70266024642869285,0.12753938946747259,21261815,SPE,0.20344261461009572
909,14.897907859485285,0.51633220432548366,0.48366779567451634,0.26942494044822507,21261816,SPE,0.14837714672612379
910,1.5387923823480998,0.35472334911739478,0.64527665088260522,0.15959626113586844,21261817,SPE,0.79075704418109605
911,9.2681654534118287,0.095719499926806118,0.90428050007319394,0.035276933727292875,21261818,SPE,0.74357190951169316
912,2.8155671924274785,0.56421190245826436,0.43578809754173564,0.30903803434970473,21261819,SPE,0.14074360915228443
913,12.443489462376789,0.21802496094658272,0.78197503905341725,0.08785530209194016,21261820,SPE,0.11322459572916865
914,9.5983536574384942,0.42950911472465297,0.57049088527534697,0.20640247120818825,21261821,SPE,0.38782638784018941
915,14.064341537967918,0.22242195554544747,0.77757804445455259,0.089929016615571275,21261822,SPE,0.2365418136780984
916,14.592612766255932,0.59406886280588733,0.40593113719411267,0.33579666985197615,21261823,SPE,0.20079146400471118
917,2.7493529422731369,0.69162083800461249,0.30837916199538751,0.43654736519426951,21261824,SPE,0.40728868045469607
918,5.9351317043502601,0.3717774526991145,0.62822254730088556,0.16973687079202981,21261825,SPE,0.97465349448729943
919,10.201991815242355,0.58536715251756455,0.41463284748243545,0.32782289021255662,21261826,SPE,0.51946040617269629
920,12.376761912097326,0.10052798160772208,0.89947201839227797,0.03717389547350633,21261827,SPE,0.82178717631947351
921,3.3786219841316294,0.1345709156018316,0.86542908439816846,0.05097845891953847,21261828,SPE,0.75395833997706008
922,10.670308859658526,0.05933222193036531,0.94066777806963464,0.021324745828220564,21261829,SPE,0.098795547717432028
923,7.359639922633999,0.42678792827048684,0.57321207172951316,0.20458788468011893,21261830,SPE,0.073139972932653077
924,1.2776701882181876,0.26244145343940378,0.73755854656059627,0.10946557403656605,21261831,SPE,0.51327810635182214
925,5.5764413915155568,0.46100258793424664,0.53899741206575336,0.22807703415508587,21261832,SPE,0.76661509075878698
926,13.846739497551532,0.45142308157101441,0.54857691842898559,0.22134996174474758,21261833,SPE,0.084001050824064005
927,5.6661416979296062,0.049193717661511149,0.95080628233848885,0.017559604278419027,21261834,SPE,0.0042836251445509338
928,13.996885588535264,0.44233089841103573,0.55766910158896432,0.21507493645568571,21261835,SPE,0.85971729048160495
929,2.095347972082271,0.14621316360520703,0.85378683639479291,0.055855555200095615,21261836,SPE,0.1445107095060251
930,10.648715414916781,0.20905898926475164,0.79094101073524836,0.083669611550035952,21261837,SPE,0.57445590830322046
931,13.133583292580088,0.28864842128873131,0.71135157871126875,0.12294295308964141,21261838,SPE,0.95303535278809537
932,10.53649893294236,0.17922988005261448,0.82077011994738558,0.070144744554579308,21261839,SPE,0.9201064117444997
933,4.0747728801218184,0.20971331698285786,0.79028668301714211,0.083973152831135045,21261840,SPE,0.28841086346185824
934,3.535421426176665,0.41786096954547619,0.58213903045452375,0.1986975350684313,21261841,SPE,0.55533435448558943
935,12.3480428700011,0.67510382206680908,0.32489617793319092,0.41786757129530716,21261842,SPE,0.98338514599270344
936,8.5438921224386952,0.098884841726618947,0.90111515827338107,0.036524235445246606,21261843,SPE,0.80962993616083956
937,11.799824019147966,0.67976704975820756,0.32023295024179244,0.42306769369038377,21261844,SPE,0.0054848695420769778
938,8.2622444851488837,0.62179165077287479,0.37820834922712521,0.3622216785709213,21261845,SPE,0.72949152651409266
939,14.976564800208124,0.2330348103415274,0.7669651896584726,0.094992286067754172,21261846,SPE,0.97060221338529706
940,3.8111549979570349,0.31552315078953375,0.68447684921046625,0.13736891875171842,21261847,SPE,0.96658623493793783
941,11.94308075799057,0.60953682921881125,0.39046317078118875,0.3503437672907902,21261848,SPE,0.70291166115394887
942,4.1529459218991782,0.24119023924961652,0.75880976075038342,0.098939904733164719,21261849,SPE,0.46807149070826715
943,1.7225474212514611,0.28377619698458784,0.71622380301541222,0.12039435716412762,21261850,SPE,0.69346488562454178
944,3.5865163795254822,0.17006560725597522,0.82993439274402481,0.066108892755591286,21261851,SPE,0.61702752135622252
945,12.852291501066425,0.69895846447184484,0.30104153552815516,0.44508463933652576,21261852,SPE,0.59506027207206591
946,9.520020947364749,0.24699024595026522,0.7530097540497348,0.10177797636304066,21261853,SPE,0.27848519893253909
947,4.869945387471855,0.39394654031185633,0.60605345968814373,0.18337493512149286,21261854,SPE,0.78185717073260319
948,2.9979833315511035,0.37862005257360126,0.62137994742639879,0.17389018546944579,21261855,SPE,0.45170796822123471
949,6.3269876667079448,0.49077103787740106,0.50922896212259894,0.24977470039732982,21261856,SPE,0.43179002144559264
950,3.0576521189382162,0.40799797970647672,0.59200202029352322,0.19229876037966892,21261857,SPE,0.24112428304903791
951,8.9772735526081373,0.3202911163850905,0.67970888361490944,0.13999536313942954,21261858,SPE,0.37128884704470511
952,13.023183574772927,0.52812413754353815,0.47187586245646185,0.27882875876710789,21261859,SPE,0.82284608613125121
953,1.3054774766857098,0.6983283148008208,0.3016716851991792,0.44434553591978965,21261860,SPE,0.061149862081631853
954,12.468157087111907,0.39147902207998342,0.60852097792001658,0.18183063853934331,21261861,SPE,0.28164475195663896
955,10.421629963833004,0.18268595162197743,0.81731404837802257,0.071681043407885461,21261862,SPE,0.83518774919013949
956,7.4103250173542081,0.44532142779283174,0.55467857220716832,0.21712723433198619,21261863,SPE,0.36516161020543608
957,2.1765499107943134,0.41306389348629768,0.58693610651370232,0.19557121056494328,21261864,SPE,0.42650533527526924
958,11.420136767864353,0.12960559799913487,0.87039440200086515,0.048923126556825694,21261865,SPE,0.5390240865170407
959,10.305739712517269,0.081671235756375499,0.91832876424362453,0.029807114526715767,21261866,SPE,0.56470455154367327
960,4.9852531639649404,0.064514782099445944,0.93548521790055406,0.023269547874050257,21261867,SPE,0.27390486049002555
961,7.5963607787175969,0.40392262394929562,0.59607737605070432,0.18968759820686207,21261868,SPE,0.0064778876776623142
962,12.259483221748122,0.69397097565583377,0.30602902434416623,0.43926537711351804,21261869,SPE,0.62009705068571785
963,11.080148562821577,0.46821129186481897,0.53178870813518109,0.2332194519515752,21261870,SPE,0.56263613334913831
964,5.9238787719961428,0.54017367751439838,0.45982632248560162,0.28866998735279598,21261871,SPE,0.72486242265803313
965,1.2243349033409408,0.086303936288714495,0.91369606371128553,0.031599116402195378,21261872,SPE,0.51517679036996133
966,5.078467103030178,0.3826366040873479,0.6173633959126521,0.17635126676202187,21261873,SPE,0.062759785512425184
967,8.8222457227511413,0.67082862245106023,0.32917137754893977,0.41314987876026921,21261874,SPE,0.90756300308899573
968,13.755936822057981,0.34814182348250355,0.65185817651749645,0.15576120520916814,21261875,SPE,0.17831646523283712
969,10.913422663840805,0.4697189138522127,0.53028108614778735,0.23430379252562325,21261876,SPE,0.86164131497722385
970,4.1175968470009137,0.18769376223518555,0.81230623776481448,0.073921183736474716,21261877,SPE,0.22230278166222067
971,2.2932463348884813,0.60005590273789322,0.39994409726210678,0.34136973527311543,21261878,SPE,0.18777535587948216
972,9.8898126195515541,0.22167209742912758,0.77832790257087248,0.089574380340535581,21261879,SPE,0.088187057104183786
973,5.0285409024823968,0.15638704056811717,0.84361295943188286,0.060185330485913562,21261880,SPE,0.78603059230526695
974,7.2712724791382097,0.49805055812512711,0.50194944187487289,0.25527150469706905,21261881,SPE,0.11469737658864447
975,6.7752743884741928,0.046105938252070967,0.95389406174792901,0.016423130266703882,21261882,SPE,0.62355327515111514
976,10.379601464142297,0.69089015967103762,0.30910984032896238,0.43570542241336757,21261883,SPE,0.64289676854836086
977,13.544679604809213,0.041536814003849939,0.9584631859961501,0.014750103062194554,21261884,SPE,0.1231244477904876
978,2.2778752561654563,0.25466408583087657,0.74533591416912337,0.10557269641338134,21261885,SPE,0.70374631548576927
979,1.3241525517950956,0.31736144164558688,0.68263855835441312,0.13837909438605536,21261886,SPE,0.70043983431838475
980,7.819711713791941,0.3725359791222847,0.62746402087771536,0.17019485568497972,21261887,SPE,0.23963118965792624
981,9.8940521646906276,0.42276235377760368,0.57723764622239626,0.20191987438250567,21261888,SPE,0.47393996443492564
982,1.7698862019781738,0.69302483448361252,0.30697516551638748,0.43816929311464442,21261889,SPE,0.99398476169032302
983,12.895820672474603,0.072076014207064248,0.92792398579293578,0.026131807737853327,21261890,SPE,0.19196172540094328
984,3.0304050115165722,0.0541945645036176,0.94580543549638241,0.019410296319677337,21261891,SPE,0.51792910815623272
985,6.3416550324583962,0.54723917344133388,0.45276082655866612,0.29455308908236977,21261892,SPE,0.62707211642047622
986,9.4919755556977421,0.048522032913171406,0.95147796708682864,0.017311983267989755,21261893,SPE,0.23411313778905846
987,12.283353608235773,0.093357059786339028,0.90664294021366099,0.03434960255098269,21261894,SPE,0.40176244426446323
988,6.0585562302963396,0.13268571517277614,0.86731428482722384,0.050196380420931726,21261895,SPE,0.84721640785599417
989,1.1464718944721186,0.13979197285993847,0.8602080271400615,0.053155512488513551,21261896,SPE,0.68446303828594102
990,13.256518829862689,0.058312714117884093,0.94168728588211592,0.020943781131261267,21261897,SPE,0.43612138531375594
991,14.240720143560008,0.57805830033818717,0.42194169966181283,0.32123835766850795,21261898,SPE,0.81174143568319335
992,12.678663276236598,0.36747585427942914,0.63252414572057081,0.16715096806341165,21261899,SPE,0.49191314437911227
993,9.7230524872972985,0.28240021928397396,0.71759978071602604,0.11967821257186599,21261900,SPE,0.329405157171277
994,7.1006465002509387,0.43699457541203507,0.56300542458796499,0.21144075689073041,21261901,SPE,0.41306797978097037
995,9.3457153135968767,0.69945666492415737,0.30054333507584263,0.44566977532874308,21261902,SPE,0.019965984880914202
996,8.4972003672844778,0.21524615717790008,0.78475384282209992,0.0865519250946791,21261903,SPE,0.7304479941712686
997,11.894286955958341,0.44056779500650367,0.55943220499349633,0.21387026930740174,21261904,SPE,0.27135872522782872
998,10.590976306398636,0.052208183069378099,0.94779181693062187,0.018673682990612873,21261905,SPE,0.41138733925962179
999,8.640031934385096,0.49625207363093149,0.50374792636906851,0.25390624352416719,21261906,SPE,0.23389694853030535
1000,9.3256702671086842,0.55775530899271697,0.44224469100728303,0.30346808140705156,21261907,SPE,0.89221270899952587
1001,6.7295407242629111,0.033797671257826851,0.96620232874217316,0.011939690329659363,21261908,SPE,0.25307584119475979
1002,6.4589927336206525,0.13847217499358216,0.86152782500641778,0.052603643615709551,21261909,SPE,0.57932540543415711
1003,8.0182443187242036,0.60149322972940777,0.39850677027059223,0.34271840203296566,21261910,SPE,0.69097790336859466
1004,11.609911076315205,0.046241191344990017,0.95375880865500995,0.01647281169654936,21261911,SPE,0.34872938511312368
1005,9.1685033950818031,0.22975694643088362,0.77024305356911638,0.093419618304949201,21261912,SPE,0.99420089819302071
1006,11.018924626211716,0.41958773844259262,0.58041226155740744,0.1998295204953156,21261913,SPE,0.35951443305083991
1007,12.069875403703152,0.36583057179053963,0.63416942820946032,0.16616696974518599,21261914,SPE,0.89737029230438514
1008,12.11084405369574,0.38662463082184023,0.61337536917815982,0.17881201049448925,21261915,SPE,0.30889024833028983
1009,9.8580177114784568,0.60813855247284154,0.39186144752715846,0.34900861661124283,21261916,SPE,0.24589478485245211
1010,11.359050530310185,0.41573086250770747,0.58426913749229259,0.19730598390686618,21261917,SPE,0.9880591502339926
1011,13.496721367777768,0.68146424428715746,0.31853575571284254,0.42497451624277349,21261918,SPE,0.72694902398251271
1012,3.6983952261434618,0.1772479979938201,0.82275200200617993,0.069267302281703885,21261919,SPE,0.045589739828427296
1013,12.939504161196467,0.21116118818698126,0.78883881181301874,0.084645889726239501,21261920,SPE,0.21035860771847084
1014,7.3475203230461696,0.091002620665552147,0.90899737933444791,0.033428446106594019,21261921,SPE,0.83933106723195072
1015,9.3804101453388498,0.021454558760344623,0.97854544123965537,0.0075171378909790216,21261922,SPE,0.15128322090210816
1016,13.278723000718626,0.61526996590468463,0.38473003409531537,0.35586086071090506,21261923,SPE,0.53687141761123691
1017,8.7511079476995377,0.58221790091737036,0.41778209908262964,0.32497325388731141,21261924,SPE,0.071501148417276922
1018,8.2084177993648879,0.65751883228767594,0.34248116771232406,0.39875927728200056,21261925,SPE,0.35106733065097062
1019,11.729954456537993,0.25003378399733001,0.74996621600266999,0.10327755444738529,21261926,SPE,0.43487569998613335
1020,1.3420591957644592,0.62871131062332297,0.37128868937667703,0.36907155422528587,21261927,SPE,0.94409045206874986
1021,7.1718821738129153,0.6023676408735914,0.3976323591264086,0.34354092550687332,21261928,SPE,0.47605436277302382
1022,4.1727801493273837,0.65313549581078001,0.34686450418921999,0.39411586619340599,21261929,SPE,0.68228297607679311
1023,13.477050153286314,0.23234488100897427,0.76765511899102568,0.094660607494858023,21261930,SPE,0.59394472354657002
1024,7.6327227625118201,0.27655454443150368,0.72344545556849638,0.11665331893178704,21261931,SPE,0.92714133445895197
1025,7.9118032138431325,0.48569499399527805,0.51430500600472195,0.24598719852003739,21261932,SPE,0.65703508968129609
1026,11.667258735464864,0.36370529475395691,0.63629470524604304,0.16490001699260765,21261933,SPE,0.020156741255352977
1027,13.444337251105363,0.4626867576617224,0.5373132423382776,0.22927222571015646,21261934,SPE,0.34675534290869431
1028,1.5074945434224287,0.392247298492851,0.607752701507149,0.18231074490246982,21261935,SPE,0.23116838280093091
1029,3.2331931092421655,0.47844803428336385,0.52155196571663609,0.24064336485432339,21261936,SPE,0.16715336407929526
1030,1.6114210425763225,0.1110622968666609,0.88893770313333909,0.041374724159493857,21261937,SPE,0.69236590964204625
1031,12.222058113270561,0.63665199511422965,0.36334800488577035,0.3770632403821273,21261938,SPE,0.55838386593844447
1032,6.577248396320523,0.34295381730375102,0.65704618269624904,0.1527681829666607,21261939,SPE,0.055498976137148458
1033,1.471218787235772,0.14407220660857861,0.85592779339142133,0.054952520700748533,21261940,SPE,0.24960694596627905
1034,9.0376322337521273,0.67733251967942687,0.32266748032057313,0.4203457525912731,21261941,SPE,0.43394505829303842
1035,14.845448617698413,0.50283053669486832,0.49716946330513168,0.25892335977726461,21261942,SPE,0.97502990893565789
1036,5.4148661152443784,0.069461842002103272,0.93053815799789674,0.025138871291783278,21261943,SPE,0.3887477713056412
1037,14.188825664851883,0.29140746354976965,0.70859253645023035,0.12439507950834956,21261944,SPE,0.88616453963219433
1038,7.6587574615903193,0.0039711807611975351,0.99602881923880249,0.0013754376450411795,21261945,SPE,0.047663336263667207
1039,1.3725264118871348,0.1307620338203975,0.86923796617960247,0.04940051386388488,21261946,SPE,0.14552577144228737
1040,14.810282820572537,0.43353331766735403,0.56646668233264597,0.20910249887672602,21261947,SPE,0.22199695948833173
1041,12.230614299858532,0.19218808838620133,0.80781191161379873,0.075945930856980301,21261948,SPE,0.72005799029758644
1042,14.271049834597594,0.54280599033662158,0.45719400966337842,0.2908519238795384,21261949,SPE,0.12850540160534235
1043,12.54693029047764,0.33292449052593526,0.6670755094740648,0.14705583493159191,21261950,SPE,0.52472743086358964
1044,12.188134895592805,0.5812176473574725,0.4187823526425275,0.32407213072807717,21261951,SPE,0.27923744204952927
1045,10.720927320761776,0.45838436996907667,0.54161563003092339,0.22622645920931547,21261952,SPE,0.71664925455477679
1046,5.2265612236580923,0.034470308139931363,0.96552969186006865,0.012182797581411858,21261953,SPE,0.038983742050105109
1047,5.2872009649073552,0.45158769935329385,0.5484123006467061,0.22146455093265827,21261954,SPE,0.27522762768563586
1048,6.9274477493570803,0.27880591094291185,0.72119408905708815,0.11781495485695699,21261955,SPE,0.26210072811586715
1049,2.1264728344523478,0.50184658124504355,0.49815341875495645,0.25816884634176646,21261956,SPE,0.7016559849478643
1050,2.506256825779007,0.27604417824114985,0.7239558217588502,0.11639056666253825,21261957,SPE,0.26716482025946209
1051,1.4824437074972954,0.51910209728064205,0.48089790271935795,0.27161411407037389,21261958,SPE,0.59997385765288003
1052,13.884967922970626,0.41099622642086342,0.58900377357913658,0.19423196487432975,21261959,SPE,0.72749901136891981
1053,3.7759648508302917,0.051252332195604398,0.94874766780439557,0.018319929448597599,21261960,SPE,0.90880187971699722
1054,3.9424007811382591,0.16370179599630258,0.83629820400369748,0.063338238678115416,21261961,SPE,0.38412049201976023
1055,2.723943474459392,0.20768677664051438,0.79231322335948562,0.08303402216569071,21261962,SPE,0.31960336164561037
1056,5.1455374127195128,0.23737345832156131,0.76262654167843869,0.097086187985772898,21261963,SPE,0.6043859370061867
1057,11.677822883825952,0.62796093665733999,0.37203906334266001,0.368323654920238,21261964,SPE,0.67459023938742391
1058,9.4540350597851557,0.29417173008143693,0.70582826991856307,0.12585646955716168,21261965,SPE,0.70961405248503706
1059,10.899625736040324,0.5710337711987703,0.4289662288012297,0.31500477946758193,21261966,SPE,0.9500170622374241
1060,12.90679196241698,0.26145068566922308,0.73854931433077686,0.10896699813254092,21261967,SPE,0.3387450280789378
1061,10.994159631813814,0.61542632500945293,0.38457367499054707,0.35601229900371811,21261968,SPE,0.48912339534282473
1062,11.953442661755055,0.083641408237906126,0.91635859176209389,0.030567803360614154,21261969,SPE,0.81372914966486065
1063,6.0710414684325045,0.017191642200692185,0.98280835779930786,0.0060065205838564836,21261970,SPE,0.067260113614789369
1064,4.244049866446943,0.30148516292560934,0.69851483707439066,0.12975465023169139,21261971,SPE,0.64137262425930008
1065,11.464987823888105,0.061720329806086729,0.93827967019391323,0.02221919649454078,21261972,SPE,0.4658220021154223
1066,2.3024032634201097,0.42763268160010642,0.57236731839989363,0.20515023625902415,21261973,SPE,0.32069849689722069
1067,10.283087074706023,0.17695478719749483,0.8230452128025052,0.069137707164810644,21261974,SPE,0.71968632315461334
1068,14.820553383255263,0.32266471350381615,0.67733528649618391,0.14131061267927114,21261975,SPE,0.0097245875544420234
1069,11.237957549911837,0.34495431517701997,0.65504568482297998,0.1539191837627876,21261976,SPE,0.016135026801505241
1070,7.7504356107897276,0.4278011047779941,0.57219889522200584,0.20526245869820586,21261977,SPE,0.78775533742918802
1071,1.8740860708494851,0.48362326872283873,0.51637673127716122,0.24445195786128135,21261978,SPE,0.58354500523834907
1072,1.6311814542532748,0.074149068529705417,0.92585093147029462,0.0269217513137473,21261979,SPE,0.40052131448910705
1073,4.5212742745379941,0.47427948727130687,0.52572051272869313,0.23760282868356172,21261980,SPE,0.3982135460068002
1074,4.4051332420908036,0.47363976460974172,0.52636023539025834,0.23713834366114583,21261981,SPE,0.77482280243625778
1075,9.5499733937246614,0.26441508290863197,0.73558491709136797,0.11046107775320922,21261982,SPE,0.0088578528332562707
1076,14.039216809858994,0.0029181100942440286,0.99708188990575597,0.0010100035390080545,21261983,SPE,0.68915784381724621
1077,8.3023611470551195,0.057733720397072828,0.94226627960292719,0.020727660848684031,21261984,SPE,0.21911538594679916
1078,9.2469217404154485,0.19552099696597783,0.8044790030340222,0.077456267270578583,21261985,SPE,0.095248151950554041
1079,3.1215219122927751,0.020508938657615983,0.97949106134238406,0.0071813081968945328,21261986,SPE,0.096967765185381957
1080,3.4037185037615165,0.54595885068832162,0.45404114931167838,0.29348074377480227,21261987,SPE,0.10336087300495957
1081,2.1741652802362923,0.51835222343805132,0.48164777656194868,0.2710202683260306,21261988,SPE,0.83710315525675094
1082,8.7599540048903464,0.3821120320241666,0.61788796797583334,0.17602886345459201,21261989,SPE,0.3093311983889494
1083,13.205899849305847,0.30856329881776123,0.69143670118223877,0.13357194731867936,21261990,SPE,0.52861858809722229
1084,4.9972593461145198,0.66743150081351932,0.33256849918648068,0.40943457739037803,21261991,SPE,0.53568854976013092
1085,11.532055599450038,0.44590690043304093,0.55409309956695907,0.21753035222089304,21261992,SPE,0.47203527686978358
1086,2.0229490170429054,0.019531911888409675,0.98046808811159036,0.0068347669868384451,21261993,SPE,0.39718465544464171
1087,1.0682513121312744,0.008048283307135801,0.99195171669286419,0.0027950402319760819,21261994,SPE,0.046104332659449951
1088,3.6208484967554098,0.28773892514253913,0.71226107485746093,0.12246568740097886,21261995,SPE,0.17342889469809467
1089,8.9506473756184661,0.58433238296418311,0.41566761703581689,0.32688446862932957,21261996,SPE,0.66805334009090234
1090,12.786042652257519,0.59823730730341174,0.40176269269658826,0.33966929537906898,21261997,SPE,0.12916865136487776
1091,10.401976872226545,0.27492608271569874,0.72507391728430126,0.1158156847779587,21261998,SPE,0.35782441083957561
1092,2.799715173649385,0.68095091678742159,0.31904908321257841,0.42439697911507157,21261999,SPE,0.13208904268901109
1093,4.7201666981549026,0.52936684173290871,0.47063315826709129,0.27983272745970733,21262000,SPE,0.75661337143370488
1094,3.8398025189940501,0.57142813284610317,0.42857186715389683,0.31535231043534045,21262001,SPE,0.42001263741551997
1095,1.7092610835844992,0.10586247068004559,0.89413752931995438,0.039293380728574849,21262002,SPE,0.97813022542468619
1096,13.156523209073237,0.49457248152933214,0.5054275184706678,0.25263552771106373,21262003,SPE,0.26644313726505175
1097,4.4689205049086862,0.68678675130473199,0.31321324869526801,0.43100434368600021,21262004,SPE,0.88347453305514945
1098,8.565872256807749,0.41476287877117046,0.58523712122882954,0.19667538202582735,21262005,SPE,0.10608965461054702
1099,11.171381230109642,0.10351283308158557,0.89648716691841446,0.038357872401988166,21262006,SPE,0.51165105788816712
1100,13.465199542532384,0.57735375369373443,0.42264624630626557,0.32060898440546209,21262007,SPE,0.16070057004946936
1101,6.4808328576080481,0.29363702806580722,0.70636297193419284,0.12557327693945078,21262008,SPE,0.90401220649517922
1102,9.1816430226811541,0.16462365555145264,0.83537634444854736,0.063737992410350858,21262009,SPE,0.60677463758279016
1103,6.4081256716246484,0.35163870929905672,0.64836129070094328,0.15779349700078416,21262010,SPE,0.31741757778542512
1104,13.966997532801543,0.094349537953902718,0.90565046204609723,0.034738808746916587,21262011,SPE,0.017740314485519163
1105,5.0089179984849066,0.3299401860491763,0.6700598139508237,0.14537454776429765,21262012,SPE,0.39097563957564557
1106,14.273808256465228,0.37417383612410599,0.62582616387589396,0.17118581915478018,21262013,SPE,0.24469855729036014
1107,13.094711509635538,0.29847203174617687,0.70152796825382313,0.12814298326704976,21262014,SPE,0.52912705969088891
1108,5.458273048311332,0.63279465762943743,0.36720534237056257,0.37316341579488005,21262015,SPE,0.012153909336079752
1109,10.225469374462536,0.5559365372712558,0.4440634627287442,0.30191242972316218,21262016,SPE,0.45934318956463288
1110,6.9402552191557731,0.071338413793727851,0.92866158620627215,0.025851285287464658,21262017,SPE,0.91213882583127071
1111,8.6677153944174616,0.64641485388385,0.35358514611615,0.3870861660461955,21262018,SPE,0.35411664773450618
1112,7.0402196532328469,0.11514889030191255,0.88485110969808745,0.043021225161062562,21262019,SPE,0.76089808720477958
1113,2.5578169181449777,0.010005543404956362,0.98999445659504359,0.0034792463217704584,21262020,SPE,0.87571685125618959
1114,13.367270441150907,0.54628181911490858,0.45371818088509142,0.29375098490028623,21262021,SPE,0.78019409725622924
1115,9.4302968003158369,0.58487320766782003,0.41512679233217997,0.32737467990921437,21262022,SPE,0.55297923183152453
1116,7.9404881027615533,0.57611915436350025,0.42388084563649975,0.31950836102791824,21262023,SPE,0.96968419679414497
1117,12.162648993975827,0.28932586547154049,0.71067413452845951,0.12329890310221686,21262024,SPE,0.93352313460070191
1118,5.8316008304422242,0.27302051423817214,0.72697948576182791,0.11483827548117666,21262025,SPE,0.28900058888770674
1119,3.2686670866124752,0.095125339086377492,0.90487466091362245,0.035043419267288371,21262026,SPE,0.95431500967209004
1120,2.6848011744648499,0.35071369909698152,0.64928630090301853,0.15725473242975876,21262027,SPE,0.99906938813169377
1121,14.994597423454948,0.21730217959580692,0.78269782040419311,0.087515755052935532,21262028,SPE,0.29623495657190346
1122,6.8396860317733941,0.021767346114954303,0.97823265388504566,0.0076283147308520202,21262029,SPE,0.25655124875347407
1123,10.355056832912584,0.44284097205971856,0.55715902794028138,0.2154241822296202,21262030,SPE,0.36886098750804414
1124,8.8075579686203156,0.67877554690149333,0.32122445309850667,0.4219572537327862,21262031,SPE,0.34382348069117552
1125,6.7206093074070461,0.27775126858949933,0.72224873141050061,0.11727027085714803,21262032,SPE,0.14191096494449729
1126,10.160195639952756,0.018301483184908655,0.98169851681509135,0.006398984972449456,21262033,SPE,0.32869781388150821
1127,5.038421419578591,0.33571468552040951,0.66428531447959049,0.14863537999134127,21262034,SPE,0.92339875428530482
1128,14.679419684030409,0.14201170741091138,0.8579882925890886,0.054086057494477709,21262035,SPE,0.87883046010316834
1129,5.3869124213852002,0.40734119927233464,0.59265880072766541,0.19187666403756498,21262036,SPE,0.92462852994413258
1130,12.126294054094345,0.25923473556600229,0.74076526443399771,0.10785470268417865,21262037,SPE,0.77909653393131661
1131,8.3579332939182009,0.44803474201410076,0.55196525798589924,0.21899912541709285,21262038,SPE,0.49330992087560904
1132,14.13060892734276,0.17151456634168685,0.82848543365831318,0.06674336951489318,21262039,SPE,0.11118786939521939
1133,14.322797740575224,0.39484739886120929,0.60515260113879066,0.18394041382453857,21262040,SPE,0.94159436684361075
1134,2.9808305084763678,0.52697488642242696,0.47302511357757304,0.27790250897863611,21262041,SPE,0.19828575096430681
1135,9.0591027147627052,0.35775565814015481,0.64224434185984514,0.16137770651645186,21262042,SPE,0.68829288677032074
1136,3.4705767372527663,0.43180803880479601,0.56819196119520399,0.20794249972680487,21262043,SPE,0.66900500451523404
1137,8.5066265806113961,0.16739074670857523,0.83260925329142477,0.064941163287170894,21262044,SPE,0.17497228648441873
1138,7.3368567137021206,0.11777055989027428,0.8822294401097257,0.044082529222550952,21262045,SPE,0.71535946495091329
1139,6.5443198264761646,0.61090588785187505,0.38909411214812495,0.35165496452059364,21262046,SPE,0.91559565210275173
1140,6.3783581855109714,0.2904612562967277,0.7095387437032723,0.12389634642179659,21262047,SPE,0.92117028271014179
1141,11.094639818315281,0.12548771222584784,0.87451228777415213,0.047229619266330472,21262048,SPE,0.45850567503105022
1142,14.667392808775274,0.21696133820683752,0.7830386617931625,0.087355765068050581,21262049,SPE,0.33205803341680784
1143,14.736988632364813,0.64024378982161512,0.35975621017838488,0.38072507556157342,21262050,SPE,0.52149700106700847
1144,12.821010718839092,0.59661148002772657,0.40338851997227343,0.33815472261676072,21262051,SPE,0.99598957958197365
1145,10.32755686629323,0.62998296083771499,0.37001703916228501,0.37034186524045309,21262052,SPE,0.46276054559786745
1146,13.096694660516095,0.25617960363297404,0.74382039636702602,0.1063275370054175,21262053,SPE,0.77861374626925284
1147,13.527783513925149,0.43083099598666891,0.56916900401333104,0.20728719882687185,21262054,SPE,0.50362099667569005
1148,8.8518193283788023,0.45887884785056227,0.54112115214943768,0.22657526526318814,21262055,SPE,0.15766575581311218
1149,12.015633154224229,0.00050567545531372479,0.99949432454468623,0.00017474572322535257,21262056,SPE,0.5560367910867301
1150,11.118062468400561,0.25147111083465479,0.74852888916534521,0.10398822437361591,21262057,SPE,0.31409170180964208
1151,1.7710616911072561,0.66227942553972041,0.33772057446027959,0.40385560824632982,21262058,SPE,0.94099033094052731
1152,5.2787683585072518,0.2029095176485928,0.79709048235140723,0.080831534377684353,21262059,SPE,0.30674812443890348
1153,5.4843976425617704,0.15014918090029325,0.84985081909970672,0.05752305172114381,21262060,SPE,0.32264363129901452
1154,1.7519947834929392,0.37481950115532564,0.6251804988446743,0.17157724385919959,21262061,SPE,0.826661143326197
1155,10.633463536718621,0.58836570753881323,0.41163429246118677,0.33055392354762281,21262062,SPE,0.38030486143664544
1156,12.707862382759332,0.69596308982925514,0.30403691017074486,0.44158135013380728,21262063,SPE,0.35843808911178343
1157,10.467548331083144,0.47960933184456173,0.52039066815543822,0.24149472190706986,21262064,SPE,0.74254904097061825
1158,4.8420096383462425,0.63043867237542017,0.36956132762457983,0.37079797317233643,21262065,SPE,0.47989198659097532
1159,8.3274055919329282,0.48475275163746506,0.51524724836253499,0.2452881988628979,21262066,SPE,0.25996262709320461
1160,4.6881458037053196,0.39773427351872148,0.60226572648127852,0.18575861038324035,21262067,SPE,0.27797431370965986
1161,7.9757045423125845,0.52735181803965869,0.47264818196034131,0.27820606604900472,21262068,SPE,0.075487859884556183
1162,1.186334222066328,0.087860590141634734,0.91213940985836528,0.032203842983026948,21262069,SPE,0.73654676690740295
1163,14.443804752798949,0.64464369714956082,0.35535630285043918,0.38525137394542008,21262070,SPE,0.81890601622995363
1164,10.829694276366018,0.3600012302665796,0.6399987697334204,0.16270291582092203,21262071,SPE,0.18054593069009814
1165,4.4987949955357589,0.59298403546432843,0.40701596453567157,0.3347944924412225,21262072,SPE,0.19213084452285029
1166,7.8160160779993229,0.59486016962081378,0.40513983037918622,0.33652915934475758,21262073,SPE,0.9463850936395134
1167,3.7866186692118529,0.41266625235384718,0.58733374764615287,0.19531326926999326,21262074,SPE,0.62897787299170682
1168,2.1135462186250766,0.37165378363302914,0.62834621636697086,0.16966225856565412,21262075,SPE,0.12660042925229759
1169,3.669766329720316,0.67384540428922379,0.32615459571077621,0.41647399850721523,21262076,SPE,0.91438252026968991
1170,10.279909162375901,0.0084603858231502467,0.99153961417684977,0.0029389538042082779,21262077,SPE,0.33176169098301106
1171,1.8510739623215124,0.2663821505747046,0.7336178494252954,0.11145637136995494,21262078,SPE,0.71368583140445785
1172,4.7394195501106342,0.42291695218012904,0.57708304781987096,0.20202197782280951,21262079,SPE,0.91731499168396413
1173,14.048984221931924,0.39079210243194235,0.60920789756805771,0.18140192252809256,21262080,SPE,0.82575112519062066
1174,13.616153125315551,0.2679672979064267,0.7320327020935733,0.11226068306767209,21262081,SPE,0.077094116266421236
1175,9.2754235614182523,0.5866907532941219,0.4133092467058781,0.32902625789175327,21262082,SPE,0.22940174729159107
1176,1.1396298123135042,0.43913478548889168,0.56086521451110838,0.21289401839895944,21262083,SPE,0.8494832151845052
1177,4.3131243220661446,0.47689885726968262,0.52310114273031738,0.23951057938516887,21262084,SPE,0.785712404206376
1178,4.6390943425328954,0.67674529093033353,0.32325470906966647,0.41969152915876107,21262085,SPE,0.56395607274704918
1179,4.4228558353281731,0.59048211516040017,0.40951788483959983,0.33249203104879482,21262086,SPE,0.11674112264063198
1180,6.7558208194909763,0.31321944254439504,0.68678055745560496,0.13610730464511614,21262087,SPE,0.32405374104901535
1181,6.6495315504497023,0.66838237030915626,0.33161762969084374,0.41047154667333996,21262088,SPE,0.25571666363821483
1182,7.5325425756570699,0.12843877441516191,0.87156122558483806,0.048442250790153615,21262089,SPE,0.73388140477927122
1183,4.8292855817115852,0.66448575752356021,0.33551424247643979,0.40623660157022579,21262090,SPE,0.089471421367866649
1184,10.680715454977836,0.10819437065930904,0.89180562934069096,0.040224888673885385,21262091,SPE,0.34784378167477165
1185,14.575039285668144,0.18476478507424379,0.81523521492575624,0.072608938415236302,21262092,SPE,0.75964092577223974
1186,3.0786120748670265,0.55366548132163573,0.44633451867836427,0.29997808099464129,21262093,SPE,0.31529946105867701
1187,12.095856501314413,0.60324490570403966,0.39675509429596034,0.34436769681765311,21262094,SPE,0.41016474879772452
1188,1.7300101357036544,0.10694893915892,0.89305106084107999,0.039727004344769772,21262095,SPE,0.44077511871078268
1189,9.6583260907454953,0.30508146875113035,0.69491853124886971,0.13168864453907739,21262096,SPE,0.21667885573492968
1190,12.917433382889243,0.42628385557126325,0.57371614442873675,0.2042527348178716,21262097,SPE,0.85044069475925577
1191,3.292291576070399,0.63496124352789307,0.36503875647210693,0.37534971769504843,21262098,SPE,0.89961533005949101
1192,10.787521496354493,0.24973815502625804,0.75026184497374193,0.10313158226058128,21262099,SPE,0.89542478727677177
1193,4.2027202017571668,0.073022040225006773,0.9269779597749932,0.026492014517561276,21262100,SPE,0.21512626006040569
1194,7.6784167656468405,0.1579131884665482,0.84208681153345177,0.060840372355769314,21262101,SPE,0.19399258568891511
1195,14.87502191257758,0.27028566904621426,0.72971433095378568,0.11344068784517715,21262102,SPE,0.46033764220514334
1196,10.581895938196071,0.51165378027734532,0.48834621972265468,0.26575447072468317,21262103,SPE,0.71291579698589802
1197,3.1566840952863893,0.30094393561811478,0.69905606438188528,0.1294645746783667,21262104,SPE,0.30012363581967461
1198,9.6254598210317255,0.59973504456654825,0.40026495543345175,0.34106923932429029,21262105,SPE,0.60597450989062474
1199,8.1331494351166231,0.45993239732867586,0.54006760267132414,0.22731951931846617,21262106,SPE,0.48288026429732206
1200,3.5947230447435263,0.44891663787935282,0.55108336212064724,0.21960956492486422,21262107,SPE,0.90598479602039306
1201,6.1913042384958361,0.20688634962901944,0.79311365037098058,0.082663885564607756,21262108,SPE,0.10769671792038328
1202,1.933003143050442,0.20221949671409425,0.79778050328590577,0.080514722078808262,21262109,SPE,0.56635507217798842
1203,8.9061553773869555,0.5245834395457325,0.4754165604542675,0.27598190244015275,21262110,SPE,0.17524044305404513
1204,4.9247052257695536,0.24373482950987296,0.75626517049012709,0.10018187231142914,21262111,SPE,0.15385176023751326
1205,14.287334825181297,0.57946786973740017,0.42053213026259983,0.32250033664164363,21262112,SPE,0.80519036267133781
1206,5.691700532192451,0.52307652741628086,0.47692347258371914,0.27477637471651473,21262113,SPE,0.37637268357204573
1207,4.0452388604341536,0.24742242059043751,0.75257757940956249,0.10199047832976957,21262114,SPE,0.19460540582485281
1208,10.562496492779223,0.18487405753000896,0.81512594246999104,0.072657792052245429,21262115,SPE,0.47197485427657759
1209,9.6754209129455155,0.23065327720385961,0.76934672279614036,0.093848874202864266,21262116,SPE,0.57861884099193406
1210,5.1349355937369747,0.3466194162500737,0.65338058374992625,0.15488018474210635,21262117,SPE,0.7487141144015369
1211,2.2568669334506781,0.12284931854116625,0.87715068145883379,0.046149780734316734,21262118,SPE,0.85216005236138315
1212,8.2343412830984484,0.31043777148747476,0.68956222851252524,0.13459030043154027,21262119,SPE,0.69444001359083163
1213,4.8193961465483195,0.14037334644937444,0.85962665355062562,0.053398944947397643,21262120,SPE,0.76590805389652883
1214,11.969300804084549,0.36628960623859108,0.63371039376140892,0.16644122526664795,21262121,SPE,0.83632620911641176
1215,3.975681602331361,0.18907270626840283,0.81092729373159722,0.074540968639386626,21262122,SPE,0.96393452993794104
1216,11.402993139447872,0.14645766245439865,0.85354233754560138,0.055958860492388081,21262123,SPE,0.43700655078893419
1217,14.92205240104372,0.097595033313724044,0.9024049666862759,0.036015320422403602,21262124,SPE,0.9113708023143684
1218,7.12449277697156,0.08528224014821513,0.91471775985178483,0.031202918841121911,21262125,SPE,0.95880856769109868
1219,14.395370795763437,0.68765388497540758,0.31234611502459242,0.43199395041839511,21262126,SPE,0.47882153875805356
1220,9.2032510625157666,0.0096396968722357677,0.99036030312776424,0.0033512220381464353,21262127,SPE,0.53880999040820987
1221,5.2548422863842221,0.2698817781266028,0.73011822187339726,0.11323480252888381,21262128,SPE,0.34419539412149974
1222,5.5822238470494856,0.082624093769560675,0.9173759062304393,0.030174756555755709,21262129,SPE,0.16397011182226126
1223,10.432026845185433,0.04411877346090054,0.95588122653909946,0.015694245205754929,21262130,SPE,0.61413195793401665
1224,8.7885756436697982,0.43601527278754698,0.56398472721245296,0.21077768351372561,21262131,SPE,0.7986787733858346
1225,2.3502491547905242,0.25886995484135783,0.74113004515864223,0.1076719735113898,21262132,SPE,0.8198504954255813
1226,2.4011418909558175,0.60564538499623799,0.39435461500376201,0.34663805101835066,21262133,SPE,0.36730694749785314
1227,8.1725064978519253,0.17032091136750666,0.8296790886324934,0.066220588171130954,21262134,SPE,0.72832862911638996
1228,1.4439651957708732,0.34999631805277104,0.65000368194722902,0.15683748240987347,21262135,SPE,0.41548005210272293
1229,3.4823806026441826,0.56239788156835513,0.43760211843164487,0.30746559497100412,21262136,SPE,0.40681523135125164
1230,8.312057109729345,0.55420031370847855,0.44579968629152145,0.30043280664104233,21262137,SPE,0.67914202000096491
1231,13.5866434667428,0.53469529359031909,0.46530470640968091,0.28416601675361508,21262138,SPE,0.71076687388111026
1232,6.8309302845230215,0.43830375322178133,0.56169624677821872,0.21232904654273521,21262139,SPE,0.21727712409735278
1233,4.6140537217728648,0.15220782328076599,0.84779217671923401,0.058398997789166879,21262140,SPE,0.77280757914487264
1234,11.836564916708094,0.29641800642404348,0.70358199357595652,0.12704884499500121,21262141,SPE,0.74048029486297606
1235,2.46841319186208,0.13168414996005859,0.86831585003994138,0.049781738595220941,21262142,SPE,0.12223708751996763
1236,8.8930953842359521,0.64774326356586931,0.35225673643413069,0.38846715065654852,21262143,SPE,0.87279798843109924
1237,11.293025129104425,0.17388207633081898,0.82611792366918102,0.067782987820395907,21262144,SPE,0.64306159373218608
1238,1.0772402559225358,0.0073186719756991921,0.99268132802430076,0.002540438224796179,21262145,SPE,0.30293993164532335
1239,3.9088662397375811,0.076951049313371128,0.92304895068662884,0.027993042178968631,21262146,SPE,0.86479930647657155
1240,1.6746186111676016,0.2509682673883778,0.74903173261162226,0.10373941717788507,21262147,SPE,0.79603792569503007
1241,2.4193953649352613,0.4473373831973379,0.55266261680266204,0.21851712616918428,21262148,SPE,0.82360512511500994
1242,8.4154949242112167,0.64559718190353865,0.35440281809646135,0.38623820065661363,21262149,SPE,0.72228208022328122
1243,9.5909870414994405,0.61114676412568936,0.38885323587431064,0.35188606567130759,21262150,SPE,0.4664670632161832
1244,11.515595704367628,0.60983320683460007,0.39016679316539993,0.35062728720924541,21262151,SPE,0.043419169029153382
1245,6.2190264042043273,0.68267257722433805,0.31732742277566195,0.42633676318798869,21262152,SPE,0.38692900346576969
1246,1.9908065202654999,0.41065455161119241,0.58934544838880765,0.19401113646827486,21262153,SPE,0.34098505064311369
1247,5.8913708821377648,0.34385954640229854,0.65614045359770146,0.15328881882073409,21262154,SPE,0.10084438275108353
1248,10.186719693224406,0.1991863366544997,0.8008136633455003,0.079125996803296919,21262155,SPE,0.84517226000692147
1249,12.700601313307265,0.15103850620375947,0.84896149379624053,0.057901135537419386,21262156,SPE,0.51097658931643941
1250,11.976176077274339,0.062919463700078462,0.9370805362999215,0.02266942434736768,21262157,SPE,0.33933947702562478
1251,5.2136845247567152,0.25710801357953428,0.74289198642046572,0.10679084360009586,21262158,SPE,0.83183571736333584
1252,1.4066173036971228,0.19705309223200862,0.80294690776799138,0.078153087751427291,21262159,SPE,0.7832557791843251
1253,2.6401317803265387,0.56638219543020252,0.43361780456979748,0.31092709594850287,21262160,SPE,0.96268376839911829
1254,14.953449151123817,0.016679639491588363,0.98332036050841165,0.0058256593942925816,21262161,SPE,0.13589036181326017
1255,6.9863991406609651,0.17995478656665381,0.82004521343334624,0.070466328274515766,21262162,SPE,0.49236147202752428
1256,13.985918028591339,0.53925807306517992,0.46074192693482008,0.28791376246143141,21262163,SPE,0.67094644884935606
1257,10.814777186690984,0.027817104664865963,0.97218289533513402,0.0097877564041505098,21262164,SPE,0.54776273676433684
1258,2.8355795645341324,0.64118406406243245,0.35881593593756755,0.38168858547314755,21262165,SPE,0.85813535800148122
1259,1.698910947980351,0.67174157278205904,0.32825842721794096,0.41415336460639246,21262166,SPE,0.10102332335756477
1260,14.935365674540858,0.2126186494817299,0.78738135051827007,0.085324578542042034,21262167,SPE,0.62923412804498802
1261,2.1946215842032721,0.65887599895511029,0.34112400104488971,0.40020646640960683,21262168,SPE,0.52579360571861822
1262,14.026164072080643,0.37914065325561791,0.62085934674438215,0.17420820480942462,21262169,SPE,0.4973517143960664
1263,10.175341310165734,0.077455228814843749,0.92254477118515621,0.028186246273560686,21262170,SPE,0.98587084102530242
1264,7.8824942339286252,0.4881440911142757,0.5118559088857243,0.24780998052348902,21262171,SPE,0.20171628717444162
1265,13.212976352906106,0.37668961677784085,0.62331038322215915,0.17271345114197773,21262172,SPE,0.80737039795828469
1266,8.0702612594045497,0.47521984967845715,0.52478015032154279,0.23828662491963004,21262173,SPE,0.079136625901913032
1267,14.334565103736207,0.36533070113712102,0.63466929886287904,0.16586856251327728,21262174,SPE,0.45496297183432505
1268,13.532254842051628,0.44478673045773814,0.5552132695422618,0.21675945776923572,21262175,SPE,0.79203606140729332
1269,13.047514321557266,0.31605465087740975,0.6839453491225902,0.13766067313009708,21262176,SPE,0.77567281138323529
1270,11.141899418532804,0.02588166844422796,0.97411833155577199,0.0090950162077037683,21262177,SPE,0.030111250913401819
1271,3.7245140941400035,0.082181722331900645,0.91781827766809931,0.030004015729624266,21262178,SPE,0.50136039812747979
1272,2.9346662410109317,0.092713505693481399,0.90728649430651864,0.034097516715278282,21262179,SPE,0.27665924557563987
1273,2.0595104059329623,0.089778180983410505,0.9102218190165895,0.032950585631583637,21262180,SPE,0.18375574973272174
1274,13.565061478662203,0.11371103358499803,0.88628896641500199,0.042440823151218089,21262181,SPE,0.89847097275918053
1275,7.1771751108642494,0.53003576180223344,0.46996423819776656,0.2803741769190875,21262182,SPE,0.97679949919862541
1276,11.191951844935453,0.59635775105087696,0.40364224894912304,0.33791883315653726,21262183,SPE,0.54451945249689948
1277,4.6648565008198384,0.47662112976520521,0.52337887023479479,0.2393078531016484,21262184,SPE,0.87959154223511415
1278,7.2500313945954513,0.67299692757169216,0.32700307242830784,0.4155367107246537,21262185,SPE,0.13944954749833738
1279,13.684694691953299,0.61199269187080785,0.38800730812919215,0.35269862755182152,21262186,SPE,0.66041839448398998
1280,11.03365950463628,0.075203497956716173,0.92479650204328379,0.027324409900470425,21262187,SPE,0.080452925617952045
1281,10.445152054368643,0.089095152442954156,0.91090484755704582,0.032684374398537823,21262188,SPE,0.82855485777863991
1282,3.7383814487565203,0.2727356045925744,0.7272643954074256,0.11469239391966327,21262189,SPE,0.38310341457168395
1283,13.771699286117899,0.19850462683860556,0.80149537316139441,0.078814749818324134,21262190,SPE,0.7943114653419201
1284,1.0079388199271873,0.6471056064427646,0.3528943935572354,0.38780373681863983,21262191,SPE,0.44618362154395891
1285,1.3092577661075497,0.12940628327565926,0.87059371672434072,0.04884092738319587,21262192,SPE,0.18452691902640117
1286,8.3797222076252567,0.5989307579067833,0.4010692420932167,0.34031690653936209,21262193,SPE,0.43255929281759115
1287,14.548029185733657,0.23450367247192805,0.76549632752807195,0.09569960971938915,21262194,SPE,0.77745141000604656
1288,5.5501397460709381,0.58312674534753195,0.41687325465246805,0.32579368174779821,21262195,SPE,0.39178880079220413
1289,8.2434185955514394,0.59102323002000234,0.40897676997999766,0.33298896461366245,21262196,SPE,0.75168977008795645
1290,3.4420534457423386,0.52381257636236034,0.47618742363763966,0.27536476078535688,21262197,SPE,0.72113775170877104
1291,3.9375872906264116,0.37634809260990232,0.62365190739009768,0.17250567928479288,21262198,SPE,0.90601871031901171
1292,10.24705599783047,0.16813827223648448,0.83186172776351552,0.065267038298536487,21262199,SPE,0.00043320047511661344
1293,12.020809495069996,0.06678034677646201,0.93321965322353795,0.024124055438451187,21262200,SPE,0.41701157752878493
1294,7.1586808909255097,0.63862940058527662,0.36137059941472338,0.37907554521856707,21262201,SPE,0.4848425586670832
1295,4.9734980061576071,0.36224370371864167,0.63775629628135833,0.16403139231853658,21262202,SPE,0.60267823458749681
1296,11.71229981201795,0.50717243728237205,0.49282756271762795,0.26227017562841631,21262203,SPE,0.79953578982172713
1297,10.885140082163721,0.51765130548487293,0.48234869451512707,0.27046598932549409,21262204,SPE,0.93584828583845869
1298,10.87379429859717,0.42181265230136161,0.57818734769863833,0.20129327692341445,21262205,SPE,0.74630259642414232
1299,14.869347634349149,0.38381100085835029,0.61618899914164971,0.17707412593325006,21262206,SPE,0.44747128851801649
1300,6.2384072346543888,0.031922841674303579,0.96807715832569641,0.011263235513400291,21262207,SPE,0.94374242456373314
1301,1.5541280135686775,0.38835421146060778,0.61164578853939222,0.17988457389713736,21262208,SPE,0.090049444980457485
1302,5.4496018670485382,0.27132265082682738,0.72867734917317262,0.11396990043063358,21262209,SPE,0.23509431955342053
1303,7.0261405060538227,0.20364079981885902,0.79635920018114104,0.081167651521186615,21262210,SPE,0.88553801122817632
1304,13.679528143489142,0.56600139081571355,0.43399860918428645,0.31059502012460144,21262211,SPE,0.48097398948412279
1305,14.803756456805939,0.23943535104446215,0.76056464895553788,0.098086234586021601,21262212,SPE,0.63474328781818112
1306,10.07306729159547,0.38011747203777985,0.61988252796222021,0.1748056926629088,21262213,SPE,0.081596273101609607
1307,11.993479376980606,0.078132969416058032,0.92186703058394193,0.028446171594398342,21262214,SPE,0.67716029094098373
1308,13.786302803864963,0.61789083261586153,0.38210916738413847,0.35840612098157804,21262215,SPE,0.90995646896879967
1309,9.4730627265729694,0.12169510525852352,0.87830489474147644,0.045678659921681665,21262216,SPE,0.042736037814868157
1310,11.501606734867334,0.072101443343122032,0.92789855665687793,0.026141483956309716,21262217,SPE,0.80168277414218347
1311,4.8809975875938374,0.35915728459492841,0.64084271540507154,0.16220426959991133,21262218,SPE,0.61003117705691157
1312,13.030149851875946,0.52079131572262638,0.47920868427737362,0.2729550928987553,21262219,SPE,0.67610356185182108
1313,1.4603869190683745,0.56065925042805453,0.43934074957194547,0.30596404154552037,21262220,SPE,0.67337491066196231
1314,12.082778166364179,0.46528338656638935,0.53471661343361065,0.23112237940282085,21262221,SPE,0.5077021717002661
1315,12.562152513905103,0.13414394187217876,0.86585605812782118,0.050801142825040869,21262222,SPE,0.59008433600438115
1316,2.9262622693188205,0.32478318624250807,0.67521681375749187,0.14248887692495624,21262223,SPE,0.81580578215791355
1317,14.309751794817236,0.44117511137980092,0.55882488862019908,0.21428478605409065,21262224,SPE,0.8534031998180317
1318,2.6669624471687268,0.21007804253472212,0.78992195746527782,0.084142479112230995,21262225,SPE,0.55000873598053757
1319,2.7663338885108621,0.19991944593455419,0.80008055406544587,0.079461067780806915,21262226,SPE,0.20944385274185612
1320,7.454969942023598,0.52546908382485291,0.47453091617514709,0.27669210795554666,21262227,SPE,0.48397567056214691
1321,5.6554257541982453,0.36420295904938155,0.6357970409506184,0.16519627727698491,21262228,SPE,0.488458074274841
1322,4.2951717238924001,0.014435341125532582,0.98556465887446743,0.0050343214306151516,21262229,SPE,0.015158232450837942
1323,1.8236748599349488,0.40575448501934092,0.59424551498065914,0.1908589614930381,21262230,SPE,0.21129278979819324
1324,6.1941285288456589,0.43752590526738455,0.56247409473261545,0.21180101206387009,21262231,SPE,0.69547410610907612
1325,3.3638733144153461,0.27941526067265737,0.72058473932734257,0.11813008107371405,21262232,SPE,0.13309036666221749
1326,13.91659741608607,0.068336411811534215,0.93166358818846584,0.024712496444364053,21262233,SPE,0.5852055265175089
1327,11.314180869704016,0.66869362065728044,0.33130637934271956,0.41081147894475029,21262234,SPE,0.69843561106095264
1328,8.6087455663143526,0.29516945136254269,0.70483054863745731,0.12638554662458845,21262235,SPE,0.82937725945121976
1329,14.520068291177481,0.3263642345411249,0.67363576545887516,0.14337094119000723,21262236,SPE,0.48133757346283723
1330,4.6440706333466188,0.66954948863276409,0.33045051136723591,0.41174748687774693,21262237,SPE,0.16890194577051434
1331,9.7916275207561263,0.6142955129966865,0.3857044870033135,0.35491824335083927,21262238,SPE,0.85604510014753932
1332,6.9063843306732542,0.23366575048098148,0.76633424951901852,0.095295915601088549,21262239,SPE,0.68161693110453836
1333,2.8632049401667587,0.13698438145710137,0.86301561854289865,0.051982783803082376,21262240,SPE,0.59204192221478602
1334,14.018148508990553,0.28643150719189236,0.71356849280810764,0.12178083419054934,21262241,SPE,0.37906791785139066
1335,9.8658894993130861,0.50836791971734518,0.49163208028265482,0.26319668074666247,21262242,SPE,0.034282433114185072
1336,7.3272947723228068,0.078711131791204481,0.92128886820879552,0.028668099109308058,21262243,SPE,0.34557028875923368
1337,8.954554692646024,0.61884794595561399,0.38115205404438601,0.359339282597889,21262244,SPE,0.86982037166040715
1338,13.007128856199357,0.56774585131017197,0.43225414868982803,0.31211841552974229,21262245,SPE,0.23859166704173312
1339,12.585056249963758,0.55091491583193886,0.44908508416806114,0.29764735803676512,21262246,SPE,0.18654694908644837
1340,4.6721770724530254,0.33187272638740117,0.66812727361259883,0.14646233815482027,21262247,SPE,0.11718032562976381
1341,11.473975664944341,0.013322081710428297,0.98667791828957174,0.0046426572258018318,21262248,SPE,0.17020661531305581
1342,13.573496135265636,0.54428000436996393,0.45571999563003607,0.29207884243591975,21262249,SPE,0.8878354781013662
1343,10.51755873859816,0.26318894290752237,0.73681105709247763,0.10984224405054628,21262250,SPE,0.2980751104846926
1344,9.0196098260274979,0.6430343795875102,0.3569656204124898,0.38359060557852648,21262251,SPE,0.6542124478668917
1345,3.508468064284441,0.12438910450502068,0.87561089549497928,0.046779489107839016,21262252,SPE,0.89422703815067772
1346,1.6626729638503124,0.20385698241385322,0.79614301758614681,0.081267086021782661,21262253,SPE,0.08524957991186774
1347,3.1003964148375993,0.35618704248812311,0.64381295751187695,0.16045501222843317,21262254,SPE,0.63583930405415245
1348,5.9717884997041999,0.6485413825069547,0.3514586174930453,0.3892988637612268,21262255,SPE,0.98627323221113572
1349,13.808051508780069,0.63573375580127955,0.36426624419872045,0.37613182828320046,21262256,SPE,0.10917250218918695
1350,9.3142083083931233,0.21994545494004103,0.78005454505995897,0.088759332074544228,21262257,SPE,0.73163784952369859
1351,1.8023541707773854,0.10004232019629986,0.89995767980370012,0.03698172035761943,21262258,SPE,0.45795743241466708
1352,2.5842603736847467,0.52157996820118702,0.47842003179881298,0.27358270305365096,21262259,SPE,0.63879669932577543
1353,7.2070408892984332,0.51558222064630932,0.48441777935369068,0.26883425515678078,21262260,SPE,0.97925676171900966
1354,8.099990756263054,0.62572295120173327,0.37427704879826673,0.36610043975188877,21262261,SPE,0.28681349051517346
1355,12.723891709614543,0.65836393237272606,0.34163606762727394,0.39965990308658311,21262262,SPE,0.26958767150931495
1356,3.2490385853629626,0.6416061768470116,0.3583938231529884,0.38212179432194132,21262263,SPE,0.88426530700583572
1357,6.30270260688068,0.40297376593178391,0.59702623406821609,0.18908236141261123,21262264,SPE,0.13840123859042508
1358,6.129021639840718,0.42461606443845312,0.57538393556154688,0.2031460303491697,21262265,SPE,0.55309044164807142
1359,2.207202571966087,0.1388963718393578,0.86110362816064223,0.052780905667925981,21262266,SPE,0.9308699119093502
1360,8.1931758243954249,0.58771772431947444,0.41228227568052556,0.3299622756661505,21262267,SPE,0.71136371535201781
1361,5.4019437203054563,0.16234728541891527,0.8376527145810847,0.062751850062046546,21262268,SPE,0.95523105838372224
1362,5.0947183450158882,0.5090834848357304,0.4909165151642696,0.26375228779774262,21262269,SPE,0.56585057067575684
1363,1.1135593141305842,0.1751793796846832,0.82482062031531678,0.068354201700088268,21262270,SPE,0.028835212582428903
1364,7.4264073632442562,0.61696337736118934,0.38303662263881066,0.35750374623526932,21262271,SPE,0.31160648185888251
1365,8.5887574567651441,0.24238755382010291,0.75761244617989709,0.099523679371298662,21262272,SPE,0.71850020359938971
1366,8.8547034100611004,0.15286140604426723,0.84713859395573277,0.05867764385430338,21262273,SPE,0.80669124453808372
1367,7.7701532400656186,0.31277409777390308,0.68722590222609692,0.13586396567048548,21262274,SPE,0.52355875105745975
1368,3.6078393036301817,0.49528703414826392,0.50471296585173608,0.25317562589085557,21262275,SPE,0.69616850274062936
1369,10.521861280951933,0.16096530528913655,0.83903469471086345,0.06215476726674958,21262276,SPE,0.66369688439750574
1370,2.153365371107097,0.088660502315347403,0.91133949768465261,0.032515100531761459,21262277,SPE,0.58845755895193774
1371,14.417800423154032,0.48779341946886523,0.51220658053113477,0.24754846059466429,21262278,SPE,0.11200559853671742
1372,4.860608749147044,0.50424038509571245,0.49575961490428755,0.26000698344226614,21262279,SPE,0.65056733897917463
1373,12.966525858387623,0.059819103347051761,0.94018089665294824,0.021506867995047276,21262280,SPE,0.90147839232478622
1374,1.2204556812052498,0.33075911331237795,0.66924088668762205,0.14583507758562683,21262281,SPE,0.72533821667781884
1375,3.8658666434921729,0.56881294750663558,0.43118705249336442,0.31305301709698569,21262282,SPE,0.98424268070208754
1376,13.743060124067537,0.58309486827048052,0.41690513172951948,0.32576487910628715,21262283,SPE,0.77137273597999689
1377,4.0838233757269036,0.52611339352964237,0.47388660647035763,0.27720957444705813,21262284,SPE,0.81422931860205205
1378,2.916515249435442,0.10133785051905676,0.89866214948094325,0.037494649812914095,21262285,SPE,0.54549115879634547
1379,3.0262896024021333,0.084563609890636285,0.91543639010936373,0.030924581466856157,21262286,SPE,0.77609659979852963
1380,12.805741806099949,0.16921336556643624,0.83078663443356371,0.065736341424980332,21262287,SPE,0.031931448356005906
1381,13.739352552799462,0.49747186385072534,0.50252813614927461,0.25483168761923114,21262288,SPE,0.054900949647367851
1382,10.778772272871119,0.50501700284426643,0.49498299715573357,0.26060517574940034,21262289,SPE,0.86504850680902912
1383,6.7075561689017258,0.52114462872545841,0.47885537127454159,0.27323613801958352,21262290,SPE,0.80468073402385198
1384,2.7049609083430908,0.096946211632608498,0.90305378836739147,0.03575966406533769,21262291,SPE,0.46184257110330901
1385,2.2216603041289513,0.26499675729696209,0.73500324270303796,0.11075506949831647,21262292,SPE,0.86802065353181923
1386,7.4771583030363642,0.090459677630287033,0.90954032236971294,0.033216451969336445,21262293,SPE,0.36060991926531877
1387,8.7235380062559447,0.079885916072811328,0.92011408392718863,0.029119585775558201,21262294,SPE,0.29411834774534873
1388,12.179133481699594,0.38984003043238713,0.61015996956761287,0.18080857712155404,21262295,SPE,0.46999945825102063
1389,5.9848590571025602,0.39977886516924116,0.6002211348307589,0.1870519543087254,21262296,SPE,0.078001825171328351
1390,9.6102699516904337,0.0177275485384445,0.98227245146155551,0.0061959569237514623,21262297,SPE,0.84698236451580522
1391,5.182752052649894,0.20813205378170194,0.79186794621829804,0.083240123339010805,21262298,SPE,0.026500777246388676
1392,12.662600892545226,0.61622347137121669,0.38377652862878331,0.35678516578666003,21262299,SPE,0.15630848230960634
1393,10.459731411453404,0.24340289241404026,0.75659710758595977,0.10001958083023774,21262300,SPE,0.56812671526674963
1394,13.405072990040756,0.63411042104094717,0.36588957895905283,0.37448988861442367,21262301,SPE,0.23786531845895348
1395,8.6287921937845002,0.42356793010554639,0.57643206989445361,0.20245222532682561,21262302,SPE,0.81028121647798301
1396,11.567805811762577,0.24592466164722296,0.75407533835277707,0.10125463658170328,21262303,SPE,0.057412701066180578
1397,9.6957621078010625,0.27847503441492244,0.7215249655850775,0.11764397029536516,21262304,SPE,0.64810155341410258
1398,2.9523370686216133,0.35516866111499434,0.64483133888500566,0.15985729944950347,21262305,SPE,0.6338681429887506
1399,5.1208091097068271,0.012910106527851916,0.98708989347214804,0.0044978630565942904,21262306,SPE,0.021072700511203375
1400,5.8095068384703605,0.53603699540585004,0.46396300459414996,0.28526447562774382,21262307,SPE,0.27257513560801633
1401,2.1420262922977313,0.39001837652845089,0.60998162347154916,0.1809196494712807,21262308,SPE,0.049446641033146915
1402,14.602264338191739,0.14346928418132093,0.85653071581867901,0.05469871804937386,21262309,SPE,0.44309377713704168
1403,13.448438563094669,0.63935831599769777,0.36064168400230223,0.37981958493446089,21262310,SPE,0.45262071841566309
1404,2.3942294364931218,0.63169006424458651,0.36830993575541349,0.37205283960068564,21262311,SPE,0.80085407805134157
1405,10.860775216737448,0.53506743738782248,0.46493256261217752,0.28447039541752372,21262312,SPE,0.64719362129860669
1406,2.8786747999256508,0.055690360143273832,0.94430963985672611,0.019966296952181949,21262313,SPE,0.98794939483621436
1407,7.2281476215588079,0.10545018501522219,0.89454981498477781,0.039129005579856206,21262314,SPE,0.92676928276818438
1408,4.3758929731625331,0.34116854443692168,0.65883145556307832,0.1517442905139392,21262315,SPE,0.96582779412627062
1409,10.322937954621491,0.461440219293479,0.538559780706521,0.22838724152431586,21262316,SPE,0.99023026174526785
1410,5.7766899961497815,0.38749822776116599,0.61250177223883395,0.17935334676276185,21262317,SPE,0.2688358175185076
1411,7.000700694825829,0.19526017080881772,0.80473982919118225,0.077337799139781033,21262318,SPE,0.22584949759591613
1412,3.569888685008646,0.4710242785691317,0.52897572143086835,0.23524516096588222,21262319,SPE,0.59124407499206677
1413,10.041514802298259,0.33803409440126464,0.66196590559873536,0.14995404947215285,21262320,SPE,0.023424931687585884
1414,9.0333800487527434,0.18657833870773213,0.81342166129226789,0.07342077405946007,21262321,SPE,0.42702100231650109
1415,1.1746839314627675,0.040783111495454397,0.95921688850454556,0.014475115778154111,21262322,SPE,0.92899366889479063
1416,1.09139256987365,0.19374617408605446,0.80625382591394557,0.076651051541140269,21262323,SPE,0.50568817628859719
1417,5.1029898965736873,0.035241828493021155,0.96475817150697885,0.012461913520934337,21262324,SPE,0.86268797003347242
1418,9.7776115328374686,0.21395846889894068,0.78604153110105934,0.085949814018628196,21262325,SPE,0.79783630813467121
1419,9.0971448557257304,0.65534695912843643,0.34465304087156357,0.39645270933654381,21262326,SPE,0.10470335931042472
1420,8.2700166265603166,0.31402071637728346,0.68597928362271654,0.13654557500539455,21262327,SPE,0.12160245265193198
1421,11.640305145887766,0.67229935778912142,0.32770064221087858,0.41476751811001217,21262328,SPE,0.95237181878865729
1422,14.254673976440937,0.36118927498139419,0.63881072501860581,0.1634060960226342,21262329,SPE,0.022347164614157939
1423,14.786944834563354,0.60665972399482426,0.39334027600517574,0.34760096133422863,21262330,SPE,0.63115150402889697
1424,11.555645375812773,0.06522834492687532,0.93477165507312465,0.023538398197265008,21262331,SPE,0.35037523039179475
1425,6.4416738652189247,0.15705902952381606,0.84294097047618388,0.060473576864402863,21262332,SPE,0.27472523886332839
1426,9.7398342904042199,0.085521810454894487,0.91447818954510551,0.03129577002700773,21262333,SPE,0.21454043760200661
1427,5.96025706012386,0.2532727833308982,0.7467272166691018,0.10488130477353369,21262334,SPE,0.29270564865147808
1428,2.9641251614792727,0.17297126409863225,0.82702873590136772,0.067382602950054354,21262335,SPE,0.014738862532748288
1429,8.3760467191234476,0.62616067323334146,0.37383932676665854,0.36653440466605824,21262336,SPE,0.32771302569458699
1430,1.3531713964532177,0.043676490970820554,0.9563235090291794,0.015532283106704995,21262337,SPE,0.96123364486822194
1431,2.5432246809881018,0.061468625487387518,0.93853137451261248,0.022124784880537277,21262338,SPE,0.4284509400489363
1432,8.7082180578017194,0.42874796460163744,0.57125203539836256,0.20589400330301255,21262339,SPE,0.28317850942344919
1433,5.3254727950530754,0.054616486226079175,0.94538351377392082,0.019567014077642893,21262340,SPE,0.086624256581159048
1434,6.8669744440852263,0.076104089927247653,0.9238959100727524,0.02766878520824893,21262341,SPE,0.62480421725903623
1435,6.7962467416256551,0.22344959032137329,0.77655040967862665,0.090415686296828543,21262342,SPE,0.63221189751058116
1436,3.3448100881965535,0.29961864157285617,0.70038135842714389,0.1287553511336936,21262343,SPE,0.84324879198460234
1437,5.5172853920014875,0.065810022553124695,0.93418997744687526,0.023757752067012129,21262344,SPE,0.91308525053196721
1438,4.8025905849784092,0.3121378891443653,0.68786211085563465,0.13551664685670592,21262345,SPE,0.22631890575701111
1439,12.284568844566001,0.47144648468230516,0.52855351531769479,0.2355501343689565,21262346,SPE,0.051675956845035315
1440,7.2904473490367554,0.28081787743731246,0.71918212256268754,0.11885661702005861,21262347,SPE,0.18595587822968013
1441,9.3878682894360033,0.28732582284468555,0.71267417715531445,0.12224913965919704,21262348,SPE,0.61308571961416347
1442,3.7509828044077502,0.31847438355110014,0.68152561644889986,0.1389921695681943,21262349,SPE,0.876662627374868
1443,7.3862087656906317,0.127763265952374,0.87223673404762603,0.048164224025118142,21262350,SPE,0.18805954085967952
1444,6.5967841526136395,0.45032359289413421,0.54967640710586574,0.22058551395782769,21262351,SPE,0.99885133566799089
1445,14.177583122356074,0.51294647555662753,0.48705352444337247,0.26676527457883326,21262352,SPE,0.34250611315558505
1446,7.9162014585421687,0.29105126804625475,0.7089487319537453,0.12420724409166536,21262353,SPE,0.17687370408009595
1447,2.5156404020563983,0.14799741010307163,0.85200258989692834,0.056610273671817132,21262354,SPE,0.61954054091299249
1448,10.146226151294776,0.47551666001565274,0.52448333998434726,0.23850270800950196,21262355,SPE,0.12062113795237563
1449,9.1092776513605589,0.50104275226449602,0.49895724773550398,0.25755353016190308,21262356,SPE,0.2326225239655382
1450,1.9048825896587593,0.38555668074613003,0.61444331925386997,0.17815136552842931,21262357,SPE,0.87797445760461812
1451,8.3971488469740052,0.59280155648398336,0.40719844351601664,0.33462614451454936,21262358,SPE,0.69136551110225108
1452,11.385197303061428,0.25380514980802821,0.74619485019197174,0.105145679752719,21262359,SPE,0.93667054385274051
1453,7.707709805835818,0.11461361213357812,0.88538638786642188,0.042805017977064985,21262360,SPE,0.49020698849240846
1454,5.7957564864347164,0.62364124212307692,0.37635875787692308,0.36404234970988286,21262361,SPE,0.040147066388161318
1455,5.048203219097493,0.053277937838738916,0.94672206216126109,0.019070135428617439,21262362,SPE,0.12518996270391794
1456,3.6396019018063184,0.46946839906268617,0.53053160093731377,0.23412339848582142,21262363,SPE,0.056855007663152268
1457,14.117598060207076,0.11186012666018393,0.88813987333981603,0.041695425594881222,21262364,SPE,0.32518153016784446
1458,10.967470782137347,0.30380993325031874,0.6961900667496812,0.13100354895317759,21262365,SPE,0.74962565333002762
1459,11.622893371246194,0.49033059285707969,0.50966940714292031,0.24944459287761356,21262366,SPE,0.42403647274250411
1460,6.2842053076133162,0.45555062700617838,0.54444937299382157,0.22423373388145931,21262367,SPE,0.37305614866561776
1461,9.5325414982451662,0.30272495968233887,0.69727504031766108,0.13042009629217882,21262368,SPE,0.65312638557895975
1462,7.0151815705043319,0.096296627755122918,0.90370337224487707,0.035503939540725567,21262369,SPE,0.78891311310424639
1463,11.577161364505036,0.54897595133802046,0.45102404866197954,0.29601222619751055,21262370,SPE,0.65885005568867805
1464,8.6942474737071862,0.36139941562124661,0.63860058437875344,0.16353062321398878,21262371,SPE,0.31604609641946496
1465,12.35433239076522,0.48597838617270539,0.51402161382729461,0.24619767948519924,21262372,SPE,0.76268333779379027
1466,2.2407126373425261,0.18119094626342672,0.81880905373657331,0.071015513247535383,21262373,SPE,0.73548376267986892
1467,13.865757469542467,0.34035115001536898,0.65964884998463102,0.15127652472954689,21262374,SPE,0.10501568575194298
1468,9.4660844042393038,0.15141761300697776,0.84858238699302224,0.058062455856201109,21262375,SPE,0.66765429854722358
1469,5.5380736244188711,0.23541060066515371,0.76458939933484626,0.096137139572029948,21262376,SPE,0.60836767580333362
1470,7.2352753599678232,0.11726880517395523,0.88273119482604478,0.043879103642362423,21262377,SPE,0.89019172051708673
1471,1.4260938382766928,0.22103297150335496,0.77896702849664501,0.089272434797924252,21262378,SPE,0.28574086036872953
1472,11.906678929573644,0.63488976882099779,0.36511023117900221,0.37527742332847563,21262379,SPE,0.41201641880399448
1473,5.6798443800955756,0.47189040139531208,0.52810959860468798,0.23587105308177184,21262380,SPE,0.70782598770974403
1474,14.849912109590766,0.57275965876353396,0.42724034123646604,0.31652783741422158,21262381,SPE,0.15464380783375892
1475,13.700969682151946,0.63716676572997388,0.36283323427002612,0.37758623590067336,21262382,SPE,0.15002211176138194
1476,6.8840612943780881,0.310057107410385,0.68994289258961494,0.13438324167059373,21262383,SPE,0.40819025801079212
1477,7.453025031911916,0.32331177934842575,0.6766882206515743,0.14167006180033737,21262384,SPE,0.7411165066503792
1478,3.005743927246205,0.65050936527838976,0.34949063472161024,0.39135614862971119,21262385,SPE,0.71756602794832924
1479,12.493962143885646,0.20084895447701068,0.79915104552298932,0.079886436259015176,21262386,SPE,0.84052596012413994
1480,11.255121312186452,0.53265556922339352,0.46734443077660648,0.28250175730081323,21262387,SPE,0.42982334680120304
1481,4.943443508929807,0.3523896631354187,0.64761033686458136,0.15823150753745796,21262388,SPE,0.87356686817993545
1482,12.622281593240148,0.48944691446267291,0.51055308553732703,0.2487831326043391,21262389,SPE,0.66634753264546243
1483,11.223137306320186,0.66630450288495835,0.33369549711504165,0.40820849596257325,21262390,SPE,0.75835846534478757
1484,14.373289179292772,0.11613796229268816,0.88386203770731187,0.043421158132615545,21262391,SPE,0.96045984327510303
1485,3.4924263820641017,0.043122154101794832,0.95687784589820513,0.015329423404254153,21262392,SPE,0.51858142351549386
1486,4.2823338820240959,0.1869953022808932,0.81300469771910677,0.07360773794132347,21262393,SPE,0.99179847620315986
1487,10.107654428427471,0.50675036105337623,0.49324963894662377,0.26194358257573475,21262394,SPE,0.48530779534875307
1488,4.542634006398333,0.16104935000285331,0.83895064999714664,0.062191044197010846,21262395,SPE,0.076828815583841775
1489,12.843995819531756,0.40163219849498122,0.59836780150501878,0.18822837216186789,21262396,SPE,0.99681246931007006
1490,9.421434558514072,0.65706101340543965,0.34293898659456035,0.39827210834687188,21262397,SPE,0.064312026542507256
1491,4.0642871287314293,0.62671036871623043,0.37328963128376957,0.36707997912812201,21262398,SPE,0.925284666587468
1492,7.3110300997086242,0.60412427967010318,0.39587572032989682,0.34519803203161659,21262399,SPE,0.32311997350759242
1493,13.355645264838019,0.011649898067114466,0.98835010193288553,0.0040554345022483776,21262400,SPE,0.81265241295223434
1494,8.4317480348119034,0.3945367788523777,0.6054632211476223,0.18374533271542695,21262401,SPE,0.64413115683932476
1495,13.071906387884809,0.50047364353467882,0.49952635646532118,0.2571184701945094,21262402,SPE,0.21278368923324387
1496,5.4990475453740633,0.53286010115909987,0.46713989884090013,0.28266833192871221,21262403,SPE,0.15529167001126687
1497,12.142605834416619,0.14912995811236707,0.85087004188763293,0.057090343719355389,21262404,SPE,0.20600550488704039
1498,10.618936727296651,0.06375367795920181,0.93624632204079816,0.022983074173872756,21262405,SPE,0.67886679056930388
1499,5.3035652050415019,0.10723962709431849,0.89276037290568155,0.039843134132177882,21262406,SPE,0.85120759953995673
