run_id,topology_tier,topology_name,topology_idx,voxel_seed,voxel_nx,voxel_ny,voxel_nz,regolith_volume_fraction_target,hdpe_volume_fraction_target,thickness_cm,w_regolith,w_hdpe,density_g_cm3,areal_density_g_cm2,H_mass_fraction,C_mass_fraction,O_mass_fraction,Si_mass_fraction,Al_mass_fraction,Ca_mass_fraction,Fe_mass_fraction,Mg_mass_fraction,Na_mass_fraction,K_mass_fraction,Mn_mass_fraction,P_mass_fraction,Ti_mass_fraction,mean_excitation_ev
0,3,tier3_voxel_grid,3,20260907,64,64,64,0.2906213805,0.7093786195,2.89677641,0.5425285234,0.4574714766,1.473118485,4.267294877,0.06574909081,0.3917223858,0.2490015795,0.1261567901,0.07645221751,0.05309179564,0.01366700089,0.009476390782,0.010394271,0.001550833086,0.0002553175868,0.0004076539778,0.002074673292,85.96543539
1,3,tier3_voxel_grid,3,20260908,64,64,64,0.4459259161,0.5540740839,7.590653086,0.6996745616,0.3003254384,1.752666649,13.30388451,0.04316361901,0.2571618194,0.321126104,0.1626987209,0.09859697594,0.06847009371,0.01762571449,0.01222127368,0.0134050224,0.002000039468,0.0003292715735,0.0005257329447,0.00267561255,99.16139272
2,3,tier3_voxel_grid,3,20260909,64,64,64,0.2251658772,0.7748341228,3.491121011,0.4568780429,0.5431219571,1.355298579,4.731511346,0.07805901943,0.4650629377,0.2096910106,0.1062400682,0.0643824942,0.04471004683,0.01150935361,0.007980326725,0.008753298655,0.001305998772,0.0002150098923,0.0003432965153,0.001747138874,79.73860261
3,3,tier3_voxel_grid,3,20260910,64,64,64,0.000680213059,0.9993197869,14.94622936,0.001966503324,0.9980334967,0.9512243835,14.21721781,0.1434401889,0.8545933078,0.0009025561105,0.0004572805601,0.0002771163789,0.0001924418498,4.953878279e-05,3.434907691e-05,3.767611766e-05,5.621305216e-06,9.254497441e-07,1.477623513e-06,7.520068992e-06,55.02384439
4,3,tier3_voxel_grid,3,20260911,64,64,64,0.2886833324,0.7113166676,3.668137606,0.5401898199,0.4598101801,1.469629998,5.390805064,0.06608521588,0.3937249642,0.2479281966,0.12561296,0.0761226513,0.05286293031,0.0136080859,0.009435540454,0.01034946393,0.001544147836,0.0002542169771,0.0004058966844,0.002065729899,85.78704374
5,3,tier3_voxel_grid,3,20260912,64,64,64,0.1058896298,0.8941103702,2.881872552,0.255300843,0.744699157,1.140601334,3.287067676,0.1070302631,0.6376688939,0.11717414,0.05936634383,0.03597657033,0.02498371901,0.006431361113,0.004459361031,0.004891293334,0.0007297846603,0.0001201463008,0.0001918321336,0.0009762912319,67.26919573
6,3,tier3_voxel_grid,3,20260913,64,64,64,0.1391806034,0.8608193966,14.88199059,0.3188160446,0.6811839554,1.200525086,17.86620304,0.0979016792,0.5832822762,0.1463253917,0.07413584185,0.04492702694,0.03119931129,0.008031391856,0.005568786333,0.00610817722,0.0009113446554,0.0001500369835,0.0002395572272,0.00121917854,70.89993863
7,3,tier3_voxel_grid,3,20260914,64,64,64,0.3864075701,0.6135924299,5.849194801,0.6457606219,0.3542393781,1.645533626,9.625046731,0.05091228247,0.3033270956,0.2963814951,0.1501618509,0.0909995132,0.06319408011,0.01626755205,0.01127955442,0.01237208851,0.001845924951,0.0003038993095,0.0004852222046,0.002469441251,94.35170024
8,3,tier3_voxel_grid,3,20260915,64,64,64,0.3918392489,0.6081607511,10.46815721,0.6509702186,0.3490297814,1.655310648,17.32805209,0.05016354454,0.2988662368,0.2987725174,0.1513732637,0.09173364091,0.0637038908,0.01639878858,0.01137055088,0.01247189885,0.00186081673,0.0003063509808,0.0004891366768,0.002489363173,94.80289648
9,3,tier3_voxel_grid,3,20260916,64,64,64,0.1860771689,0.8139228311,5.929608776,0.3982385566,0.6017614434,1.284938904,7.619185002,0.08648685178,0.5152745916,0.1827775414,0.09260434396,0.05611911529,0.03897159163,0.01003214849,0.006956065947,0.007629828301,0.001138376146,0.000187413754,0.0002992350166,0.001522896699,75.81565998
10,3,tier3_voxel_grid,3,20260917,64,64,64,0.2373765145,0.7626234855,5.342257848,0.4739678879,0.5260321121,1.377277726,7.357772741,0.07560281871,0.4504292934,0.2175346505,0.1102140528,0.06679076674,0.04638245762,0.01193986909,0.008278836467,0.009080721956,0.001354850575,0.0002230524887,0.0003561377633,0.001812491834,80.93227077
11,3,tier3_voxel_grid,3,20260918,64,64,64,0.07495090718,0.9250490928,11.96694015,0.1899832101,0.8100167899,1.084911633,12.98307258,0.1164178975,0.6935988923,0.08719563557,0.04417771772,0.02677211811,0.01859174095,0.004785924776,0.003318452512,0.003639876776,0.0005430723645,8.940738164e-05,0.0001427526996,0.0007265112802,63.78908484
12,3,tier3_voxel_grid,3,20260919,64,64,64,0.05972357206,0.9402764279,11.58606842,0.1553091686,0.8446908314,1.05750243,12.25229551,0.1214013485,0.7232894828,0.07128146564,0.03611479459,0.02188590982,0.01519854217,0.003912440459,0.002712798148,0.002975558921,0.0004439556388,7.308954354e-05,0.0001166987497,0.0005939149192,62.03887773
13,3,tier3_voxel_grid,3,20260920,64,64,64,0.1737840635,0.8262159365,1.695643937,0.3784462249,0.6215537751,1.262811314,2.141278349,0.08933146151,0.5322223136,0.1736935547,0.08800193703,0.05333001281,0.03703471572,0.009533553848,0.006610351645,0.007250628221,0.001081799208,0.0001780993491,0.0002843631299,0.001447209209,74.5493799
14,3,tier3_voxel_grid,3,20260921,64,64,64,0.2171454592,0.7828545408,13.5798933,0.4453479105,0.5546520895,1.340861826,18.20876053,0.07971616258,0.4749359269,0.2043990839,0.1035589106,0.06275768711,0.04358170904,0.01121889454,0.007778928945,0.008532393548,0.001273039563,0.0002095837341,0.0003346328154,0.001703046708,78.94638477
15,3,tier3_voxel_grid,3,20260922,64,64,64,0.1827494998,0.8172505002,2.523715553,0.3929484955,0.6070515045,1.2789491,3.227703735,0.08724715429,0.5198043503,0.1803495887,0.09137422037,0.05537364867,0.03845390669,0.009898884952,0.00686366401,0.007528476341,0.001123254357,0.0001849242155,0.0002952600837,0.001502667074,75.47443687
16,3,tier3_voxel_grid,3,20260923,64,64,64,0.4137341888,0.5862658112,13.8582923,0.6713604521,0.3286395479,1.69472154,23.48594646,0.04723300267,0.2814065452,0.30813092,0.1561147036,0.09460699871,0.06569927734,0.01691244515,0.01172670878,0.0128625541,0.001919102788,0.0003159467624,0.0005044578248,0.002567337088,96.59636736
17,3,tier3_voxel_grid,3,20260924,64,64,64,0.09397268645,0.9060273135,9.404950812,0.23091158,0.76908842,1.119150836,10.52555856,0.1105355568,0.6585528632,0.105980323,0.05369499017,0.03253967595,0.02259698779,0.005816963778,0.004033351749,0.004424020927,0.0006600672642,0.0001086685489,0.0001735061293,0.0008830247025,65.94081219
18,3,tier3_voxel_grid,3,20260925,64,64,64,0.1962948915,0.8037051085,4.088120733,0.4141780044,0.5858219956,1.303330805,5.328173685,0.08419598939,0.5016260062,0.1900931893,0.09631082109,0.05836527576,0.04053142465,0.01043368396,0.007234481605,0.007935211212,0.001183939507,0.0001949149658,0.0003112118602,0.001583850446,76.85623395
19,3,tier3_voxel_grid,3,20260926,64,64,64,0.003951688922,0.9960483111,5.263215513,0.0113540868,0.9886459132,0.9571130401,5.0374922,0.1420909789,0.8465549343,0.005211127943,0.002640220898,0.001599999035,0.001111109979,0.0002860242507,0.0001983227773,0.0002175322589,3.245597736e-05,5.343309923e-06,8.531419915e-06,4.341895335e-05,55.42182619
20,3,tier3_voxel_grid,3,20260927,64,64,64,0.0528847475,0.9471152525,9.367919915,0.1391447502,0.8608552498,1.045192546,9.791280062,0.1237245444,0.7371307055,0.06386256406,0.03235600394,0.01960804685,0.01361669354,0.003505237683,0.002430452909,0.002665865811,0.0003977491929,6.548245907e-05,0.0001045528639,0.0005321008657,61.24485964
21,3,tier3_voxel_grid,3,20260928,64,64,64,0.008299967362,0.9917000326,4.549464192,0.0236542289,0.9763457711,0.9649399413,4.389959711,0.1403231678,0.8360226033,0.01085646211,0.005500432625,0.003333314609,0.002314800849,0.0005958808679,0.000413170381,0.0004531899338,6.761628046e-05,1.113183986e-05,1.777370237e-05,9.045569925e-05,55.94915468
22,3,tier3_voxel_grid,3,20260929,64,64,64,0.3718530987,0.6281469013,11.82823224,0.63149111,0.36850889,1.619335578,19.15387729,0.05296313697,0.3155457531,0.2898322891,0.146843692,0.0889886773,0.06179766687,0.01590808444,0.01103030767,0.01209869979,0.001805135149,0.0002971839808,0.0004745001448,0.002414873474,93.13019952
23,3,tier3_voxel_grid,3,20260930,64,64,64,0.1062706158,0.8937293842,11.52438354,0.2560654469,0.7439345531,1.141287108,13.15263036,0.1069203721,0.637014181,0.1175250664,0.05954414088,0.03608431704,0.02505854308,0.006450622482,0.00447271643,0.004905942333,0.0007319703021,0.0001205061285,0.0001924066542,0.0009792151395,67.31141436
24,3,tier3_voxel_grid,3,20260931,64,64,64,0.1453340485,0.8546659515,11.41896338,0.3298681155,0.6701318845,1.211601287,13.83523073,0.0963132444,0.5738186401,0.1513979049,0.07670583353,0.0464844664,0.03228086602,0.008309807933,0.005761833773,0.006319923175,0.0009429373119,0.0001552381627,0.0002478617135,0.00126144256,71.55814168
25,3,tier3_voxel_grid,3,20260932,64,64,64,0.1579243956,0.8420756044,10.17280086,0.3518632309,0.6481367691,1.234263912,12.55592098,0.09315204437,0.5549847247,0.1614928921,0.08182046445,0.0495839815,0.03443330617,0.008863893569,0.006146024282,0.006741326255,0.00100581097,0.0001655892126,0.000264388764,0.001345553674,72.89239442
26,3,tier3_voxel_grid,3,20260933,64,64,64,0.3517673757,0.6482326243,5.855322039,0.6110230696,0.3889769304,1.583181276,9.270036219,0.05590486146,0.3330720689,0.2804381759,0.1420841593,0.08610435508,0.05979466616,0.01539246781,0.01067279071,0.01170655385,0.001746626678,0.0002875515828,0.000459120533,0.00233660202,91.41412915
27,3,tier3_voxel_grid,3,20260934,64,64,64,0.03639952728,0.9636004727,7.228085123,0.09856899312,0.9014310069,1.015519149,7.340258854,0.1295562066,0.7718748003,0.04523971353,0.02292072626,0.01389017863,0.009645953371,0.002483081457,0.00172171279,0.001888477348,0.0002817622469,4.638723379e-05,7.406438629e-05,0.0003769358635,59.31069159
28,3,tier3_voxel_grid,3,20260935,64,64,64,0.2017694997,0.7982305003,10.43171679,0.4225345874,0.5774654126,1.3131851,13.69877505,0.0829949577,0.4944704549,0.1939285681,0.0982540179,0.05954287156,0.04134919916,0.01064419719,0.007380446736,0.008095314479,0.001207827036,0.0001988476302,0.0003174909666,0.001615806701,77.40934041
29,3,tier3_voxel_grid,3,20260936,64,64,64,0.01524081289,0.9847591871,2.790695228,0.04287988597,0.957120114,0.9774334632,2.727718901,0.1375600021,0.8195601119,0.01968036495,0.009971067952,0.006042562238,0.004196222032,0.001080200237,0.0007489865299,0.0008215331289,0.0001225733634,2.01795639e-05,3.221979182e-05,0.0001639761789,56.78696186
30,3,tier3_voxel_grid,3,20260937,64,64,64,0.4427680429,0.5572319571,2.113761572,0.6969801551,0.3030198449,1.746982477,3.692704428,0.04355086671,0.2594689782,0.3198894658,0.1620721775,0.09821728466,0.06820641932,0.01755783887,0.01217421026,0.01335340043,0.001992337431,0.0003280035677,0.0005237083773,0.00266530892,98.91348312
31,3,tier3_voxel_grid,3,20260938,64,64,64,0.0213412413,0.9786587587,11.68139113,0.05937633387,0.9406236661,0.9884142343,11.54605327,0.1351890861,0.80543458,0.02725165643,0.01380706703,0.00836721425,0.005810563035,0.001495767269,0.001037131356,0.001137587572,0.000169728925,2.794290368e-05,4.461516333e-05,0.0002270599402,57.51930067
32,3,tier3_voxel_grid,3,20260939,64,64,64,0.3800069284,0.6199930716,9.422075962,0.6395416629,0.3604583371,1.634012471,15.39578963,0.05180608879,0.3086522483,0.2935272108,0.1487157262,0.09012314784,0.06258549331,0.01611088837,0.01117092735,0.01225293985,0.001828147881,0.0003009726254,0.0004805493013,0.002445659445,93.81677134
33,3,tier3_voxel_grid,3,20260940,64,64,64,0.4153100495,0.5846899505,4.644114066,0.67279149,0.32720851,1.697558089,7.8836534,0.04702732988,0.2801811802,0.3087877162,0.1564474698,0.09480865818,0.06583931858,0.01694849486,0.01175170484,0.01288997126,0.00192319345,0.0003166202185,0.0005055331015,0.002572809493,96.72390457
34,3,tier3_voxel_grid,3,20260941,64,64,64,0.06067556483,0.9393244352,13.5530457,0.1575295319,0.8424704681,1.059216017,14.35560308,0.1210822317,0.7213882364,0.07230053458,0.03663110644,0.02219879973,0.01541582673,0.003968374305,0.002751581418,0.003018098727,0.0004503026099,7.413446149e-05,0.0001183671227,0.0006024057694,62.14901739
35,3,tier3_voxel_grid,3,20260942,64,64,64,0.09036502286,0.9096349771,8.492663876,0.2233426866,0.7766573134,1.112657041,9.44942226,0.1116233795,0.6650339339,0.1025064662,0.05193495866,0.03147308007,0.02185629652,0.005626293485,0.003901145259,0.004279008958,0.000638431369,0.0001051065765,0.00016781889,0.0008540806372,65.53567836
36,3,tier3_voxel_grid,3,20260943,64,64,64,0.03066425312,0.9693357469,5.509368238,0.08389082824,0.9161091718,1.005195656,5.537993018,0.1316657938,0.7844433779,0.03850295024,0.01950754136,0.01182175604,0.008209549391,0.002113319346,0.001465328065,0.001607259279,0.0002398042986,3.947959028e-05,6.303526608e-05,0.0003208053647,58.63115561
37,3,tier3_voxel_grid,3,20260944,64,64,64,0.360989259,0.639010741,12.84345584,0.6205353542,0.3794646458,1.599780666,20.54671234,0.05453772909,0.3249269167,0.2848039812,0.144296097,0.08744481041,0.06072553753,0.01563209467,0.01083894258,0.01188879913,0.001773817812,0.0002920281281,0.0004662680294,0.002372977771,92.20643499
38,3,tier3_voxel_grid,3,20260945,64,64,64,0.01892670855,0.9810732914,8.183926458,0.05289110563,0.9471088944,0.9840680754,8.053540759,0.1361211614,0.810987733,0.02427516394,0.01229902544,0.007453326668,0.005175919145,0.001332395914,0.0009238533353,0.001013337478,0.0001511907172,2.489091148e-05,3.97421862e-05,0.0002022598988,57.22989539
39,3,tier3_voxel_grid,3,20260946,64,64,64,0.2538421701,0.7461578299,8.4054677,0.4961675142,0.5038324858,1.406915906,11.82578621,0.07241222581,0.43142026,0.227723501,0.1153762396,0.06991910117,0.04855491118,0.01249910662,0.008666599183,0.009506043246,0.001418308833,0.0002334997828,0.0003728184825,0.001897385014,82.51835713
40,3,tier3_voxel_grid,3,20260947,64,64,64,0.05689825523,0.9431017448,2.832466407,0.1486770195,0.8513229805,1.052416859,2.9809354,0.1223545397,0.7289684408,0.06823754161,0.03457258877,0.02095131839,0.01454952061,0.003745367975,0.002596953849,0.002848493979,0.0004249974535,6.996840937e-05,0.0001117153767,0.0005685530403,61.71144312
41,3,tier3_voxel_grid,3,20260948,64,64,64,0.3208783428,0.6791216572,2.495069143,0.5776554126,0.4223445874,1.527581017,3.811420259,0.06070055522,0.3616440321,0.2651235907,0.1343250161,0.08140224034,0.05652931006,0.01455189303,0.01008995507,0.01106726494,0.001651244289,0.0002718485381,0.0004340481958,0.00220900138,88.70465353
42,3,tier3_voxel_grid,3,20260949,64,64,64,0.2537339369,0.7462660631,10.98645469,0.4960246443,0.5039753557,1.406721087,15.45487747,0.07243275947,0.4315425962,0.2276579288,0.1153430174,0.06989896819,0.04854092995,0.01249550754,0.008664103664,0.009503306012,0.001417900436,0.0002334325472,0.0003727111306,0.001896838668,82.5080189
43,3,tier3_voxel_grid,3,20260950,64,64,64,0.0138200044,0.9861799956,9.057257979,0.03898445729,0.9610155427,0.9748760079,8.829703502,0.1381198641,0.8228956786,0.0178924997,0.00906524502,0.005493624906,0.00381501571,0.0009820693096,0.0006809447537,0.0007469008478,0.0001114381707,1.834634886e-05,2.929278075e-05,0.0001490797421,56.61585594
44,3,tier3_voxel_grid,3,20260951,64,64,64,0.26688511,0.73311489,10.97582813,0.5130995124,0.4869004876,1.430393198,15.6997499,0.06997871127,0.4169217763,0.2354946948,0.1193135194,0.07230513022,0.0502118751,0.01292564573,0.008962351803,0.009830442372,0.001466709428,0.0002414680955,0.000385541125,0.001962134356,83.75578843
45,3,tier3_voxel_grid,3,20260952,64,64,64,0.2686450205,0.7313549795,3.43457842,0.5153417172,0.4846582828,1.433561037,4.923677802,0.06965645528,0.4150018276,0.2365237882,0.1198349101,0.07262109798,0.05043129707,0.01298212979,0.00900151658,0.009873400636,0.001473118833,0.0002425232922,0.0003872259095,0.001970708729,83.92148655
46,3,tier3_voxel_grid,3,20260953,64,64,64,0.1286503515,0.8713496485,4.467835875,0.2994221901,0.7005778099,1.181570633,5.279063661,0.1006890187,0.5998887912,0.1374242921,0.06962609476,0.04219407721,0.02930143032,0.007542835374,0.005230032265,0.005736611541,0.0008559067754,0.0001409101046,0.0002249847548,0.001145014859,69.76425305
47,3,tier3_voxel_grid,3,20260954,64,64,64,0.1707813345,0.8292186655,10.35851922,0.3735058681,0.6264941319,1.257406402,13.02486838,0.09004150352,0.5364526284,0.1714261041,0.08685313189,0.05263382595,0.03655125282,0.009409099819,0.006524058023,0.007155976225,0.001067677059,0.0001757743838,0.0002806509636,0.001428316882,74.23768315
48,3,tier3_voxel_grid,3,20260955,64,64,64,0.2179799256,0.7820200744,2.975289749,0.4465590967,0.5534409033,1.342363866,3.99392145,0.07954208748,0.4738988158,0.2049549759,0.1038405536,0.06292836546,0.04370023562,0.0112494059,0.007800084835,0.008555598592,0.001276501773,0.0002101537265,0.0003355428963,0.001707678383,79.0291128
49,3,tier3_voxel_grid,3,20260956,64,64,64,0.2180204047,0.7819795953,12.04956528,0.4466177811,0.5533822189,1.342436728,16.17577899,0.07953365319,0.4738485657,0.20498191,0.1038541998,0.06293663517,0.04370597847,0.01125088423,0.00780110988,0.008556722922,0.001276669524,0.0002101813438,0.0003355869916,0.001707902796,79.03312405
50,3,tier3_voxel_grid,3,20260957,64,64,64,0.3557997007,0.6442002993,4.995519914,0.6152068033,0.3847931967,1.590439461,7.945072,0.05530356345,0.3294896332,0.2823583631,0.1430570232,0.08669391989,0.060204086,0.01549786152,0.01074586833,0.01178670975,0.001758585999,0.0002895204761,0.0004622641754,0.002352600958,91.76149703
51,3,tier3_voxel_grid,3,20260958,64,64,64,0.08303137291,0.9169686271,4.245518547,0.207681051,0.792318949,1.099456471,4.66776284,0.1138743139,0.6784446351,0.09531832432,0.04829308253,0.02926606842,0.02032365017,0.005231756463,0.003627582169,0.003978948634,0.0005936621419,9.773610507e-05,0.0001560507935,0.0007941892662,64.70784716
52,3,tier3_voxel_grid,3,20260959,64,64,64,0.337647244,0.662352756,14.78739832,0.5960654512,0.4039345488,1.557765039,23.03529213,0.05805461255,0.3458799362,0.2735731533,0.1386059917,0.08399655237,0.05833091489,0.01501566591,0.01041152475,0.01141998175,0.001703869904,0.0002805124266,0.0004478814324,0.002279402868,90.18628193
53,3,tier3_voxel_grid,3,20260960,64,64,64,0.2237587449,0.7762412551,9.311805959,0.4548729539,0.5451270461,1.352765741,12.59669209,0.07834719647,0.4667798496,0.208770745,0.1057738152,0.0640999404,0.04451382899,0.0114588428,0.00794530367,0.008714883277,0.001300267168,0.0002140662839,0.0003417898987,0.00173947125,79.60008322
54,3,tier3_voxel_grid,3,20260961,64,64,64,0.4063372615,0.5936627385,11.81643368,0.6645787855,0.3354212145,1.681407071,19.86823515,0.04820768292,0.2872135315,0.3050183727,0.1545377298,0.09365133753,0.06503562402,0.01674160613,0.01160825285,0.01273262456,0.001899717203,0.0003127552643,0.000499362105,0.002541403442,95.99496324
55,3,tier3_voxel_grid,3,20260962,64,64,64,0.2648068524,0.7351931476,2.162412755,0.5104388971,0.4895611029,1.426652334,3.085011204,0.07036110241,0.4192000005,0.2342735656,0.1186948336,0.07193020072,0.04995150751,0.01285862136,0.008915878614,0.009779467805,0.001459103984,0.0002402159919,0.0003835419482,0.001951959946,83.55972961
56,3,tier3_voxel_grid,3,20260963,64,64,64,0.2794792781,0.7205207219,13.2611444,0.5289296975,0.4710703025,1.453062701,19.2692743,0.06770355242,0.40336675,0.242760195,0.1229945891,0.07453589358,0.05176101568,0.01332442873,0.009238858961,0.01013373193,0.001511960459,0.0002489178875,0.000397435869,0.002022670274,84.93494357
57,3,tier3_voxel_grid,3,20260964,64,64,64,0.06564325108,0.9343567489,3.173016787,0.1690002467,0.8309997533,1.068157852,3.389282796,0.1194336282,0.7115661251,0.07756519068,0.0392984474,0.02381523378,0.01653834992,0.004257336567,0.002951941346,0.003237865454,0.0004830919716,7.953265733e-05,0.0001269861764,0.0006462707176,62.72219419
58,3,tier3_voxel_grid,3,20260965,64,64,64,0.1073354387,0.8926645613,5.192920484,0.258197584,0.741802416,1.14320379,5.936566377,0.1066139353,0.6351884807,0.1185036426,0.06003993706,0.03638477425,0.02526719383,0.006504333794,0.004509958646,0.004946791817,0.000738065076,0.0001215095266,0.0001940087343,0.0009873686054,67.42932969
59,3,tier3_voxel_grid,3,20260966,64,64,64,0.3626629139,0.6373370861,1.509300465,0.6222405892,0.3777594108,1.602793245,2.41909659,0.0542926479,0.3234667629,0.2855866243,0.1446926235,0.0876851093,0.06089241169,0.01567505176,0.01086872806,0.01192146963,0.001778692274,0.0002928306232,0.0004675493368,0.002379498729,92.34942246
60,3,tier3_voxel_grid,3,20260967,64,64,64,0.2420485502,0.7579514498,14.18254842,0.4803634049,0.5196365951,1.38568739,19.65257851,0.07468363696,0.4449529581,0.2204699687,0.1117012334,0.06769201237,0.04700832238,0.0121009805,0.008390547494,0.009203253278,0.001373132341,0.0002260622622,0.0003609433317,0.001836948812,81.38504728
61,3,tier3_voxel_grid,3,20260968,64,64,64,0.08575406436,0.9142459356,3.59387852,0.2135392899,0.7864607101,1.104357316,3.968926035,0.1130323513,0.6734283588,0.09800705066,0.04965532724,0.0300916017,0.02089693694,0.005379333138,0.003729908514,0.004091186276,0.0006104080829,0.0001004930318,0.000160452653,0.000816591649,65.01585658
62,3,tier3_voxel_grid,3,20260969,64,64,64,0.1677265779,0.8322734221,11.3036116,0.3684361376,0.6315638624,1.25190784,14.15107999,0.09077013949,0.5407937229,0.1690992755,0.08567424286,0.05191940795,0.03605512942,0.009281386697,0.006435504619,0.007058845567,0.001053185091,0.0001733885344,0.0002768415863,0.00140892982,73.91961809
63,3,tier3_voxel_grid,3,20260970,64,64,64,0.03194675601,0.968053244,7.576921295,0.08719922205,0.912800778,1.007504161,7.633779731,0.1311903022,0.7816104758,0.04002138706,0.02027685822,0.01228796939,0.00853330853,0.002196662099,0.001523116055,0.001670644595,0.0002492614356,4.103654275e-05,6.552118127e-05,0.0003334569323,58.78340643
64,3,tier3_voxel_grid,3,20260971,64,64,64,0.02987955969,0.9701204403,5.143034906,0.0818590992,0.9181409008,1.003783207,5.162492074,0.1319577997,0.7861831011,0.03757045781,0.01903509355,0.01153544816,0.008010724558,0.002062137442,0.001429839685,0.001568333506,0.0002339965438,3.852344487e-05,6.15086322e-05,0.0003130358673,58.53791797
65,3,tier3_voxel_grid,3,20260972,64,64,64,0.3030224017,0.6969775983,3.873074466,0.5572349439,0.4427650561,1.495440323,5.79195173,0.06363544258,0.3791296135,0.2557513112,0.1295765454,0.07852462184,0.05453096471,0.0140374748,0.009733269052,0.01067603042,0.001592871804,0.0002622385276,0.0004187043292,0.002130911843,87.09849331
66,3,tier3_voxel_grid,3,20260973,64,64,64,0.1299081977,0.8700918023,11.8959101,0.3017714608,0.6982285392,1.183834756,14.08279182,0.1003513749,0.5978771644,0.138502525,0.07017238207,0.04252513253,0.02953132975,0.007602016566,0.005271067171,0.005781621075,0.0008626222318,0.0001420156873,0.0002267499883,0.001153998662,69.90053103
67,3,tier3_voxel_grid,3,20260974,64,64,64,0.4269205602,0.5730794398,4.783818122,0.6831893582,0.3168106418,1.718457008,8.220785779,0.04553291893,0.2712777229,0.3135599733,0.1588653365,0.09627390849,0.06685685309,0.01721043072,0.01193332527,0.01308918339,0.001952916049,0.0003215135255,0.0005133460222,0.002612571789,97.65725467
68,3,tier3_voxel_grid,3,20260975,64,64,64,0.2894433329,0.7105566671,2.437720114,0.5411082584,0.4588917416,1.470997999,3.58588141,0.0659532153,0.3929385263,0.2483497277,0.125826529,0.07625207613,0.05295280862,0.01363122256,0.009451582896,0.01036706023,0.001546773218,0.0002546492005,0.0004065867958,0.002069242083,85.85704214
69,3,tier3_voxel_grid,3,20260976,64,64,64,0.01920001586,0.9807999841,8.506027805,0.05362805933,0.9463719407,0.9845600286,8.374694978,0.1360152443,0.8103566963,0.02461339986,0.01247039286,0.007557176959,0.005248037373,0.001350960738,0.0009367257669,0.001027456729,0.0001532973201,2.523772687e-05,4.029593056e-05,0.0002050780698,57.26268373
70,3,tier3_voxel_grid,3,20260977,64,64,64,0.1515930234,0.8484069766,5.923457856,0.3409043367,0.6590956633,1.222867442,7.243603756,0.09472708756,0.5643685757,0.1564631437,0.07927213961,0.04803967235,0.0333608697,0.008587824735,0.005954604366,0.006531365467,0.0009744846615,0.000160431883,0.0002561542903,0.001303645969,72.22352307
71,3,tier3_voxel_grid,3,20260978,64,64,64,0.1214504807,0.8785495193,12.61124695,0.2857998602,0.7142001398,1.168610865,14.73764021,0.1026468583,0.6115532814,0.1311721201,0.0664584283,0.04027444114,0.02796835027,0.007199671124,0.004992089898,0.005475622151,0.0008169669613,0.0001344993442,0.0002147489853,0.00109292196,68.98096302
72,3,tier3_voxel_grid,3,20260979,64,64,64,0.09687736667,0.9031226333,5.727580766,0.236942078,0.763057922,1.12437926,6.439973023,0.1096688366,0.6533890854,0.1087481103,0.05509729113,0.0333894837,0.02318713181,0.005968879886,0.004138686958,0.004539558871,0.0006773056128,0.000111506542,0.0001780374237,0.0009060858183,66.26599365
73,3,tier3_voxel_grid,3,20260980,64,64,64,0.06796263743,0.9320373626,2.947572023,0.1742903529,0.8257096471,1.072332747,3.160778005,0.1186733192,0.7070363279,0.07999316404,0.04052858147,0.02456070675,0.01705603926,0.00439060124,0.003044344071,0.003339218277,0.0004982138895,8.202221704e-05,0.0001309611432,0.0006665005149,62.98891324
74,3,tier3_voxel_grid,3,20260981,64,64,64,0.01834615904,0.981653841,11.71057016,0.0513232477,0.9486767523,0.9830230863,11.51176082,0.1363464984,0.8123302539,0.02355557209,0.01193444382,0.007232386735,0.0050224887,0.001292899528,0.0008964674306,0.0009832989831,0.0001467089511,2.415306695e-05,3.85641034e-05,0.0001962642823,57.16022236
75,3,tier3_voxel_grid,3,20260982,64,64,64,0.07139707026,0.9286029297,1.496287942,0.1820484583,0.8179515417,1.078514726,1.613768581,0.1175583024,0.7003932393,0.08355386255,0.04233261137,0.02565396607,0.01781524681,0.004586038031,0.003179855543,0.003487855348,0.0005203906526,8.567323384e-05,0.0001367905557,0.0006961681424,63.38281055
76,3,tier3_voxel_grid,3,20260983,64,64,64,0.1564183288,0.8435816712,13.75735768,0.3492747831,0.6507252169,1.231552992,16.942915,0.09352406339,0.5572011535,0.1603048853,0.08121856012,0.04921922174,0.03418000088,0.008798687194,0.006100811649,0.006691734341,0.0009984118187,0.0001643710716,0.0002624438136,0.001335655238,72.73367042
77,3,tier3_voxel_grid,3,20260984,64,64,64,0.2190808931,0.7809191069,10.38831996,0.4481529546,0.5518470454,1.344345608,13.96549231,0.07931301372,0.4725340317,0.2056865008,0.1042111811,0.06315296927,0.04385621042,0.01128955726,0.007827924883,0.008586135219,0.001281057861,0.0002109038068,0.0003367405154,0.001713773425,79.13815341
78,3,tier3_voxel_grid,3,20260985,64,64,64,0.163506632,0.836493368,5.038708485,0.3613589361,0.6386410639,1.244311938,6.269725117,0.09178729485,0.546853769,0.165851088,0.08402854685,0.05092210048,0.03536255507,0.009103102764,0.006311886553,0.006923253893,0.001032954711,0.0001700579556,0.0002715238026,0.001381866024,73.47862384
79,3,tier3_voxel_grid,3,20260986,64,64,64,0.1544692442,0.8455307558,12.27721472,0.3459079645,0.6540920355,1.22804464,15.07696772,0.09400795206,0.5600840834,0.1587596335,0.08043565745,0.04874477525,0.03385052429,0.008713872643,0.006042003148,0.006627229667,0.0009887876726,0.000162786624,0.0002599139982,0.001322780249,72.52790223
80,3,tier3_voxel_grid,3,20260987,64,64,64,0.3243315856,0.6756684144,8.465661085,0.5815058611,0.4184941389,1.533796854,12.98460434,0.06014715791,0.358346981,0.2668908116,0.1352203796,0.08194483914,0.05690611463,0.01464889085,0.01015721118,0.01114103545,0.001662250905,0.0002736605851,0.0004369414089,0.002223725809,89.0118699
81,3,tier3_voxel_grid,3,20260988,64,64,64,0.3427396831,0.6572603169,7.493851336,0.6015158741,0.3984841259,1.56693143,11.74235119,0.0572712624,0.3412128635,0.2760747064,0.139873405,0.08476461691,0.05886429282,0.01515296916,0.01050672774,0.01152440607,0.001719450092,0.0002830774324,0.0004519768606,0.002300245729,90.63117111
82,3,tier3_voxel_grid,3,20260989,64,64,64,0.2694995871,0.7305004129,10.53348804,0.5164269029,0.4835730971,1.435099257,15.11660086,0.06950048932,0.4140726077,0.2370218505,0.1200872536,0.07277402055,0.05053749326,0.01300946704,0.00902047161,0.009894191644,0.001476220868,0.0002430339879,0.0003880413142,0.001974858568,84.00183676
83,3,tier3_voxel_grid,3,20260990,64,64,64,0.1767119037,0.8232880963,5.444255296,0.383222816,0.616777184,1.268081427,6.903759023,0.08864495637,0.5281322277,0.1758858426,0.08911266093,0.05400312208,0.03750215252,0.009653882405,0.006693784758,0.007342142639,0.001095453228,0.0001803472451,0.0002879522432,0.001465475283,74.85239632
84,3,tier3_voxel_grid,3,20260991,64,64,64,0.3293886697,0.6706113303,13.42904004,0.5870886469,0.4129113531,1.542899606,20.71966058,0.05934478418,0.3535665689,0.2694531147,0.1365185718,0.08273155604,0.05745244558,0.0147895285,0.01025472616,0.0112479957,0.001678209456,0.0002762878818,0.000441136294,0.002245074837,89.4597976
85,3,tier3_voxel_grid,3,20260992,64,64,64,0.3975267638,0.6024732362,9.9946181,0.65635964,0.34364036,1.665548175,16.64651793,0.0493889617,0.2942513983,0.3012460729,0.152626492,0.09249310921,0.06423129913,0.01653455514,0.01146468835,0.01257515445,0.001876222543,0.0003088872789,0.0004931862686,0.00250997276,95.27265454
86,3,tier3_voxel_grid,3,20260993,64,64,64,0.1260286032,0.8739713968,4.273610992,0.294496513,0.705503487,1.176851486,5.029405446,0.1013969509,0.6041065361,0.135163579,0.06848070317,0.04149995898,0.02881940398,0.007418751146,0.005143995054,0.005642240793,0.0008418265885,0.0001385920477,0.0002212836188,0.001126178669,69.47966587
87,3,tier3_voxel_grid,3,20260994,64,64,64,0.07428896631,0.9257110337,2.827796994,0.188512375,0.811487625,1.083720139,3.064540552,0.1166292901,0.6948583349,0.08652057381,0.0438356973,0.02656485047,0.01844780516,0.004748872522,0.003292761313,0.003611697136,0.0005388679409,8.871519671e-05,0.0001416475194,0.0007208866869,63.71351346
88,3,tier3_voxel_grid,3,20260995,64,64,64,0.3297973098,0.6702026902,9.321272427,0.5875368914,0.4124631086,1.543635158,14.38864383,0.05928036123,0.3531827474,0.2696588432,0.1366228043,0.0827947219,0.05749631074,0.01480082036,0.01026255568,0.01125658359,0.001679490775,0.0002764988287,0.0004414731033,0.00224678896,89.4958905
89,3,tier3_voxel_grid,3,20260996,64,64,64,0.07039052505,0.9296094749,2.261011012,0.1797839829,0.8202160171,1.076702945,2.434437216,0.1178837592,0.7023322579,0.08251454771,0.04180604192,0.02533485997,0.01759364544,0.004528992944,0.003140301763,0.003444470401,0.0005139175859,8.460755644e-05,0.000135089037,0.000687508604,63.2674988
90,3,tier3_voxel_grid,3,20260997,64,64,64,0.3708758062,0.6291241938,10.99701927,0.6305163916,0.3694836084,1.617576451,17.7885194,0.05310322625,0.3163803822,0.2893849275,0.146617036,0.08885132161,0.06170228101,0.01588353001,0.01101328218,0.01208002522,0.001802348889,0.0002967252717,0.0004737677449,0.002411146072,93.04752176
91,3,tier3_voxel_grid,3,20260998,64,64,64,0.2449176509,0.7550823491,3.496490655,0.4842525664,0.5157474336,1.390851772,4.863100222,0.0741246757,0.4416227579,0.2222549576,0.112605599,0.06824006655,0.0473889154,0.01219895355,0.008458479802,0.009277765487,0.001384249619,0.0002278925279,0.0003638656337,0.001851821283,81.66202153
92,3,tier3_voxel_grid,3,20260999,64,64,64,0.0476961598,0.9523038402,14.14346122,0.1266245581,0.8733754419,1.035853088,14.65054797,0.1255239817,0.7478514603,0.05811623465,0.02944462292,0.0178437222,0.0123914686,0.003189837719,0.002211761674,0.002425992212,0.0003619598706,5.959037212e-05,9.514523671e-05,0.0004842226306,60.63916059
93,3,tier3_voxel_grid,3,20261000,64,64,64,0.1865308191,0.8134691809,13.93251253,0.3989559156,0.6010440844,1.285755474,17.91380425,0.08638375093,0.5146603335,0.183106784,0.09277115491,0.05622020432,0.03904179232,0.0100502197,0.006968596116,0.007643572137,0.001140426737,0.000187751348,0.0002997740375,0.001525639938,75.86208884
94,3,tier3_voxel_grid,3,20261001,64,64,64,0.02195316188,0.9780468381,10.31702996,0.06101085176,0.9389891482,0.9895156914,10.20886304,0.1349541686,0.8040349796,0.02800184286,0.01418714941,0.008597547793,0.005970516818,0.001536942906,0.001065681615,0.001168903201,0.0001744012405,2.871211884e-05,4.584333419e-05,0.0002333104698,57.59255089
95,3,tier3_voxel_grid,3,20261002,64,64,64,0.09983291039,0.9001670896,9.932589744,0.2430208804,0.7569791196,1.129699239,11.22083907,0.108795174,0.6481839456,0.1115380675,0.05651082454,0.03424609842,0.0237820029,0.006122012844,0.004244865904,0.004656022277,0.0006946820409,0.0001143672674,0.0001826050139,0.0009293316541,66.59594555
96,3,tier3_voxel_grid,3,20261003,64,64,64,0.1833742706,0.8166257294,2.342854259,0.3939454808,0.6060545192,1.280073687,2.99902609,0.08710386475,0.5189506545,0.18080717,0.0916060542,0.05551414218,0.03855147159,0.009924000312,0.006881078435,0.007547577521,0.001126104268,0.0001853934035,0.0002960092149,0.001506479627,75.53858924
97,3,tier3_voxel_grid,3,20261004,64,64,64,0.2681010041,0.7318989959,2.081236013,0.5146496748,0.4853503252,1.432581807,2.981540849,0.06975591756,0.4155944076,0.236206165,0.1196739861,0.07252357652,0.05036357386,0.01296469634,0.008989428618,0.009860141838,0.001471140611,0.0002421976124,0.0003867059114,0.001968062303,83.87029875
98,3,tier3_voxel_grid,3,20261005,64,64,64,0.04441582467,0.9555841753,12.36240576,0.118591871,0.881408129,1.029948484,12.73264108,0.1266784621,0.7547296668,0.05442951281,0.02757674322,0.0167117693,0.01160539052,0.002987483859,0.002071454062,0.002272094449,0.0003389982082,5.581013536e-05,8.910950462e-05,0.0004535049807,60.25476934
99,3,tier3_voxel_grid,3,20261006,64,64,64,0.09238359716,0.9076164028,4.068833276,0.2275885156,0.7724114844,1.116290475,4.54199983,0.1110131569,0.6613983274,0.1044551529,0.05292226187,0.03207139523,0.02227179298,0.005733251453,0.003975307507,0.004360354538,0.0006505681909,0.0001071046923,0.0001710091906,0.0008703170333,65.76253147
100,3,tier3_voxel_grid,3,20261007,64,64,64,0.1358124715,0.8641875285,11.57674422,0.3126798143,0.6873201857,1.194462449,13.82798625,0.09878359552,0.5885365901,0.143509077,0.07270895446,0.04406231958,0.03059882031,0.007876812215,0.005461604289,0.005990613558,0.0008938040682,0.0001471492321,0.0002349464859,0.001195713095,70.53796691
101,3,tier3_voxel_grid,3,20261008,64,64,64,0.03050006364,0.9694999364,12.94199308,0.08346618117,0.9165338188,1.004900115,13.00541033,0.1317268253,0.7848069935,0.03830805212,0.01940879611,0.01176191548,0.008167993464,0.002102621932,0.001457910719,0.001599123492,0.000238590433,3.92797485e-05,6.27161878e-05,0.0003191814797,58.61165179
102,3,tier3_voxel_grid,3,20261009,64,64,64,0.2565223523,0.7434776477,9.138536595,0.4996928272,0.5003071728,1.411740234,12.90123979,0.07190555788,0.4284016149,0.2293414961,0.1161959978,0.07041588242,0.04889989801,0.01258791385,0.008728176119,0.009573584504,0.00142838604,0.0002351588189,0.00037546739,0.001910866099,82.77399587
103,3,tier3_voxel_grid,3,20261010,64,64,64,0.1995862459,0.8004137541,7.924102993,0.4192170926,0.5807829074,1.309255243,10.37467339,0.08347175742,0.49731115,0.1924059542,0.09748258473,0.0590753757,0.0410245494,0.01056062517,0.007322499778,0.008031754797,0.001198343883,0.0001972863947,0.000314998213,0.00160312033,77.18913285
104,3,tier3_voxel_grid,3,20261011,64,64,64,0.02596229096,0.974037709,14.36419623,0.07163037937,0.9283696206,0.9967321237,14.31725581,0.1334279001,0.7949417205,0.03287583387,0.01665655969,0.01009403397,0.007009742896,0.001804462653,0.001251173786,0.001372362085,0.0002047574597,3.370974025e-05,5.382280897e-05,0.0002739204089,58.07151818
105,3,tier3_voxel_grid,3,20261012,64,64,64,0.378090102,0.621909898,1.404186884,0.6376621456,0.3623378544,1.630562184,2.289614032,0.05207621833,0.3102616361,0.2926645782,0.1482786729,0.08985828938,0.0624015639,0.01606354087,0.01113809766,0.01221693029,0.001822775228,0.0003000881118,0.0004791370387,0.002438472017,93.6558876
106,3,tier3_voxel_grid,3,20261013,64,64,64,0.403366438,0.596633562,7.428802094,0.6618247419,0.3381752581,1.676059588,12.45111498,0.04860350184,0.2895717563,0.3037543632,0.1538973186,0.09326324228,0.06476611354,0.01667222818,0.01156014774,0.01267986,0.001891844691,0.0003114591928,0.0004972927265,0.002530871755,95.75213588
107,3,tier3_voxel_grid,3,20261014,64,64,64,0.1187376775,0.8812623225,14.64798953,0.2805884741,0.7194115259,1.16372782,17.04627292,0.1033958534,0.6160156724,0.1287802765,0.0652465994,0.03954006127,0.02745836446,0.007068389513,0.004901062184,0.005375777521,0.0008020700671,0.0001320468307,0.0002108331685,0.001072993194,68.68439951
108,3,tier3_voxel_grid,3,20261015,64,64,64,0.0738531615,0.9261468385,5.833443461,0.1875422482,0.8124577518,1.082935691,6.317244124,0.1167687194,0.6956890323,0.08607531959,0.043610109,0.02642814181,0.01835286863,0.004724433762,0.003275816028,0.003593110535,0.0005360948061,8.825864848e-05,0.0001409185696,0.0007171768428,63.6637338
109,3,tier3_voxel_grid,3,20261016,64,64,64,0.4045756076,0.5954243924,5.004676083,0.6629477968,0.3370522032,1.678236094,8.399028039,0.04844209322,0.2886101099,0.304269806,0.154158468,0.09342150132,0.0648760156,0.0167005194,0.01157976423,0.01270137655,0.001895054975,0.00031198771,0.000498136586,0.002535166409,95.8510595
110,3,tier3_voxel_grid,3,20261017,64,64,64,0.227630496,0.772369504,5.719857812,0.4603719941,0.5396280059,1.359734893,7.777490249,0.07755685891,0.462071147,0.2112946118,0.1070525337,0.064874856,0.0450519646,0.01159737079,0.008041355861,0.008820239053,0.00131598633,0.0002166541693,0.0003459218577,0.001760500028,79.98074105
111,3,tier3_voxel_grid,3,20261018,64,64,64,0.0772593406,0.9227406594,8.105813267,0.1950873758,0.8049126242,1.089066813,8.827772222,0.1156843124,0.6892283118,0.08953826874,0.04536461413,0.02749138865,0.01909123418,0.004914505364,0.003407607398,0.003737667176,0.0005576627661,9.180943647e-05,0.0001465879513,0.0007460300257,64.05226602
112,3,tier3_voxel_grid,3,20261019,64,64,64,0.02271287624,0.9772871238,1.258659835,0.0630350894,0.9369649106,0.9908831772,1.247184857,0.1346632395,0.8023016711,0.028930897,0.01465785521,0.008882799996,0.006168608543,0.001587936091,0.001101039142,0.001207685446,0.0001801875809,2.966473874e-05,4.736433906e-05,0.0002410513195,57.68343963
113,3,tier3_voxel_grid,3,20261020,64,64,64,0.3513689252,0.6486310748,3.015767978,0.6106075742,0.3893924258,1.582464065,4.772344455,0.05596457762,0.3334278481,0.2802474781,0.1419875421,0.08604580417,0.05975400582,0.01538200094,0.01066553322,0.0116985934,0.001745438973,0.0002873560478,0.0004588083313,0.002335013131,91.3797258
114,3,tier3_voxel_grid,3,20261021,64,64,64,0.08691304583,0.9130869542,9.851416232,0.2160172479,0.7839827521,1.106443482,10.90003528,0.1126762122,0.6713065399,0.09914434654,0.05023153884,0.03044079142,0.0211394297,0.005441756131,0.003773191212,0.004138661322,0.0006174913957,0.0001016591756,0.0001623145817,0.0008260675624,65.14672887
115,3,tier3_voxel_grid,3,20261022,64,64,64,0.02070428934,0.9792957107,4.620023497,0.05767107998,0.94232892,0.9872677208,4.561200068,0.13543417,0.80689475,0.02646900465,0.01341053607,0.008126912708,0.005643687033,0.0014528097,0.001007345544,0.001104916716,0.0001648544087,2.714039969e-05,4.333384171e-05,0.0002205389103,57.44301346
116,3,tier3_voxel_grid,3,20261023,64,64,64,0.01311907437,0.9868809256,8.065648502,0.03705518014,0.9629448199,0.9736143339,7.852830994,0.1383971453,0.8245476746,0.0170070291,0.008616620843,0.005221754378,0.00362621681,0.0009334683027,0.0006472459095,0.0007099379441,0.0001059232776,1.743841801e-05,2.784312885e-05,0.000141702029,56.5313688
117,3,tier3_voxel_grid,3,20261024,64,64,64,0.1517764108,0.8482235892,5.704625117,0.3412246316,0.6587753684,1.223197539,6.977883406,0.09468105388,0.5640943145,0.1566101478,0.07934661932,0.04808480776,0.03339221373,0.00859589338,0.005960198983,0.006537501976,0.0009754002334,0.0001605826159,0.0002563949587,0.001304870803,72.2429563
118,3,tier3_voxel_grid,3,20261025,64,64,64,0.1425542151,0.8574457849,9.628971105,0.3249004437,0.6750995563,1.206597587,11.6182933,0.09702721219,0.5780723441,0.1491179177,0.07555067671,0.04578443035,0.03179473008,0.008184665804,0.005675063038,0.006224747854,0.000928737082,0.0001529003429,0.0002441290228,0.001242445778,71.26129352
119,3,tier3_voxel_grid,3,20261026,64,64,64,0.1396220663,0.8603779337,7.09450019,0.3196157328,0.6803842672,1.201319719,8.522762978,0.09778674575,0.5825975214,0.1466924206,0.07432179723,0.04503971767,0.03127756871,0.008051537045,0.005582754553,0.006123498398,0.0009136305868,0.0001504133222,0.0002401581101,0.001222236613,70.94729328
120,3,tier3_voxel_grid,3,20261027,64,64,64,0.2187180236,0.7812819764,2.401592,0.447628152,0.552371848,1.343692442,3.22700102,0.07938843983,0.4729834081,0.2054456348,0.1040891462,0.06307901496,0.04380485328,0.0112763368,0.007818758113,0.008576080557,0.001279557698,0.0002106568312,0.0003363461806,0.001711766537,79.10222812
121,3,tier3_voxel_grid,3,20261028,64,64,64,0.01211603255,0.9878839675,7.969828686,0.03428564086,0.9657143591,0.9718088586,7.745150119,0.1387951913,0.8269191679,0.01573590763,0.007972606434,0.004831475506,0.003355189929,0.000863699997,0.0005988701367,0.0006568765093,9.80064714e-05,1.613505412e-05,2.576210701e-05,0.0001311110851,56.41038018
122,3,tier3_voxel_grid,3,20261029,64,64,64,0.07876475266,0.9212352473,11.24234385,0.1983950552,0.8016049448,1.091776555,12.27412744,0.1152089234,0.6863960214,0.09105637764,0.04613376486,0.02795750132,0.0194149234,0.00499783012,0.003465382908,0.003801038803,0.0005671178608,9.336605271e-05,0.0001490733296,0.0007586788611,64.22359072
123,3,tier3_voxel_grid,3,20261030,64,64,64,0.04317962749,0.9568203725,12.586371,0.1155407999,0.8844592001,1.027723329,12.93530711,0.1271169707,0.7573422294,0.05302917809,0.02686726285,0.01628181743,0.01130681296,0.0029106234,0.00201816075,0.002213639163,0.0003302766354,5.437428069e-05,8.681694078e-05,0.0004418374361,60.10961935
124,3,tier3_voxel_grid,3,20261031,64,64,64,0.3266449617,0.6733550383,7.707174282,0.5840679217,0.4159320783,1.537960931,11.85333293,0.05977893134,0.356153147,0.2680667076,0.1358161479,0.08230588046,0.05715683766,0.01471343249,0.0102019629,0.01119012181,0.001669574627,0.0002748663081,0.000438866532,0.002233523337,89.21706607
125,3,tier3_voxel_grid,3,20261032,64,64,64,0.02149791309,0.9785020869,10.17791531,0.05979517104,0.940204829,0.9886962436,10.06286663,0.1351288897,0.8050759393,0.02744388801,0.01390446127,0.008426236087,0.005851550405,0.001506318323,0.001044447219,0.001145612048,0.0001709261829,2.814001128e-05,4.492987608e-05,0.0002286616077,57.53805877
126,3,tier3_voxel_grid,3,20261033,64,64,64,0.3660621817,0.6339378183,8.639763629,0.6256843415,0.3743156585,1.608911927,13.90061875,0.05379770211,0.3205179564,0.2871671859,0.145493416,0.08817039715,0.061229417,0.01576180437,0.01092888036,0.01198744827,0.001788536337,0.0002944512763,0.0004701369599,0.002392667918,92.63907831
127,3,tier3_voxel_grid,3,20261034,64,64,64,0.3385023946,0.6614976054,5.879124485,0.5969851933,0.4030148067,1.55930431,9.167344149,0.05792242463,0.345092382,0.2739952826,0.1388198638,0.0841261609,0.05842092077,0.01503883541,0.01042758996,0.01143760303,0.001706499013,0.0002809452634,0.0004485725233,0.002282920037,90.26115373
128,3,tier3_voxel_grid,3,20261035,64,64,64,0.08300198632,0.9169980137,2.952378692,0.2076175369,0.7923824631,1.099403575,3.245855689,0.1138834423,0.6784990208,0.09528917356,0.04827831329,0.02925711812,0.02031743469,0.00523015646,0.003626472762,0.00397773177,0.0005934805849,9.770621489e-05,0.0001560030692,0.000793946383,64.70451844
129,3,tier3_voxel_grid,3,20261036,64,64,64,0.1246317274,0.8753682726,12.89937878,0.291855931,0.708144069,1.174337109,15.14821919,0.1017764628,0.6063676063,0.1339516443,0.06786667581,0.04112785255,0.02856099684,0.007352231441,0.005097871789,0.005591650042,0.0008342784102,0.000137349372,0.000219299495,0.001116080868,69.32773828
130,3,tier3_voxel_grid,3,20261037,64,64,64,0.1536469812,0.8463530188,6.645302383,0.3444818234,0.6555181766,1.226564566,8.150892434,0.09421292109,0.5613052555,0.1581050847,0.08010402993,0.04854380582,0.03371096224,0.008677946288,0.006017092623,0.006599906316,0.000984711008,0.0001621154723,0.0002588424009,0.00131732657,72.44097443
131,3,tier3_voxel_grid,3,20261038,64,64,64,0.2655559633,0.7344440367,5.13177021,0.5113995264,0.4886004736,1.428000734,7.328171626,0.07022303805,0.4183774355,0.2347144608,0.1189182134,0.07206557101,0.05004551461,0.01288282087,0.008932658007,0.009797872444,0.00146184997,0.0002406680706,0.0003842637616,0.001955633471,83.63044775
132,3,tier3_voxel_grid,3,20261039,64,64,64,0.1012209865,0.8987790135,2.046070942,0.2458560852,0.7541439148,1.132197776,2.31655697,0.1083876903,0.6457562245,0.1128393272,0.05717010847,0.03464563077,0.0240594558,0.006193435349,0.004294388662,0.004710341793,0.0007027865537,0.0001157015339,0.0001847353766,0.0009401737083,66.7505864
133,3,tier3_voxel_grid,3,20261040,64,64,64,0.00949327964,0.9905067204,10.71334261,0.02699498042,0.9730050196,0.9670879034,10.36074405,0.1398430256,0.833161994,0.01238974998,0.006277273785,0.003804087758,0.002641726511,0.0006800387545,0.0004715235652,0.000517195189,7.716591289e-05,1.270402008e-05,2.028393102e-05,0.0001032310053,56.09354052
134,3,tier3_voxel_grid,3,20261041,64,64,64,0.2025550968,0.7974449032,12.08692209,0.4237234643,0.5762765357,1.314599174,15.8894578,0.08282408898,0.4934524468,0.1944742209,0.0985304732,0.0597104061,0.04146554255,0.01067414654,0.007401212946,0.008118092097,0.001211225473,0.0001994071237,0.0003183842844,0.001620353063,77.48845769
135,3,tier3_voxel_grid,3,20261042,64,64,64,0.1193586127,0.8806413873,4.742149643,0.2817851673,0.7182148327,1.164845503,5.523871685,0.1032238613,0.6149909714,0.1293295168,0.06552487227,0.03970869728,0.02757547276,0.007098535774,0.004921964923,0.005398704893,0.0008054908483,0.0001326100026,0.0002117323594,0.001077569447,68.7523493
136,3,tier3_voxel_grid,3,20261043,64,64,64,0.1226677429,0.8773322571,6.058168435,0.2881241329,0.7118758671,1.170801937,7.09291534,0.1023128073,0.6095630598,0.1322388798,0.0669989027,0.04060197377,0.02819580339,0.007258222582,0.005032688162,0.00552015275,0.0008236109602,0.0001355931626,0.0002164954353,0.001101810168,69.11377928
137,3,tier3_voxel_grid,3,20261044,64,64,64,0.184969383,0.815030617,3.028313331,0.3964829725,0.6035170275,1.282944889,3.885159112,0.08673916928,0.5167778583,0.1819717898,0.09219610946,0.05587172129,0.03879979031,0.009987923036,0.006925401013,0.007596193171,0.001133357759,0.0001865875643,0.000297915877,0.001516183202,75.70219389
138,3,tier3_voxel_grid,3,20261045,64,64,64,0.01964680924,0.9803531908,9.266365416,0.05483122109,0.9451687789,0.9853642566,9.13074527,0.1358423225,0.8093264564,0.02516560894,0.0127501699,0.007726724514,0.005365778681,0.001381269952,0.0009577414932,0.001050508032,0.000156736592,2.580394292e-05,4.119998197e-05,0.0002096790585,57.31626862
139,3,tier3_voxel_grid,3,20261046,64,64,64,0.0248386094,0.9751613906,5.369166621,0.06866947191,0.9313305281,0.9947094969,5.340761028,0.1338534501,0.797477078,0.03151688111,0.01596804551,0.009676787812,0.006719988741,0.001729873533,0.00119945537,0.001315634238,0.0001962936222,3.23163172e-05,5.159799378e-05,0.0002625976575,57.93743891
140,3,tier3_voxel_grid,3,20261047,64,64,64,0.02923347821,0.9707665218,11.9382609,0.08018196741,0.9198180326,1.002620261,11.96954226,0.1321988418,0.7876191908,0.0368007131,0.01864510195,0.01129910954,0.007846600582,0.002019888305,0.001400545085,0.00153620144,0.0002292024153,3.773417533e-05,6.024844142e-05,0.0003066223786,58.46110263
141,3,tier3_voxel_grid,3,20261048,64,64,64,0.2949819581,0.7050180419,11.10579038,0.5477502858,0.4522497142,1.480967525,16.44731489,0.06499860439,0.3872511098,0.2513981855,0.1273710318,0.07718805959,0.05360279687,0.01379854389,0.00956759974,0.01049431443,0.001565759641,0.0002577749834,0.0004115775912,0.002094641737,86.36550977
142,3,tier3_voxel_grid,3,20261049,64,64,64,0.09639237624,0.9036076238,6.072001829,0.2359390775,0.7640609225,1.123506277,6.82193217,0.1098129906,0.6542479318,0.1082877682,0.05486405856,0.03324814253,0.02308897827,0.005943612996,0.004121167465,0.004520342446,0.0006744385076,0.0001110345232,0.0001772837728,0.0009022502627,66.21176114
143,3,tier3_voxel_grid,3,20261050,64,64,64,0.3568519744,0.6431480256,10.64087363,0.6162923134,0.3837076866,1.592333554,16.94382012,0.05514755088,0.3285601357,0.2828565741,0.1433094421,0.08684688816,0.06031031392,0.01552520694,0.01076482903,0.01180750697,0.00176168896,0.0002900313245,0.0004630798238,0.002356752037,91.85190854
144,3,tier3_voxel_grid,3,20261051,64,64,64,0.03086869023,0.9691313098,5.895111639,0.08441921978,0.9155807802,1.005563642,5.927909932,0.1315898519,0.7839909283,0.03874546344,0.01963041081,0.0118962161,0.008261257742,0.002126630217,0.001474557524,0.001617382701,0.0002413147207,3.972825491e-05,6.343229758e-05,0.000322825977,58.65543649
145,3,tier3_voxel_grid,3,20261052,64,64,64,0.0316011142,0.9683988858,2.793554387,0.08630908446,0.9136909155,1.006882006,2.812779644,0.1313182352,0.7823726803,0.0396128451,0.02006987021,0.01216253269,0.008446199741,0.002174238373,0.001507567947,0.001653590503,0.0002467169522,4.061763799e-05,6.485233509e-05,0.0003300529736,58.74239068
146,3,tier3_voxel_grid,3,20261053,64,64,64,0.0505009199,0.9494990801,3.044701476,0.1334204139,0.8665795861,1.040901656,3.169234808,0.1245472621,0.742032324,0.0612352943,0.03102489624,0.0188013829,0.01305651047,0.003361034187,0.002330465451,0.0025561936,0.0003813860161,6.278854775e-05,0.0001002516183,0.0005102105371,60.96693007
147,3,tier3_voxel_grid,3,20261054,64,64,64,0.1877708213,0.8122291787,2.3827933,0.4009120952,0.5990879048,1.287987478,3.069007934,0.08610260327,0.5129853015,0.1840046019,0.09322603486,0.0564958659,0.03923322389,0.01009949841,0.007002764868,0.007681050464,0.001146018532,0.0001886719393,0.0003012439039,0.001533120528,75.98888815
148,3,tier3_voxel_grid,3,20261055,64,64,64,0.1601645577,0.8398354423,4.920190674,0.3556923879,0.6443076121,1.238296204,6.092653434,0.09260170713,0.5517059049,0.163250341,0.08271087691,0.05012357993,0.03480802715,0.008960355026,0.006212908485,0.006814688841,0.001016756723,0.0001673912397,0.0002672659787,0.001360196682,73.12804293
149,3,tier3_voxel_grid,3,20261056,64,64,64,0.1004258451,0.8995741549,2.308724876,0.2442335078,0.7557664922,1.130766521,2.610628797,0.1086208917,0.6471456005,0.112094621,0.05679280267,0.03441697986,0.02390067052,0.006152560509,0.004266046968,0.004679254931,0.0006981483705,0.0001149379381,0.0001835161778,0.0009339688401,66.66202754
150,3,tier3_voxel_grid,3,20261057,64,64,64,0.3322978888,0.6677021112,1.972729367,0.5902705423,0.4097294577,1.5481362,3.054053746,0.05888747321,0.3508419845,0.2709134931,0.1372584734,0.08317994344,0.05776382559,0.01486968459,0.01031030459,0.01130895744,0.001687304993,0.0002777853033,0.0004435271587,0.002257242664,89.7164211
151,3,tier3_voxel_grid,3,20261058,64,64,64,0.2067486316,0.7932513684,13.8189967,0.430026696,0.569973304,1.322147537,18.27075245,0.08191817073,0.4880551333,0.1973671834,0.09999619426,0.06059864704,0.04208237628,0.01083293317,0.007511312018,0.008238855331,0.001229243439,0.0002023734671,0.00032312051,0.001644457135,77.9097178
152,3,tier3_voxel_grid,3,20261059,64,64,64,0.008441306785,0.9915586932,13.73199599,0.02405069363,0.9759493064,0.9651943522,13.25404498,0.1402661868,0.8356831196,0.01103842553,0.005592624492,0.00338918376,0.002353598854,0.0006058683314,0.0004200954634,0.0004607857774,6.874958607e-05,1.131841883e-05,1.807160454e-05,9.197181269e-05,55.96626362
153,3,tier3_voxel_grid,3,20261060,64,64,64,0.3925368807,0.6074631193,3.311072498,0.6516348705,0.3483651295,1.656566385,5.485011399,0.0500680189,0.2982971106,0.2990775693,0.1515278184,0.09182730254,0.06376893358,0.01641553203,0.01138216041,0.01248463288,0.001862716656,0.0003066637705,0.0004896360938,0.002491904856,94.86066482
154,3,tier3_voxel_grid,3,20261061,64,64,64,0.05675319503,0.943246805,8.445513009,0.1483347747,0.8516652253,1.052155751,8.885995083,0.1224037281,0.7292614972,0.06808046328,0.03449300494,0.02090308984,0.01451602857,0.003736746384,0.002590975832,0.002841936933,0.0004240191373,6.980734669e-05,0.0001114582153,0.0005672442686,61.69460893
155,3,tier3_voxel_grid,3,20261062,64,64,64,0.2844742254,0.7155257746,9.358206479,0.5350721183,0.4649278817,1.462053606,13.68219953,0.06682074638,0.3981071353,0.2455793509,0.124422916,0.0754014733,0.05236211246,0.01347916432,0.009346149135,0.01025141419,0.001529518742,0.0002518085522,0.0004020512618,0.002046159391,85.39837506
156,3,tier3_voxel_grid,3,20261063,64,64,64,0.06472531591,0.9352746841,11.45116268,0.1668951612,0.8331048388,1.066505569,12.21272877,0.119736177,0.7133686618,0.0765990302,0.03880894166,0.02351858863,0.01633234642,0.004204306718,0.002915171643,0.003197534249,0.0004770745253,7.854198987e-05,0.0001254044228,0.000638220699,62.61647844
157,3,tier3_voxel_grid,3,20261064,64,64,64,0.1728499253,0.8271500747,9.956580337,0.3769138354,0.6230861646,1.261129866,12.55654082,0.08955170085,0.5335344637,0.1729902417,0.08764560306,0.05311407103,0.03688475621,0.009494950958,0.006583585271,0.007221269263,0.001077418829,0.0001773781962,0.0002832116979,0.001441349227,74.45251311
158,3,tier3_voxel_grid,3,20261065,64,64,64,0.2628182676,0.7371817324,1.948458335,0.5078799864,0.4921200136,1.423072882,2.772798218,0.07072887626,0.4213911373,0.2330991153,0.1180997977,0.07156960329,0.04970109273,0.01279415907,0.008871181909,0.009730441791,0.001451789266,0.0002390117513,0.0003816191919,0.001942174463,83.37173641
159,3,tier3_voxel_grid,3,20261066,64,64,64,0.2954917945,0.7045082055,4.17989582,0.5483571996,0.4516428004,1.48188523,6.194125879,0.06491137703,0.3867314233,0.2516767377,0.1275121604,0.07727358488,0.0536621894,0.01381383284,0.009578200754,0.01050594226,0.001567494521,0.0002580606012,0.0004120336241,0.002096962625,86.41216863
160,3,tier3_voxel_grid,3,20261067,64,64,64,0.1266365597,0.8733634403,4.332780752,0.2956422418,0.7043577582,1.177945808,5.103780921,0.1012322835,0.6031254747,0.1356894283,0.06874712504,0.04166141318,0.0289315249,0.007447613548,0.005164007595,0.005664191741,0.0008451016866,0.0001391312354,0.0002221445153,0.001130560029,69.54572384
161,3,tier3_voxel_grid,3,20261068,64,64,64,0.02471768985,0.9752823101,4.935601962,0.06835013043,0.9316498696,0.9944918417,4.908415885,0.1338993468,0.7977505228,0.03137031457,0.01589378749,0.009631786742,0.006688738011,0.001721828905,0.001193877406,0.001309515995,0.0001953807756,3.216603295e-05,5.135804174e-05,0.0002613764696,57.9230029
162,3,tier3_voxel_grid,3,20261069,64,64,64,0.00924297201,0.990757028,6.414746769,0.02629545924,0.9737045408,0.9666373496,6.200733815,0.1399435627,0.833760978,0.01206869428,0.006114610732,0.003705512398,0.002573271428,0.000662416904,0.0004593049707,0.0005037931053,7.516631189e-05,1.237482069e-05,1.975831333e-05,0.0001005559793,56.06326617
163,3,tier3_voxel_grid,3,20261070,64,64,64,0.2282769962,0.7717230038,3.176492343,0.4612847296,0.5387152704,1.360898593,4.322883961,0.07742567799,0.4612895924,0.2117135254,0.1072647765,0.06500347717,0.04514128482,0.01162036379,0.008057298688,0.008837726097,0.00131859541,0.0002170837088,0.0003466076838,0.001763990403,80.04415573
164,3,tier3_voxel_grid,3,20261071,64,64,64,0.03373963095,0.9662603691,2.515426102,0.09179886071,0.9082011393,1.010731336,2.542419984,0.1305292291,0.7776719102,0.04213246001,0.02134643452,0.01293614283,0.008983428783,0.002312532995,0.001603458325,0.001758768793,0.0002624096325,4.320116376e-05,6.897733319e-05,0.0003510463254,58.99596066
165,3,tier3_voxel_grid,3,20261072,64,64,64,0.0150552226,0.9849447774,8.81447433,0.04237221119,0.9576277888,0.9770994007,8.612617586,0.1376329666,0.8199948222,0.01944736002,0.009853015872,0.005971021553,0.004146541021,0.001067411247,0.0007401189324,0.0008118066188,0.0001211221608,1.994064872e-05,3.183832682e-05,0.0001620347891,56.76462308
166,3,tier3_voxel_grid,3,20261073,64,64,64,0.04046664774,0.9595333523,9.430848551,0.1087983311,0.8912016689,1.022839966,9.64624881,0.1280860173,0.7631156516,0.04993462118,0.02529940386,0.01533167993,0.01064699552,0.002740771819,0.001900389486,0.002084460613,0.000311003098,5.120122933e-05,8.175067399e-05,0.0004160536857,59.79051178
167,3,tier3_voxel_grid,3,20261074,64,64,64,0.1550500729,0.8449499271,14.11210037,0.3469132895,0.6530867105,1.229090131,17.3450433,0.09386346392,0.5592232466,0.1592210424,0.08066943054,0.04888644397,0.03394890531,0.008739198089,0.006059563243,0.006646490627,0.0009916614224,0.0001632597367,0.0002606693958,0.001326624694,72.58926318
168,3,tier3_voxel_grid,3,20261075,64,64,64,0.15394244,0.84605756,13.31911244,0.344994666,0.655005334,1.227096392,16.34383482,0.09413921389,0.5608661201,0.1583404615,0.08022328373,0.04861607475,0.03376114898,0.008690865464,0.006026050488,0.006609731838,0.0009861769832,0.0001623568196,0.000259227749,0.001319287722,72.47221787
169,3,tier3_voxel_grid,3,20261076,64,64,64,0.2288056256,0.7711943744,6.319211397,0.4620298947,0.5379701053,1.361850126,8.605818837,0.07731858075,0.4606515245,0.21205553,0.1074380534,0.0651084846,0.04521420661,0.01163913547,0.008070314549,0.008852002671,0.001320725485,0.0002174343885,0.0003471675982,0.001766839975,80.09597732
170,3,tier3_voxel_grid,3,20261077,64,64,64,0.1295048922,0.8704951078,14.01871753,0.3010191892,0.6989808108,1.183108806,16.58566815,0.1004594934,0.5985213173,0.1381572588,0.06999745272,0.04241912367,0.02945771252,0.007583065865,0.005257927182,0.00576720835,0.0008604718424,0.0001416616632,0.0002261847342,0.001151121914,69.8568543
171,3,tier3_voxel_grid,3,20261078,64,64,64,0.1531719079,0.8468280921,12.50985841,0.3436562817,0.6563437183,1.225709434,15.33345148,0.09433157026,0.562012148,0.15772619,0.07991206273,0.04842747186,0.03363017481,0.008657149818,0.006002672818,0.006584089814,0.0009823511739,0.0001617269669,0.0002582220919,0.001314169631,72.39071825
172,3,tier3_voxel_grid,3,20261079,64,64,64,0.3367473424,0.6632526576,7.031362175,0.5950956131,0.4049043869,1.556145216,10.94182061,0.05819400043,0.3467103865,0.2731280315,0.1383804705,0.08385988439,0.05823600661,0.01499123442,0.0103945845,0.01140140068,0.001701097594,0.0002800560142,0.0004471526995,0.002275694128,90.10742056
173,3,tier3_voxel_grid,3,20261080,64,64,64,0.03908844775,0.9609115523,4.659170414,0.1053484211,0.8946515789,1.020359206,4.754027424,0.1285818481,0.7660697308,0.04835123339,0.02449717955,0.01484552435,0.01030938762,0.002653864088,0.001840129622,0.002018363997,0.000301141433,4.957767838e-05,7.915842405e-05,0.0004028609487,59.62811071
174,3,tier3_voxel_grid,3,20261081,64,64,64,0.1661620359,0.8338379641,9.123825958,0.3658223104,0.6341776896,1.249091665,11.39649495,0.09114580611,0.5430318835,0.1678996204,0.08506643693,0.05155107176,0.0357993405,0.009215540981,0.006389848682,0.007008767409,0.001045713392,0.0001721584496,0.000274877566,0.001398934331,73.75633758
175,3,tier3_voxel_grid,3,20261082,64,64,64,0.4021801105,0.5978198895,3.616915787,0.6607200641,0.3392799359,1.673924199,6.054442861,0.04876226926,0.2905176667,0.3032473547,0.1536404425,0.09310757292,0.06465800986,0.0166443999,0.01154085224,0.01265869555,0.001888686938,0.000310939324,0.0004964626756,0.002526647377,95.65496175
176,3,tier3_voxel_grid,3,20261083,64,64,64,0.1507708243,0.8492291757,7.173393794,0.3394661991,0.6605338009,1.221387484,8.761493396,0.09493378075,0.5656000202,0.1558030889,0.07893772248,0.04783701238,0.03322013367,0.008551596173,0.005929484297,0.006503812275,0.0009703737045,0.0001597550857,0.0002550736789,0.001298146414,72.13635255
177,3,tier3_voxel_grid,3,20261084,64,64,64,0.2650540588,0.7349459412,3.982317472,0.5107561052,0.4892438948,1.427097306,5.683154535,0.07031551237,0.4189283825,0.234419153,0.1187685955,0.07197490116,0.04998254946,0.01286661225,0.008921419314,0.009785545175,0.001460010732,0.0002403652722,0.0003837802972,0.001953172975,83.58307262
178,3,tier3_voxel_grid,3,20261085,64,64,64,0.4171175684,0.5828824316,14.66620338,0.6744270191,0.3255729809,1.700811623,24.94444918,0.04679226702,0.2787807139,0.3095383668,0.1568277873,0.09503913424,0.06599937133,0.01698969597,0.01178027276,0.01292130627,0.001927868656,0.0003173899096,0.0005067620322,0.00257906389,96.8699373
179,3,tier3_voxel_grid,3,20261086,64,64,64,0.09276462191,0.9072353781,12.11140657,0.2283868564,0.7716131436,1.116976319,13.52815433,0.1108984172,0.6607147264,0.1048215634,0.05310790393,0.03218389609,0.02234991854,0.005753362698,0.003989252191,0.0043756499,0.0006528502705,0.0001074803969,0.000171609061,0.0008733699535,65.80530337
180,3,tier3_voxel_grid,3,20261087,64,64,64,0.161174636,0.838825364,12.49930846,0.357410791,0.642589209,1.240114345,15.50057172,0.0923547334,0.5502344756,0.1640390278,0.08311046551,0.05036573444,0.03497618993,0.00900364384,0.006242923974,0.006847611621,0.001021668827,0.0001681999318,0.0002685571806,0.001366767996,73.23412308
181,3,tier3_voxel_grid,3,20261088,64,64,64,0.05069673295,0.9493032671,13.27224037,0.1338924025,0.8661075975,1.041254119,13.81977495,0.1244794266,0.741628171,0.06145192053,0.03113465004,0.01886789475,0.01310269924,0.003372924196,0.002338709715,0.002565236401,0.0003827352088,6.301066877e-05,0.0001006062688,0.0005120154599,60.98978234
182,3,tier3_voxel_grid,3,20261089,64,64,64,0.1349351985,0.8650648015,2.767193276,0.3110713161,0.6889286839,1.192883357,3.300938806,0.09901477341,0.5899139105,0.1427708327,0.07233492256,0.04383565268,0.03044141281,0.007836292048,0.005433508517,0.005959796438,0.0008892061307,0.000146392262,0.0002337378662,0.001189562067,70.44348915
183,3,tier3_voxel_grid,3,20261090,64,64,64,0.1101606355,0.8898393645,4.847439667,0.263820092,0.736179908,1.148289144,5.566262345,0.1058058526,0.6303740554,0.1210841768,0.06134736614,0.03717708874,0.025817412,0.006645972103,0.004608167461,0.005054513108,0.0007541371739,0.0001241555169,0.0001982334666,0.001008869534,67.74159742
184,3,tier3_voxel_grid,3,20261091,64,64,64,0.2358399754,0.7641600246,13.32621938,0.4718474289,0.5281525711,1.374511956,18.31704786,0.07590757705,0.452244994,0.2165614342,0.1097209722,0.06649195519,0.04617494968,0.01188645196,0.008241798235,0.009040096212,0.001348789184,0.0002220545864,0.000354544458,0.001804383026,80.78288592
185,3,tier3_voxel_grid,3,20261092,64,64,64,0.0937309122,0.9062690878,1.216883033,0.2304070837,0.7695929163,1.118715642,1.361346084,0.1106080644,0.6589848519,0.1057487769,0.05357767719,0.03246858316,0.02254761782,0.005804254858,0.004024539669,0.004414355312,0.0006586251472,0.0001084311295,0.0001731270525,0.0008810954674,65.91370479
186,3,tier3_voxel_grid,3,20261093,64,64,64,0.2625909039,0.7374090961,12.28993421,0.5075865947,0.4924134053,1.422663627,17.48444238,0.07077104335,0.421642362,0.2329644588,0.1180315738,0.07152825901,0.04967238143,0.01278676814,0.008866057211,0.009724820716,0.001450950597,0.0002388736792,0.0003813987384,0.001941052509,83.35021775
187,3,tier3_voxel_grid,3,20261094,64,64,64,0.328880868,0.671119132,4.750528958,0.5865310344,0.4134689656,1.541985562,7.325247067,0.05942492583,0.3540440397,0.2691971901,0.1363889075,0.08265297821,0.05739787766,0.01477548151,0.0102449863,0.01123731244,0.001676615505,0.0002760254656,0.000440717306,0.002242942481,89.41492506
188,3,tier3_voxel_grid,3,20261095,64,64,64,0.4304068222,0.5695931778,4.37926281,0.6862623114,0.3137376886,1.72473228,7.553055932,0.04509126543,0.2686464231,0.3149703512,0.1595799053,0.09670694395,0.06715757204,0.01728784242,0.0119870008,0.01314805791,0.001961700173,0.0003229596781,0.0005156550282,0.002624323013,97.93535508
189,3,tier3_voxel_grid,3,20261096,64,64,64,0.1493993194,0.8506006806,12.71908901,0.33705948,0.66294052,1.218918775,15.5035364,0.09527968121,0.5676608388,0.1546984892,0.07837807641,0.04749786153,0.03298461234,0.008490967781,0.005887445934,0.006457702091,0.0009634940301,0.0001586224674,0.0002532652789,0.001288942924,71.99078514
190,3,tier3_voxel_grid,3,20261097,64,64,64,0.388973988,0.611026012,5.241505398,0.6482298013,0.3517701987,1.650153178,8.649286792,0.05055740504,0.3012127936,0.2975147619,0.1507360211,0.09134746586,0.0634357138,0.0163297539,0.01132268378,0.01241939536,0.00185298317,0.000305061322,0.0004870775372,0.002478883594,94.5652001
191,3,tier3_voxel_grid,3,20261098,64,64,64,0.2980373957,0.7019626043,6.163383853,0.5513762942,0.4486237058,1.486467312,9.161668629,0.06447746424,0.3841462416,0.2530623963,0.1282142052,0.07769903066,0.05395763774,0.01388988777,0.00963093553,0.01056378491,0.001576124688,0.0002594814075,0.0004143021609,0.002108507889,86.64476769
192,3,tier3_voxel_grid,3,20261099,64,64,64,0.0241086529,0.9758913471,11.65515398,0.06673957195,0.9332604281,0.9933955752,11.57817839,0.1341308208,0.7991296073,0.03063112466,0.01551927651,0.009404829518,0.006531128893,0.001681256837,0.001165745647,0.001278659402,0.0001907769488,3.140809325e-05,5.01478739e-05,0.0002552175627,57.85027013
193,3,tier3_voxel_grid,3,20261100,64,64,64,0.3078333739,0.6921666261,10.1493009,0.5628227758,0.4371772242,1.504100073,15.26556423,0.06283234362,0.3743448806,0.2583159302,0.1308759111,0.07931204982,0.05507778947,0.01417823957,0.009830872175,0.01078308735,0.001608844779,0.000264868199,0.0004229030059,0.002152280168,87.53416716
194,3,tier3_voxel_grid,3,20261101,64,64,64,0.0802625509,0.9197374491,9.744227533,0.2016697509,0.7983302491,1.094472592,10.66478996,0.1147382749,0.6835919741,0.09255934825,0.04689524576,0.02841896601,0.01973538485,0.005080323976,0.003522582291,0.003863778501,0.0005764786711,9.490714666e-05,0.0001515339242,0.0007712015647,64.39380973
195,3,tier3_voxel_grid,3,20261102,64,64,64,0.2969957102,0.7030042898,8.096720644,0.5501431032,0.4498568968,1.484592278,12.02032895,0.06465470193,0.3852021949,0.2524964048,0.1279274453,0.07752525144,0.05383695778,0.01385882208,0.009609395281,0.01054015828,0.001572599577,0.0002589010595,0.0004133755456,0.002103792066,86.5496598
196,3,tier3_voxel_grid,3,20261103,64,64,64,0.3847376233,0.6152623767,6.837176259,0.6441464884,0.3558535116,1.642527722,11.23025155,0.0511442703,0.3047092413,0.2956406643,0.1497865086,0.09077205218,0.06303612114,0.01622688992,0.01125136022,0.01234116342,0.001841310905,0.0003031396873,0.0004840093505,0.002463268673,94.21247492
197,3,tier3_voxel_grid,3,20261104,64,64,64,0.0329804059,0.9670195941,3.641218508,0.08985465162,0.9101453484,1.009364731,3.675317539,0.1308086563,0.7793366921,0.04124013617,0.02089433815,0.01266216811,0.008793168645,0.002263555833,0.001569498663,0.001721519809,0.0002568520559,4.228620583e-05,6.751646148e-05,0.0003436115114,58.90599133
198,3,tier3_voxel_grid,3,20261105,64,64,64,0.03870894373,0.9612910563,11.0536296,0.1043954991,0.8956045009,1.019676099,11.27112191,0.1287188047,0.7668856962,0.0479138756,0.02427559197,0.01471124017,0.01021613476,0.00262985874,0.001823484855,0.002000107022,0.0002984174786,4.912922686e-05,7.84424019e-05,0.0003992168974,59.58335692
199,3,tier3_voxel_grid,3,20261106,64,64,64,0.287146131,0.712853869,11.62638688,0.5383269201,0.4616730799,1.466863036,17.05431716,0.06635295709,0.3953201228,0.2470731909,0.1251797709,0.07586013456,0.05268062709,0.01356115702,0.009403001028,0.01031377274,0.001538822684,0.0002533402839,0.0004044969082,0.002058606019,85.64529456
200,3,tier3_voxel_grid,3,20261107,64,64,64,0.03326005887,0.9667399411,2.462515344,0.09057139378,0.9094286062,1.009868106,2.486815707,0.1307056441,0.7787229621,0.04156909571,0.02106100568,0.01276317023,0.008863308973,0.002281611502,0.001582018058,0.001735251828,0.0002589008836,4.262350954e-05,6.805501896e-05,0.0003463523918,58.93913757
201,3,tier3_voxel_grid,3,20261108,64,64,64,0.02320689451,0.9767931055,13.22870792,0.06434839207,0.9356516079,0.9917724101,13.11986754,0.1344744879,0.80117712,0.0295336569,0.01496324385,0.009067868426,0.006297128233,0.001621019898,0.001123978709,0.001232846933,0.0001839416937,3.028278785e-05,4.835114996e-05,0.000246073496,57.74251005
202,3,tier3_voxel_grid,3,20261109,64,64,64,0.2013660536,0.7986339464,6.152027677,0.42192304,0.57807696,1.312458897,8.074283456,0.08308285103,0.494994109,0.1936478892,0.0981118118,0.05945669331,0.04128935318,0.01062879151,0.007369764786,0.008083597878,0.00120607891,0.0001985598318,0.0003170314521,0.001613468094,77.36868485
203,3,tier3_voxel_grid,3,20261110,64,64,64,0.3751287868,0.6248712132,2.425350188,0.6347427816,0.3652572184,1.625231816,3.941756291,0.05249579755,0.3127614208,0.2913246925,0.147599819,0.08944689746,0.06211587518,0.01598999829,0.01108710489,0.01216099837,0.001814430144,0.0002987142394,0.0004769434391,0.002427308132,93.40671284
204,3,tier3_voxel_grid,3,20261111,64,64,64,0.09089830969,0.9091016903,13.14167342,0.2244670845,0.7755329155,1.113616957,14.63479037,0.1114617778,0.6640711377,0.1030225254,0.05219642034,0.03163152834,0.02196632999,0.005654618532,0.003920785209,0.004300551228,0.0006416454919,0.0001056357258,0.0001686637585,0.0008583804262,65.59565287
205,3,tier3_voxel_grid,3,20261112,64,64,64,0.07817290297,0.921827097,1.301786942,0.1970966083,0.8029033917,1.090711225,1.419873631,0.1153955399,0.6875078518,0.09046043605,0.04583183071,0.02777452635,0.0192878575,0.004965120551,0.003442702829,0.003776161939,0.0005634062139,9.275499486e-05,0.0001480976814,0.0007537134946,64.15626351
206,3,tier3_voxel_grid,3,20261113,64,64,64,0.144350245,0.855649755,13.11382255,0.3281147177,0.6718852823,1.209830441,15.86550172,0.09656524767,0.5753200346,0.1505931568,0.07629810744,0.0462373805,0.03210927866,0.008265637557,0.005731207029,0.006286329934,0.0009379251749,0.0001544130019,0.0002465442167,0.001254737424,71.45317845
207,3,tier3_voxel_grid,3,20261114,64,64,64,0.00764737118,0.9923526288,9.175729338,0.02182094691,0.9781790531,0.9637652681,8.843249246,0.1405866522,0.8375924008,0.01001504992,0.005074130667,0.003074971559,0.002135396028,0.0005496981041,0.0003811482921,0.0004180661955,6.237579218e-05,1.026908497e-05,1.639618088e-05,8.344507949e-05,55.87013289
208,3,tier3_voxel_grid,3,20261115,64,64,64,0.1376512591,0.8623487409,9.491998462,0.3160375083,0.6839624917,1.197772266,11.36925251,0.09830101827,0.5856614734,0.1450501409,0.07348973533,0.04453548023,0.03092740396,0.007961396904,0.005520253408,0.006054943412,0.0009034021311,0.0001487293856,0.0002374694451,0.00120855319,70.7357298
209,3,tier3_voxel_grid,3,20261116,64,64,64,0.02289080518,0.9771091948,9.930150094,0.06350836883,0.9364916312,0.9912034493,9.842799025,0.1345952184,0.8018964128,0.02914811567,0.01476790917,0.008949493746,0.006214923628,0.001599858617,0.001109305954,0.001216752978,0.0001815404635,2.988746724e-05,4.771995952e-05,0.0002428611786,57.7047177
210,3,tier3_voxel_grid,3,20261117,64,64,64,0.2530466267,0.7469533733,11.95120816,0.4951164574,0.5048835426,1.405483928,16.79723098,0.07256328665,0.4323202559,0.2272411028,0.1151318323,0.069770988,0.04845205485,0.01247262913,0.008648240287,0.009485906114,0.001415304358,0.0002330051483,0.0003720287222,0.001893365688,82.44234135
211,3,tier3_voxel_grid,3,20261118,64,64,64,0.1337596452,0.8662403548,3.958615988,0.3089092263,0.6910907737,1.190767361,4.713790715,0.09932551506,0.5917652586,0.1417785093,0.07183216133,0.04353097458,0.03022983089,0.007781826186,0.005395743115,0.005918373091,0.000883025736,0.0001453747679,0.0002321132796,0.001181294059,70.31676004
212,3,tier3_voxel_grid,3,20261119,64,64,64,0.4393291693,0.5606708307,13.89301137,0.6940259752,0.3059740248,1.740792505,24.18485005,0.04397544978,0.2619985751,0.3185336007,0.1613852277,0.09780098653,0.06791732352,0.01748341923,0.01212260936,0.01329680147,0.001983892825,0.0003266133106,0.0005214886172,0.002654011896,98.64260537
213,3,tier3_voxel_grid,3,20261120,64,64,64,0.3090887322,0.6909112678,9.96710684,0.5642702759,0.4357297241,1.506359718,15.01404825,0.06262430483,0.3731054193,0.258980282,0.1312125053,0.07951602912,0.05521944171,0.01421470398,0.009856155779,0.01081081992,0.001612982498,0.0002655494023,0.0004239906522,0.002157815526,87.64749437
214,3,tier3_voxel_grid,3,20261121,64,64,64,0.01666330031,0.9833366997,6.534132502,0.0467595502,0.9532404498,0.9799939406,6.403410259,0.1370024058,0.816238044,0.02146099487,0.0108732251,0.006589278072,0.004575885647,0.001177934038,0.0008167529474,0.0008958633802,0.0001336634931,2.200536009e-05,3.513495755e-05,0.0001788123311,56.95806528
215,3,tier3_voxel_grid,3,20261122,64,64,64,0.07476615539,0.9252338446,14.26334058,0.1895730161,0.8104269839,1.08457908,15.4697208,0.1164768518,0.6939501322,0.08700737087,0.0440823333,0.02671431424,0.0185515994,0.004775591453,0.003311287618,0.003632017893,0.0005418998133,8.921434154e-05,0.0001424444813,0.0007249426646,63.76799709
216,3,tier3_voxel_grid,3,20261123,64,64,64,0.06748703235,0.9325129677,3.121484206,0.1732089426,0.8267910574,1.071476658,3.344597466,0.1188287426,0.7079623149,0.0794968346,0.04027711588,0.02440831621,0.01695021254,0.004363359104,0.003025454987,0.003318499603,0.0004951226476,8.151329804e-05,0.0001301485754,0.0006623651138,62.93426722
217,3,tier3_voxel_grid,3,20261124,64,64,64,0.3693321769,0.6306678231,8.503625255,0.6289725017,0.3710274983,1.614797918,13.73163636,0.05332511846,0.3177023799,0.2886763362,0.1462580278,0.08863375921,0.06155119608,0.01584463741,0.01098631493,0.01205044593,0.001797935636,0.0002959987067,0.0004726076716,0.002405242111,92.91676295
218,3,tier3_voxel_grid,3,20261125,64,64,64,0.07064826198,0.929351738,8.250834046,0.1803645522,0.8196354478,1.077166872,8.887525097,0.1178003182,0.7018351296,0.08278100866,0.04194104451,0.02541667282,0.0176504599,0.004543618241,0.003150442615,0.003455593493,0.0005155771595,8.488077626e-05,0.0001355252747,0.0006897287482,63.29703588
219,3,tier3_voxel_grid,3,20261126,64,64,64,0.3023418994,0.6976581006,8.926378244,0.5564393278,0.4435606722,1.494215419,13.33793201,0.06374979077,0.3798108814,0.2553861513,0.1293915369,0.07841250494,0.05445310579,0.01401743219,0.009719371958,0.01066078726,0.001590597513,0.0002618641053,0.0004181065061,0.002127869342,87.03669302
220,3,tier3_voxel_grid,3,20261127,64,64,64,0.01285519462,0.9871448054,6.73205611,0.03632756727,0.9636724327,0.9731393503,6.551228709,0.1385017199,0.8251707129,0.01667308029,0.008447425491,0.005119220382,0.003555012676,0.0009151387858,0.000634536635,0.0006959976533,0.0001038433756,1.709599848e-05,2.729640316e-05,0.0001389195781,56.49954901
221,3,tier3_voxel_grid,3,20261128,64,64,64,0.08126076751,0.9187392325,3.57847687,0.2038432473,0.7961567527,1.096269382,3.922974625,0.1144258939,0.6817308588,0.09355690691,0.04740065941,0.0287252515,0.01994808302,0.005135077184,0.003560546933,0.003905420385,0.0005826916717,9.593000872e-05,0.0001531670816,0.0007795131919,64.50712066
222,3,tier3_voxel_grid,3,20261129,64,64,64,0.275303009,0.724696991,13.94280625,0.5237353778,0.4762646222,1.445545416,20.15495967,0.0684500947,0.4078145275,0.2403761843,0.1217867287,0.07380391868,0.05125269999,0.01319357705,0.009148129347,0.01003421427,0.001497112349,0.0002464734056,0.0003935328759,0.002002806772,84.54562962
223,3,tier3_voxel_grid,3,20261130,64,64,64,0.1588497257,0.8411502743,9.652184755,0.3534479463,0.6465520537,1.235929506,11.92941994,0.09292428461,0.5536277691,0.1622202209,0.08218896601,0.04980729695,0.03458838628,0.008903814616,0.006173704637,0.006771687721,0.001010340923,0.0001663349904,0.0002655795134,0.001351613754,72.98979632
224,3,tier3_voxel_grid,3,20261131,64,64,64,0.2386452689,0.7613547311,5.64749133,0.4757123891,0.5242876109,1.379561484,7.791061521,0.07535209407,0.4489355168,0.2183353155,0.1106197102,0.06703659896,0.04655317436,0.01198381535,0.008309307815,0.009114144749,0.001359837282,0.0002238734628,0.0003574485752,0.001819162949,81.0554435
225,3,tier3_voxel_grid,3,20261132,64,64,64,0.2545144609,0.7454855391,7.803604728,0.4970540653,0.5029459347,1.40812603,10.98845894,0.07228480818,0.4306611265,0.2281303969,0.1155823937,0.07004403249,0.048641669,0.01252144,0.008682084646,0.009523028626,0.001420843065,0.0002339169997,0.0003734846338,0.001900775258,82.58254732
226,3,tier3_voxel_grid,3,20261133,64,64,64,0.100990353,0.899009647,11.37204394,0.2453858737,0.7546141263,1.131782635,12.87068186,0.1084552705,0.6461588559,0.1126235166,0.0570607679,0.03457936934,0.02401344094,0.006181590108,0.004286175438,0.004701333039,0.0007014424408,0.0001154802492,0.0001843820614,0.0009383755811,66.72490655
227,3,tier3_voxel_grid,3,20261134,64,64,64,0.046067423,0.953932577,14.8778106,0.1226476845,0.8773523155,1.032921361,15.36760838,0.1260955492,0.7512567663,0.05629098904,0.0285198612,0.01728330779,0.01200229208,0.003089655088,0.002142297293,0.002349799533,0.0003505918653,5.771882856e-05,9.215702823e-05,0.0004690147419,60.44844513
228,3,tier3_voxel_grid,3,20261135,64,64,64,0.2787710981,0.7212289019,14.04818641,0.5280526717,0.4719473283,1.451787977,20.39498813,0.06782960104,0.4041177273,0.2423576709,0.12279065,0.07441230456,0.05167519001,0.01330233531,0.009223539878,0.01011692904,0.001509453455,0.0002485051532,0.0003967768749,0.002019316455,84.86904484
229,3,tier3_voxel_grid,3,20261136,64,64,64,0.4345702854,0.5654297146,5.230015244,0.6899030094,0.3100969906,1.732226514,9.059571074,0.04456801404,0.2655289765,0.316641304,0.1604264944,0.09721998506,0.06751385044,0.01737955635,0.01205059317,0.01321780982,0.001972107211,0.0003246730151,0.0005183906356,0.002638245339,98.26618235
230,3,tier3_voxel_grid,3,20261137,64,64,64,0.2022082878,0.7977917122,13.55732414,0.4231989392,0.5768010608,1.313974918,17.81398388,0.08289947519,0.4939015856,0.1942334823,0.09840850284,0.0596364909,0.04141421257,0.01066093307,0.007392051024,0.008108042754,0.001209726104,0.0001991602786,0.0003179901581,0.001618347236,77.45353845
231,3,tier3_voxel_grid,3,20261138,64,64,64,0.4071466073,0.5928533927,1.177837105,0.6653260401,0.3346739599,1.682863893,1.982139536,0.04810028539,0.2865736745,0.3053613363,0.1547114925,0.0937566394,0.06510875029,0.01676043045,0.01162130521,0.01274694116,0.001901853251,0.0003131069274,0.0004999235894,0.002544261005,96.06098901
232,3,tier3_voxel_grid,3,20261139,64,64,64,0.0940822662,0.9059177338,2.189271839,0.2311401046,0.7688598954,1.119348079,2.450557228,0.1105027126,0.6583571829,0.1060852078,0.05374813008,0.03257187924,0.02261935118,0.005822720609,0.004037343406,0.004428399214,0.000660720508,0.0001087760941,0.0001736778418,0.0008838985989,65.95309607
233,3,tier3_voxel_grid,3,20261140,64,64,64,0.03107848462,0.9689215154,11.23260716,0.08496105594,0.9150389441,1.005941272,11.29934314,0.1315119777,0.7835269664,0.03899414725,0.0197564066,0.01197257075,0.008314281784,0.002140279777,0.001484021821,0.001627763707,0.0002428635747,3.998324666e-05,6.383943132e-05,0.0003248980027,58.68034917
234,3,tier3_voxel_grid,3,20261141,64,64,64,0.0979538448,0.9020461552,13.53328124,0.2391627687,0.7608372313,1.126316921,15.24276365,0.1093496726,0.6514875586,0.1097673295,0.05561367911,0.03370241974,0.02340444842,0.00602482198,0.004177475947,0.004582104949,0.0006836535198,0.000112551614,0.0001797060427,0.0009145779205,66.38627774
235,3,tier3_voxel_grid,3,20261142,64,64,64,0.04185041743,0.9581495826,11.99089568,0.1122453879,0.8877546121,1.025330751,12.29463408,0.1275905966,0.7601640155,0.05151669946,0.02610096471,0.01581743345,0.01098432422,0.002827607675,0.001960599514,0.002150502565,0.0003208566072,5.282343754e-05,8.434078007e-05,0.000429235512,59.95337016
236,3,tier3_voxel_grid,3,20261143,64,64,64,0.03781168349,0.9621883165,9.520220636,0.1021374225,0.8978625775,1.01806103,9.69216563,0.1290433419,0.7688192356,0.04687749757,0.02375051046,0.01439303577,0.009995159571,0.002572974847,0.001784042843,0.00195684467,0.000291962703,4.806656076e-05,7.674569128e-05,0.0003905818284,59.47748611
237,3,tier3_voxel_grid,3,20261144,64,64,64,0.2377324005,0.7622675995,5.309404628,0.4744578045,0.5255421955,1.377918321,7.31592591,0.07553240651,0.450009789,0.2177595051,0.1103279755,0.06685980498,0.04643040082,0.01195221072,0.008287393881,0.009090108239,0.001356251016,0.0002232830468,0.0003565058848,0.001814365315,80.96683697
238,3,tier3_voxel_grid,3,20261145,64,64,64,0.117320297,0.882679703,4.00133957,0.2778482058,0.7221517942,1.161176535,4.646261616,0.1037896925,0.6183621017,0.1275225894,0.06460939151,0.03915390721,0.02719020204,0.006999358581,0.00485319769,0.005323276887,0.0007942369328,0.0001307572419,0.0002087741408,0.001062514185,68.52913968
239,3,tier3_voxel_grid,3,20261146,64,64,64,0.09707054581,0.9029294542,1.600743462,0.2373411549,0.7626588451,1.124726982,1.800399363,0.1096114801,0.653047365,0.1089312726,0.05519009041,0.03344572095,0.02322618544,0.005978933153,0.004145657667,0.004547204761,0.0006784463854,0.0001116943503,0.0001783372887,0.0009076119209,66.28758831
240,3,tier3_voxel_grid,3,20261147,64,64,64,0.3318344485,0.6681655515,12.24285136,0.5897651067,0.4102348933,1.547302007,18.94338848,0.05896011584,0.3512747775,0.2706815159,0.137140942,0.08310871829,0.0577143637,0.01485695201,0.01030147611,0.01129927383,0.001685860191,0.0002775474419,0.0004431473762,0.002255309837,89.67559246
241,3,tier3_voxel_grid,3,20261148,64,64,64,0.1832320686,0.8167679314,8.647842475,0.3937187142,0.6062812858,1.279817723,11.06766207,0.08713645627,0.5191448295,0.1807030921,0.09155332308,0.05548218662,0.03852928024,0.009918287768,0.006877117485,0.007543232916,0.001125456049,0.0001852866857,0.0002958388233,0.001505612453,75.52399129
242,3,tier3_voxel_grid,3,20261149,64,64,64,0.004484267856,0.9955157321,5.488996775,0.01287141331,0.9871285867,0.9580716821,5.258852373,0.1418729045,0.8452556822,0.005907527637,0.002993052194,0.001813818164,0.001259595423,0.0003242476839,0.0002248260455,0.0002466026253,3.679329798e-05,6.057374025e-06,9.671533588e-06,4.922133359e-05,55.48651493
243,3,tier3_voxel_grid,3,20261150,64,64,64,0.009648363038,0.990351637,11.6729081,0.02742805666,0.9725719433,0.9673670535,11.29198671,0.1397807826,0.8327911607,0.0125885168,0.006377979106,0.003865116143,0.002684107316,0.0006909485098,0.000479088144,0.0005254924705,7.840387356e-05,1.290782869e-05,2.060934295e-05,0.0001048871242,56.11229448
244,3,tier3_voxel_grid,3,20261151,64,64,64,0.4208701584,0.5791298416,9.683990393,0.6778026398,0.3221973602,1.707566285,16.5360555,0.0463071133,0.2758902469,0.3110876583,0.1576127368,0.09551482109,0.06632970928,0.01707473226,0.01183923501,0.01298597958,0.001937517963,0.0003189784994,0.0005092984614,0.002591972539,97.17225508
245,3,tier3_voxel_grid,3,20261152,64,64,64,0.3482076057,0.6517923943,12.17478131,0.607297624,0.392702376,1.57677369,19.19687486,0.056440293,0.336262083,0.2787283269,0.1412178633,0.08557937149,0.05943009438,0.01529861898,0.01060771804,0.01163517827,0.001735977387,0.0002857983629,0.0004563212466,0.002322355612,91.10626658
246,3,tier3_voxel_grid,3,20261153,64,64,64,0.01063799537,0.9893620046,9.412577291,0.03018576673,0.9698142333,0.9691483917,9.122184144,0.1393844367,0.8304297965,0.01385420908,0.007019242809,0.004253728061,0.002953976592,0.0007604188221,0.0005272572948,0.00057832727,8.628686557e-05,1.420562567e-05,2.268147636e-05,0.0001154328323,56.23191209
247,3,tier3_voxel_grid,3,20261154,64,64,64,0.0117757496,0.9882242504,8.001983966,0.03334373262,0.9666562674,0.9711963493,7.771497615,0.138930565,0.8277257024,0.01530360476,0.007753579942,0.004698743364,0.003263014868,0.0008399721004,0.0005824177473,0.0006388305466,9.531400014e-05,1.569178574e-05,2.505436055e-05,0.0001275091512,56.36931163
248,3,tier3_voxel_grid,3,20261155,64,64,64,0.4100264934,0.5899735066,8.714640097,0.6679745275,0.3320254725,1.688047688,14.71072807,0.04771963731,0.2843058352,0.3065768992,0.1553273581,0.09412985984,0.06536793104,0.0168271493,0.01166756656,0.01279768337,0.001909424027,0.0003143533234,0.0005019136533,0.002554389036,96.29548424
249,3,tier3_voxel_grid,3,20261156,64,64,64,0.1032085523,0.8967914477,14.43663386,0.249894055,0.750105945,1.135775394,16.39677352,0.1078073419,0.6422986031,0.1146926138,0.05810907719,0.03521465476,0.02445461119,0.006295157074,0.004364920216,0.004787705011,0.0007143292044,0.0001176018298,0.0001877694926,0.000955615234,66.97165647
250,3,tier3_voxel_grid,3,20261157,64,64,64,0.2368578066,0.7631421934,1.58112408,0.473253012,0.526746988,1.376344052,2.176170723,0.07570556269,0.4510414253,0.2172065475,0.1100478193,0.06669002762,0.04631249992,0.01192186043,0.00826634967,0.009067025692,0.001352807083,0.0002227160633,0.0003556006081,0.00180975809,80.8818675
251,3,tier3_voxel_grid,3,20261158,64,64,64,0.2988179453,0.7011820547,1.094070133,0.5522983046,0.4477016954,1.487872302,1.627836647,0.0643449503,0.3833567451,0.2534855668,0.1284286047,0.07782895884,0.05404786561,0.01391311442,0.009647040363,0.01058144965,0.001578760281,0.0002599153118,0.0004149949562,0.002112033732,86.71596629
252,3,tier3_voxel_grid,3,20261159,64,64,64,0.004749779598,0.9952502204,13.72581077,0.01362672714,0.9863732729,0.9585496033,13.15687046,0.1417643486,0.8446089242,0.006254190215,0.003168688984,0.001920255733,0.001333510371,0.0003432750241,0.0002380191749,0.0002610736371,3.895238387e-05,6.412829813e-06,1.023907368e-05,5.210971524e-05,55.51875429
253,3,tier3_voxel_grid,3,20261160,64,64,64,0.1928637441,0.8071362559,14.48373179,0.4088758882,0.5911241118,1.297154739,18.78764134,0.08495802448,0.5061660873,0.1876597038,0.0950778943,0.05761811037,0.04001256001,0.01030011674,0.007141869102,0.007833628291,0.001168783259,0.0001924197541,0.0003072278692,0.001563574722,76.50800815
254,3,tier3_voxel_grid,3,20261161,64,64,64,0.03014458167,0.9698554183,10.76738801,0.08254593353,0.9174540665,1.004260247,10.81325974,0.1318590859,0.7855949806,0.0378856907,0.01919480646,0.01163223571,0.008077938108,0.002079439694,0.001441836677,0.001581492523,0.0002359598791,3.884667375e-05,6.202471704e-05,0.0003156623777,58.5694151
255,3,tier3_voxel_grid,3,20261162,64,64,64,0.2763749206,0.7236250794,3.089994115,0.5250737365,0.4749262635,1.447474857,4.47268879,0.06825774201,0.4066685215,0.2409904441,0.1220979438,0.07399251796,0.05138367166,0.01322729205,0.00917150657,0.0100598558,0.001500938085,0.0002471032462,0.0003945385138,0.002007924765,84.645714
256,3,tier3_voxel_grid,3,20261163,64,64,64,0.1725792504,0.8274207496,7.747481366,0.376469048,0.623530952,1.260642651,9.766805446,0.08961562695,0.5339153251,0.1727860998,0.08754217449,0.05305139233,0.03684122935,0.009483746184,0.006575816132,0.007212747608,0.001076147392,0.0001771688763,0.0002828774862,0.001439648324,74.42442806
257,3,tier3_voxel_grid,3,20261164,64,64,64,0.1284529049,0.8715470951,9.042214786,0.2990526026,0.7009473974,1.181215229,10.68080181,0.1007421368,0.6002052606,0.1372546644,0.06954015279,0.04214199555,0.02926526252,0.007533524983,0.00522357665,0.005729530636,0.0008548502991,0.0001407361743,0.0002247070481,0.001143601527,69.74284595
258,3,tier3_voxel_grid,3,20261165,64,64,64,0.02169438756,0.9783056124,9.033070329,0.0603200768,0.9396799232,0.9890498976,8.934157284,0.1350534487,0.8046264745,0.02768480136,0.01402652015,0.008500204935,0.005902917639,0.001519541384,0.001053615792,0.001155668685,0.0001724266408,2.838703548e-05,4.532428838e-05,0.0002306688901,57.56157886
259,3,tier3_voxel_grid,3,20261166,64,64,64,0.2963248994,0.7036751006,5.526529627,0.5493473191,0.4506526809,1.483384819,8.19797015,0.06476907427,0.3858836067,0.2521311678,0.1277423977,0.07741311086,0.05375908241,0.01383877524,0.009595495253,0.0105249119,0.001570324806,0.0002585265581,0.0004127775963,0.002100748923,86.48835926
260,3,tier3_voxel_grid,3,20261167,64,64,64,0.1256734807,0.8743265193,1.738672218,0.2938262779,0.7061737221,1.176212265,2.045047589,0.1014932789,0.6046804431,0.1348559646,0.06832485015,0.04140551057,0.02875381483,0.007401867051,0.005132288003,0.0056293998,0.0008399107027,0.0001382766306,0.0002207800066,0.001123615635,69.44106157
261,3,tier3_voxel_grid,3,20261168,64,64,64,0.2213707442,0.7786292558,14.58789961,0.4514529411,0.5485470589,1.348467339,19.67130618,0.07883873035,0.4697083285,0.207201079,0.104978543,0.06361799788,0.04417914682,0.01137268822,0.007885566022,0.00864935946,0.001290490965,0.0002124568027,0.0003392201134,0.001726392843,79.36454873
262,3,tier3_voxel_grid,3,20261169,64,64,64,0.2346718741,0.7653281259,12.88021639,0.4702297043,0.5297702957,1.372409373,17.6769297,0.076140081,0.4536302147,0.2158189553,0.1093447949,0.06626398813,0.04601663929,0.01184569937,0.008213541304,0.009009102324,0.001344164872,0.0002212932743,0.0003533289056,0.001798196715,80.66916333
263,3,tier3_voxel_grid,3,20261170,64,64,64,0.07831205385,0.9216879462,7.319054661,0.1974021166,0.8025978834,1.090961697,7.984808293,0.1153516314,0.6872462521,0.09060065363,0.04590287203,0.02781757807,0.01931775451,0.004972816702,0.003448039167,0.003782015153,0.0005642795178,9.289876911e-05,0.0001483272392,0.0007548817831,64.17209629
264,3,tier3_voxel_grid,3,20261171,64,64,64,0.4026109229,0.5973890771,9.532793688,0.6611215513,0.3388784487,1.674699661,15.96456636,0.04870456638,0.2901738823,0.3034316233,0.1537338023,0.09316414983,0.06469729937,0.01665451389,0.01154786505,0.01266638762,0.001889834601,0.0003111282666,0.0004967643516,0.002528182697,95.690264
265,3,tier3_voxel_grid,3,20261172,64,64,64,0.1648794978,0.8351205022,8.62824846,0.3636708104,0.6363291896,1.246783096,10.75755433,0.09145502576,0.5448741639,0.1669121573,0.08456613819,0.05124788596,0.03558879489,0.00916134189,0.006352268252,0.006967546952,0.001039563269,0.0001711459392,0.0002732609366,0.00139070682,73.6222965
266,3,tier3_voxel_grid,3,20261173,64,64,64,0.1959415114,0.8040584886,3.899046811,0.413634252,0.586365748,1.30269472,5.079267695,0.08427413902,0.502091609,0.189843626,0.09618437971,0.05828865108,0.04047821308,0.01041998613,0.007224983837,0.007924793492,0.001182385176,0.0001946590722,0.0003108032866,0.001581771093,76.82042559
267,3,tier3_voxel_grid,3,20261174,64,64,64,0.1751639853,0.8248360147,14.68256654,0.3807024398,0.6192975602,1.265295174,18.57778058,0.08900719195,0.5302903683,0.1747290783,0.08852658562,0.05364795486,0.03725550871,0.009590390842,0.006649761138,0.007293854904,0.001088248662,0.000179161139,0.0002860584416,0.001455837159,74.69230614
268,3,tier3_voxel_grid,3,20261175,64,64,64,0.1372960057,0.8627039943,3.188432509,0.3153902494,0.6846097506,1.19713281,3.81697717,0.09839404415,0.5862157065,0.1447530717,0.07333922507,0.04444426958,0.03086406326,0.007945091608,0.005508947683,0.006042542618,0.0009015519233,0.0001484247812,0.000236983097,0.00120607802,70.69755
269,3,tier3_voxel_grid,3,20261176,64,64,64,0.07016536755,0.9298346324,6.626451536,0.1792763913,0.8207236087,1.076297662,7.132034293,0.1179567117,0.702766897,0.08228158095,0.04168800919,0.025263331,0.01754397257,0.00451620605,0.003131435619,0.003434745485,0.000512466621,8.43686804e-05,0.0001347076345,0.0006855675324,63.24168962
270,3,tier3_voxel_grid,3,20261177,64,64,64,0.3984985587,0.6015014413,4.910768092,0.6572738809,0.3427261191,1.667297406,8.1877109,0.04925756441,0.2934685547,0.3016656775,0.1528390849,0.09262194252,0.06432076667,0.01655758606,0.01148065747,0.01259267034,0.001878835927,0.0003093175269,0.000493873226,0.002513468892,95.3526456
271,3,tier3_voxel_grid,3,20261178,64,64,64,0.1620353897,0.8379646103,7.637502016,0.3588711832,0.6411288168,1.241663701,9.483209023,0.09214484171,0.5489839751,0.1647092966,0.0834500576,0.05057153048,0.03511910379,0.009040433025,0.006268432766,0.006875591187,0.001025843399,0.0001688872023,0.0002696545141,0.001372352654,73.32443629
272,3,tier3_voxel_grid,3,20261179,64,64,64,0.1018438032,0.8981561968,10.22934511,0.247124152,0.752875848,1.133318846,11.59310959,0.1082054402,0.6446704078,0.1134213254,0.05746497821,0.03482432464,0.02418354872,0.006225379606,0.004316538091,0.004734636609,0.0007064113586,0.0001162982948,0.0001856881975,0.0009450228993,66.81990549
273,3,tier3_voxel_grid,3,20261180,64,64,64,0.3077813052,0.6922186948,8.267002655,0.5627626437,0.4372373563,1.504006349,12.43362448,0.06284098598,0.3743963704,0.2582883317,0.1308619282,0.0793035761,0.05507190494,0.01417672476,0.009829821842,0.01078193528,0.001608672889,0.0002648399004,0.0004228578228,0.002152050217,87.52946349
274,3,tier3_voxel_grid,3,20261181,64,64,64,0.1088062431,0.8911937569,5.052950252,0.2611309031,0.7388690969,1.145851238,5.789929299,0.1061923504,0.6326767465,0.1198499333,0.060722036,0.03679813271,0.0255542482,0.006578227929,0.004561195175,0.005002991101,0.0007464500516,0.0001228899664,0.0001962128198,0.000998585857,67.59200328
275,3,tier3_voxel_grid,3,20261182,64,64,64,0.01574708834,0.9842529117,13.37161962,0.04426301928,0.9557369807,0.978344759,13.08205397,0.1373612143,0.8183757664,0.02031517467,0.01029269465,0.006237471085,0.004331575341,0.001115043169,0.0007731458344,0.000848032496,0.000126527089,2.083047578e-05,3.325907321e-05,0.0001692653934,56.84788253
276,3,tier3_voxel_grid,3,20261183,64,64,64,0.09650720076,0.9034927992,7.886311351,0.236176685,0.763823315,1.123712961,8.861950283,0.109778841,0.654044474,0.1083968217,0.05491931057,0.03328162578,0.02311223051,0.005949598637,0.004125317774,0.004524894752,0.0006751177152,0.0001111463428,0.0001774623101,0.0009031588929,66.2246033
277,3,tier3_voxel_grid,3,20261184,64,64,64,0.429453996,0.570546004,8.298249942,0.6854246689,0.3145753311,1.723017193,14.29802732,0.04521165377,0.2693636773,0.3145859026,0.1593851242,0.09658890476,0.06707560041,0.01726674111,0.01197236963,0.01313200957,0.001959305748,0.0003225654778,0.0005150256267,0.0026211198,97.85944603
278,3,tier3_voxel_grid,3,20261185,64,64,64,0.1002322867,0.8997677133,11.64660745,0.2438379078,0.7561620922,1.130418116,13.16553605,0.1086777485,0.6474843437,0.1119130545,0.05670081189,0.03436123256,0.02386195714,0.006142594829,0.00425913699,0.004671675655,0.0006970175368,0.000114751766,0.0001832189254,0.0009324560335,66.64045977
279,3,tier3_voxel_grid,3,20261186,64,64,64,0.05432048636,0.9456795136,14.51852651,0.142569798,0.857430202,1.047776875,15.21217634,0.1232322868,0.7341979152,0.06543454099,0.03315244693,0.0200906989,0.01395186843,0.003591519104,0.002490278504,0.002731486095,0.0004075397887,6.709430971e-05,0.0001071264325,0.0005451985277,61.41196374
280,3,tier3_voxel_grid,3,20261187,64,64,64,0.1471472282,0.8528527718,4.32188159,0.3330862885,0.6669137115,1.214865011,5.250502724,0.09585071949,0.571062992,0.1528749336,0.07745417092,0.04693796599,0.03259579616,0.008390877907,0.005818045869,0.006381579957,0.0009521365502,0.0001567526567,0.0002502798371,0.001273749115,71.75132385
281,3,tier3_voxel_grid,3,20261188,64,64,64,0.2339080053,0.7660919947,7.674793175,0.4691691253,0.5308308747,1.37103441,10.52240553,0.0762925104,0.4545383643,0.2153321867,0.1090981733,0.06611453309,0.04591285111,0.011818982,0.008195016082,0.008988782755,0.001341133177,0.0002207941586,0.0003525319903,0.001794140975,80.59472171
282,3,tier3_voxel_grid,3,20261189,64,64,64,0.2916960323,0.7083039677,13.50994128,0.5438205718,0.4561794282,1.475052858,19.92787749,0.06556339397,0.3906160342,0.2495945845,0.1264572364,0.07663429083,0.05321823539,0.01369954927,0.009498959099,0.01041902528,0.001554526443,0.0002559256335,0.0004086248183,0.002079614191,86.06420005
283,3,tier3_voxel_grid,3,20261190,64,64,64,0.06135345212,0.9386465479,3.932879572,0.159106216,0.840893784,1.060436214,4.170567923,0.1208556262,0.7200381578,0.07302417735,0.03699774045,0.02242098344,0.01557012091,0.004008093035,0.002779121491,0.003048306323,0.000454809606,7.48764597e-05,0.0001195518375,0.0006084351381,62.22738641
284,3,tier3_voxel_grid,3,20261191,64,64,64,0.3116541516,0.6883458484,7.063244988,0.5672148872,0.4327851128,1.510977473,10.67240406,0.06220109699,0.3705840158,0.2603317554,0.13189723,0.07993097885,0.05550760112,0.01428888258,0.009907589549,0.01086723555,0.001621399753,0.0002669351563,0.0004262032226,0.002169075959,87.87863018
285,3,tier3_voxel_grid,3,20261192,64,64,64,0.15824099,0.84175901,11.91684107,0.3524059099,0.6475940901,1.234833782,14.71531793,0.09307404903,0.5545200411,0.1617419627,0.08194665621,0.04966045491,0.03448641268,0.008877564359,0.006155503299,0.006751723407,0.001007362233,0.000165844601,0.000264796531,0.001347628922,72.92572985
286,3,tier3_voxel_grid,3,20261193,64,64,64,0.02930762552,0.9706923745,10.57149599,0.08037464046,0.9196253595,1.002753726,10.60060699,0.1321711503,0.7874542093,0.03688914327,0.01868990515,0.0113262607,0.007865455551,0.002024741991,0.001403910521,0.001539892851,0.0002297531767,3.782484857e-05,6.039321525e-05,0.000307359176,58.4699205
287,3,tier3_voxel_grid,3,20261194,64,64,64,0.4367899146,0.5632100854,1.365381189,0.6918310973,0.3081689027,1.736221846,2.370604648,0.04429090382,0.2638779989,0.3175262287,0.1608748421,0.097491688,0.06770253295,0.0174281274,0.01208427124,0.01325474994,0.001977618704,0.0003255803863,0.0005198393939,0.002645618504,98.44198004
288,3,tier3_voxel_grid,3,20261195,64,64,64,0.08074724697,0.919252753,3.287510846,0.2027260088,0.7972739912,1.095345045,3.600958714,0.1145864665,0.6826875246,0.0930441336,0.04714086253,0.02856781211,0.01983875016,0.00510693249,0.003541032035,0.003884015281,0.000579498014,9.540422875e-05,0.0001523275926,0.0007752407809,64.44884245
289,3,tier3_voxel_grid,3,20261196,64,64,64,0.01265474913,0.9873452509,12.37873077,0.03577439096,0.964225609,0.9727785484,12.04176375,0.1385812239,0.8256443851,0.01641919175,0.00831879272,0.005041267696,0.003500878889,0.0009012035533,0.0006248742585,0.000685399382,0.0001022621056,1.683566997e-05,2.688074847e-05,0.0001368041868,56.47537371
290,3,tier3_voxel_grid,3,20261197,64,64,64,0.2603496014,0.7396503986,4.607344375,0.5046853415,0.4953146585,1.418629283,6.536113645,0.07118801964,0.4241266388,0.2316328853,0.1173569314,0.07111941924,0.04938846504,0.01271368179,0.008815380781,0.009669235783,0.001442657283,0.0002375083298,0.0003792187472,0.00192995788,83.13782109
291,3,tier3_voxel_grid,3,20261198,64,64,64,0.03573385364,0.9642661464,4.284353523,0.0968806755,0.9031193245,1.014320937,4.345709478,0.1297988564,0.7733204681,0.04446483491,0.02252813357,0.01365226372,0.00948073475,0.002440550535,0.001692222806,0.001856130973,0.0002769361434,4.559270012e-05,7.279579051e-05,0.0003704795994,59.23199487
292,3,tier3_voxel_grid,3,20261199,64,64,64,0.2269236543,0.7730763457,1.392771515,0.4593722783,0.5406277217,1.358462578,1.892027983,0.07770054088,0.4629271808,0.2108357772,0.1068200649,0.06473397771,0.04495413249,0.01157218665,0.008023893742,0.008801085559,0.001313128614,0.0002161836963,0.0003451706748,0.001756677033,79.91135938
293,3,tier3_voxel_grid,3,20261200,64,64,64,0.1927130518,0.8072869482,8.213009939,0.4086418674,0.5913581326,1.296883493,10.65131702,0.08499165861,0.506366474,0.1875522964,0.09502347629,0.05758513254,0.03998965875,0.01029422145,0.00713778144,0.007829144699,0.001168114303,0.0001923096223,0.0003070520268,0.001562679807,76.49268661
294,3,tier3_voxel_grid,3,20261201,64,64,64,0.0181730449,0.9818269551,9.454211705,0.05085508254,0.9491449175,0.9827114808,9.290762385,0.1364137844,0.8127311331,0.02334070069,0.01182557911,0.00716641368,0.004976674097,0.001281105837,0.0008882899509,0.0009743294353,0.0001453706878,2.393274526e-05,3.821232579e-05,0.0001944739806,57.13943992
295,3,tier3_voxel_grid,3,20261202,64,64,64,0.1144818449,0.8855181551,10.04467704,0.2723241699,0.7276758301,1.156067321,11.61232287,0.1045836225,0.6230922075,0.1249872505,0.06332486064,0.03837546926,0.02664962035,0.006860200914,0.004756708896,0.005217442219,0.0007784463204,0.0001281575934,0.0002046234001,0.001041389822,68.21757195
296,3,tier3_voxel_grid,3,20261203,64,64,64,0.1917350724,0.8082649276,13.97046301,0.4071207106,0.5928792894,1.29512313,18.09346978,0.08521028355,0.5076690058,0.1868541388,0.09466975434,0.05737077367,0.03984079848,0.01025590153,0.00711121127,0.00780000095,0.001163766034,0.0001915937557,0.0003059090351,0.00155686278,76.39319424
297,3,tier3_voxel_grid,3,20261204,64,64,64,0.1000525098,0.8999474902,13.35726507,0.2434702564,0.7565297436,1.130094518,15.09497202,0.1087305884,0.6477991553,0.1117443154,0.05661532011,0.03430942373,0.02382597879,0.00613333321,0.004252715191,0.004664631843,0.0006959665947,0.0001145787468,0.0001829426734,0.0009310501043,66.62042406
298,3,tier3_voxel_grid,3,20261205,64,64,64,0.3571871895,0.6428128105,3.840105021,0.6166375741,0.3833624259,1.592936941,6.117045145,0.05509792904,0.3282644969,0.2830150367,0.1433897272,0.08689554172,0.0603441011,0.0155339045,0.01077085973,0.0118141218,0.001762675897,0.0002901938065,0.0004633392514,0.002358072342,91.88068966
299,3,tier3_voxel_grid,3,20261206,64,64,64,0.1662943582,0.8337056418,14.71083648,0.3660438331,0.6339561669,1.249329845,18.37868705,0.09111396824,0.5428421987,0.1680012915,0.08511794867,0.05158228837,0.0358210187,0.009221121427,0.006393718037,0.007013011549,0.001046346621,0.0001722626997,0.0002750440173,0.001399781452,73.77015709
300,3,tier3_voxel_grid,3,20261207,64,64,64,0.1201869468,0.8798130532,8.751543279,0.2833779981,0.7166220019,1.166336504,10.20724439,0.1029949352,0.6136270667,0.1300605703,0.06589526095,0.03993315635,0.02773134705,0.00713866126,0.004949787032,0.005429221842,0.0008100440002,0.0001333595996,0.0002129292068,0.001083660562,68.84293109
301,3,tier3_voxel_grid,3,20261208,64,64,64,0.1122757777,0.8877242223,10.10090227,0.2679970086,0.7320029914,1.1520964,11.63721314,0.1052055344,0.6267974571,0.1230012351,0.06231864481,0.03776569288,0.0262261647,0.006751194077,0.004681126009,0.005134538398,0.0007660770076,0.000126121202,0.0002013719866,0.001024842404,67.97482586
302,3,tier3_voxel_grid,3,20261209,64,64,64,0.01224237782,0.9877576222,11.40701003,0.03463506425,0.9653649357,0.9720362801,11.0880276,0.1387449712,0.8266199646,0.01589628072,0.008053859552,0.00488071567,0.003389384473,0.000872502428,0.0006049735442,0.0006635710909,9.900530803e-05,1.629949513e-05,2.602466249e-05,0.0001324473086,56.42562574
303,3,tier3_voxel_grid,3,20261210,64,64,64,0.1714926877,0.8285073123,12.70524319,0.3746800848,0.6253199152,1.258686838,15.99192237,0.08987274179,0.5354471734,0.1719650284,0.08712617819,0.0527992946,0.03666616156,0.009438679867,0.006544568163,0.007178472971,0.00107103359,0.0001763269781,0.0002815332657,0.001432807182,74.31160998
304,3,tier3_voxel_grid,3,20261211,64,64,64,0.1908846716,0.8091153284,12.65983081,0.4057946253,0.5942053747,1.293592409,16.37666103,0.08540087228,0.5088045024,0.1862455121,0.09436139327,0.05718390392,0.03971102788,0.01022249571,0.007088048426,0.007774594561,0.001159975382,0.000190969691,0.0003049126194,0.001551791721,76.30660044
305,3,tier3_voxel_grid,3,20261212,64,64,64,0.1690841955,0.8309158045,11.53217103,0.3706947522,0.6293052478,1.254351552,14.46539663,0.09044552503,0.5388597228,0.1701359004,0.08619944947,0.05223768817,0.03627615725,0.009338284144,0.006474956028,0.007102118226,0.001059641404,0.0001744514537,0.0002785387012,0.001417566946,74.06109551
306,3,tier3_voxel_grid,3,20261213,64,64,64,0.08650249044,0.9134975096,6.982948392,0.2151405302,0.7848594698,1.105704483,7.72107734,0.1128022165,0.6720572533,0.09874196386,0.05002767143,0.03031724583,0.02105363418,0.005419670471,0.003757877512,0.004121864342,0.0006149852736,0.0001012465864,0.0001616558193,0.0008227149226,65.10038529
307,3,tier3_voxel_grid,3,20261214,64,64,64,0.05446947319,0.9455305268,12.3186432,0.1429242484,0.8570757516,1.048045052,12.91049305,0.1231813442,0.7338944074,0.06559722128,0.03323486899,0.02014064745,0.01398655492,0.00360044817,0.002496469718,0.002738276987,0.000408552995,6.726111644e-05,0.0001073927653,0.0005465539748,61.42929174
308,3,tier3_voxel_grid,3,20261215,64,64,64,0.2407827236,0.7592172764,7.162333487,0.4786383033,0.5213616967,1.383408902,9.908435908,0.07493157343,0.4464301232,0.2196782075,0.1113000872,0.06744891392,0.04683950408,0.01205752294,0.008360415002,0.009170202161,0.00136820109,0.0002252504178,0.0003596470966,0.001830351883,81.26258815
309,3,tier3_voxel_grid,3,20261216,64,64,64,0.1732156236,0.8267843764,12.20817722,0.3775142248,0.6224857752,1.261788122,15.40413301,0.0894654112,0.533020364,0.1732657993,0.08778521451,0.0531986769,0.03694351026,0.009510075549,0.006594072321,0.007232772086,0.001079135059,0.0001776607435,0.0002836628283,0.001443645165,74.49044557
310,3,tier3_voxel_grid,3,20261217,64,64,64,0.07587815768,0.9241218423,13.07941146,0.1920381401,0.8079618599,1.086580684,14.21183585,0.1161225572,0.6918393027,0.08813877642,0.04465556056,0.02706169542,0.01879283623,0.004837691141,0.003354346145,0.003679247054,0.0005489464398,9.037444556e-05,0.0001442967666,0.0007343694999,63.89486739
311,3,tier3_voxel_grid,3,20261218,64,64,64,0.2589380528,0.7410619472,13.56280163,0.5028496791,0.4971503209,1.416088495,19.20612734,0.07145184623,0.4256984747,0.2307903805,0.1169300759,0.07086074074,0.04920882727,0.01266743906,0.008783317112,0.009634066437,0.00143740999,0.0002366444547,0.0003778394371,0.001922938157,83.00380378
312,3,tier3_voxel_grid,3,20261219,64,64,64,0.2735518797,0.7264481203,2.605539442,0.5215412645,0.4784587355,1.442393383,3.758212851,0.06876543885,0.4096932966,0.2393691632,0.1212765209,0.07349472789,0.05103798425,0.01313830447,0.009109804588,0.009992177387,0.001490840414,0.000245440841,0.0003918842271,0.001994416304,84.3818882
313,3,tier3_voxel_grid,3,20261220,64,64,64,0.08408786074,0.9159121393,10.15792563,0.2099604177,0.7900395823,1.101358149,11.18751418,0.1135467169,0.6764928654,0.09636447374,0.04882311472,0.02958727298,0.0205467088,0.005289176681,0.003667396055,0.004022618881,0.0006001777757,9.880879041e-05,0.0001577635014,0.00080290575,64.827458
314,3,tier3_voxel_grid,3,20261221,64,64,64,0.1656866156,0.8343133844,12.26014902,0.3650257054,0.6349742946,1.248235908,15.30355825,0.09126029642,0.5437139981,0.1675340066,0.08488119851,0.05143881552,0.03572138481,0.009195473464,0.006375934317,0.006993505304,0.001043436274,0.000171783562,0.0002742789999,0.001395888049,73.70667041
315,3,tier3_voxel_grid,3,20261222,64,64,64,0.4028556573,0.5971443427,4.454036118,0.6613494612,0.3386505388,1.675140183,7.461134878,0.04867181052,0.2899787283,0.303536226,0.1537867993,0.09319626652,0.06471960261,0.01666025524,0.01155184597,0.01267075413,0.001890486088,0.0003112355225,0.0004969356023,0.002529054243,95.71031144
316,3,tier3_voxel_grid,3,20261223,64,64,64,0.3216269084,0.6783730916,5.572988273,0.5784927389,0.4215072611,1.528928435,8.520700239,0.06058021233,0.3609270488,0.2655078941,0.1345197236,0.08152023497,0.05661125074,0.01457298637,0.01010458072,0.01108330722,0.00165363781,0.0002722425895,0.0004346773597,0.002212203384,88.77134247
317,3,tier3_voxel_grid,3,20261224,64,64,64,0.0255007487,0.9744992513,7.532878814,0.07041566826,0.9295843317,0.9959013477,7.502004163,0.1336024818,0.7959818499,0.03231832405,0.01637409702,0.009922858899,0.00689087137,0.001773862496,0.001229956327,0.001349089508,0.0002012851738,3.3138089e-05,5.291007943e-05,0.0002692752547,58.01646198
318,3,tier3_voxel_grid,3,20261225,64,64,64,0.1950113662,0.8049886338,2.020363814,0.4122004795,0.5877995205,1.301020459,2.628534657,0.08448020484,0.5033193157,0.1891855747,0.09585097764,0.05808660625,0.04033790423,0.01038386753,0.007199940014,0.007897323933,0.001178286697,0.0001939843292,0.0003097259551,0.00157628823,76.72611156
319,3,tier3_voxel_grid,3,20261226,64,64,64,0.05209886203,0.947901138,7.684778607,0.1372627869,0.8627372131,1.043777952,8.021202473,0.1239950254,0.7387421876,0.06299880889,0.03191838189,0.01934284372,0.01343252478,0.003457828575,0.002397580501,0.002629809392,0.0003923695479,6.459679446e-05,0.0001031387636,0.0005249040849,61.1532995
320,3,tier3_voxel_grid,3,20261227,64,64,64,0.04254107179,0.9574589282,12.79976531,0.1139595933,0.8860404067,1.026573929,13.13990536,0.1273442261,0.7586961806,0.05230345964,0.02649957719,0.01605899641,0.0111520762,0.002870790742,0.001990541681,0.002183344921,0.0003257567115,5.363015415e-05,8.562882778e-05,0.0004357907729,60.03457986
321,3,tier3_voxel_grid,3,20261228,64,64,64,0.01761991341,0.9823800866,4.238209672,0.04935721693,0.9506427831,0.9817158441,4.160717586,0.1366290619,0.8140137212,0.02265323287,0.01147727315,0.006955336949,0.004830093095,0.00124337265,0.0008621266079,0.0009456319192,0.0001410889967,2.322783959e-05,3.708683497e-05,0.0001887460204,57.07301579
322,3,tier3_voxel_grid,3,20261229,64,64,64,0.1292801268,0.8707198732,1.152862287,0.3005995415,0.6994004585,1.182704228,1.363495102,0.1005198064,0.5988806521,0.1379646552,0.06989987,0.04235998762,0.02941664583,0.007572494392,0.005250597161,0.005759168345,0.0008592722677,0.0001414641742,0.0002258694124,0.001149517147,69.8325054
323,3,tier3_voxel_grid,3,20261230,64,64,64,0.2882729496,0.7117270504,5.386624666,0.539693173,0.460306827,1.468891309,7.912366158,0.06615659537,0.3941502317,0.2477002531,0.1254974723,0.07605266464,0.05281432848,0.01359557471,0.009426865481,0.0103399487,0.001542728157,0.0002539832517,0.0004055235057,0.002063830681,85.74922335
324,3,tier3_voxel_grid,3,20261231,64,64,64,0.2439810732,0.7560189268,8.787011984,0.4829861833,0.5170138167,1.389165932,12.20661769,0.07430668386,0.4427071329,0.2216737321,0.1123111208,0.06806160993,0.04726498724,0.0121670517,0.008436359781,0.009253502929,0.001380629627,0.0002272965594,0.0003629140779,0.001846978531,81.57169702
325,3,tier3_voxel_grid,3,20261232,64,64,64,0.02359633939,0.9764036606,4.533587348,0.06538203706,0.9346179629,0.9924734109,4.499464899,0.1343259295,0.8002920334,0.03000806372,0.01520360233,0.009213527958,0.006398280643,0.001647058763,0.001142033472,0.001252650474,0.000186896397,3.076922816e-05,4.912782707e-05,0.0002500262387,57.7890589
326,3,tier3_voxel_grid,3,20261233,64,64,64,0.3854361905,0.6145638095,2.701731614,0.6448224261,0.3551775739,1.643785143,4.441066287,0.05104712262,0.3041304513,0.295950896,0.1499436876,0.09086730421,0.06310226835,0.01624391767,0.01126316688,0.01235411367,0.001843243092,0.0003034577882,0.0004845172477,0.002465853514,94.27074432
327,3,tier3_voxel_grid,3,20261234,64,64,64,0.2841188373,0.7158811627,14.23604071,0.5346375853,0.4653624147,1.461413907,20.80474787,0.06688319869,0.398479216,0.2453799155,0.124321872,0.07534023964,0.0523195891,0.01346821787,0.009338559112,0.010243089,0.001528276617,0.000251604058,0.0004017247553,0.002044497702,85.36548109
328,3,tier3_voxel_grid,3,20261235,64,64,64,0.0625125837,0.9374874163,11.47336878,0.1617938263,0.8382061737,1.062522651,12.19071421,0.1204693553,0.7177368184,0.07425769627,0.03762270351,0.022799717,0.01583313022,0.004075797442,0.002826066203,0.003099798084,0.0004624922158,7.614126724e-05,0.0001215712981,0.0006187127788,62.36127853
329,3,tier3_voxel_grid,3,20261236,64,64,64,0.118095331,0.881904669,10.71982368,0.2793480946,0.7206519054,1.162571596,12.46256252,0.1035741243,0.6170777811,0.1282109858,0.06495816794,0.03936526905,0.02733698103,0.007037142736,0.004879396373,0.005352013166,0.0007985244073,0.0001314630998,0.0002099011518,0.001068249882,68.61406341
330,3,tier3_voxel_grid,3,20261237,64,64,64,0.3450046314,0.6549953686,6.5507683,0.6039196065,0.3960803935,1.571008337,10.29131161,0.05692579121,0.3391546023,0.2771779353,0.1404323565,0.08510334687,0.05909952186,0.01521352232,0.01054871393,0.01157045903,0.001726321228,0.000284208645,0.0004537830164,0.002309437798,90.82829275
331,3,tier3_voxel_grid,3,20261238,64,64,64,0.4316588096,0.5683411904,4.498249126,0.6873604213,0.3126395787,1.726985857,7.768412622,0.04493344199,0.2677061368,0.3154743451,0.1598352541,0.09686168776,0.06726503297,0.01731550524,0.01200618157,0.01316909653,0.001964839151,0.0003234764559,0.000516480144,0.002628522274,98.03498533
332,3,tier3_voxel_grid,3,20261239,64,64,64,0.07351944941,0.9264805506,10.47947535,0.1867984351,0.8132015649,1.082335009,11.34230305,0.1168756224,0.6963259426,0.08573393542,0.04343714652,0.0263233249,0.01828007913,0.004705696139,0.003262823781,0.003578859864,0.0005339685952,8.790860498e-05,0.0001403596711,0.0007143324407,63.62560201
333,3,tier3_voxel_grid,3,20261240,64,64,64,0.2297799443,0.7702200557,9.439130638,0.4634005864,0.5365994136,1.3636039,12.87123535,0.07712158108,0.4594778325,0.2126846295,0.1077567869,0.06530164019,0.04534834239,0.01167366498,0.008094256535,0.008878263669,0.001324643646,0.0002180794453,0.000348197531,0.001772081612,80.19141628
334,3,tier3_voxel_grid,3,20261241,64,64,64,0.1217345037,0.8782654963,10.30256729,0.2863429604,0.7136570396,1.169122107,12.04495917,0.1025688024,0.6110882371,0.1314213841,0.06658471802,0.04035097391,0.02802149801,0.007213352525,0.005001576274,0.005486027375,0.0008185194285,0.0001347549308,0.0002151570688,0.001094998819,69.01196706
335,3,tier3_voxel_grid,3,20261242,64,64,64,0.3940416309,0.6059583691,2.352056335,0.6530650598,0.3469349402,1.659274936,3.902708123,0.04986246806,0.2970724722,0.299733976,0.1518603872,0.09202884244,0.06390889178,0.01645156036,0.01140714164,0.01251203379,0.001866804893,0.0003073368272,0.0004907107329,0.002497374017,94.98512686
336,3,tier3_voxel_grid,3,20261243,64,64,64,0.3969395323,0.6030604677,8.12135592,0.6558062555,0.3441937445,1.664491158,13.51792512,0.04946849568,0.2947252488,0.3009920888,0.1524978108,0.09241512719,0.06417714497,0.01652061466,0.01145502234,0.01256455219,0.001874640678,0.0003086268525,0.0004927704575,0.002507856573,95.22427926
337,3,tier3_voxel_grid,3,20261244,64,64,64,0.1114064133,0.8885935867,3.57044468,0.2662835611,0.7337164389,1.150531544,4.107909231,0.1054517959,0.628264643,0.1222148227,0.06192020856,0.03752423671,0.02605848688,0.006708030102,0.00465119708,0.005101710562,0.0007611790697,0.000125314842,0.0002000845084,0.001018290041,67.87902221
338,3,tier3_voxel_grid,3,20261245,64,64,64,0.2909866833,0.7090133167,14.59945721,0.5429681056,0.4570318944,1.47377603,21.51633009,0.06568591282,0.3913459816,0.2492033324,0.1262590083,0.0765141627,0.05313481311,0.01367807454,0.009484069001,0.01040269293,0.001552089644,0.0002555244571,0.0004079842782,0.00207635429,85.99902043
339,3,tier3_voxel_grid,3,20261246,64,64,64,0.1041656703,0.8958343297,7.933412575,0.2518294901,0.7481705099,1.137498207,9.024242576,0.1075291757,0.6406413342,0.1155809107,0.05855913328,0.03548739305,0.0246440127,0.006343913206,0.00439872662,0.004824785893,0.0007198617,0.0001185126586,0.0001892237715,0.0009630164953,67.07796304
340,3,tier3_voxel_grid,3,20261247,64,64,64,0.0456829985,0.9543170015,11.07003978,0.1217057431,0.8782942569,1.032229397,11.42682049,0.1262309276,0.7520633293,0.05585867096,0.028300827,0.01715057097,0.01191011378,0.003065926357,0.002125844324,0.002331752935,0.0003478992993,5.727554458e-05,9.144925687e-05,0.0004654126813,60.40339079
341,3,tier3_voxel_grid,3,20261248,64,64,64,0.1759529645,0.8240470355,4.369168425,0.3819884694,0.6180115306,1.266715336,5.53449265,0.08882236014,0.5291891705,0.1753193208,0.08882563232,0.05382918001,0.03738135946,0.009622787605,0.006672224324,0.007318493867,0.001091924813,0.0001797663532,0.0002870247596,0.001460755041,74.77393586
342,3,tier3_voxel_grid,3,20261249,64,64,64,0.1067234904,0.8932765096,3.234077624,0.2569731302,0.7430268698,1.142102283,3.693647437,0.1067899173,0.6362369525,0.1179416612,0.05975520888,0.03621222626,0.02514736889,0.006473488207,0.00448857101,0.004923332582,0.0007345649404,0.0001209332904,0.0001930886841,0.0009826861944,67.36157913
343,3,tier3_voxel_grid,3,20261250,64,64,64,0.0915724554,0.9084275446,7.33340977,0.2258857023,0.7741142977,1.11483042,8.175508292,0.1112578901,0.6628564076,0.1036736213,0.05252629844,0.03183143762,0.02210515582,0.005690355366,0.003945564326,0.004327730442,0.0006457006511,0.0001063033369,0.0001697297029,0.0008638053366,65.67142527
344,3,tier3_voxel_grid,3,20261251,64,64,64,0.08247658257,0.9175234174,5.248981678,0.2064809336,0.7935190664,1.098457849,5.765785121,0.1140467982,0.6794722683,0.09476751247,0.0480140134,0.02909694986,0.02020620678,0.00520152394,0.003606619618,0.003955955656,0.0005902315723,9.717132169e-05,0.0001551490295,0.0007895999192,64.64498868
345,3,tier3_voxel_grid,3,20261252,64,64,64,0.076003184,0.923996816,6.149344285,0.1923147348,0.8076852652,1.086805731,6.683142612,0.1160828042,0.691602461,0.0882657237,0.04471987847,0.02710067269,0.01881990376,0.004844658923,0.003359177448,0.003684546315,0.0005497370936,9.05046129e-05,0.0001445045988,0.0007354272206,63.90912365
346,3,tier3_voxel_grid,3,20261253,64,64,64,0.1722827978,0.8277172022,4.10580576,0.3759815067,0.6240184933,1.260109036,5.173762939,0.08968569776,0.5343327955,0.1725623355,0.08742880415,0.05298268882,0.0367935186,0.009471464383,0.006567300208,0.007203406835,0.001074753741,0.000176939436,0.0002825111495,0.001437783926,74.39365956
347,3,tier3_voxel_grid,3,20261254,64,64,64,0.4335566461,0.5664433539,12.99418206,0.689019547,0.310980453,1.730401963,22.48515815,0.04469498775,0.2662854652,0.3162358257,0.1602210586,0.09709548901,0.06742739488,0.01735730078,0.01203516166,0.01320088362,0.001969581809,0.0003242572517,0.0005177268051,0.002634866906,98.18576829
348,3,tier3_voxel_grid,3,20261255,64,64,64,0.2146144693,0.7853855307,3.298405032,0.4416576524,0.5583423476,1.336306045,4.407678583,0.08024653687,0.4780958107,0.2027053848,0.102700797,0.06223766208,0.04322058069,0.01112593213,0.0077144709,0.008461692119,0.001262490856,0.0002078470737,0.0003318599687,0.00168893486,78.69503312
349,3,tier3_voxel_grid,3,20261256,64,64,64,0.3632726986,0.6367273014,9.907234567,0.6228602878,0.3771397122,1.603890857,15.89012294,0.05420358308,0.3229361291,0.2858710442,0.1448367251,0.08777243619,0.06095305534,0.01569066278,0.01087955238,0.0119333424,0.0017804637,0.0002931222576,0.0004680149761,0.002381868507,92.40145769
350,3,tier3_voxel_grid,3,20261257,64,64,64,0.1382808131,0.8617191869,6.327080527,0.3171828369,0.6828171631,1.198905464,7.585571413,0.09813640841,0.5846807547,0.1455758066,0.07375606415,0.04469687803,0.03103948572,0.007990249225,0.005540258958,0.006076886694,0.0009066760852,0.000149268385,0.0002383300408,0.00121293302,70.80335634
351,3,tier3_voxel_grid,3,20261258,64,64,64,0.003101410879,0.9968985891,14.21454921,0.008925319963,0.99107468,0.9555825396,13.58317504,0.1424400481,0.8486346319,0.004096409079,0.00207544796,0.00125774125,0.0008734310604,0.0002248404473,0.0001558993052,0.0001709996627,2.551327885e-05,4.200315847e-06,6.706453262e-06,3.4131151e-05,55.31849024
352,3,tier3_voxel_grid,3,20261259,64,64,64,0.03680864259,0.9631913574,12.6546897,0.09960463828,0.9003953617,1.016255557,12.86039872,0.1294073607,0.770988001,0.04571503837,0.02316154986,0.01403612002,0.009747301519,0.002509170709,0.00173980249,0.001908319211,0.0002847226678,4.68746154e-05,7.484256633e-05,0.0003808962551,59.35903488
353,3,tier3_voxel_grid,3,20261260,64,64,64,0.1881025162,0.8118974838,12.00594157,0.4014342154,0.5985657846,1.288584529,15.47067057,0.08602756268,0.5125382219,0.1842442368,0.09334744601,0.05656944221,0.03928431853,0.0101126513,0.007011884785,0.007691053734,0.001147511027,0.0001889176526,0.0003016362231,0.001535117159,76.02277938
354,3,tier3_voxel_grid,3,20261261,64,64,64,0.1273821324,0.8726178676,8.677241728,0.2970444133,0.7029555867,1.179287838,10.23296564,0.1010307595,0.6019248273,0.1363329759,0.06907317878,0.04185900485,0.02906874128,0.007482936076,0.00518849944,0.005691055859,0.0008491098332,0.0001397911068,0.0002231981019,0.001135922047,69.6266809
355,3,tier3_voxel_grid,3,20261262,64,64,64,0.2029710142,0.7970289858,2.73604945,0.4243518545,0.5756481455,1.315347826,3.598856695,0.08273377496,0.4929143705,0.19476263,0.09867659583,0.05979895781,0.04152703677,0.01068997651,0.007412189091,0.008130131388,0.001213021745,0.0001997028484,0.0003188564545,0.001622756078,77.530319
356,3,tier3_voxel_grid,3,20261263,64,64,64,0.1904477868,0.8095522132,8.039063375,0.4051121415,0.5948878585,1.292806016,10.3929495,0.08549896077,0.5093888977,0.185932276,0.094202692,0.05708772944,0.03964424007,0.01020530306,0.007076127425,0.007761518896,0.001158024482,0.0001906485095,0.0003043998035,0.001549181848,76.26208471
357,3,tier3_voxel_grid,3,20261264,64,64,64,0.02354539887,0.9764546011,5.491315828,0.06524691631,0.9347530837,0.992381718,5.449481435,0.1343453494,0.8004077342,0.02994604803,0.01517218205,0.009194486966,0.006385057738,0.001643654895,0.001139673307,0.001250061704,0.0001865101505,3.070563942e-05,4.902629783e-05,0.0002495095259,57.78297106
358,3,tier3_voxel_grid,3,20261265,64,64,64,0.2186196446,0.7813803554,11.84941974,0.4474857827,0.5525142173,1.34351536,15.91987743,0.07940890155,0.4731053157,0.2053802923,0.1040560404,0.06305895251,0.04379092104,0.01127275033,0.007816271336,0.008573352913,0.001279150731,0.0002105898312,0.0003362392049,0.001711222105,79.09248597
359,3,tier3_voxel_grid,3,20261266,64,64,64,0.1115097653,0.8884902347,4.792572727,0.2664875036,0.7335124964,1.150717578,5.514897678,0.1054224847,0.6280900117,0.1223084252,0.0619676323,0.03755297595,0.02607844467,0.006713167679,0.004654759361,0.005105617884,0.0007617620451,0.0001254108188,0.0002002377501,0.001019069934,67.89041578
360,3,tier3_voxel_grid,3,20261267,64,64,64,0.3921481204,0.6078518796,3.319214501,0.6512646128,0.3487353872,1.655866617,5.496176485,0.05012123337,0.2986141538,0.298907634,0.1514417206,0.09177512645,0.0637327002,0.01640620476,0.01137569309,0.01247753913,0.001861658264,0.0003064895248,0.0004893578836,0.002490488961,94.82847811
361,3,tier3_voxel_grid,3,20261268,64,64,64,0.01441519372,0.9855848063,8.596998801,0.04061877189,0.9593812281,0.9759473487,8.390218187,0.1378849758,0.8214962523,0.01864259283,0.009445280124,0.005723929802,0.003974949598,0.001023239825,0.0007094914625,0.0007782125818,0.0001161099051,1.911546835e-05,3.052079885e-05,0.0001553294943,56.68755857
362,3,tier3_voxel_grid,3,20261269,64,64,64,0.2432883134,0.7567116866,2.072371975,0.4820474964,0.5179525036,1.387918964,2.876284365,0.07444159458,0.443510909,0.2212429077,0.1120928434,0.06792933175,0.04717312743,0.01214340496,0.00841996366,0.009235518685,0.001377946364,0.0002268548071,0.000362208752,0.001843388916,81.50483055
363,3,tier3_voxel_grid,3,20261270,64,64,64,0.03323326485,0.9667667352,5.617703378,0.09050275246,0.9094972475,1.009819877,5.672868533,0.1307155094,0.7787817381,0.04153759175,0.02104504418,0.01275349741,0.008856591739,0.002279882338,0.001580819095,0.001733936734,0.0002587046705,4.259120647e-05,6.800344212e-05,0.0003460899018,58.93596212
364,3,tier3_voxel_grid,3,20261271,64,64,64,0.123667093,0.876332907,7.659752233,0.2900258257,0.7099741743,1.172600767,8.981831347,0.1020394907,0.6079346837,0.1331116902,0.06744111255,0.04086995716,0.02838190289,0.007306128704,0.005065905188,0.005556587166,0.0008290470027,0.0001364881121,0.0002179243605,0.001109082396,69.22270108
365,3,tier3_voxel_grid,3,20261272,64,64,64,0.0006374019047,0.9993625981,10.55441601,0.001842885108,0.9981571149,0.9511473234,10.03880454,0.1434579556,0.8546991593,0.0008458196815,0.0004285350165,0.0002596963055,0.0001803445816,4.642467875e-05,3.218982726e-05,3.530772377e-05,5.267939059e-06,8.672741768e-07,1.38473723e-06,7.047342858e-06,55.01862929
366,3,tier3_voxel_grid,3,20261273,64,64,64,0.06088651451,0.9391134855,6.290958397,0.1580205646,0.8419794354,1.059595726,6.66587263,0.1210116591,0.7209677763,0.0725259014,0.03674528866,0.02226799524,0.01546387915,0.00398074406,0.002760158328,0.003027506393,0.0004517062408,7.436554482e-05,0.0001187360829,0.0006042835186,62.17341001
367,3,tier3_voxel_grid,3,20261274,64,64,64,0.006578119414,0.9934218806,3.379435068,0.01880751146,0.9811924885,0.9618406149,3.250477904,0.1410197517,0.8401727369,0.008631988659,0.004373401901,0.002650323246,0.001840501489,0.0004737857362,0.0003285123649,0.000360331969,5.376180197e-05,8.8509419e-06,1.413189635e-05,7.192145673e-05,55.74056688
368,3,tier3_voxel_grid,3,20261275,64,64,64,0.05771140469,0.9422885953,6.364734475,0.1505923666,0.8494076334,1.053880528,6.707669732,0.1220792606,0.7273283728,0.06911661882,0.03501797373,0.02122122593,0.01473695632,0.003793618067,0.002630409376,0.002885189999,0.0004304725273,7.086978466e-05,0.0001131545617,0.0005758774839,61.80576776
369,3,tier3_voxel_grid,3,20261276,64,64,64,0.2220808799,0.7779191201,5.317654826,0.4524722488,0.5475277512,1.349745584,7.177481118,0.07869223258,0.4688355186,0.2076689055,0.1052155676,0.06376163703,0.04427889619,0.01139836591,0.007903370354,0.008668888314,0.001293404685,0.0002129364958,0.0003399860175,0.001730290758,79.43465139
370,3,tier3_voxel_grid,3,20261277,64,64,64,0.003062632766,0.9969373672,9.9039845,0.00881436716,0.9911856328,0.955512739,9.463383356,0.1424559946,0.8487296383,0.004045485631,0.002049647566,0.001242105965,0.0008625732284,0.0002220454015,0.0001539612833,0.0001688739247,2.519611713e-05,4.148100709e-06,6.623083726e-06,3.370685844e-05,55.31377574
371,3,tier3_voxel_grid,3,20261278,64,64,64,0.2725906241,0.7274093759,13.61994753,0.5203327579,0.4796672421,1.440663123,19.62175615,0.06893912883,0.4107281133,0.238814501,0.120995501,0.07332442714,0.05091971989,0.01310786062,0.009088695503,0.009969023682,0.001487385864,0.0002448721096,0.0003909761595,0.001989794876,84.29187892
372,3,tier3_voxel_grid,3,20261279,64,64,64,0.03134090327,0.9686590967,8.573923771,0.0856382324,0.9143617676,1.006413626,8.628913711,0.131414652,0.7829471156,0.03930494751,0.01991387373,0.01206799733,0.008380550215,0.002157338735,0.001495850119,0.001640737689,0.0002447993027,4.030193048e-05,6.434825927e-05,0.0003274875806,58.71150449
373,3,tier3_voxel_grid,3,20261280,64,64,64,0.02650852797,0.973491472,13.88622445,0.07306538072,0.9269346193,0.9977153504,13.8544993,0.1332216577,0.7937129616,0.03353444921,0.01699024752,0.01029625197,0.007150172008,0.001840612208,0.001276239074,0.001399855188,0.0002088594516,3.438506158e-05,5.490106382e-05,0.0002794079711,58.13664916
374,3,tier3_voxel_grid,3,20261281,64,64,64,0.4013450353,0.5986549647,6.434047909,0.6599407716,0.3400592284,1.672421064,10.76043725,0.04887427137,0.291184957,0.3028896868,0.1534592299,0.09299775632,0.06458174837,0.01662476851,0.01152724027,0.01264376513,0.001886459309,0.0003105725837,0.000495877118,0.002523667299,95.58648837
375,3,tier3_voxel_grid,3,20261282,64,64,64,0.2442249032,0.7557750968,2.39757008,0.4833161711,0.5166838289,1.389604826,3.331674954,0.07425925708,0.4424245718,0.2218251849,0.1123878545,0.06810811128,0.04729727983,0.01217536453,0.008442123707,0.009259825146,0.001381572907,0.0002274518539,0.0003631620296,0.001848240431,81.59522061
376,3,tier3_voxel_grid,3,20261283,64,64,64,0.05550214173,0.9444978583,3.116403493,0.1453760637,0.8546239363,1.049903855,3.271924042,0.1228289624,0.7317949739,0.06672251862,0.03380500152,0.0204861532,0.01422648936,0.003662212596,0.002539295781,0.002785251169,0.0004155615785,6.841495732e-05,0.0001092350505,0.0005559299166,61.54933265
377,3,tier3_voxel_grid,3,20261284,64,64,64,0.140624027,0.859375973,2.253622922,0.3214268153,0.6785731847,1.203123249,2.711386131,0.09752645186,0.5810467328,0.147523644,0.07474293704,0.04529493241,0.03145480109,0.008097160575,0.005614388882,0.006158196818,0.0009188076172,0.0001512656299,0.0002415189509,0.00122916234,71.05469449
378,3,tier3_voxel_grid,3,20261285,64,64,64,0.2737307477,0.7262692523,2.060913133,0.5217658205,0.4782341795,1.442715346,2.973311004,0.06873316503,0.4095010145,0.2394722265,0.121328738,0.07352637194,0.05105995928,0.01314396133,0.009113726926,0.009996479642,0.001491482314,0.0002455465186,0.0003920529576,0.001995275024,84.39862705
379,3,tier3_voxel_grid,3,20261286,64,64,64,0.05159422588,0.9484057741,10.63154669,0.1360516409,0.8639483591,1.042869607,11.08731691,0.1241690947,0.7397792644,0.06244293528,0.03163674822,0.01917217103,0.01331400212,0.003427318226,0.002376425312,0.002606605118,0.0003889074526,6.402682093e-05,0.0001022287127,0.0005202725635,61.0944723
380,3,tier3_voxel_grid,3,20261287,64,64,64,0.06619530144,0.9338046986,9.804025458,0.1702631215,0.8297368785,1.069151543,10.48198894,0.1192521243,0.7104847543,0.07814480595,0.03959210981,0.023993196,0.01666193474,0.00428915003,0.002974000085,0.003262060795,0.0004867019349,8.012697474e-05,0.000127935096,0.0006511000538,62.78572917
381,3,tier3_voxel_grid,3,20261288,64,64,64,0.0834269847,0.9165730153,1.214224509,0.2085355042,0.7914644958,1.100168572,1.335851645,0.1137515095,0.6777129864,0.09571048837,0.04849177267,0.02938647654,0.02040726689,0.005253281252,0.003642506973,0.003995319049,0.0005961046203,9.813821649e-05,0.0001566928265,0.0007974567646,64.75265048
382,3,tier3_voxel_grid,3,20261289,64,64,64,0.0550045241,0.9449954759,10.50209098,0.1441956788,0.8558043212,1.049008143,11.01677896,0.1229986107,0.7328057106,0.06618076328,0.03353052087,0.02031981531,0.01411097699,0.00363247716,0.002518677898,0.002762636245,0.0004121874147,6.785946017e-05,0.0001083481135,0.0005514160283,61.49150189
383,3,tier3_voxel_grid,3,20261290,64,64,64,0.007516252654,0.9924837473,6.560908995,0.02145206769,0.9785479323,0.9635292548,6.321627755,0.1406396686,0.8379082637,0.009845747293,0.004988353394,0.003022989713,0.002099297539,0.0005404055558,0.0003747050483,0.0004109988611,6.132134054e-05,1.009548792e-05,1.611900637e-05,8.203445531e-05,55.85425083
384,3,tier3_voxel_grid,3,20261291,64,64,64,0.2458503047,0.7541496953,10.51896746,0.485510597,0.514489403,1.392530548,14.64798352,0.073943868,0.440545535,0.2228323495,0.112898135,0.06841734612,0.04751202616,0.01223064498,0.008480453926,0.009301868018,0.001387845735,0.0002284845656,0.0003648109133,0.001856632094,81.75188115
385,3,tier3_voxel_grid,3,20261292,64,64,64,0.3333975748,0.6666024252,8.259078037,0.591467701,0.408532299,1.550115635,12.80252599,0.05871541418,0.3498168848,0.271462947,0.1375368545,0.08334864506,0.05788097944,0.01489984258,0.01033121546,0.01133189373,0.001690727105,0.0002783486943,0.0004444266995,0.002261820696,89.81322419
386,3,tier3_voxel_grid,3,20261293,64,64,64,0.3498978132,0.6501021868,6.67849151,0.6090702635,0.3909297365,1.579816064,10.55078817,0.05618552426,0.3347442122,0.2795419063,0.1416300638,0.0858291689,0.05960356473,0.01534327408,0.01063868088,0.01166914016,0.001741044527,0.000286632579,0.0004576532015,0.00232913433,91.25258321
387,3,tier3_voxel_grid,3,20261294,64,64,64,0.1718496572,0.8281503428,5.18128908,0.3752684276,0.6247315724,1.259329383,6.524949581,0.0897881835,0.5349433889,0.1722350571,0.0872629884,0.0528822029,0.03672373674,0.00945350099,0.006554844796,0.007189744995,0.001072715384,0.0001766038562,0.0002819753444,0.001435057053,74.34868783
388,3,tier3_voxel_grid,3,20261295,64,64,64,0.3698164082,0.6301835918,2.552888222,0.6294573864,0.3705426136,1.615669535,4.124623726,0.05325542946,0.3172871842,0.2888988813,0.1463707804,0.08870208835,0.06159864685,0.01585685229,0.01099478445,0.01205973581,0.001799321692,0.0002962268967,0.0004729720122,0.002407096349,92.95780393
389,3,tier3_voxel_grid,3,20261296,64,64,64,0.06584735814,0.9341526419,8.543452584,0.1694674373,0.8305325627,1.068525245,9.128894763,0.1193664822,0.7111660805,0.0777796148,0.0394070855,0.02388106951,0.01658406915,0.004269105708,0.002960101803,0.00324681633,0.0004844274492,7.975252039e-05,0.0001273372218,0.0006480572926,62.74568844
390,3,tier3_voxel_grid,3,20261297,64,64,64,0.001630232713,0.9983697673,4.124293541,0.004704562949,0.9952954371,0.9529344189,3.930181269,0.1430466672,0.8522487698,0.002159229524,0.001093974851,0.000662959189,0.0004603881342,0.0001185140748,8.21749918e-05,9.013443559e-05,1.344812588e-05,2.213999093e-06,3.534991649e-06,1.799063216e-05,55.13952556
391,3,tier3_voxel_grid,3,20261298,64,64,64,0.1467889361,0.8532110639,10.18909173,0.3324517353,0.6675482647,1.214220085,12.37179983,0.09594191928,0.5716063455,0.1525836958,0.07730661517,0.0468485458,0.03253369883,0.008374892683,0.005806962074,0.006369422589,0.0009503226618,0.0001564540316,0.000249803036,0.001271322532,71.71317779
392,3,tier3_voxel_grid,3,20261299,64,64,64,0.2972951823,0.7027048177,8.466809938,0.5504979498,0.4495020502,1.485131328,12.57432469,0.06460370237,0.3848983478,0.252659267,0.1280099595,0.07757525583,0.05387168304,0.01386776113,0.009615593416,0.01054695676,0.001573613916,0.0002590680527,0.0004136421761,0.002105149028,86.57701268
393,3,tier3_voxel_grid,3,20261300,64,64,64,0.1190815136,0.8809184864,10.69907718,0.2812514137,0.7187485863,1.164346724,12.45743547,0.1033005739,0.6154480124,0.1290845426,0.06540075597,0.03963348162,0.02752323968,0.007085089826,0.004912641806,0.005388478741,0.0008039650987,0.0001323588146,0.0002113312989,0.00107552833,68.72203104
394,3,tier3_voxel_grid,3,20261301,64,64,64,0.1481090092,0.8518909908,6.060540674,0.3347863242,0.6652136758,1.216596217,7.373230854,0.09560638558,0.5696072903,0.1536551903,0.07784948846,0.04717753219,0.03276216151,0.008433704022,0.005847740533,0.006414150836,0.0009569961501,0.0001575527049,0.0002515572378,0.00128025019,71.85365408
395,3,tier3_voxel_grid,3,20261302,64,64,64,0.3153922685,0.6846077315,11.82464735,0.5714734545,0.4285265455,1.517706083,17.94633921,0.06158904368,0.3669375018,0.2622862886,0.1328874954,0.08053108908,0.05592434416,0.01439616144,0.009981974298,0.01094882518,0.001633572988,0.0002689392668,0.0004294030947,0.002185361068,88.21432677
396,3,tier3_voxel_grid,3,20261303,64,64,64,0.2502192223,0.7497807777,13.77436873,0.4913635494,0.5086364506,1.4003946,19.2895516,0.07310266517,0.4355337854,0.2255186495,0.1142591504,0.06924213444,0.04808479559,0.01237808848,0.008582687932,0.009414004378,0.001404576565,0.0002312390045,0.0003692088007,0.001879014262,82.17167248
397,3,tier3_voxel_grid,3,20261304,64,64,64,0.1319171444,0.8680828556,11.77972154,0.3055049766,0.6944950234,1.18745086,13.98784048,0.09981478343,0.5946802399,0.140216078,0.07104055463,0.04305125337,0.0298966913,0.007696068698,0.005336280803,0.005853151278,0.0008732945923,0.0001437727051,0.0002295553387,0.001168275931,70.11783616
398,3,tier3_voxel_grid,3,20261305,64,64,64,0.094425846,0.905574154,4.770489015,0.2318561057,0.7681438943,1.119966523,5.342787994,0.1103998069,0.6577440874,0.1064138272,0.05391462531,0.03267277693,0.02268941899,0.005840757612,0.004049849857,0.004442117037,0.0006627672175,0.0001091130491,0.0001742158425,0.0008866366457,65.99160304
399,3,tier3_voxel_grid,3,20261306,64,64,64,0.2216608316,0.7783391684,8.525231622,0.4518695574,0.5481304426,1.348989497,11.50044792,0.07877885309,0.4693515895,0.2073922913,0.1050754208,0.06367670676,0.04421991686,0.01138318333,0.007892843093,0.008657341386,0.001291681875,0.0002126528652,0.0003395331574,0.001727986017,79.39319153
400,3,tier3_voxel_grid,3,20261307,64,64,64,0.2717329283,0.7282670717,13.86377325,0.5192519952,0.4807480048,1.439119271,19.95162325,0.06909445909,0.4116535457,0.2383184688,0.120744186,0.07317212785,0.05081395655,0.01308063479,0.009069817731,0.009948317415,0.001484296473,0.0002443634954,0.0003901640783,0.001985661951,84.21149125
401,3,tier3_voxel_grid,3,20261308,64,64,64,0.04427956445,0.9557204356,1.729026485,0.1182562124,0.8817437876,1.029703216,1.780384132,0.1267267039,0.7550170837,0.05427545726,0.02749869089,0.01666446884,0.01157254299,0.002979028181,0.002065591085,0.002265663586,0.0003380387185,5.565217214e-05,8.885729193e-05,0.0004522213947,60.23877796
402,3,tier3_voxel_grid,3,20261309,64,64,64,0.2641016639,0.7358983361,11.28415709,0.5095329313,0.4904670687,1.425382995,16.08424562,0.07049131037,0.4199757583,0.2338577591,0.1184841649,0.07180253353,0.04986284977,0.0128357989,0.008900054034,0.009762110461,0.001456514255,0.0002397896383,0.0003828612087,0.001948495459,83.49310791
403,3,tier3_voxel_grid,3,20261310,64,64,64,0.09464831296,0.905351687,7.601531109,0.2323192928,0.7676807072,1.120366963,8.516504326,0.1103332363,0.6573474709,0.1066264139,0.05402233245,0.03273804849,0.02273474644,0.005852425899,0.004057940385,0.004450991211,0.000664091251,0.000109331028,0.0001745638796,0.000888407911,66.01652948
404,3,tier3_voxel_grid,3,20261311,64,64,64,0.3017991563,0.6982008437,3.739265268,0.5558038386,0.4441961614,1.493238481,5.58361479,0.06384112507,0.3803550363,0.255094484,0.1292437635,0.07832295285,0.05439091686,0.01400142339,0.009708271815,0.01064861196,0.001588780949,0.0002615650397,0.0004176290018,0.002125439179,86.98737226
405,3,tier3_voxel_grid,3,20261312,64,64,64,0.3276641398,0.6723358602,9.203962596,0.5851922628,0.4148077372,1.539795452,14.17221974,0.05961733787,0.3551903994,0.2685827408,0.1360775964,0.08246432073,0.05726686558,0.01474175611,0.01022160186,0.01121166299,0.001672788588,0.0002753954306,0.0004397113578,0.002237822909,89.3073115
406,3,tier3_voxel_grid,3,20261313,64,64,64,0.0211982405,0.9788017595,9.493397877,0.05899383521,0.9410061648,0.9881568329,9.38096598,0.1352440599,0.8057621049,0.02707610295,0.01371812276,0.008313313175,0.005773131749,0.001486131629,0.00103045022,0.001130259303,0.0001686355418,2.776289723e-05,4.432775522e-05,0.0002255972341,57.50217718
407,3,tier3_voxel_grid,3,20261314,64,64,64,0.3534574443,0.6465425557,1.353482174,0.612781259,0.387218741,1.5862234,2.146925095,0.05565216952,0.3315665715,0.2812451232,0.1424929996,0.08635211621,0.05996672243,0.0154367589,0.01070350115,0.0117402389,0.001751652512,0.0002883789986,0.0004604416301,0.002343325479,91.55989739
408,3,tier3_voxel_grid,3,20261315,64,64,64,0.1457547988,0.8542452012,5.947783117,0.3306164398,0.6693835602,1.212358638,7.210846238,0.09620569312,0.5731778671,0.1517413596,0.07687984501,0.04658991902,0.03235409697,0.008328659198,0.005774904816,0.006334260275,0.000945076418,0.0001555903292,0.0002484240017,0.001264304213,71.60300079
409,3,tier3_voxel_grid,3,20261316,64,64,64,0.007807968196,0.9921920318,5.987529941,0.02227251264,0.9777274874,0.9640543428,5.772304242,0.1405217519,0.8372057354,0.01022230277,0.005179135439,0.003138605452,0.002179586213,0.0005610736338,0.0003890358284,0.000426717716,6.366660557e-05,1.048159486e-05,1.673548575e-05,8.517190367e-05,55.88958327
410,3,tier3_voxel_grid,3,20261317,64,64,64,0.1596739222,0.8403260778,10.14619515,0.3548558684,0.6451441316,1.23741306,12.55503439,0.09272193407,0.5524221975,0.1628664078,0.08251635697,0.050005699,0.03472616542,0.00893928201,0.00619829693,0.006798662015,0.001014365508,0.000166997568,0.000266637421,0.001356997763,73.07647685
411,3,tier3_voxel_grid,3,20261318,64,64,64,0.03919815055,0.9608018495,12.91591562,0.1056236435,0.8943763565,1.020556671,13.18142385,0.1285422923,0.7658340641,0.04847755083,0.02456117835,0.01488430823,0.01033632086,0.002660797299,0.001844936955,0.002023636966,0.000301928164,4.970719991e-05,7.936522517e-05,0.0004039134216,59.64104485
412,3,tier3_voxel_grid,3,20261319,64,64,64,0.2241689096,0.7758310904,14.44152838,0.4554581917,0.5445418083,1.353504037,19.54666696,0.07826308444,0.4662787238,0.2090393487,0.1059099034,0.06418241114,0.04457110031,0.01147358571,0.007955526067,0.008726095813,0.001301940087,0.0002143417007,0.0003422296443,0.001741709247,79.64048083
413,3,tier3_voxel_grid,3,20261320,64,64,64,0.1212896266,0.8787103734,4.027773338,0.2854920691,0.7145079309,1.168321328,4.705733495,0.1026910949,0.611816836,0.1310308548,0.06638685613,0.04023106772,0.02793822985,0.007191917463,0.004986713685,0.005469725199,0.0008160871316,0.0001343544956,0.0002145177121,0.001091744941,68.96340032
414,3,tier3_voxel_grid,3,20261321,64,64,64,0.1939424858,0.8060575142,5.471843707,0.4105482899,0.5894517101,1.299096474,7.108452869,0.08471766219,0.5047340479,0.1884272776,0.09546678597,0.05785378244,0.0401762211,0.01034224672,0.007171081081,0.007865669733,0.001173563866,0.0001932067976,0.0003084845058,0.001569970122,76.61762006
415,3,tier3_voxel_grid,3,20261322,64,64,64,0.1036603299,0.8963396701,11.40096615,0.2508083476,0.7491916524,1.136588594,12.95820808,0.1076759372,0.6415157152,0.1151122421,0.05832168208,0.03534349535,0.02454408379,0.006318189296,0.004380890241,0.004805221887,0.0007169427355,0.0001180321021,0.0001884564887,0.0009591115634,67.02184733
416,3,tier3_voxel_grid,3,20261323,64,64,64,0.2008131063,0.7991868937,2.564302446,0.421083777,0.578916223,1.311463591,3.362989295,0.08320347228,0.4957127507,0.1932626969,0.0979166539,0.05933842576,0.04120722297,0.01060764938,0.007355105309,0.008067518489,0.001203679853,0.000198164869,0.0003164008329,0.001610258684,77.3129368
417,3,tier3_voxel_grid,3,20261324,64,64,64,0.07522986834,0.9247701317,14.02255948,0.1906020957,0.8093979043,1.085413763,15.22027906,0.1163289495,0.6930689548,0.08747968235,0.04432163018,0.02685933043,0.01865230504,0.00480151531,0.003329262638,0.003651733966,0.0005448414664,8.969863336e-05,0.000143217728,0.000728877949,63.82091888
418,3,tier3_voxel_grid,3,20261325,64,64,64,0.0103584232,0.9896415768,5.939588059,0.0294077387,0.9705922613,0.9686451618,5.753353236,0.1394962571,0.8310960042,0.01349712148,0.006838324176,0.004144089644,0.002877838834,0.0007408192815,0.0005136674145,0.0005634210783,8.406285049e-05,1.383948042e-05,2.20968689e-05,0.0001124575897,56.19812997
419,3,tier3_voxel_grid,3,20261326,64,64,64,0.2095696127,0.7904303873,12.54142012,0.4342265279,0.5657734721,1.327225303,16.64529012,0.08131455905,0.484458913,0.199294759,0.1009728016,0.06119048037,0.04249337147,0.01093873241,0.007584670831,0.008319319656,0.001241248777,0.0002043499363,0.0003262762486,0.001660517634,78.19208663
420,3,tier3_voxel_grid,3,20261327,64,64,64,0.1233528749,0.8766471251,14.94388361,0.28942852,0.71057148,1.172035175,17.51475725,0.1021253371,0.6084461429,0.1328375478,0.06730221816,0.04078578584,0.02832345061,0.007291081795,0.005055472,0.005545143423,0.0008273395876,0.000136207016,0.0002174755471,0.00110679825,69.18846509
421,3,tier3_voxel_grid,3,20261328,64,64,64,0.3351873737,0.6648126263,13.38047785,0.593409618,0.406590382,1.553337273,20.78439497,0.0584363164,0.3481540656,0.2723542189,0.1379884179,0.08362229677,0.05807101527,0.014948762,0.01036513509,0.0113690988,0.00169627813,0.0002792625735,0.0004458858489,0.002269246745,89.97054154
422,3,tier3_voxel_grid,3,20261329,64,64,64,0.1440908174,0.8559091826,13.963122,0.3276514937,0.6723485063,1.209363471,16.88648969,0.09663182354,0.5757166828,0.1503805532,0.0761903917,0.04617210374,0.03206394759,0.008253968339,0.005723115856,0.006277455052,0.0009366010359,0.0001541950055,0.0002461961518,0.001252966017,71.42548272
423,3,tier3_voxel_grid,3,20261330,64,64,64,0.06895806278,0.9310419372,11.96297993,0.1765481286,0.8234518714,1.074124513,12.84972999,0.1183488253,0.7051030461,0.08102940397,0.04105359301,0.02487886875,0.017276985,0.004447477554,0.003083780827,0.003382474865,0.000504667805,8.308474153e-05,0.0001326576277,0.0006751344333,63.10320791
424,3,tier3_voxel_grid,3,20261331,64,64,64,0.03784363011,0.9621563699,10.76127251,0.1022179435,0.8977820565,1.018118534,10.95625099,0.1290317692,0.7687502873,0.04691445388,0.0237692344,0.01440438265,0.01000303935,0.002575003275,0.00178544931,0.001958387367,0.0002921928745,4.810445449e-05,7.680619446e-05,0.0003908897472,59.48125704
425,3,tier3_voxel_grid,3,20261332,64,64,64,0.1447943584,0.8552056416,11.54500121,0.3289068804,0.6710931196,1.210629845,13.97672303,0.09645139582,0.5746417238,0.1509567317,0.07648231287,0.04634901075,0.03218679963,0.008285593167,0.0057450438,0.00630150693,0.0009401895942,0.000154785799,0.0002471394449,0.001257766718,71.50057415
426,3,tier3_voxel_grid,3,20261333,64,64,64,0.1155664875,0.8844335125,14.12398283,0.2744407947,0.7255592053,1.158019677,16.35585004,0.1042794153,0.62127979,0.1259587071,0.06381704968,0.03867374051,0.02685675307,0.006913521453,0.004793680157,0.005257994505,0.0007844967521,0.0001291536913,0.0002062138243,0.001049483967,68.33673106
427,3,tier3_voxel_grid,3,20261334,64,64,64,0.2058268937,0.7941731063,14.00868662,0.4286474263,0.5713525737,1.320488409,18.49830831,0.08211640327,0.4892361705,0.1967341469,0.09967546597,0.06040428264,0.04194740106,0.01079818757,0.007487220199,0.008212429986,0.001225300758,0.0002017243734,0.0003220841317,0.001639182695,77.81727929
428,3,tier3_voxel_grid,3,20261335,64,64,64,0.1998310684,0.8001689316,6.219820714,0.419590096,0.580409904,1.309695923,8.146073832,0.08341814832,0.4969917557,0.1925771497,0.09756932102,0.05912793872,0.04106105148,0.01057002161,0.007329015059,0.008038901146,0.001199410124,0.0001974619326,0.0003152784863,0.001604546726,77.21385053
429,3,tier3_voxel_grid,3,20261336,64,64,64,0.3581476696,0.6418523304,14.30579551,0.6176253909,0.3823746091,1.594665805,22.81296291,0.05495595722,0.3274186519,0.28346841,0.1436194291,0.08703474322,0.06044076877,0.0155587889,0.010788114,0.01183304732,0.0017654996,0.0002906586797,0.0004640814934,0.002361849834,91.96310015
430,3,tier3_voxel_grid,3,20261337,64,64,64,0.09722439364,0.9027756064,4.558410647,0.2376588032,0.7623411968,1.125003909,5.128229794,0.1095658268,0.65277537,0.109077062,0.05526395471,0.03349048342,0.02325727048,0.005986935128,0.004151206056,0.004553290566,0.000679354392,0.0001118438377,0.0001785759685,0.0009088266339,66.30478344
431,3,tier3_voxel_grid,3,20261338,64,64,64,0.3464692747,0.6535307253,13.87269237,0.6054673642,0.3945326358,1.573644694,21.83068875,0.05670334311,0.3378292927,0.2778883018,0.1407922641,0.08532145432,0.0592509853,0.01525251235,0.01057574874,0.01160011243,0.001730745537,0.0002849370303,0.000454945996,0.002315356549,90.95551755
432,3,tier3_voxel_grid,3,20261339,64,64,64,0.1105771561,0.8894228439,5.693690259,0.2646448125,0.7353551875,1.149038881,6.542271483,0.1056873215,0.6296678661,0.1214626946,0.06153914239,0.03729330697,0.02589811907,0.006666747887,0.004622572922,0.005070313877,0.0007564946606,0.0001245436359,0.0001988531586,0.001012023333,67.78756324
433,3,tier3_voxel_grid,3,20261340,64,64,64,0.184263139,0.815736861,7.095921323,0.3953608879,0.6046391121,1.28167365,9.094655384,0.08690043844,0.5177386737,0.1814567923,0.09193518568,0.05571359899,0.03868998321,0.009959656262,0.006905801468,0.00757469522,0.001130150249,0.0001860595037,0.0002970727467,0.001511892259,75.62978969
434,3,tier3_voxel_grid,3,20261341,64,64,64,0.3912813291,0.6087186709,2.100401284,0.6504379479,0.3495620521,1.654306392,3.47470727,0.05024004399,0.2993220081,0.2985282238,0.1512494922,0.0916586342,0.06365180284,0.01638537999,0.01136125366,0.01246170111,0.001859295219,0.0003061004907,0.0004887367305,0.002487327727,94.7566674
435,3,tier3_voxel_grid,3,20261342,64,64,64,0.009014312945,0.9909856871,2.747726397,0.02565586796,0.974344132,0.9662257633,2.654924035,0.1400354866,0.8343086455,0.01177514429,0.005965883467,0.003615382257,0.002510681079,0.0006463047656,0.0004481331766,0.0004915392148,7.333802216e-05,1.207382471e-05,1.927772674e-05,9.811013014e-05,56.03560469
436,3,tier3_voxel_grid,3,20261343,64,64,64,0.1185833371,0.8814166629,5.83486057,0.2802906658,0.7197093342,1.163450007,6.78856857,0.1034386553,0.6162706789,0.1286435929,0.06517734859,0.03949809462,0.02742922097,0.007060887333,0.004895860342,0.00537007183,0.0008012187737,0.0001319066801,0.0002106093964,0.001071854351,68.66750345
437,3,tier3_voxel_grid,3,20261344,64,64,64,0.05719890054,0.9428010995,6.509286416,0.1493858002,0.8506141998,1.052958021,6.854005343,0.1222526718,0.7283615281,0.06856284711,0.03473740498,0.02105119859,0.01461888183,0.003763223085,0.00260933418,0.002862073465,0.0004270235231,7.030196635e-05,0.000112247952,0.0005712634755,61.74632584
438,3,tier3_voxel_grid,3,20261345,64,64,64,0.002865847744,0.9971341523,6.390983454,0.008251071505,0.9917489285,0.9551585259,6.104402336,0.142536953,0.8492119755,0.003786952666,0.001918661694,0.001162727278,0.0008074491631,0.0002078552495,0.0001441221513,0.0001580817775,2.358592061e-05,3.883009969e-06,6.199825401e-06,3.155276994e-05,55.28984908
439,3,tier3_voxel_grid,3,20261346,64,64,64,0.2011501798,0.7988498202,10.12231842,0.4215955383,0.5784044617,1.312070324,13.2811936,0.0831299205,0.4952745412,0.1934975774,0.09803565625,0.05941054231,0.04125730389,0.01062054131,0.007364044286,0.008077323293,0.001205142737,0.0001984057073,0.0003167853685,0.001612215701,77.34692422
440,3,tier3_voxel_grid,3,20261347,64,64,64,0.1418224198,0.8581775802,11.02018136,0.3235858384,0.6764141616,1.205280356,13.28240811,0.09721615097,0.5791980106,0.1485145599,0.07524498516,0.04559917836,0.03166608292,0.008151549183,0.005652100718,0.006199561411,0.0009249792457,0.0001522816807,0.0002431412331,0.00123741862,71.18301176
441,3,tier3_voxel_grid,3,20261348,64,64,64,0.298436913,0.701563087,7.757936441,0.5518484345,0.4481515655,1.487186443,11.5374979,0.0644096069,0.3837419586,0.2532790922,0.1283239942,0.07776556389,0.05400384136,0.0139017816,0.009639182445,0.01057283062,0.001577474315,0.0002597035999,0.0004146569254,0.002110313392,86.68121723
442,3,tier3_voxel_grid,3,20261349,64,64,64,0.04641188557,0.9535881144,13.74749707,0.1234906372,0.8765093628,1.033541394,14.20860729,0.1259743976,0.7505349652,0.0566778748,0.02871587709,0.01740209528,0.01208478336,0.003110890166,0.002157021218,0.002365949612,0.0003530014694,5.81155278e-05,9.279041986e-05,0.0004722382618,60.48880281
443,3,tier3_voxel_grid,3,20261350,64,64,64,0.1143188536,0.8856811464,3.917655001,0.2720054826,0.7279945174,1.155773936,4.527923543,0.1046294252,0.6233650922,0.1248409842,0.06325075474,0.03833056037,0.02661843363,0.006852172765,0.004751142358,0.005211336509,0.0007775353438,0.000128007617,0.0002043839396,0.001040171135,68.19965485
444,3,tier3_voxel_grid,3,20261351,64,64,64,0.06772366534,0.9322763347,14.10247987,0.1737472044,0.8262527956,1.071902598,15.1164848,0.118751382,0.7075014136,0.0797438779,0.04040228051,0.02448416717,0.0170028868,0.004376918621,0.003034856851,0.003328812128,0.0004966612841,8.176660768e-05,0.0001305530234,0.0006644234708,62.96145885
445,3,tier3_voxel_grid,3,20261352,64,64,64,0.1709721314,0.8290278686,13.36349821,0.3738210474,0.6261789526,1.257749836,16.80793769,0.08999620506,0.5361827475,0.1715707604,0.08692642206,0.05267824049,0.03658209624,0.009417039596,0.006529563286,0.007162014726,0.001068578007,0.0001759227093,0.0002808877882,0.001429522154,74.25751676
446,3,tier3_voxel_grid,3,20261353,64,64,64,0.3888948155,0.6111051845,11.17105976,0.6481538352,0.3518461648,1.650010668,18.43236778,0.0505683231,0.3012778417,0.2974798961,0.1507183564,0.09133676084,0.06342827976,0.01632784021,0.01132135688,0.01241793993,0.001852766019,0.0003050255718,0.0004870204565,0.002478593094,94.55862216
447,3,tier3_voxel_grid,3,20261354,64,64,64,0.01239448428,0.9876055157,14.98363396,0.03505551651,0.9649444835,0.9723100717,14.56873821,0.1386845426,0.8262599409,0.01608925357,0.008151629355,0.004939965103,0.003430529895,0.0008830941685,0.0006123176187,0.0006716265101,0.0001002071827,1.64973628e-05,2.63405888e-05,0.0001340551523,56.44397767
448,3,tier3_voxel_grid,3,20261355,64,64,64,0.01200280562,0.9879971944,13.44807094,0.03397235889,0.9660276411,0.9716050501,13.06621364,0.138840217,0.8271874241,0.01559212218,0.007899757457,0.004787328332,0.003324532181,0.0008558080157,0.0005933980145,0.000650874359,9.711094604e-05,1.598762151e-05,2.552670806e-05,0.0001299130693,56.39671618
449,3,tier3_voxel_grid,3,20261356,64,64,64,0.3169967171,0.6830032829,12.57159952,0.5732897276,0.4267102724,1.520594091,19.11629994,0.06132800379,0.3653822686,0.2631198943,0.1333098422,0.08078703526,0.05610208449,0.01444191573,0.01001369929,0.01098362305,0.001638764856,0.0002697940172,0.0004307678358,0.002192306644,88.35801475
450,3,tier3_voxel_grid,3,20261357,64,64,64,0.02090627306,0.9790937269,7.444961445,0.05821226141,0.9417877386,0.9876312915,7.352876887,0.1353563899,0.8064313487,0.02671738796,0.01353637961,0.008203175094,0.005696647002,0.001466442766,0.001016798405,0.001115285178,0.0001664013911,2.739508332e-05,4.374048348e-05,0.0002226084322,57.46720936
451,3,tier3_voxel_grid,3,20261358,64,64,64,0.1421132524,0.8578867476,9.651578384,0.3241086374,0.6758913626,1.205803854,11.63791042,0.09714101284,0.5787503498,0.1487545063,0.07536655413,0.04567285032,0.03171724398,0.008164719169,0.005661232491,0.006209577684,0.0009264736812,0.0001525277134,0.0002435340624,0.001239417846,71.21412956
452,3,tier3_voxel_grid,3,20261359,64,64,64,0.2152332383,0.7847667617,7.384379565,0.4425621577,0.5574378423,1.337419829,9.876015654,0.08011653882,0.4773213035,0.203120521,0.102911126,0.06236512346,0.04330909551,0.01114871779,0.007730269969,0.00847902148,0.00126507641,0.00020827274,0.0003325396108,0.001692393762,78.75654292
453,3,tier3_voxel_grid,3,20261360,64,64,64,0.2488091322,0.7511908678,12.45670861,0.489481677,0.510518323,1.397856438,17.41269032,0.07337313318,0.4371451898,0.2246549361,0.1138215495,0.06897694412,0.04790063572,0.01233068166,0.008549817111,0.009377949699,0.001399197179,0.0002303533827,0.0003677947685,0.001871817828,82.03638901
454,3,tier3_voxel_grid,3,20261361,64,64,64,0.2118484097,0.7881515903,1.174977261,0.4375957722,0.5624042278,1.331327137,1.564279114,0.08083032176,0.4815739061,0.2008411241,0.1017562683,0.06166526867,0.04282308543,0.01102360807,0.0076435217,0.008383870801,0.001250879857,0.0002059355254,0.0003288078865,0.001673401899,78.41959206
455,3,tier3_voxel_grid,3,20261362,64,64,64,0.2261840383,0.7738159617,3.270195167,0.4583242016,0.5416757984,1.357131269,4.438084117,0.07785117342,0.463824625,0.2103547468,0.1065763506,0.06458628449,0.0448515678,0.01154578423,0.0080055869,0.008781005522,0.001310132657,0.0002156904643,0.0003443831538,0.001752669103,79.83870683
456,3,tier3_voxel_grid,3,20261363,64,64,64,0.3176321986,0.6823678014,1.747584676,0.5740072013,0.4259927987,1.521737957,2.659365935,0.06122488644,0.3647679122,0.2634491896,0.1334766798,0.08088814047,0.05617229641,0.01445998983,0.01002623146,0.01099736908,0.001640815774,0.0002701316652,0.0004313069429,0.002195050322,88.41486006
457,3,tier3_voxel_grid,3,20261364,64,64,64,0.320134526,0.679865474,4.154831244,0.5768219337,0.4231780663,1.526242147,6.341278558,0.06082034516,0.3623577211,0.2647410531,0.1341312032,0.08128478788,0.05644774589,0.01453089661,0.01007539663,0.01105129637,0.001648861766,0.0002714562973,0.0004334219227,0.002205814088,88.63833652
458,3,tier3_voxel_grid,3,20261365,64,64,64,0.4179768693,0.5820231307,4.265996327,0.675202363,0.324797637,1.702358365,7.262254531,0.04668083241,0.2781168046,0.3098942224,0.1570080818,0.09514839441,0.06607524642,0.0170092279,0.01179381576,0.01293616103,0.001930084998,0.0003177547916,0.0005073446228,0.002582028869,96.93926712
459,3,tier3_voxel_grid,3,20261366,64,64,64,0.3486941971,0.6513058029,7.418491646,0.6078086475,0.3921913525,1.577649555,11.70378004,0.05636684727,0.3358245052,0.2789628688,0.1413366941,0.08565138406,0.05948010309,0.01531149233,0.01061664413,0.01164496893,0.001737438162,0.000286038854,0.0004567052278,0.002324309807,91.14841563
460,3,tier3_voxel_grid,3,20261367,64,64,64,0.0718233969,0.9281766031,2.595094873,0.1830052948,0.8169947052,1.079282114,2.800839482,0.1174207832,0.6995739221,0.08399301695,0.04255510919,0.02578880187,0.01790888274,0.004610141989,0.003196568684,0.003506187319,0.0005231257966,8.612352754e-05,0.0001375095191,0.000699827163,63.43161894
461,3,tier3_voxel_grid,3,20261368,64,64,64,0.4060142897,0.5939857103,1.796910276,0.6642802299,0.3357197701,1.680825722,3.020293011,0.04825059217,0.2874691779,0.3048813461,0.1544683052,0.09360926557,0.06500640739,0.01673408512,0.01160303795,0.01272690455,0.001898863773,0.0003126147621,0.0004991377714,0.002540261741,95.96860019
462,3,tier3_voxel_grid,3,20261369,64,64,64,0.3820625573,0.6179374427,5.674457094,0.6415484808,0.3584515192,1.637712603,9.293129899,0.05151766327,0.3069338559,0.2944482699,0.1491823812,0.09040594527,0.06278188033,0.01616144272,0.0112059806,0.01229138835,0.001833884427,0.0003019170474,0.000482057217,0.00245333368,93.98895295
463,3,tier3_voxel_grid,3,20261370,64,64,64,0.3593599274,0.6406400726,8.315837088,0.6188690979,0.3811309021,1.596847869,13.27912673,0.05477720815,0.326353694,0.2840392279,0.1439086343,0.08721000434,0.06056247783,0.0155901195,0.01080983794,0.01185687543,0.001769054771,0.0002912439766,0.0004650160104,0.002366605871,92.06699705
464,3,tier3_voxel_grid,3,20261371,64,64,64,0.06404187925,0.9359581208,3.477213873,0.1653236063,0.8346763937,1.065275383,3.704190339,0.1199620453,0.7147143484,0.07587774158,0.03844350037,0.02329712773,0.01617855419,0.004164717201,0.002887721163,0.003167424924,0.0004725821914,7.780240553e-05,0.0001242235621,0.0006322109451,62.53771126
465,3,tier3_voxel_grid,3,20261372,64,64,64,0.06371040716,0.9362895928,6.335903693,0.1645600821,0.8354399179,1.064678733,6.745701916,0.1200717812,0.7153681367,0.07552731074,0.03826595439,0.02318953317,0.01610383578,0.004145483032,0.002874384623,0.003152796611,0.000470399636,7.74430859e-05,0.0001236498528,0.0006292911664,62.49949077
466,3,tier3_voxel_grid,3,20261373,64,64,64,0.04863717874,0.9513628213,6.820221354,0.128911993,0.871088007,1.037546922,7.076299671,0.1251952251,0.7458927819,0.05916608713,0.02997653126,0.01816606373,0.01261531679,0.003247461188,0.00225171649,0.002469817039,0.0003684985679,6.066685445e-05,9.686400708e-05,0.0004929699683,60.74922174
467,3,tier3_voxel_grid,3,20261374,64,64,64,0.04397423229,0.9560257677,4.586124705,0.117503487,0.882496513,1.029153618,4.719826834,0.1268348877,0.7556616253,0.05392998268,0.027323656,0.01655839603,0.01149888135,0.002960066047,0.002052443168,0.002251242166,0.0003358870318,5.529793449e-05,8.829169678e-05,0.0004493429115,60.20293741
468,3,tier3_voxel_grid,3,20261375,64,64,64,0.07135042853,0.9286495715,8.905878971,0.1819436942,0.8180563058,1.078430771,9.604373928,0.1175733594,0.7004829464,0.08350577949,0.04230825006,0.02563920288,0.0178049946,0.004583398886,0.003178025619,0.003485848178,0.0005200911814,8.562393113e-05,0.0001367118363,0.0006957675158,63.37746956
469,3,tier3_voxel_grid,3,20261376,64,64,64,0.2673973465,0.7326026535,8.934302861,0.5137531487,0.4862468513,1.431315224,12.7878037,0.06988476882,0.4163620825,0.235794691,0.1194655126,0.07239723955,0.05027583989,0.01294211168,0.008973768922,0.00984296535,0.001468577866,0.0002417757011,0.0003860322649,0.001964633914,83.80404729
470,3,tier3_voxel_grid,3,20261377,64,64,64,0.08370639224,0.9162936078,12.02953096,0.20913831,0.79086169,1.100671506,13.24056196,0.1136648725,0.6771968175,0.09598715513,0.04863194604,0.02947142293,0.02046625742,0.005268466717,0.003653036233,0.00400686817,0.0005978277578,9.842190099e-05,0.0001571457726,0.0007997619433,64.78428355
471,3,tier3_voxel_grid,3,20261378,64,64,64,0.2061560288,0.7938439712,4.974324741,0.429140335,0.570859665,1.321080852,6.571485166,0.08204556104,0.488814104,0.1969603747,0.09979008443,0.06047374252,0.04199563706,0.01081060458,0.007495829877,0.008221873594,0.001226709751,0.0002019563396,0.0003224545015,0.001641067618,77.8502973
472,3,tier3_voxel_grid,3,20261379,64,64,64,0.01624429788,0.9837557021,13.25046798,0.04561887915,0.9543811209,0.9792397362,12.97538477,0.1371663463,0.8172147745,0.02093746683,0.01060797933,0.006428536603,0.004464259674,0.001149199047,0.0007968287513,0.0008740093328,0.0001304028527,2.146855259e-05,3.427786143e-05,0.000174450312,56.90768702
473,3,tier3_voxel_grid,3,20261380,64,64,64,0.1124819681,0.8875180319,1.068037711,0.2684027105,0.7315972895,1.152467543,1.230878797,0.1051472258,0.6264500637,0.1231874381,0.06241298465,0.03782286372,0.02626586666,0.006761414238,0.004688212439,0.005142311217,0.0007672367181,0.0001263121281,0.0002016768296,0.001026393841,67.99753614
474,3,tier3_voxel_grid,3,20261381,64,64,64,0.08729960334,0.9127003967,10.0078373,0.2168416497,0.7831583503,1.107139286,11.08006984,0.1125577268,0.6706006235,0.09952271807,0.05042324099,0.03055696475,0.02122010559,0.005462523887,0.003787591106,0.004154455986,0.0006198479714,0.0001020471447,0.0001629340343,0.000829220142,65.19034715
475,3,tier3_voxel_grid,3,20261382,64,64,64,0.4143101939,0.5856898061,3.599045396,0.671884077,0.328115923,1.695758349,6.103111279,0.04715774583,0.2809581772,0.3083712454,0.1562364646,0.09468078706,0.06575051923,0.01692563595,0.01173585498,0.01287258619,0.001920599584,0.0003161931838,0.0005048512747,0.002569339472,96.64300833
476,3,tier3_voxel_grid,3,20261383,64,64,64,0.2244494303,0.7755505697,6.859048566,0.4558580814,0.5441419186,1.354008975,9.287213316,0.07820561117,0.4659363074,0.209222884,0.1060028917,0.06423876293,0.04461023348,0.01148365945,0.007962510973,0.008733757275,0.001303083183,0.0002145298915,0.0003425301199,0.001743238458,79.66809988
477,3,tier3_voxel_grid,3,20261384,64,64,64,0.2443748057,0.7556251943,8.392559823,0.4835189385,0.5164810615,1.38987465,11.66460615,0.07423011477,0.4422509467,0.2219182481,0.112435005,0.06813668492,0.04731712263,0.01218047251,0.008445665462,0.009263709955,0.001382152523,0.0002275472777,0.0003633143883,0.00184901583,81.60967959
478,3,tier3_voxel_grid,3,20261385,64,64,64,0.3112554403,0.6887445597,1.076744652,0.5667584246,0.4332415754,1.510259793,1.626164155,0.06226670107,0.3709748743,0.2601222551,0.1317910866,0.07986665491,0.05546293173,0.01427738369,0.00989961648,0.01085849021,0.001620094942,0.0002667203419,0.0004258602382,0.002167330409,87.84274783
479,3,tier3_voxel_grid,3,20261386,64,64,64,0.1161377848,0.8838622152,1.919420993,0.2755527854,0.7244472146,1.159048013,2.224701087,0.1041195968,0.6203276178,0.1264690718,0.06407562626,0.03883044038,0.02696557238,0.006941533947,0.00481310339,0.005279299066,0.0007876754087,0.0001296770016,0.0002070493701,0.00105373631,68.3994435
480,3,tier3_voxel_grid,3,20261387,64,64,64,0.3757909283,0.6242090717,13.15632537,0.6353972039,0.3646027961,1.626423671,21.397759,0.05240174214,0.312201054,0.2916250494,0.147751995,0.08953911756,0.0621799169,0.01600648404,0.01109853574,0.01217353641,0.001816300828,0.000299022215,0.0004774351697,0.002429810696,93.46249352
481,3,tier3_voxel_grid,3,20261388,64,64,64,0.3689020516,0.6310979484,14.38277029,0.6285413569,0.3714586431,1.614023693,23.21413202,0.05338708381,0.3180715593,0.2884784558,0.1461577716,0.088573003,0.06150900428,0.01583377631,0.01097878409,0.01204218565,0.001796703196,0.000295795807,0.0004722837109,0.002403593378,92.88029056
482,3,tier3_voxel_grid,3,20261389,64,64,64,0.2273025405,0.7726974595,12.91911234,0.4599083856,0.5400916144,1.359144573,17.55894142,0.07762349002,0.4624681243,0.2110818317,0.1069447285,0.06480952506,0.04500659591,0.01158569189,0.008033257974,0.008811356807,0.001314661092,0.000216435992,0.0003455735039,0.001758727152,79.94855608
483,3,tier3_voxel_grid,3,20261390,64,64,64,0.00142839393,0.9985716061,11.11777008,0.004123664124,0.9958763359,0.9525711091,10.59046658,0.1431301556,0.8527461802,0.001892617321,0.0009588956281,0.0005810998923,0.0004035414241,0.000103880476,7.202838377e-05,7.900503031e-05,1.17876102e-05,1.940624184e-06,3.098506365e-06,1.576922771e-05,55.1149557
484,3,tier3_voxel_grid,3,20261391,64,64,64,0.0002890959721,0.999710904,11.63482545,0.0008363986151,0.9991636014,0.9505203727,11.05913862,0.1436026107,0.8555609907,0.0003838776531,0.0001944918285,0.0001178639022,8.184989808e-05,2.106997166e-05,1.460944408e-05,1.602451023e-05,2.390869031e-06,3.936148364e-07,6.284669059e-07,3.198456475e-06,54.97619324
485,3,tier3_voxel_grid,3,20261392,64,64,64,0.4441006393,0.5558993607,10.36830361,0.6981193079,0.3018806921,1.749381151,18.1381149,0.04338714446,0.2584935477,0.320412297,0.1623370702,0.09837781217,0.06831789671,0.01758653562,0.01219410794,0.01337522539,0.001995593732,0.0003285396606,0.0005245643326,0.002669665133,99.01819611
486,3,tier3_voxel_grid,3,20261393,64,64,64,0.1412222115,0.8587777885,6.654889769,0.3225054707,0.6774945293,1.204199981,8.013818132,0.09737142447,0.5801231048,0.148018709,0.07499376202,0.04544693474,0.03156035822,0.008124333311,0.005633229846,0.006178862712,0.0009218909842,0.0001517732524,0.0002423294487,0.001233287206,71.1187638
487,3,tier3_voxel_grid,3,20261394,64,64,64,0.01601095384,0.9839890462,1.052999025,0.04498287303,0.955017127,0.9788197169,1.030696208,0.1372577549,0.8177593721,0.02064556232,0.01046008574,0.00633891168,0.004402020169,0.001133177223,0.0007857195797,0.0008618241304,0.0001285848113,2.116924382e-05,3.379996873e-05,0.0001720181728,56.87962346
488,3,tier3_voxel_grid,3,20261395,64,64,64,0.03591734569,0.9640826543,12.33565987,0.09734645609,0.9026535439,1.014651222,12.51639236,0.1297319131,0.7729216309,0.04467861188,0.02263644379,0.01371790074,0.009526315999,0.002452284155,0.001700358634,0.001865054835,0.0002782675903,4.581189961e-05,7.314577636e-05,0.0003722607823,59.25369211
489,3,tier3_voxel_grid,3,20261396,64,64,64,0.2751248777,0.7248751223,7.500369063,0.5235126218,0.4764873782,1.44522478,10.83971923,0.06848210982,0.4080052684,0.2402739471,0.1217349302,0.07377252828,0.05123090111,0.01318796553,0.00914423845,0.0100299465,0.001496475595,0.0002463685751,0.0003933654978,0.002001954935,84.52898677
490,3,tier3_voxel_grid,3,20261397,64,64,64,0.06220634265,0.9377936573,8.29877303,0.1610847897,0.8389152103,1.061971417,8.813059752,0.12057126,0.7183439503,0.0739322733,0.03745782778,0.02269980074,0.01576374396,0.004057935884,0.002813681401,0.003086213694,0.0004604654145,7.580758981e-05,0.0001210385306,0.0006160013649,62.3259182
491,3,tier3_voxel_grid,3,20261398,64,64,64,0.1097375379,0.8902624621,12.52907826,0.2629812457,0.7370187543,1.147527568,14.37746271,0.105926414,0.6310923404,0.1206991757,0.06115230513,0.03705887991,0.02573532257,0.00662484047,0.004593515262,0.005038441701,0.0007517393079,0.0001237607501,0.0001976031605,0.001005661718,67.69488684
492,3,tier3_voxel_grid,3,20261399,64,64,64,0.185402717,0.814597283,8.997239814,0.3971703559,0.6028296441,1.283724891,11.5499807,0.08664037659,0.5161892675,0.1822872747,0.09235595007,0.05596858622,0.0388670576,0.01000523912,0.006937407597,0.007609362709,0.001135322664,0.0001869110516,0.0002984323744,0.001518811812,75.74659372
493,3,tier3_voxel_grid,3,20261400,64,64,64,0.1766424401,0.8233575599,14.83814705,0.3831099502,0.6168900498,1.267956392,18.81412341,0.08866117776,0.528228872,0.1758340412,0.0890864157,0.05398721723,0.03749110748,0.009651039169,0.006691813323,0.00733998025,0.001095130598,0.0001802941297,0.0002878674362,0.001465043675,74.84521755
494,3,tier3_voxel_grid,3,20261401,64,64,64,0.02011724197,0.979882758,12.06613757,0.05609592005,0.9439040799,0.9862110355,11.89975802,0.1356605564,0.8082435235,0.02574606145,0.01304425649,0.007904943789,0.005489542015,0.001413129368,0.0009798320951,0.001074738323,0.0001603517696,2.639911879e-05,4.215027221e-05,0.0002145153704,57.37266665
495,3,tier3_voxel_grid,3,20261402,64,64,64,0.2328640893,0.7671359107,10.79418805,0.4677162753,0.5322837247,1.369155361,14.77892044,0.0765013181,0.4557824066,0.2146653795,0.108760335,0.0659097999,0.04577067534,0.01178238281,0.008169639031,0.008960947691,0.001336980165,0.0002201104376,0.0003514403241,0.001788585158,80.49289405
496,3,tier3_voxel_grid,3,20261403,64,64,64,0.194256659,0.805743341,1.188592736,0.4110344212,0.5889655788,1.299661986,1.544768797,0.08464779403,0.5043177848,0.1886503948,0.09557982844,0.05792228725,0.04022379386,0.010354493,0.007179572377,0.007874983492,0.001174953486,0.0001934355743,0.0003088497831,0.001571829128,76.6495209
497,3,tier3_voxel_grid,3,20261404,64,64,64,0.2859963604,0.7140036396,6.684711356,0.5369289382,0.4630710618,1.464793449,9.7917214,0.06655387899,0.3965171828,0.2464315662,0.1248546914,0.07566313327,0.0525438207,0.01352594004,0.009378582362,0.01028698889,0.001534826514,0.0002526823842,0.0004034464696,0.002053260022,85.53912406
498,3,tier3_voxel_grid,3,20261405,64,64,64,0.1044808705,0.8955191295,7.182035873,0.2524655892,0.7475344108,1.138065567,8.173627727,0.1074377538,0.640096657,0.1158728579,0.05870704852,0.03557703109,0.02470626131,0.006359937374,0.004409837418,0.004836972879,0.0007216800075,0.0001188120112,0.0001897017341,0.0009654489905,67.11295077
499,3,tier3_voxel_grid,3,20261406,64,64,64,0.3121677581,0.6878322419,1.849395227,0.5678022484,0.4321977516,1.511901965,2.796104278,0.06211667978,0.3700810719,0.2606013336,0.132033812,0.08001374881,0.05556508024,0.01430367897,0.009917849035,0.01087848876,0.001623078741,0.0002672115724,0.0004266445636,0.002171322076,87.92483083
500,3,tier3_voxel_grid,3,20261407,64,64,64,0.1053018798,0.8946981202,5.423420744,0.2541194777,0.7458805223,1.139543384,6.180223226,0.1072000523,0.63868047,0.1166319348,0.05909163523,0.0358100943,0.0248681107,0.006401600981,0.004438726025,0.004868659628,0.0007264076943,0.0001195903423,0.00019094446,0.0009717735948,67.20403434
501,3,tier3_voxel_grid,3,20261408,64,64,64,0.1979137804,0.8020862196,2.436129053,0.4166622475,0.5833377525,1.306244805,3.182180919,0.08383894696,0.4994988055,0.1912333699,0.09688849421,0.05871535118,0.04077453248,0.01049626529,0.007277874087,0.007982806675,0.001191040786,0.0001960840674,0.0003130785116,0.001593350395,77.0201132
502,3,tier3_voxel_grid,3,20261409,64,64,64,0.42304854,0.57695146,8.862098694,0.6797499672,0.3202500328,1.711487372,15.16737,0.0460272379,0.2742227949,0.3119814134,0.1580655583,0.09578923523,0.06652027458,0.01712378798,0.01187324914,0.01302328831,0.001943084453,0.0003198949249,0.0005107616762,0.002599419278,97.34721946
503,3,tier3_voxel_grid,3,20261410,64,64,64,0.1754185705,0.8245814295,4.071396044,0.381117727,0.618882273,1.265753427,5.153383495,0.0889475057,0.5299347673,0.1749196806,0.08862315437,0.05370647644,0.03729614868,0.009600852468,0.006657014994,0.007301811366,0.001089435772,0.000179356576,0.0002863704869,0.001457425251,74.71865325
504,3,tier3_voxel_grid,3,20261411,64,64,64,0.07232000442,0.9276799956,14.72255565,0.1841181536,0.8158818464,1.080176008,15.90295139,0.11726084,0.6986210064,0.08450378016,0.04281388766,0.02594562409,0.01801778701,0.004638176354,0.003216007082,0.003527508514,0.000526306935,8.664724642e-05,0.0001383457172,0.0007040828259,63.48844918
505,3,tier3_voxel_grid,3,20261412,64,64,64,0.2802265555,0.7197734445,5.884507121,0.5298534755,0.4701465245,1.4544078,8.558473055,0.06757078444,0.4025757401,0.2431841768,0.1232093997,0.07466607083,0.05185141652,0.0133476999,0.009254994668,0.01015143053,0.001514601104,0.0002493526236,0.0003981299924,0.002026202876,85.00442821
506,3,tier3_voxel_grid,3,20261413,64,64,64,0.1270162115,0.8729837885,4.01958735,0.2963566382,0.7036433618,1.178629181,4.737602945,0.1011296084,0.6025137534,0.1360173112,0.06891324709,0.04176208473,0.02900143567,0.007465610124,0.005176486015,0.005677878818,0.0008471438087,0.0001394674352,0.0002226813101,0.001133291939,69.58695524
507,3,tier3_voxel_grid,3,20261414,64,64,64,0.2103058139,0.7896941861,5.551468006,0.4353172901,0.5646827099,1.328550465,7.375405401,0.08115779163,0.4835249183,0.1997953806,0.1012264418,0.06134418876,0.04260011337,0.01096621013,0.007603723265,0.008340217502,0.001244366752,0.0002048632564,0.0003270958433,0.001664688798,78.26564372
508,3,tier3_voxel_grid,3,20261415,64,64,64,0.2110415533,0.7889584467,7.209671122,0.4364051965,0.5635948035,1.329874796,9.587959912,0.08100143466,0.4825933689,0.2002946915,0.1014794179,0.06149749472,0.0427065758,0.01099361591,0.007622725816,0.008361060634,0.001247476563,0.0002053752325,0.0003279132923,0.00166884904,78.33909947
509,3,tier3_voxel_grid,3,20261416,64,64,64,0.1163970817,0.8836029183,14.86895763,0.2760568381,0.7239431619,1.159514747,17.24077565,0.104047153,0.619896009,0.1267004144,0.06419283608,0.03890147065,0.02701489894,0.006954231692,0.004821907721,0.005288956182,0.0007891162577,0.0001299142122,0.0002074281135,0.001055663849,68.42789556
510,3,tier3_voxel_grid,3,20261417,64,64,64,0.2416715245,0.7583284755,14.59033678,0.479850178,0.520149822,1.385008744,20.20774402,0.07475739939,0.4453924226,0.2202344155,0.1115818903,0.06761968928,0.04695809803,0.01208805164,0.008381582917,0.009193420394,0.001371665268,0.0002258207342,0.0003605576948,0.001834986191,81.34858957
511,3,tier3_voxel_grid,3,20261418,64,64,64,0.05529516311,0.9447048369,4.285409795,0.1448853402,0.8551146598,1.049531294,4.497671685,0.1228994906,0.7322151692,0.06649729371,0.0336908912,0.02041700126,0.0141784672,0.003649850631,0.002530724272,0.002775849427,0.0004141588314,6.818401951e-05,0.0001088663226,0.0005540533499,61.52528174
512,3,tier3_voxel_grid,3,20261419,64,64,64,0.1121378675,0.8878621325,6.603173373,0.2677255092,0.7322744908,1.151848161,7.60585311,0.105244555,0.6270299358,0.1228766264,0.06225551175,0.03772743364,0.0261995958,0.006744354655,0.004676383707,0.005129336758,0.0007653009191,0.0001259934326,0.000201167983,0.001023804168,67.95963358
513,3,tier3_voxel_grid,3,20261420,64,64,64,0.1903093515,0.8096906485,7.067156334,0.4048957101,0.5951042899,1.292556833,9.134701208,0.0855300669,0.509574223,0.1858329415,0.09415236416,0.05705723029,0.03962306011,0.01019985087,0.007072347,0.0077573723,0.001157405807,0.0001905466554,0.0003042371777,0.001548354196,76.24797493
514,3,tier3_voxel_grid,3,20261421,64,64,64,0.2941390268,0.7058609732,3.130440567,0.5467452012,0.4532547988,1.479450248,4.631331073,0.06514305798,0.3881117408,0.2509368869,0.1271373146,0.07704642474,0.05350443938,0.0137732245,0.009550043844,0.01047505808,0.001562886578,0.0002573019838,0.0004108223743,0.002090798212,86.28831301
515,3,tier3_voxel_grid,3,20261422,64,64,64,0.06424777139,0.9357522286,10.05742302,0.1657974348,0.8342025652,1.065645988,10.7176525,0.1198939453,0.7143086198,0.07609521228,0.03855368202,0.02336389886,0.01622492302,0.00417665356,0.002895997566,0.003176502976,0.0004739366436,7.802539245e-05,0.0001245795952,0.0006340229041,62.56144586
516,3,tier3_voxel_grid,3,20261423,64,64,64,0.4275094716,0.5724905284,7.985916615,0.6837100264,0.3162899736,1.719517049,13.73191977,0.04545808703,0.2708318866,0.3137989418,0.15898641,0.09634728018,0.06690780564,0.01722354703,0.01194241982,0.01309915884,0.001954404394,0.0003217585555,0.0005137372504,0.002614562867,97.70430185
517,3,tier3_voxel_grid,3,20261424,64,64,64,0.2168359843,0.7831640157,7.146753191,0.4448980332,0.5551019668,1.340304772,9.578827404,0.07978082021,0.4753211466,0.204192606,0.1034542984,0.06269429115,0.04353768408,0.01120756154,0.0077710709,0.008523774376,0.001271753576,0.0002093720188,0.0003342947792,0.00170132634,78.91568583
518,3,tier3_voxel_grid,3,20261425,64,64,64,0.1782664492,0.8217335508,13.66213795,0.3857428602,0.6142571398,1.270879608,17.36293253,0.0882827685,0.5259743713,0.1770424546,0.08969865904,0.05435824253,0.03774876384,0.009717365605,0.006737802581,0.007390424013,0.001102656846,0.0001815331949,0.0002898457953,0.001475112137,75.01292051
519,3,tier3_voxel_grid,3,20261426,64,64,64,0.05754802435,0.9424519757,9.545226199,0.1502079567,0.8497920433,1.053586444,10.05672093,0.1221345091,0.7276575342,0.06894018816,0.03492858504,0.02116705553,0.014699338,0.003783934281,0.002623694857,0.002877825113,0.0004293736808,7.068887878e-05,0.0001128657175,0.0005744074692,61.78682138
520,3,tier3_voxel_grid,3,20261427,64,64,64,0.09141525153,0.9085847485,3.099143912,0.2255551714,0.7744448286,1.114547453,3.454142953,0.1113053949,0.6631394337,0.1035219192,0.05244943847,0.03178485974,0.02207281009,0.00568202886,0.003939790914,0.004321397819,0.000644755819,0.0001061477868,0.0001694813431,0.0008625413592,65.65376025
521,3,tier3_voxel_grid,3,20261428,64,64,64,0.003299079533,0.9967009205,9.477881834,0.009490642133,0.9905093579,0.9559383432,9.060270657,0.1423587984,0.8481505594,0.004355872144,0.002206905067,0.00133740551,0.0009287534404,0.0002390816499,0.0001657738345,0.0001818306358,2.712926822e-05,4.466360278e-06,7.131234304e-06,3.629298905e-05,55.3425197
522,3,tier3_voxel_grid,3,20261429,64,64,64,0.04150276686,0.9584972331,14.80381551,0.1113809448,0.8886190552,1.02470498,15.16954348,0.1277148368,0.7609042184,0.05111995037,0.02589995155,0.01569561756,0.01089972988,0.002805831225,0.001945500215,0.002133940752,0.0003183855722,5.241662478e-05,8.369124062e-05,0.000425929811,59.9124733
523,3,tier3_voxel_grid,3,20261430,64,64,64,0.08221001905,0.9177899809,13.42082044,0.2059035293,0.7940964707,1.097978034,14.73576605,0.1141297843,0.6799666863,0.09450250416,0.04787974679,0.02901558302,0.02014970205,0.005186978374,0.00359653405,0.003944893204,0.000588581046,9.689959136e-05,0.0001547151701,0.0007873918783,64.61477503
524,3,tier3_voxel_grid,3,20261431,64,64,64,0.1171672266,0.8828327734,12.44396745,0.2775515492,0.7224484508,1.160901008,14.44621435,0.1038323289,0.618616122,0.1273864344,0.0645404085,0.03911210285,0.02716117124,0.006991885413,0.004848015963,0.00531759326,0.0007933889314,0.0001306176333,0.000208551234,0.001061379746,68.51235955
525,3,tier3_voxel_grid,3,20261432,64,64,64,0.03032235876,0.9696776412,6.696433408,0.08300629736,0.9169937026,1.004580246,6.727104719,0.1317929211,0.7852007815,0.03809698157,0.0193018571,0.01169710942,0.008122989273,0.002091036859,0.001449877891,0.001590312606,0.0002372758421,3.906332407e-05,6.237063276e-05,0.0003174228465,58.59053937
526,3,tier3_voxel_grid,3,20261433,64,64,64,0.3250791382,0.6749208618,9.864098576,0.5823352946,0.4176647054,1.535142449,15.14279644,0.06002794939,0.357636756,0.2672714925,0.1354132517,0.08206172152,0.05698728291,0.01466978536,0.01017169896,0.01115692651,0.001664621864,0.0002740509221,0.0004375646422,0.00222689763,89.07823138
527,3,tier3_voxel_grid,3,20261434,64,64,64,0.1219135707,0.8780864293,9.836020473,0.2866851229,0.7133148771,1.169444427,11.50267933,0.1025196259,0.6107952512,0.1315784247,0.06666428273,0.04039919088,0.028054982,0.007221972046,0.005007552855,0.005492582846,0.0008194975097,0.0001349159548,0.0002154141685,0.001096307276,69.03150966
528,3,tier3_voxel_grid,3,20261435,64,64,64,0.2637175868,0.7362824132,1.906170282,0.5090388229,0.4909611771,1.424691656,2.715704896,0.07056232502,0.4203988521,0.2336309806,0.1183692675,0.07173290459,0.04981449636,0.01282335167,0.008891423402,0.009752643868,0.001455101832,0.0002395571076,0.0003824899374,0.001946605948,83.45680237
529,3,tier3_voxel_grid,3,20261436,64,64,64,0.3539952719,0.6460047281,5.110940596,0.6133393508,0.3866606492,1.587191489,8.112041417,0.05557195899,0.3310886902,0.2815012678,0.1426227754,0.08643076158,0.06002133725,0.01545081796,0.01071324939,0.01175093134,0.001753247833,0.0002886416403,0.0004608609783,0.002345459668,91.60623167
530,3,tier3_voxel_grid,3,20261437,64,64,64,0.2098543386,0.7901456614,2.913772724,0.4346486384,0.5653513616,1.327737809,3.868726213,0.08125389213,0.4840974694,0.199488493,0.101070957,0.06124996348,0.04253467918,0.01094936593,0.007592043871,0.008327406846,0.001242455392,0.0002045485844,0.0003265934209,0.001662131819,78.22054139
531,3,tier3_voxel_grid,3,20261438,64,64,64,0.2708798726,0.7291201274,11.70295234,0.5181747769,0.4818252231,1.437583771,16.82397435,0.06924927995,0.4125759432,0.2378240634,0.1204936952,0.07302032804,0.05070854005,0.01305349826,0.009051001869,0.009927679055,0.001481217214,0.0002438565492,0.0003893546604,0.001981542581,84.13146784
532,3,tier3_voxel_grid,3,20261439,64,64,64,0.4211773687,0.5788226313,9.303675416,0.6780778068,0.3219221932,1.708119264,15.8917872,0.04626756552,0.2756546277,0.3112139503,0.1576767227,0.09555359716,0.0663566371,0.01708166407,0.01184404137,0.01299125149,0.001938304535,0.0003191079949,0.0005095052209,0.0025930248,97.19695336
533,3,tier3_voxel_grid,3,20261440,64,64,64,0.07689307717,0.9231069228,9.144269689,0.1942801337,0.8057198663,1.088407539,9.952692068,0.1158003315,0.6899195347,0.08916777292,0.04517690221,0.02737763344,0.01901223754,0.004894169884,0.003393507233,0.003722201274,0.0005553552418,9.14295429e-05,0.0001459813925,0.0007429430662,64.01054665
534,3,tier3_voxel_grid,3,20261441,64,64,64,0.1638551122,0.8361448878,3.893116543,0.361946638,0.638053362,1.244939202,4.846693402,0.09170282867,0.5463505333,0.1661208226,0.08416520802,0.05100491845,0.03542006753,0.00911790774,0.00632215199,0.006934513638,0.001034634673,0.000170334532,0.0002719653997,0.001384113444,73.51511161
535,3,tier3_voxel_grid,3,20261442,64,64,64,0.2991713856,0.7008286144,14.814499,0.5527152272,0.4472847728,1.488508494,22.05150759,0.06428502901,0.3829997438,0.2536769196,0.1285255537,0.07788771087,0.05408866561,0.01392361724,0.009654322784,0.01058943744,0.001579952066,0.0002601115184,0.0004153082303,0.002113628078,86.74818681
536,3,tier3_voxel_grid,3,20261443,64,64,64,0.0209626449,0.9790373551,12.67185653,0.05836322917,0.9416367708,0.9877327608,12.51640784,0.1353346924,0.8063020785,0.02678667687,0.01357148488,0.00822444922,0.005711420694,0.00147024584,0.001019435372,0.00111817756,0.0001668329367,2.746612977e-05,4.385392011e-05,0.0002231857452,57.47396148
537,3,tier3_voxel_grid,3,20261444,64,64,64,0.1933194336,0.8066805664,8.421362812,0.409582966,0.590417034,1.29797498,10.93071823,0.08485640126,0.5055606327,0.1879842277,0.09524231453,0.0577177506,0.04008175458,0.01031792895,0.007154219689,0.007847175151,0.00117080446,0.0001927525097,0.0003077591649,0.001566278645,76.55432581
538,3,tier3_voxel_grid,3,20261445,64,64,64,0.1251505905,0.8748494095,12.05491755,0.292838082,0.707161918,1.175271063,14.16779576,0.1016353052,0.6055266127,0.1344024173,0.06809506016,0.04126625565,0.02865711006,0.007376973107,0.005115027103,0.005610467014,0.0008370859167,0.0001378115789,0.0002200374797,0.001119836693,69.38419533
539,3,tier3_voxel_grid,3,20261446,64,64,64,0.2071173131,0.7928826869,6.762099443,0.4305774147,0.5694225853,1.322811164,8.944980633,0.08183901988,0.4875835654,0.197619944,0.1001242556,0.06067625341,0.04213626957,0.01084680649,0.007520931468,0.008249406518,0.001230817684,0.000202632639,0.0003235343181,0.001646563128,77.94666751
540,3,tier3_voxel_grid,3,20261447,64,64,64,0.3354008986,0.6645991014,7.223054087,0.5936407531,0.4063592469,1.553721618,11.22261528,0.058403097,0.3479561499,0.2724603018,0.1380421649,0.08365486795,0.05809363414,0.0149545846,0.01036917234,0.01137352711,0.001696938836,0.0002793713473,0.000446059523,0.002270130625,89.98929026
541,3,tier3_voxel_grid,3,20261448,64,64,64,0.4222902456,0.5777097544,2.540710505,0.679073116,0.320926884,1.710122442,4.344926053,0.04612451687,0.2748023671,0.3116707624,0.1579081668,0.09569385448,0.06645403798,0.01710673721,0.01186142652,0.01301032055,0.001941149655,0.0003195763941,0.0005102530927,0.002596830943,97.28635858
542,3,tier3_voxel_grid,3,20261449,64,64,64,0.3508370289,0.6491629711,14.88820343,0.6100523373,0.3899476627,1.581506652,23.54579275,0.05604437784,0.3339032849,0.2799926438,0.1418584302,0.0859675611,0.05969967038,0.0153680138,0.01065583485,0.01168795565,0.001743851812,0.0002870947496,0.0004583911282,0.00233288986,91.33377831
543,3,tier3_voxel_grid,3,20261450,64,64,64,0.2877922488,0.7122077512,4.576863106,0.5391107913,0.4608892087,1.468026048,6.718954257,0.06624029691,0.3946489118,0.2474329603,0.1253620482,0.07597059638,0.05275733666,0.01358090376,0.009416692972,0.01032879088,0.001541063402,0.000253709179,0.0004050859062,0.002061603606,85.70490213
544,3,tier3_voxel_grid,3,20261451,64,64,64,0.3955778208,0.6044221792,14.92084766,0.6545203223,0.3454796777,1.662040077,24.7990468,0.04965331363,0.2958263641,0.3004018905,0.1521987865,0.09223391562,0.06405130365,0.01648822032,0.01143256084,0.01253991507,0.001870964802,0.0003080216836,0.000491804212,0.002502939059,95.11199117
545,3,tier3_voxel_grid,3,20261452,64,64,64,0.3420352745,0.6579647255,5.543091221,0.600765751,0.399234249,1.565663494,8.67861557,0.05737907221,0.3418551767,0.2757304261,0.1396989752,0.08465891081,0.05879088583,0.01513407259,0.01049362527,0.01151003451,0.001717305844,0.0002827244194,0.0004514132208,0.002297377197,90.56977141
546,3,tier3_voxel_grid,3,20261453,64,64,64,0.003855489698,0.9961445103,7.903966345,0.01107968941,0.9889203106,0.9569398815,7.563620618,0.1421304161,0.8467898945,0.005085189155,0.002576413941,0.00156133141,0.001084257473,0.0002791118226,0.0001935298552,0.000212275096,3.167160467e-05,5.214176656e-06,8.325238702e-06,4.236963535e-05,55.41013851
547,3,tier3_voxel_grid,3,20261454,64,64,64,0.2411030149,0.7588969851,3.197197694,0.4790753416,0.5209246584,1.383985427,4.424875015,0.07486876106,0.4460558974,0.2198787928,0.1114017138,0.06751050062,0.0468822726,0.0120685325,0.008368048784,0.00917857535,0.001369450376,0.0002254560909,0.0003599754855,0.001832023153,81.29358898
548,3,tier3_voxel_grid,3,20261455,64,64,64,0.207592117,0.792407883,9.789957338,0.4312858405,0.5687141595,1.323665811,12.95863182,0.08173720293,0.4869769565,0.1979450866,0.1002889892,0.06077608359,0.04220559605,0.01086465266,0.0075333056,0.008262979205,0.001232842739,0.000202966029,0.0003240666267,0.001649272206,77.99423248
549,3,tier3_voxel_grid,3,20261456,64,64,64,0.4434791291,0.5565208709,11.14663468,0.6975884069,0.3024115931,1.748262432,19.48724266,0.04346344705,0.2589481461,0.3201686321,0.1622136172,0.09830299849,0.06826594279,0.01757316153,0.01218483465,0.01336505389,0.001994076136,0.0003282898151,0.0005241654155,0.002667634925,98.96937665
550,3,tier3_voxel_grid,3,20261457,64,64,64,0.01863725319,0.9813627468,12.3305966,0.05210980601,0.947890194,0.9835470557,12.12772198,0.136233452,0.811656742,0.02391657479,0.01211734605,0.007343227226,0.005099461231,0.001312713958,0.0009102063101,0.0009983686062,0.0001489573502,2.452322661e-05,3.915512049e-05,0.0001992721454,57.1951615
551,3,tier3_voxel_grid,3,20261458,64,64,64,0.1131974045,0.8868025955,1.841889899,0.2698083855,0.7301916145,1.153755328,2.125090285,0.1049451982,0.6252464163,0.1238325936,0.06273985309,0.03802094911,0.0264034259,0.006796825025,0.004712765481,0.005169242459,0.0007712548798,0.0001269736482,0.0002027330488,0.001031769257,68.0763008
552,3,tier3_voxel_grid,3,20261459,64,64,64,0.1983340204,0.8016659796,7.158708929,0.4173053099,0.5826946901,1.307001237,9.356441423,0.08374652422,0.4989481659,0.191528513,0.09703802862,0.05880597046,0.04083746251,0.01051246487,0.007289106511,0.007995127068,0.001192878998,0.0001963866969,0.0003135617063,0.001595809518,77.06260978
553,3,tier3_voxel_grid,3,20261460,64,64,64,0.002365857044,0.997634143,4.134920094,0.006817970791,0.9931820292,0.9542585427,3.945782823,0.1427429223,0.8504391069,0.00312920966,0.001585415831,0.0009607771084,0.0006672060478,0.0001717535739,0.0001190900621,0.000130625088,1.94893618e-05,3.208583096e-06,5.122998687e-06,2.6072476e-05,55.22903902
554,3,tier3_voxel_grid,3,20261461,64,64,64,0.4092297786,0.5907702214,13.89867964,0.6672434576,0.3327565424,1.686613601,23.44170213,0.04782470874,0.2849318336,0.3062413638,0.1551573589,0.09402683869,0.0652963886,0.01680873269,0.0116547969,0.01278367685,0.001907334243,0.000314009277,0.00050136433,0.002551593366,96.2306808
555,3,tier3_voxel_grid,3,20261462,64,64,64,0.2661833707,0.7338166293,11.36789634,0.5122026932,0.4877973068,1.429130067,16.24620246,0.07010760466,0.4176897022,0.2350830862,0.1191049776,0.07217875194,0.05012411245,0.01290305368,0.008946686987,0.009813260266,0.001464145845,0.0002410460463,0.0003848672582,0.001958704846,83.6896347
556,3,tier3_voxel_grid,3,20261463,64,64,64,0.2311328028,0.7688671972,7.994216427,0.4652979796,0.5347020204,1.366039045,10.92041177,0.07684888237,0.457853138,0.2135554665,0.108197997,0.06556901769,0.04553402113,0.01172146279,0.008127398459,0.008914615711,0.001330067398,0.0002189723713,0.0003496232254,0.001779337398,80.32377683
557,3,tier3_voxel_grid,3,20261464,64,64,64,0.1686865805,0.8313134195,6.264179003,0.3700341677,0.6299658323,1.253635845,7.852999337,0.09054046609,0.5394253662,0.1698327153,0.08604584055,0.0521445997,0.03621151251,0.009321643159,0.006463417543,0.007089462128,0.001057753105,0.0001741405781,0.0002780423404,0.001415040817,74.01968001
558,3,tier3_voxel_grid,3,20261465,64,64,64,0.4160896254,0.5839103746,13.67337869,0.6734976556,0.3265023444,1.698961326,23.23054159,0.04692583776,0.2795765066,0.3091118215,0.1566116779,0.09490816987,0.06590842389,0.01696628409,0.01176403949,0.01290350065,0.001925212044,0.0003169525448,0.0005060637118,0.002575509928,96.78692104
559,3,tier3_voxel_grid,3,20261466,64,64,64,0.07748628543,0.9225137146,3.060140767,0.1955870704,0.8044129296,1.089475314,3.333947822,0.1156124949,0.6888004347,0.08976761106,0.04548081054,0.02756180478,0.01914013425,0.004927093323,0.003416335605,0.003747240795,0.0005590911573,9.204459614e-05,0.00014696342,0.0007479408987,64.07810909
560,3,tier3_voxel_grid,3,20261467,64,64,64,0.3005582954,0.6994417046,4.895141103,0.5543478058,0.4456521942,1.491004932,7.298679526,0.06405039022,0.381601804,0.254426216,0.1289051852,0.07811777113,0.05424842962,0.01396474402,0.009682839169,0.01062071592,0.001584618838,0.0002608798209,0.0004165349439,0.002119871191,86.87450734
561,3,tier3_voxel_grid,3,20261468,64,64,64,0.2211838566,0.7788161434,3.40956306,0.451184367,0.548815633,1.348130942,4.59653746,0.07887733058,0.4699383024,0.2070778129,0.1049160902,0.06358015086,0.04415286418,0.01136592249,0.007880874816,0.008644213864,0.001289723238,0.0002123304099,0.0003390183078,0.001725365793,79.34609122
562,3,tier3_voxel_grid,3,20261469,64,64,64,0.4203566716,0.5796433284,6.71738071,0.6773423137,0.3226576863,1.706642009,11.46416411,0.04637327266,0.2762844136,0.3108763848,0.1575056949,0.0954499527,0.06628466181,0.01706313604,0.01183119446,0.01297716022,0.001936202108,0.0003187618669,0.0005089525741,0.002590212214,97.13095581
563,3,tier3_voxel_grid,3,20261470,64,64,64,0.3099664786,0.6900335214,6.800659516,0.5652797906,0.4347202094,1.507939661,10.25498421,0.06247921452,0.3722409948,0.2594436139,0.1314472526,0.07965828826,0.05531823274,0.01424013497,0.009873789057,0.01083016115,0.001615868225,0.0002660244868,0.000424749198,0.002161675993,87.72664541
564,3,tier3_voxel_grid,3,20261471,64,64,64,0.06848248232,0.9315175177,9.76724159,0.1754703804,0.8245296196,1.073268468,10.48287242,0.1185037223,0.7060258973,0.08053475532,0.040802979,0.02472699427,0.01717151666,0.004420327672,0.00306495571,0.003361826353,0.0005015870314,8.257754596e-05,0.0001318478116,0.0006710130363,63.0486149
565,3,tier3_voxel_grid,3,20261472,64,64,64,0.1410669312,0.8589330688,1.569338729,0.3222256523,0.6777743477,1.203920476,1.88935903,0.09741164076,0.580362707,0.1478902821,0.07492869447,0.04540750319,0.03153297521,0.008117284319,0.005628342233,0.006173501687,0.0009210911152,0.0001516415679,0.0002421191941,0.001232217157,71.10213595
566,3,tier3_voxel_grid,3,20261473,64,64,64,0.3944583866,0.6055416134,3.043111475,0.6534603398,0.3465396602,1.660025096,5.051641419,0.0498056573,0.2967340029,0.2999153957,0.1519523036,0.09208454464,0.06394757385,0.01646151798,0.01141404603,0.01251960693,0.001867934812,0.0003075228487,0.0004910077449,0.0024988856,95.01956389
567,3,tier3_voxel_grid,3,20261474,64,64,64,0.2522421724,0.7477578276,12.55488447,0.4940514477,0.5059485523,1.40403591,17.62750864,0.07271635285,0.4332321995,0.2267523007,0.1148841804,0.0696209086,0.04834783309,0.01244580014,0.008629637674,0.009465501657,0.001412259998,0.0002325039476,0.0003712284777,0.001889293004,82.36541074
568,3,tier3_voxel_grid,3,20261475,64,64,64,0.1814495387,0.8185504613,11.20636205,0.3908684374,0.6091315626,1.27660917,14.30614455,0.08754610609,0.5215854565,0.179394915,0.09089053438,0.05508053035,0.03825035239,0.009846485578,0.006827331463,0.007488624635,0.001117308453,0.0001839453262,0.0002936971356,0.001494712762,75.340825
569,3,tier3_voxel_grid,3,20261476,64,64,64,0.2657277866,0.7342722134,13.02085342,0.5116196099,0.4883803901,1.428310016,18.59781536,0.07019140703,0.418188983,0.2348154715,0.1189693905,0.07209658481,0.05006705197,0.01288836506,0.008936502223,0.00980208901,0.001462479085,0.0002407716434,0.0003844291315,0.001956475088,83.64666064
570,3,tier3_voxel_grid,3,20261477,64,64,64,0.2584646156,0.7415353844,1.594035515,0.5022325169,0.4977674831,1.415236308,2.255936937,0.07154054652,0.4262269366,0.2305071247,0.1167865641,0.07077377127,0.04914843183,0.01265189194,0.008772537089,0.009622242264,0.001435645815,0.000236354014,0.0003773757036,0.001920578079,82.95881032
571,3,tier3_voxel_grid,3,20261478,64,64,64,0.06954834572,0.9304516543,2.102900213,0.1778834256,0.8221165744,1.075187022,2.261011018,0.1181569127,0.7039596617,0.08164225851,0.04136409611,0.02506703659,0.01740765706,0.004481115428,0.003107104571,0.00340805774,0.0005084847893,8.371314134e-05,0.0001336609651,0.000680240718,63.17093456
572,3,tier3_voxel_grid,3,20261479,64,64,64,0.4112009417,0.5887990583,2.816111117,0.6690499453,0.3309500547,1.690161695,4.75968314,0.04756507522,0.2833849794,0.3070704783,0.1555774303,0.09428140594,0.06547317134,0.01685424047,0.01168635097,0.01281828724,0.001912498139,0.0003148594223,0.0005027217184,0.002558501522,96.39091551
573,3,tier3_voxel_grid,3,20261480,64,64,64,0.4114664412,0.5885335588,14.36767767,0.6692926849,0.3307073151,1.690639594,24.29056475,0.04753018801,0.2831771271,0.3071818873,0.1556338757,0.0943156124,0.06549692582,0.0168603554,0.01169059092,0.01282293787,0.001913192017,0.0003149736572,0.000502904112,0.002559429778,96.41247309
574,3,tier3_voxel_grid,3,20261481,64,64,64,0.005062927199,0.9949370728,2.031414931,0.01451658552,0.9854834145,0.959113269,1.948357015,0.1416364557,0.8438469588,0.006662604028,0.003375612071,0.002045653097,0.001420591838,0.000365691717,0.0002535624051,0.0002781223797,4.149606915e-05,6.831603177e-06,1.090771006e-05,5.551260622e-05,55.55676874
575,3,tier3_voxel_grid,3,20261482,64,64,64,0.3476611956,0.6523388044,12.12399019,0.6067231012,0.3932768988,1.575790152,19.10486434,0.05652286504,0.3367540337,0.2784646411,0.1410842668,0.08549841069,0.05937387162,0.015284146,0.01059768281,0.01162417102,0.001734335097,0.0002855279886,0.0004558895523,0.00232015859,91.05891074
576,3,tier3_voxel_grid,3,20261483,64,64,64,0.08148400924,0.9185159908,1.839103111,0.2043283548,0.7956716452,1.096671217,2.016891446,0.1143561729,0.6813154724,0.09377955423,0.0475134638,0.02879361204,0.0199955556,0.005147297673,0.003569020345,0.00391471453,0.000584078365,9.615830357e-05,0.0001535315896,0.0007813682824,64.53244707
577,3,tier3_voxel_grid,3,20261484,64,64,64,0.101701754,0.898298246,6.89368416,0.246835158,0.753164842,1.133063157,7.810979539,0.1082469752,0.6449178667,0.1132886873,0.05739777703,0.03478360008,0.02415526779,0.006218099471,0.004311490208,0.00472909979,0.0007055852611,0.0001161622922,0.0001854710484,0.0009439177626,66.80409915
578,3,tier3_voxel_grid,3,20261485,64,64,64,0.214165053,0.785834947,5.6381738,0.4409997579,0.5590002421,1.335497095,7.529764734,0.08034109133,0.4786591508,0.2024034342,0.1025478136,0.06214495268,0.04315619919,0.01110935891,0.007702979402,0.008449087558,0.001260610246,0.0002075374641,0.0003313656292,0.001686419018,78.65033372
579,3,tier3_voxel_grid,3,20261486,64,64,64,0.293212876,0.706787124,13.53992771,0.5456385089,0.4543614911,1.477783177,20.00907739,0.06530211493,0.3890593762,0.2504289539,0.1268799701,0.07689047149,0.05339613855,0.01374534548,0.009530713157,0.01045385503,0.001559723067,0.0002567811669,0.0004099908096,0.00208656613,86.20341732
580,3,tier3_voxel_grid,3,20261487,64,64,64,0.1674024613,0.8325975387,12.82500818,0.3678956131,0.6321043869,1.25132443,16.04824605,0.09084782519,0.5412565617,0.1688511937,0.08554855207,0.05184323814,0.03600223374,0.00926777018,0.006426063233,0.007048489691,0.001051639986,0.0001731341599,0.0002764354382,0.00140686281,73.88581332
581,3,tier3_voxel_grid,3,20261488,64,64,64,0.1437570098,0.8562429902,4.202984145,0.3270549329,0.6729450671,1.208762618,5.080410117,0.09671756293,0.5762275041,0.1501067527,0.07605167054,0.04608803739,0.03200556821,0.008238940196,0.00571269568,0.006266025581,0.0009348957502,0.00015391426,0.0002457478982,0.00125068472,71.38983593
582,3,tier3_voxel_grid,3,20261489,64,64,64,0.125305828,0.874694172,13.52396261,0.2931316262,0.7068683738,1.17555049,15.89810087,0.1015931162,0.6052752575,0.1345371438,0.06816331942,0.04130762141,0.02868583627,0.007384367868,0.005120154463,0.00561609101,0.0008379250211,0.0001379497228,0.0002202580478,0.00112095923,69.40108101
583,3,tier3_voxel_grid,3,20261490,64,64,64,0.1911541375,0.8088458625,8.76698417,0.4062151605,0.5937848395,1.294077447,11.3451565,0.08534043177,0.5084444077,0.186438523,0.09445918237,0.05724316505,0.03975218142,0.01023308954,0.00709539395,0.00778265157,0.001161177493,0.0001911675977,0.000305228608,0.001553399882,76.33404744
584,3,tier3_voxel_grid,3,20261491,64,64,64,0.209073361,0.790926639,7.236354134,0.4334900472,0.5665099528,1.32633205,9.597808413,0.08142040814,0.4850895447,0.1989567402,0.1008015441,0.06108669673,0.04242129953,0.0109201795,0.007571806661,0.008305209466,0.001239143526,0.0002040033435,0.0003257228596,0.001657701272,78.14247274
585,3,tier3_voxel_grid,3,20261492,64,64,64,0.03093442152,0.9690655785,10.49765151,0.08458902781,0.9154109722,1.005681959,10.55729873,0.1315654466,0.7838455256,0.03882339938,0.01966989709,0.01192014516,0.008277875142,0.002130907903,0.001477523575,0.001620636042,0.0002418001218,3.980816771e-05,6.355989072e-05,0.0003234753368,58.66324244
586,3,tier3_voxel_grid,3,20261493,64,64,64,0.06383575499,0.936164245,1.725597115,0.1648489132,0.8351510868,1.064904359,1.83759589,0.1200302696,0.7151208173,0.07565987408,0.03833311768,0.02323023477,0.01613210077,0.004152759063,0.002879429659,0.003158330308,0.0004712252678,7.757901175e-05,0.0001238668794,0.00063039568,62.5139454
587,3,tier3_voxel_grid,3,20261494,64,64,64,0.2423572207,0.7576427793,10.421961,0.4807832092,0.5192167908,1.386242997,14.44737045,0.07462330151,0.4445934893,0.2206626442,0.1117988526,0.06775117049,0.04704940439,0.01211155592,0.008397880251,0.009211296283,0.001374332364,0.000226259825,0.0003612587711,0.001838554178,81.41488465
588,3,tier3_voxel_grid,3,20261495,64,64,64,0.2108767144,0.7891232856,4.476996323,0.4361616446,0.5638383554,1.329578086,5.952516202,0.08103643861,0.4828019167,0.2001829098,0.1014227836,0.0614631738,0.04268274184,0.01098748052,0.007618471676,0.008356394439,0.001246780363,0.0002052606153,0.0003277302883,0.001667917678,78.32264686
589,3,tier3_voxel_grid,3,20261496,64,64,64,0.170335926,0.829664074,1.529954234,0.372769423,0.627230577,1.256604667,1.92254763,0.09014734749,0.5370832295,0.1710881016,0.08668188273,0.05253004732,0.03647918436,0.009390547806,0.006511194475,0.007141866718,0.001065571909,0.0001754278077,0.0002800976013,0.001425500656,74.19136748
590,3,tier3_voxel_grid,3,20261497,64,64,64,0.1606258802,0.8393741198,7.124986086,0.3564778418,0.6435221582,1.239126584,8.828759672,0.09248881948,0.5510333387,0.1636108368,0.08289352232,0.05023426479,0.0348848916,0.008980141635,0.006226628074,0.006829737305,0.001019001965,0.0001677608796,0.000267856166,0.001363200322,73.17650512
591,3,tier3_voxel_grid,3,20261498,64,64,64,0.2040537751,0.7959462249,14.6631975,0.4259843974,0.5740156026,1.317296795,19.31578307,0.08249914129,0.4915164613,0.1955119099,0.09905621894,0.06002901304,0.04168679727,0.0107311024,0.007440704852,0.008161409177,0.001217688414,0.000200471134,0.0003200831414,0.001628999055,77.6392137
592,3,tier3_voxel_grid,3,20261499,64,64,64,0.282035444,0.717964556,6.925030099,0.5320825498,0.4679174502,1.457663799,10.09436568,0.0672504156,0.4006670346,0.2442072437,0.1237277371,0.07498018828,0.05206955354,0.01340385319,0.009293930093,0.01019413723,0.001520972976,0.000250401641,0.0003998049108,0.002034727038,85.17240352
593,3,tier3_voxel_grid,3,20261500,64,64,64,0.08432508783,0.9156749122,12.01894727,0.2104711521,0.7895288479,1.101785158,13.24229772,0.1134733127,0.6760555352,0.09659888292,0.04894187827,0.02965924482,0.02059668923,0.005302042746,0.003676317095,0.00403240401,0.0006016377243,9.904914546e-05,0.0001581472653,0.0008048588399,64.85429945
594,3,tier3_voxel_grid,3,20261501,64,64,64,0.178773035,0.821226965,8.166719362,0.3865616814,0.6134383186,1.271791463,10.38636397,0.08816508521,0.5252732334,0.1774182649,0.08988906351,0.05447362945,0.03782889361,0.009737992779,0.006752104998,0.007406111759,0.001104997469,0.0001819185377,0.0002904610546,0.001478243376,75.06517677
595,3,tier3_voxel_grid,3,20261502,64,64,64,0.03610269293,0.9638973071,12.72781186,0.09781663818,0.9021833618,1.014984847,12.91853617,0.1296643372,0.7725190247,0.04489440898,0.02274577752,0.01378415802,0.00957232798,0.002464128655,0.001708571344,0.001874063026,0.0002796116191,4.603317048e-05,7.34990695e-05,0.000374058797,59.27560517
596,3,tier3_voxel_grid,3,20261503,64,64,64,0.2974472653,0.7025527347,2.690499214,0.5506780554,0.4493219446,1.485405077,3.996481194,0.06457781709,0.3847441275,0.2527419291,0.1280518403,0.07760063601,0.05388930815,0.01387229822,0.009618739334,0.01055040739,0.001574128753,0.0002591528116,0.0004137775067,0.002105837767,86.59090023
597,3,tier3_voxel_grid,3,20261504,64,64,64,0.138571123,0.861428877,4.510519983,0.3177102597,0.6822897403,1.199428021,5.410044058,0.09806060572,0.5842291346,0.1458178752,0.07387870832,0.04477120157,0.03109109927,0.008003535693,0.005549471496,0.006086991555,0.0009081837381,0.0001495165937,0.0002387263444,0.001214949928,70.83452719
598,3,tier3_voxel_grid,3,20261505,64,64,64,0.3411554929,0.6588445071,12.41260589,0.5998271655,0.4001728345,1.564079887,19.41430721,0.05751396837,0.3426588661,0.2752996483,0.1394807214,0.08452664689,0.05869903593,0.01511042839,0.01047723092,0.01149205221,0.00171462287,0.0002822827147,0.000450707971,0.00229378797,90.49302259
599,3,tier3_voxel_grid,3,20261506,64,64,64,0.03733061467,0.9626693853,13.71863522,0.1009237949,0.8990762051,1.017195106,13.95452861,0.1292177678,0.7698584372,0.04632048504,0.02346829975,0.01422201339,0.009876394079,0.002542401985,0.001762844309,0.001933592853,0.0002884935143,4.749541943e-05,7.583377589e-05,0.0003859408176,59.42068871
600,3,tier3_voxel_grid,3,20261507,64,64,64,0.01431463753,0.9856853625,5.558713407,0.04034290924,0.9596570908,0.9757663475,5.424005478,0.1379246236,0.8217324672,0.01851598154,0.009381132444,0.005685055696,0.003947953703,0.001016290485,0.0007046729467,0.0007729273461,0.0001153213439,1.898564552e-05,3.031351665e-05,0.0001542745731,56.67544705
601,3,tier3_voxel_grid,3,20261508,64,64,64,0.002639191368,0.9973608086,10.5962669,0.007601751373,0.9923982486,0.9547505445,10.11679159,0.1426302751,0.8497679735,0.00348893748,0.001767672133,0.001071226165,0.0007439067496,0.0001914980287,0.0001327804227,0.0001456414925,2.17298207e-05,3.57743553e-06,5.711928593e-06,2.906971683e-05,55.26228567
602,3,tier3_voxel_grid,3,20261509,64,64,64,0.09602434572,0.9039756543,7.281085274,0.2351769191,0.7648230809,1.122843822,8.17552162,0.1099225302,0.6549005507,0.1079379642,0.05468683015,0.03314074043,0.02301439351,0.00592441323,0.00410785478,0.004505740298,0.0006722598562,0.0001106758463,0.0001767110896,0.0008993357066,66.17059056
603,3,tier3_voxel_grid,3,20261510,64,64,64,0.09502674355,0.9049732565,12.57705212,0.2331064437,0.7668935563,1.121048138,14.09948087,0.1102201048,0.6566734515,0.1069876885,0.05420537247,0.03284897248,0.02281177696,0.005872255256,0.004071689615,0.004466072186,0.0006663413439,0.0001097014666,0.0001751553419,0.00089141804,66.05891882
604,3,tier3_voxel_grid,3,20261511,64,64,64,0.4000590652,0.5999409348,2.416238277,0.6587379605,0.3412620395,1.670106317,4.03537481,0.04904714277,0.2922148967,0.3023376387,0.1531795344,0.09282825818,0.06446404137,0.01659446813,0.01150623067,0.01262072055,0.001883021039,0.0003100065326,0.0004949733301,0.002519067651,95.48092835
605,3,tier3_voxel_grid,3,20261512,64,64,64,0.01546069461,0.9845393054,8.235592837,0.04348091464,0.9565190854,0.9778292503,8.05300357,0.1374736206,0.8190454648,0.01995621605,0.01011082807,0.0061272582,0.004255038647,0.001095340933,0.0007594847477,0.0008330482008,0.0001242914209,2.046241205e-05,3.26714026e-05,0.0001662745615,56.81342365
606,3,tier3_voxel_grid,3,20261513,64,64,64,0.3739279524,0.6260720476,13.46409525,0.6335534942,0.3664465058,1.623070314,21.85317331,0.05266672529,0.3137797805,0.2907788512,0.1473232682,0.08927930506,0.06199949162,0.01596003859,0.01106633151,0.01213821289,0.001811030532,0.0002981545527,0.0004760498129,0.0024227602,93.30545407
607,3,tier3_voxel_grid,3,20261514,64,64,64,0.02507363887,0.9749263611,2.892140164,0.06928977138,0.9307102286,0.99513255,2.878062816,0.1337642989,0.7969459297,0.03180157683,0.01611228676,0.009764199382,0.006780691196,0.001745499686,0.001210290192,0.001327518518,0.0001980667658,3.260823432e-05,5.206408456e-05,0.0002649697332,57.96549367
608,3,tier3_voxel_grid,3,20261515,64,64,64,0.09771469851,0.9022853015,3.265062337,0.2386700889,0.7613299111,1.125886457,3.676089467,0.109420482,0.6519094291,0.1095412067,0.05549911389,0.03363299212,0.02335623482,0.006012410734,0.004168870268,0.004572665727,0.0006822451808,0.0001123197556,0.0001793358449,0.0009126938729,66.35956657
609,3,tier3_voxel_grid,3,20261516,64,64,64,0.4418992931,0.5581007069,2.533684578,0.6962358297,0.3037641703,1.745418728,4.422340512,0.04365784325,0.260106327,0.3195478465,0.1618990959,0.09811239556,0.0681335797,0.01753908835,0.01216120907,0.01333913994,0.001990209756,0.0003276532831,0.0005231490939,0.002662462559,98.84514181
610,3,tier3_voxel_grid,3,20261517,64,64,64,0.4423641455,0.5576358545,2.49332337,0.6966342707,0.3033657293,1.746255462,4.353979554,0.04360057819,0.2597651511,0.319730717,0.1619917473,0.0981685432,0.0681725711,0.01754912559,0.01216816867,0.01334677365,0.001991348711,0.0003278407921,0.000523448481,0.00266398623,98.88171753
611,3,tier3_voxel_grid,3,20261518,64,64,64,0.248273516,0.751726484,4.678317893,0.4887650643,0.5112349357,1.396892329,6.535106376,0.07347612678,0.4377588089,0.2243260359,0.1136549121,0.06887596024,0.04783050806,0.01231262925,0.008537299977,0.00936422016,0.001397148722,0.0002300161399,0.0003672563083,0.001869077443,81.98495072
612,3,tier3_voxel_grid,3,20261519,64,64,64,0.06932767271,0.9306723273,9.193061703,0.1773845435,0.8226154565,1.074789811,9.88060905,0.1182286134,0.7043868431,0.08141328909,0.04124808863,0.02499673495,0.0173588365,0.004468547936,0.003098390555,0.003398499687,0.0005070587206,8.347836403e-05,0.0001332861069,0.000678332952,63.14561977
613,3,tier3_voxel_grid,3,20261520,64,64,64,0.2960699149,0.7039300851,13.47428041,0.5490444905,0.4509555095,1.482925847,19.98135869,0.06481259764,0.3861429118,0.2519921801,0.1276719795,0.07737043676,0.05372944763,0.0138311466,0.009590205721,0.01051911002,0.001569459162,0.0002583840449,0.000412550052,0.002099590882,86.46504692
614,3,tier3_voxel_grid,3,20261521,64,64,64,0.05031510929,0.9496848907,2.475268275,0.1329722395,0.8670277605,1.040567197,2.57568297,0.124611675,0.7424160855,0.06102959799,0.03092068009,0.01873822692,0.01301265217,0.003349744092,0.002322637153,0.002547607055,0.0003801048971,6.257763388e-05,9.99148617e-05,0.0005084966819,60.94524142
615,3,tier3_voxel_grid,3,20261522,64,64,64,0.01584368994,0.9841563101,7.549991669,0.04452664005,0.95547336,0.9785186419,7.387807595,0.137323326,0.818150034,0.02043616736,0.01035399567,0.006274620086,0.004357373248,0.00112168412,0.0007777505202,0.0008530831903,0.0001272806564,2.095453749e-05,3.34571569e-05,0.0001702735007,56.85950375
616,3,tier3_voxel_grid,3,20261523,64,64,64,0.3809016146,0.6190983854,10.77950879,0.6404162207,0.3595837793,1.635622906,17.6312115,0.05168039488,0.3079033844,0.2939286022,0.1489190913,0.09024638907,0.06267107746,0.01613291962,0.01118620332,0.01226969545,0.001830647829,0.0003013841982,0.0004812064408,0.002449003825,93.89175593
617,3,tier3_voxel_grid,3,20261524,64,64,64,0.3331701726,0.6668298274,11.04066847,0.5912203934,0.4087796066,1.549706311,17.10979361,0.05875095793,0.3500286487,0.2713494415,0.1374793469,0.08331379488,0.05785677794,0.01489361258,0.01032689572,0.01132715558,0.00169002017,0.0002782323096,0.0004442408734,0.002260874972,89.79321546
618,3,tier3_voxel_grid,3,20261525,64,64,64,0.2383712117,0.7616287883,5.580734805,0.4753360575,0.5246639425,1.379068181,7.696213797,0.07540618152,0.449257761,0.2181625924,0.1105321999,0.06698356692,0.04651634658,0.01197433506,0.008302734398,0.009106934633,0.001358761527,0.0002236963586,0.0003571658009,0.001817723826,81.02885118
619,3,tier3_voxel_grid,3,20261526,64,64,64,0.05953584498,0.940464155,12.46902271,0.1548704771,0.8451295229,1.057164521,13.18180842,0.1214643985,0.7236651244,0.0710801216,0.03601278351,0.02182409014,0.01515561185,0.003901389247,0.002705135487,0.002967154057,0.0004427016267,7.288309233e-05,0.0001163691185,0.000592237327,62.01714758
620,3,tier3_voxel_grid,3,20261527,64,64,64,0.01726105609,0.9827389439,4.193304036,0.04838381464,0.9516161854,0.981069901,4.113924375,0.136768962,0.8148472234,0.02220647533,0.01125092319,0.006818166716,0.004734836028,0.001218851377,0.0008451241092,0.0009269825638,0.0001383064988,2.27697499e-05,3.635542399e-05,0.0001850236507,57.02990493
621,3,tier3_voxel_grid,3,20261528,64,64,64,0.2116077098,0.7883922902,12.73796625,0.4372408738,0.5627591262,1.330893878,16.9528813,0.08088132875,0.4818777974,0.2006782382,0.101673742,0.06161525698,0.04278835511,0.01101466771,0.007637322661,0.008377071325,0.00124986537,0.0002057685079,0.0003285412172,0.001672044739,78.3955866
622,3,tier3_voxel_grid,3,20261529,64,64,64,0.286446253,0.713553747,9.59266455,0.5374764233,0.4625235767,1.465603255,14.05904039,0.06647519288,0.3960483838,0.2466828427,0.1249820007,0.07574028397,0.05259739755,0.0135397319,0.009388145331,0.01029747813,0.001536391515,0.0002529400344,0.000403857848,0.00205535365,85.58068243
623,3,tier3_voxel_grid,3,20261530,64,64,64,0.02248837146,0.9775116285,2.851635473,0.06243748453,0.9375625155,0.9904790686,2.824485247,0.1347491289,0.8028133866,0.0286566173,0.01451889125,0.008798586511,0.006110126981,0.001572881645,0.001090600729,0.001196235971,0.0001784793105,2.938350186e-05,4.691530091e-05,0.0002387660298,57.65658705
624,3,tier3_voxel_grid,3,20261531,64,64,64,0.1399262635,0.8600737365,7.889041922,0.3201661556,0.6798338444,1.201867274,9.481581313,0.09770763744,0.582126207,0.1469450453,0.07444978971,0.04511728234,0.03133143304,0.008065402912,0.005592368833,0.006134043915,0.0009152039858,0.0001506723549,0.0002405716957,0.001224341474,70.97991175
625,3,tier3_voxel_grid,3,20261532,64,64,64,0.3009573594,0.6990426406,12.44173491,0.5548165453,0.4451834547,1.491723247,18.5596252,0.06398302165,0.3812004331,0.254641351,0.1290141834,0.07818382513,0.05429430043,0.01397655218,0.009691026681,0.01062969647,0.001585958743,0.0002611004129,0.0004168871531,0.002121663689,86.91082078
626,3,tier3_voxel_grid,3,20261533,64,64,64,0.04013814154,0.9598618585,6.001590287,0.1079775343,0.8920224657,1.022248655,6.135117597,0.1282039845,0.7638184811,0.04955790424,0.02510854001,0.01521601462,0.01056667242,0.002720094878,0.001886052561,0.002068735018,0.0003086568274,5.081495683e-05,8.113393027e-05,0.000412914892,59.75181999
627,3,tier3_voxel_grid,3,20261534,64,64,64,0.2580838004,0.7419161996,6.188194956,0.5017355549,0.4982644451,1.414550841,8.753516378,0.07161197129,0.4266524738,0.2302790366,0.1166710032,0.07070374022,0.04909979918,0.01263937282,0.008763856614,0.009612721001,0.001434225235,0.0002361201403,0.0003770022882,0.001918677656,82.92260332
628,3,tier3_voxel_grid,3,20261535,64,64,64,0.1448937881,0.8551062119,5.864960133,0.3290840892,0.6709159108,1.210808819,7.101345449,0.09642592687,0.5744899839,0.1510380643,0.07652352009,0.04637398272,0.03220414127,0.008290057288,0.005748139121,0.006304902063,0.0009406961506,0.0001548691947,0.0002472725989,0.001258444379,71.51118241
629,3,tier3_voxel_grid,3,20261536,64,64,64,0.1012596529,0.8987403471,4.112423435,0.245934884,0.754065116,1.132267375,4.656362889,0.1083763651,0.6456887509,0.1128754931,0.05718843193,0.03465673496,0.02406716705,0.006195420393,0.004295765046,0.004711851494,0.0007030118023,0.0001157386172,0.0001847945857,0.0009404750412,66.75489116
630,3,tier3_voxel_grid,3,20261537,64,64,64,0.2837172252,0.7162827748,12.9835877,0.5341460764,0.4658539236,1.460691005,18.96500977,0.06695383974,0.3989000839,0.2451543301,0.124207579,0.07527097701,0.05227149008,0.01345583612,0.009329973883,0.01023367221,0.001526871624,0.0002513727506,0.0004013554372,0.002042618132,85.32829419
631,3,tier3_voxel_grid,3,20261538,64,64,64,0.3879961372,0.6120038628,12.85964326,0.6472906321,0.3527093679,1.648393047,21.19774653,0.05069238509,0.3020169828,0.2970837161,0.1505176316,0.09121511969,0.06334380678,0.016306095,0.01130627924,0.01240140188,0.001850298528,0.0003046193426,0.0004863718488,0.002475292135,94.48391925
632,3,tier3_voxel_grid,3,20261539,64,64,64,0.1368758114,0.8631241886,1.442615964,0.3146237775,0.6853762225,1.196376461,1.725911781,0.09850420364,0.5868720188,0.144401288,0.07316099366,0.04433625964,0.03078905639,0.007925783183,0.005495559656,0.006027857831,0.0008993609419,0.0001480640744,0.0002364071729,0.001203146969,70.6523736
633,3,tier3_voxel_grid,3,20261540,64,64,64,0.004556383067,0.9954436169,6.458410149,0.0130766374,0.9869233626,0.9582014895,6.188458225,0.1418434091,0.8450799535,0.006001718301,0.003040773947,0.001842738001,0.001279678635,0.0003294175463,0.0002284107116,0.0002505345011,3.737993682e-05,6.153953866e-06,9.825738227e-06,5.000612723e-05,55.4952721
634,3,tier3_voxel_grid,3,20261541,64,64,64,0.2643376506,0.7356623494,5.018012698,0.5098362864,0.4901637136,1.425807771,7.154721499,0.07044771132,0.4197160023,0.2339969884,0.1185547056,0.07184528182,0.04989253607,0.01284344081,0.008905352763,0.009767922422,0.001457381404,0.0002399323993,0.0003830891486,0.001949655513,83.51540782
635,3,tier3_voxel_grid,3,20261542,64,64,64,0.1111727958,0.8888272042,1.140271743,0.2658223249,0.7341776751,1.150111033,1.311439111,0.105518086,0.6286595891,0.1220031315,0.06181295507,0.03745924007,0.02601335034,0.00669641096,0.004643140629,0.005092873766,0.0007598606131,0.0001250977812,0.0001997379372,0.001016526236,67.8532639
636,3,tier3_voxel_grid,3,20261543,64,64,64,0.2606900638,0.7393099362,7.8096231,0.5051271154,0.4948728846,1.419242115,11.083746,0.07112452665,0.4237483579,0.231835644,0.1174596592,0.07118167328,0.049431697,0.01272481065,0.008823097282,0.009677699702,0.001443920106,0.0002377162316,0.0003795506945,0.00193164726,83.17011658
637,3,tier3_voxel_grid,3,20261544,64,64,64,0.4320658615,0.5679341385,7.308138176,0.6877168267,0.3122831733,1.727718551,12.6264059,0.04488221839,0.2674009549,0.3156379227,0.1599181308,0.09691191182,0.06729991078,0.01732448355,0.01201240694,0.01317592488,0.001965857946,0.0003236441828,0.0005167479458,0.002629885198,98.06735017
638,3,tier3_voxel_grid,3,20261545,64,64,64,0.1695203314,0.8304796686,10.08886339,0.3714184677,0.6285815323,1.255136597,12.66290166,0.09034151059,0.5382400217,0.1704680605,0.08636773855,0.05233967295,0.03634697999,0.009356515481,0.006487597227,0.007115983848,0.001061710166,0.0001747920391,0.0002790824984,0.001420334493,74.10650431
639,3,tier3_voxel_grid,3,20261546,64,64,64,0.1268576185,0.8731423815,3.399915984,0.2960583121,0.7039416879,1.178343713,4.006269625,0.1011724847,0.6027692032,0.13588039,0.06884387589,0.04172004512,0.02897224151,0.007458094902,0.005171275129,0.005672163207,0.0008462910353,0.0001393270409,0.000222457149,0.001132151116,69.56973339
640,3,tier3_voxel_grid,3,20261547,64,64,64,0.1431727149,0.8568272851,10.88998572,0.3260092876,0.6739907124,1.207710887,13.15195431,0.09686784602,0.5771228664,0.1496268382,0.07580852156,0.04594068679,0.03190324145,0.008212599027,0.005694431306,0.006245992126,0.0009319067436,0.0001534221723,0.0002449622041,0.001246686087,71.32741159
641,3,tier3_voxel_grid,3,20261548,64,64,64,0.03661100879,0.9633889912,4.943972489,0.09910453038,0.9008954696,1.015899816,5.022580741,0.1294792377,0.771416232,0.04548550637,0.02304525734,0.01396564565,0.009698361002,0.002496572339,0.001731067064,0.001898737674,0.0002832930953,4.663926124e-05,7.446678706e-05,0.0003789838017,59.33568356
642,3,tier3_voxel_grid,3,20261549,64,64,64,0.3058250837,0.6941749163,13.29268349,0.5604980362,0.4395019638,1.500485151,19.94547418,0.06316646176,0.3763355021,0.2572489562,0.1303353281,0.07898445138,0.05485029065,0.01411967634,0.009790265755,0.01073854781,0.001602199445,0.0002637741608,0.0004211562049,0.002143390174,87.35256309
643,3,tier3_voxel_grid,3,20261550,64,64,64,0.3725447667,0.6274552333,8.276346075,0.6321796775,0.3678203225,1.62058058,13.41248572,0.0528641741,0.3149561484,0.2901483175,0.147003808,0.0890857091,0.06186505003,0.01592543035,0.01104233494,0.01211189202,0.001807103438,0.0002975080253,0.0004750175319,0.002417506613,93.18866354
644,3,tier3_voxel_grid,3,20261551,64,64,64,0.3236379648,0.6763620352,4.775790233,0.580734964,0.419265036,1.532548337,7.319129377,0.06025795341,0.3590070826,0.2665369969,0.1350411191,0.0818362056,0.0568306747,0.01462947094,0.01014374585,0.01112626588,0.001660047274,0.0002732977957,0.0004363621596,0.002220777835,88.95025016
645,3,tier3_voxel_grid,3,20261552,64,64,64,0.2805822497,0.7194177503,3.105023033,0.5302925817,0.4697074183,1.455048049,4.517957708,0.06750767486,0.4021997434,0.2433857111,0.1233115072,0.07472794896,0.05189438742,0.01335876156,0.009262664573,0.01015984334,0.001515856301,0.00024955927,0.0003984599353,0.002027882054,85.03748315
646,3,tier3_voxel_grid,3,20261553,64,64,64,0.04528002675,0.9547199732,5.288158942,0.1207169994,0.8792830006,1.031504048,5.454757356,0.1263730327,0.7529099679,0.05540487225,0.02807090963,0.01701123885,0.0118133554,0.003041018614,0.002108573856,0.002312809654,0.0003450729476,5.681023512e-05,9.070631842e-05,0.0004616316448,60.35614615
647,3,tier3_voxel_grid,3,20261554,64,64,64,0.0351867098,0.9648132902,1.902106512,0.09548999003,0.90451001,1.013336078,1.927473153,0.1299987296,0.7745112804,0.04382655902,0.02220475073,0.01345629063,0.009344642388,0.002405517355,0.001667931588,0.001829486915,0.0002729608297,4.493823415e-05,7.175083446e-05,0.0003651615048,59.16727648
648,3,tier3_voxel_grid,3,20261555,64,64,64,0.08953518619,0.9104648138,2.221783362,0.2215891708,0.7784108292,1.111163335,2.468764211,0.1118753997,0.6665354295,0.1017016639,0.05152720511,0.03122597753,0.0216846976,0.005582120134,0.003870516452,0.004245413454,0.0006334188944,0.0001042813601,0.0001665013045,0.0008473750496,65.44229296
649,3,tier3_voxel_grid,3,20261556,64,64,64,0.2286555288,0.7713444712,8.898584271,0.4618184215,0.5381815785,1.361579952,12.11613394,0.07734897428,0.4608326042,0.2119584712,0.1073888785,0.06507868414,0.04519351186,0.01163380819,0.008066620729,0.008847951068,0.001320120983,0.0002173348678,0.000347008698,0.001766031284,80.08126617
650,3,tier3_voxel_grid,3,20261557,64,64,64,0.002500475071,0.9974995249,4.721997636,0.007204086208,0.9927959138,0.9545008551,4.507150782,0.1426874287,0.8501084851,0.003306423105,0.001675201123,0.001015187851,0.00070499127,0.0001814803247,0.0001258343722,0.0001380226498,2.059308361e-05,3.390291618e-06,5.413124421e-06,2.754901283e-05,55.24541403
651,3,tier3_voxel_grid,3,20261558,64,64,64,0.2380877557,0.7619122443,9.672948298,0.4749465362,0.5250534638,1.37855796,13.33471988,0.07546216461,0.4495912992,0.2179838158,0.1104416227,0.06692867624,0.04647822806,0.01196452251,0.008295930599,0.00909947182,0.001357648069,0.0002235130472,0.0003568731161,0.001816234265,81.001339
652,3,tier3_voxel_grid,3,20261559,64,64,64,0.1290130366,0.8709869634,8.608283294,0.3001004977,0.6998995023,1.182223466,10.17691451,0.1005915304,0.5993079719,0.1377356116,0.06978382493,0.04228966319,0.02936780945,0.007559922828,0.005241880321,0.005749607196,0.0008578457369,0.0001412293208,0.0002254944327,0.001147608763,69.80356445
653,3,tier3_voxel_grid,3,20261560,64,64,64,0.1034030455,0.8965969545,10.30909098,0.2502878244,0.7497121756,1.136125482,11.71242096,0.1077507483,0.6419614273,0.1148733402,0.0582006423,0.03527014409,0.02449314543,0.006305076639,0.004371798219,0.004795249215,0.0007154548053,0.0001177871404,0.0001880653695,0.0009571210403,66.99326663
654,3,tier3_voxel_grid,3,20261561,64,64,64,0.1746677441,0.8253322559,10.33284262,0.3798920907,0.6201079093,1.264401939,13.06486625,0.0891236576,0.5309842517,0.1743571565,0.08833815122,0.05353376182,0.03717620802,0.009569977093,0.006635606704,0.007278329476,0.001085932256,0.0001787797833,0.0002854495482,0.001452738318,74.64093054
655,3,tier3_voxel_grid,3,20261562,64,64,64,0.4441586733,0.5558413267,6.260336809,0.6981688465,0.3018311535,1.749485612,10.95236917,0.04338002463,0.2584511289,0.3204350335,0.1623485896,0.09838479307,0.06832274456,0.01758778356,0.01219497323,0.01337617449,0.001995735339,0.0003285629738,0.0005246015557,0.002669854573,99.02275309
656,3,tier3_voxel_grid,3,20261563,64,64,64,0.008184854964,0.991815145,6.11859621,0.02333117789,0.9766688221,0.9647327389,5.90281008,0.1403695976,0.8362992245,0.01070819302,0.005425312007,0.003287790798,0.002283187105,0.0005877427918,0.0004075276222,0.0004470006192,6.669283005e-05,1.097980987e-05,1.753096301e-05,8.922032587e-05,55.93521901
657,3,tier3_voxel_grid,3,20261564,64,64,64,0.2026602952,0.7973397048,8.736973608,0.4238824712,0.5761175288,1.314788531,11.4872727,0.08280123605,0.4933162927,0.1945471995,0.09856744786,0.0597328131,0.04148110296,0.01067815214,0.007403990334,0.008121138502,0.001211679999,0.0001994819534,0.0003185037616,0.001620961118,77.49904739
658,3,tier3_voxel_grid,3,20261565,64,64,64,0.2509385724,0.7490614276,13.70674843,0.4923209515,0.5076790485,1.40168943,19.2126044,0.07296506464,0.4347139838,0.2259580636,0.1144817798,0.06937704996,0.04817848688,0.01240220669,0.008599410954,0.009432347187,0.001407313326,0.0002316895644,0.0003699281892,0.001882675445,82.24061101
659,3,tier3_voxel_grid,3,20261566,64,64,64,0.005234020396,0.9947659796,14.39572771,0.01500233218,0.9849976678,0.9594212367,13.81156688,0.1415666428,0.843431025,0.006885544718,0.003488565097,0.002114103707,0.001468126964,0.0003779283085,0.0002620469823,0.0002874287703,4.288458966e-05,7.060198832e-06,1.127269834e-05,5.737014101e-05,55.57753441
660,3,tier3_voxel_grid,3,20261567,64,64,64,0.2810336757,0.7189663243,5.914033437,0.5308493132,0.4691506868,1.455860616,8.610008364,0.06742765984,0.401723027,0.2436412314,0.1234409667,0.07480640263,0.05194886911,0.01337278635,0.009272389048,0.01017050973,0.001517447734,0.0002498212716,0.0003988782613,0.002030011041,85.07941704
661,3,tier3_voxel_grid,3,20261568,64,64,64,0.1345876481,0.8654123519,14.29061558,0.3104328968,0.6895671032,1.192257767,17.03809742,0.09910652884,0.5904605744,0.1424778206,0.07218646782,0.04374568769,0.03037893715,0.007820209433,0.005422357194,0.005947565001,0.0008873811911,0.0001460918176,0.0002332581602,0.001187120699,70.40603717
662,3,tier3_voxel_grid,3,20261569,64,64,64,0.01357957286,0.9864204271,12.68224665,0.03832324364,0.9616767564,0.9744432311,12.3581294,0.1382148956,0.8234618607,0.01758902581,0.008911489802,0.005400447778,0.003750309398,0.0009654124757,0.00066939528,0.0007342326957,0.0001095480728,1.803517725e-05,2.87959472e-05,0.0001465512072,56.58688093
663,3,tier3_voxel_grid,3,20261570,64,64,64,0.3173921406,0.6826078594,14.76318477,0.573736297,0.426263703,1.521305853,22.4593194,0.06126382158,0.3649998814,0.263324854,0.1334136851,0.08084996508,0.05614578573,0.0144531654,0.01002149956,0.01099217884,0.001640041387,0.0002700041758,0.0004311033864,0.002194014362,88.3933907
664,3,tier3_voxel_grid,3,20261571,64,64,64,0.2333969646,0.7666030354,14.70814348,0.4684583921,0.5315416079,1.370114536,20.15184118,0.07639465898,0.4551469489,0.2150059851,0.108932903,0.06601437776,0.04584329883,0.0118010777,0.008182601647,0.008975165861,0.001339101526,0.0002204596828,0.000351997948,0.001791423073,80.54488643
665,3,tier3_voxel_grid,3,20261572,64,64,64,0.3549885421,0.6450114579,5.20210086,0.6143682578,0.3856317422,1.588979376,8.266030976,0.05542408158,0.3302076606,0.2819735,0.1428620321,0.08657575344,0.060122026,0.01547673747,0.01073122139,0.01177064411,0.001756188993,0.0002891258509,0.0004616340953,0.002349394292,91.69173516
666,3,tier3_voxel_grid,3,20261573,64,64,64,0.1126922221,0.8873077779,11.86832611,0.2688161392,0.7311838608,1.152846,13.68235228,0.1050878066,0.6260960542,0.1233771874,0.06250912124,0.03788112341,0.02630632476,0.006771829047,0.004695433833,0.005150232072,0.0007684185158,0.0001265066904,0.0002019874785,0.001027974826,68.02068933
667,3,tier3_voxel_grid,3,20261574,64,64,64,0.2454225843,0.7545774157,2.139006587,0.4849340337,0.5150659663,1.391760652,2.976985202,0.07402673331,0.441039233,0.2225677271,0.1127640639,0.06833609778,0.04745560372,0.0122161206,0.008470383046,0.009290821676,0.001386197613,0.000228213231,0.0003643776857,0.001854427269,81.71068171
668,3,tier3_voxel_grid,3,20261575,64,64,64,0.07564529425,0.9243547057,6.383582313,0.1915226727,0.8084773273,1.08616153,6.93360153,0.1161966416,0.6922806857,0.08790219496,0.04453569643,0.02698905662,0.01874239264,0.004824705846,0.003345342433,0.003669371246,0.0005474729618,9.013186313e-05,0.0001439094462,0.0007323983106,63.86831047
669,3,tier3_voxel_grid,3,20261576,64,64,64,0.235679336,0.764320664,5.266470624,0.4716252502,0.5283747498,1.374222805,7.237304033,0.07593950921,0.4524352406,0.2164594619,0.1096693079,0.06646064613,0.04615320729,0.01188085499,0.008237917419,0.009035839502,0.001348154079,0.0002219500276,0.0003543775137,0.001803533396,80.76725468
670,3,tier3_voxel_grid,3,20261577,64,64,64,0.09811191755,0.9018880824,11.05105634,0.2394882173,0.7605117827,1.126601452,12.45013612,0.1093028983,0.6512088844,0.109916699,0.05568935725,0.03374828141,0.02343629679,0.006033020454,0.004183160584,0.004588340199,0.0006845838238,0.0001127047723,0.0001799505836,0.0009158224625,66.40393015
671,3,tier3_voxel_grid,3,20261578,64,64,64,0.1716482904,0.8283517096,14.06217021,0.3749366167,0.6250633833,1.258966923,17.70380715,0.08983587229,0.535227511,0.1720827676,0.08718583081,0.05283544466,0.03669126576,0.009445142242,0.006549049028,0.007183387851,0.001071766894,0.0001764477038,0.0002817260229,0.001433788182,74.32777382
672,3,tier3_voxel_grid,3,20261579,64,64,64,0.2400106448,0.7599893552,2.008166653,0.4775833013,0.5224166987,1.382019161,2.775324793,0.07508320129,0.4473334974,0.2191939986,0.1110547625,0.0673002448,0.04673626167,0.01203094606,0.008341987194,0.009149989442,0.001365185337,0.0002247539267,0.0003588543719,0.00182631747,81.18781709
673,3,tier3_voxel_grid,3,20261580,64,64,64,0.01949674712,0.9805032529,12.29870019,0.05442734063,0.9455726594,0.9850941448,12.11537755,0.1359003694,0.80967229,0.02498024196,0.01265625362,0.007669810351,0.005326254973,0.001371095676,0.0009506868797,0.001042770111,0.0001555820883,2.561387404e-05,4.089650765e-05,0.0002081345867,57.29827361
674,3,tier3_voxel_grid,3,20261581,64,64,64,0.1743329583,0.8256670417,9.08810222,0.3793447471,0.6206552529,1.263799325,11.48553745,0.08920232337,0.5314529295,0.1741059449,0.08821087475,0.05345663106,0.03712264502,0.009556188793,0.006626046207,0.007267842953,0.001084367659,0.0001785221997,0.0002850382762,0.001450645231,74.60625581
675,3,tier3_voxel_grid,3,20261582,64,64,64,0.2199970815,0.7800029185,7.292582328,0.4494757321,0.5505242679,1.345994747,9.815777504,0.07912290041,0.4714013675,0.2062936094,0.104518773,0.06333937288,0.04398565732,0.01132287975,0.007851029948,0.008611478232,0.001284839057,0.0002115263148,0.0003377344457,0.001718831834,79.22879975
676,3,tier3_voxel_grid,3,20261583,64,64,64,0.07297877207,0.9270212279,6.672012293,0.1855915616,0.8144084384,1.08136179,7.214859155,0.1170490776,0.6973593608,0.08518002278,0.04315650637,0.02615325429,0.0181619746,0.004675293422,0.003241743222,0.003555737448,0.0005305187133,8.734064217e-05,0.0001394528307,0.0007097172581,63.56379613
677,3,tier3_voxel_grid,3,20261584,64,64,64,0.3285088883,0.6714911117,5.462506214,0.5861221472,0.4138778528,1.541315999,8.419448221,0.05948369226,0.3543941606,0.2690095251,0.1362938269,0.08259535849,0.05735786399,0.01476518111,0.01023784423,0.01122947859,0.001675446689,0.0002758330405,0.0004404100696,0.002241378863,89.38203966
678,3,tier3_voxel_grid,3,20261585,64,64,64,0.1580723776,0.8419276224,3.645809064,0.3521169513,0.6478830487,1.23453028,4.500861683,0.09311557896,0.5547674697,0.1616093409,0.08187946329,0.04961973535,0.03445813522,0.008870285117,0.006150456037,0.006746187269,0.001006536237,0.0001657086151,0.0002645794086,0.001346523921,72.90797732
679,3,tier3_voxel_grid,3,20261586,64,64,64,0.1633672761,0.8366327239,13.98555882,0.3611237505,0.6388762495,1.244061097,17.39888964,0.09182109638,0.5470551531,0.1657431461,0.08397385801,0.05088895852,0.03533953983,0.009097178133,0.006307778547,0.006918747987,0.001032282426,0.0001699472757,0.000271347085,0.001380966655,73.46402896
680,3,tier3_voxel_grid,3,20261587,64,64,64,0.02723042676,0.9727695732,4.437762246,0.07495752413,0.9250424759,0.9990147682,4.433390022,0.1329497135,0.7920927624,0.03440287672,0.01743023681,0.01056288968,0.007335337003,0.001888277767,0.0013092893,0.001436106649,0.0002142681969,3.527551704e-05,5.632281356e-05,0.0002866436817,58.2226783
681,3,tier3_voxel_grid,3,20261588,64,64,64,0.0436275939,0.9563724061,1.880891995,0.1166479557,0.8833520443,1.028529669,1.934553222,0.1269578471,0.7563941972,0.05353732377,0.02712471515,0.01643783597,0.01141515912,0.002938514096,0.002037499531,0.002234851093,0.0003334414712,5.489531565e-05,8.76488536e-05,0.0004460712898,60.16223645
682,3,tier3_voxel_grid,3,20261589,64,64,64,0.1607895662,0.8392104338,6.997023879,0.3567562829,0.6432437171,1.239421219,8.672259868,0.09244880114,0.5507949159,0.1637386315,0.08295826957,0.05027350225,0.03491213982,0.008987155928,0.006231491627,0.00683507194,0.001019797897,0.0001678919159,0.0002680653856,0.001364265103,73.19369505
683,3,tier3_voxel_grid,3,20261590,64,64,64,0.2732814022,0.7267185978,7.38199962,0.521201509,0.478798491,1.441906524,10.64415341,0.06881426948,0.4099842216,0.2392132273,0.1211975159,0.07344685009,0.0510047358,0.01312974559,0.00910387005,0.009985668031,0.001489869214,0.0002452809498,0.0003916289359,0.001993117051,84.35657048
684,3,tier3_voxel_grid,3,20261591,64,64,64,0.4122110536,0.5877889464,6.962240907,0.6699727342,0.3300272658,1.691979896,11.77997165,0.04743244941,0.2825948164,0.3074940061,0.1557920108,0.0944114438,0.06556347538,0.01687748673,0.0117024694,0.01283596689,0.001915135957,0.000315293693,0.0005034150985,0.002562030342,96.47290166
685,3,tier3_voxel_grid,3,20261592,64,64,64,0.3302423555,0.6697576445,11.34976311,0.5880245841,0.4119754159,1.54443624,17.52898545,0.05921026866,0.3527651472,0.269882677,0.1367362098,0.08286344674,0.05754403631,0.01481310598,0.01027107425,0.01126592727,0.001680884858,0.0002767283402,0.0004418395538,0.002248653937,89.53518158
686,3,tier3_voxel_grid,3,20261593,64,64,64,0.005405600289,0.9945943997,9.069553389,0.01548914752,0.9845108525,0.9597300805,8.704323204,0.1414966763,0.8430141762,0.0071089759,0.003601766631,0.002182704916,0.001515766673,0.0003901918217,0.0002705502263,0.0002967556359,4.427616504e-05,7.28929742e-06,1.163848964e-05,5.923176255e-05,55.59835623
687,3,tier3_voxel_grid,3,20261594,64,64,64,0.02781864891,0.9721813511,11.10823877,0.07649565687,0.9235043431,1.000073568,11.10905598,0.1327286487,0.7907756944,0.03510882574,0.01778790627,0.01077964078,0.007485858543,0.001927025337,0.001336155993,0.00146557564,0.0002186649927,3.599937269e-05,5.747856096e-05,0.0002925256266,58.29273752
688,3,tier3_voxel_grid,3,20261595,64,64,64,0.01409014558,0.9859098544,6.752584418,0.03972667576,0.9602733242,0.975362262,6.586216013,0.1380131904,0.8222601338,0.01823315197,0.009237836682,0.005598217099,0.003887649146,0.001000766761,0.0006939091453,0.0007611209663,0.0001135598231,1.869564188e-05,2.985048103e-05,0.000151918046,56.64840436
689,3,tier3_voxel_grid,3,20261596,64,64,64,0.4256529477,0.5743470523,4.979413812,0.6820664545,0.3179335455,1.716175306,8.545547021,0.04569430582,0.2722392397,0.3130445999,0.1586042223,0.09611567076,0.06674696583,0.01718214331,0.01191371141,0.01306766974,0.001949706197,0.0003209850794,0.0005125022764,0.002608277714,97.55589108
690,3,tier3_voxel_grid,3,20261597,64,64,64,0.0116937506,0.9883062494,2.582643287,0.03311658052,0.9668834195,0.9710487511,2.507872539,0.1389632119,0.8279202076,0.0151993499,0.007700759161,0.004666733467,0.003240785782,0.0008342498428,0.0005784500627,0.0006344785533,9.466467945e-05,1.558488643e-05,2.488367928e-05,0.0001266405031,56.35941347
691,3,tier3_voxel_grid,3,20261598,64,64,64,0.07262602861,0.9273739714,1.536343726,0.1848030133,0.8151969867,1.080726851,1.660367918,0.11716241,0.6980345767,0.08481810674,0.0429731414,0.02604213338,0.01808480732,0.004655428862,0.003227969583,0.003540629699,0.0005282646257,8.696954601e-05,0.0001388603183,0.0007067017851,63.52345661
692,3,tier3_voxel_grid,3,20261599,64,64,64,0.02533583456,0.9746641654,9.63371873,0.06998114703,0.930018853,0.9956045022,9.59137374,0.1336649325,0.7963539205,0.03211889402,0.01627305569,0.009861626889,0.006848349158,0.00176291634,0.001222366508,0.001340764542,0.0002000430825,3.293360037e-05,5.258358173e-05,0.00026761361,57.99678449
693,3,tier3_voxel_grid,3,20261600,64,64,64,0.07633994386,0.9236600561,13.19207923,0.1930591764,0.8069408236,1.087411899,14.34522392,0.115975811,0.6909650126,0.08860739629,0.04489298708,0.02720557816,0.01889275475,0.004863412376,0.00337218067,0.003698809026,0.0005518651008,9.085495213e-05,0.0001450639696,0.0007382740258,63.94751478
694,3,tier3_voxel_grid,3,20261601,64,64,64,0.184190664,0.815809336,3.156905435,0.3952456131,0.6047543869,1.281543195,4.045710677,0.08691700606,0.5178373808,0.1814038852,0.09190838029,0.05569735467,0.03867870243,0.009956752341,0.006903787955,0.007572486678,0.001129820733,0.0001860052546,0.0002969861296,0.001511451439,75.62235661
695,3,tier3_voxel_grid,3,20261602,64,64,64,0.1574267396,0.8425732604,12.82593184,0.351009178,0.648990822,1.233368131,15.81909559,0.09327479127,0.5557160307,0.1611009117,0.08162186737,0.04946362978,0.03434972862,0.008842378862,0.006131106468,0.006724963506,0.001003369635,0.0001651872895,0.0002637470317,0.001342287706,72.839973
696,3,tier3_voxel_grid,3,20261603,64,64,64,0.3707980495,0.6292019505,13.22556996,0.6304387486,0.3695612514,1.617436489,21.39151944,0.05311438531,0.316446866,0.2893492922,0.1465989813,0.08884038029,0.06169468288,0.01588157408,0.01101192599,0.01207853767,0.001802126944,0.0002966887324,0.0004737094043,0.002410849159,93.04094006
697,3,tier3_voxel_grid,3,20261604,64,64,64,0.03358135312,0.9664186469,11.33354273,0.09139397975,0.9086060202,1.010446436,11.45193785,0.1305874197,0.7780186005,0.04194663384,0.02125228559,0.01287908768,0.008943807167,0.002302333515,0.001596386236,0.001751011703,0.0002612522688,4.301062405e-05,6.86731071e-05,0.0003494980276,58.97720941
698,3,tier3_voxel_grid,3,20261605,64,64,64,0.2759732599,0.7240267401,10.61767428,0.5245726524,0.4754273476,1.446751868,15.3611401,0.06832975923,0.4070975884,0.240760464,0.1219814243,0.07392190602,0.05133463561,0.01321466909,0.009162754092,0.01005025556,0.001499505722,0.0002468674326,0.000394162001,0.002006008578,84.60822392
699,3,tier3_voxel_grid,3,20261606,64,64,64,0.192395217,0.807604783,1.414703818,0.4081479578,0.5918520422,1.296311391,1.833896673,0.08506264469,0.5067893975,0.1873256092,0.0949086251,0.05751553163,0.0399413248,0.01028177923,0.007129154281,0.007819681916,0.001166702449,0.0001920771851,0.0003066809049,0.001560791057,76.46036329
700,3,tier3_voxel_grid,3,20261607,64,64,64,0.03949607737,0.9605039226,10.67451318,0.1063705453,0.8936294547,1.021092939,10.89967004,0.1284349455,0.7651945092,0.04882035259,0.02473485905,0.0149895604,0.01040941261,0.002679612729,0.001857983151,0.002037946812,0.0003040632039,5.005869694e-05,7.99264445e-05,0.000406769635,59.67616459
701,3,tier3_voxel_grid,3,20261608,64,64,64,0.4168533821,0.5831466179,12.13495831,0.6741883614,0.3258116386,1.700336088,20.63350754,0.04682656758,0.278985071,0.3094288312,0.1567722911,0.09500550298,0.0659760163,0.01698368387,0.01177610411,0.01291673384,0.001927186446,0.0003172775956,0.0005065827056,0.002578151244,96.84861006
702,3,tier3_voxel_grid,3,20261609,64,64,64,0.04244975294,0.9575502471,3.424899274,0.1137331779,0.8862668221,1.026409555,3.515349341,0.1273767672,0.7588900549,0.05219954294,0.02644692774,0.01602709034,0.01112991922,0.002865087045,0.001986586866,0.002179007043,0.0003251094969,5.352360157e-05,8.545870011e-05,0.0004349249422,60.02384511
703,3,tier3_voxel_grid,3,20261610,64,64,64,0.1314772124,0.8685227876,1.802999184,0.3046893332,0.6953106668,1.186658982,2.139545176,0.09993201,0.5953786568,0.1398417262,0.0708508891,0.04293631426,0.0298168725,0.007675521576,0.005322033891,0.005837524415,0.0008709630524,0.0001433888577,0.0002289424672,0.001165156844,70.07028597
704,3,tier3_voxel_grid,3,20261611,64,64,64,0.01023703501,0.989762965,4.650571838,0.02906967285,0.9709303272,0.968426663,4.503737766,0.1395448449,0.8313854822,0.0133419611,0.006759712084,0.004096449967,0.002844755738,0.000732302962,0.0005077623903,0.0005569440952,8.309647973e-05,1.368038435e-05,2.184284744e-05,0.0001111647983,56.18345957
705,3,tier3_voxel_grid,3,20261612,64,64,64,0.06623094582,0.9337690542,13.84425315,0.1703445811,0.8296554189,1.069215702,14.80249286,0.1192404167,0.7104150022,0.07818219309,0.03961105202,0.02400467516,0.01666990637,0.004291202105,0.002975422948,0.003263621477,0.0004869347897,8.016531022e-05,0.0001279963045,0.0006514115622,62.78983034
706,3,tier3_voxel_grid,3,20261613,64,64,64,0.3870289763,0.6129710237,8.430806557,0.6463597549,0.3536402451,1.646652157,13.8826058,0.05082617339,0.3028140717,0.2966564761,0.1503011702,0.09108394203,0.06325271121,0.01628264499,0.01129001953,0.01238356726,0.00184763759,0.0003041812655,0.000485672391,0.002471732384,94.40344659
707,3,tier3_voxel_grid,3,20261614,64,64,64,0.3963979848,0.6036020152,3.658815271,0.6552952987,0.3447047013,1.663516373,6.086499108,0.04954193184,0.2951627695,0.3007575775,0.1523789955,0.092343124,0.06412714278,0.01650774299,0.01144609741,0.0125547628,0.001873180093,0.0003083863927,0.0004923865264,0.002505902632,95.17964151
708,3,tier3_voxel_grid,3,20261615,64,64,64,0.07798311633,0.9220168837,6.566907027,0.1966797021,0.8033202979,1.090369609,7.16035585,0.1154554588,0.6878648391,0.09026909068,0.04573488548,0.02771577661,0.01924705909,0.004954618138,0.003435420693,0.003768174457,0.0005622144755,9.255879595e-05,0.0001477844195,0.000752119211,64.13466601
709,3,tier3_voxel_grid,3,20261616,64,64,64,0.3458496001,0.6541503999,8.952943399,0.6048131582,0.3951868418,1.57252928,14.07876564,0.05679736744,0.3383894743,0.2775880442,0.1406401384,0.0852292647,0.05918696476,0.01523603205,0.01056432167,0.01158757854,0.001728875471,0.0002846291565,0.0004544544279,0.002312854812,90.9017136
710,3,tier3_voxel_grid,3,20261617,64,64,64,0.3729419766,0.6270580234,7.405421509,0.6325746288,0.3674253712,1.621295558,12.006377,0.0528074106,0.3146179607,0.2903295863,0.1470956479,0.08914136497,0.06190369993,0.01593537969,0.01104923358,0.01211945886,0.001808232418,0.000297693892,0.0004753142969,0.002419016938,93.22221934
711,3,tier3_voxel_grid,3,20261618,64,64,64,0.2799294282,0.7200705718,12.6344069,0.529486374,0.470513626,1.453872971,18.36882269,0.06762354531,0.4028900807,0.24301569,0.1231240358,0.0746143395,0.05181549199,0.01333845214,0.009248582475,0.01014439726,0.001513551734,0.0002491798632,0.0003978541537,0.00202479905,84.97680663
712,3,tier3_voxel_grid,3,20261619,64,64,64,0.2296495126,0.7703504874,1.463291742,0.4632172968,0.5367827032,1.363369123,1.995006779,0.07714792398,0.4596347792,0.212600506,0.1077141657,0.06527581132,0.04533040568,0.01166904768,0.008091055,0.008874752035,0.001324119708,0.000217993188,0.0003480598079,0.001771380698,80.17864542
713,3,tier3_voxel_grid,3,20261620,64,64,64,0.3366252375,0.6633747625,12.18982897,0.5949638632,0.4050361368,1.555925428,18.96646485,0.0582129359,0.3468232009,0.2730675629,0.1383498341,0.08384131841,0.05822311357,0.01498791547,0.01039228322,0.01139887649,0.001700720983,0.0002799940118,0.0004470537031,0.002275190305,90.09671446
714,3,tier3_voxel_grid,3,20261621,64,64,64,0.4298714148,0.5701285852,9.915387881,0.6857918326,0.3142081674,1.723768547,17.09183376,0.04515888397,0.2690492834,0.3147544179,0.1594705025,0.09664064486,0.06711153102,0.01727599044,0.0119787829,0.01313904404,0.001960355296,0.0003227382676,0.0005153015122,0.002622523863,97.89270973
715,3,tier3_voxel_grid,3,20261622,64,64,64,0.2503824611,0.7496175389,2.353980278,0.4915809635,0.5084190365,1.40068843,3.29719294,0.0730714178,0.4353476187,0.225618435,0.1143097068,0.06927277208,0.04810607172,0.01238356543,0.008586485522,0.009418169802,0.001405198049,0.0002313413211,0.0003693721648,0.001879845671,82.18732086
716,3,tier3_voxel_grid,3,20261623,64,64,64,0.05517199456,0.9448280054,7.085005024,0.1445931558,0.8554068442,1.04930959,7.434363718,0.1229414841,0.7324653601,0.06636319129,0.03362294813,0.02037582711,0.01414987405,0.003642490124,0.002525620662,0.002770251483,0.0004133236139,6.804651554e-05,0.0001086467763,0.0005529360127,61.51096742
717,3,tier3_voxel_grid,3,20261624,64,64,64,0.1704015525,0.8295984475,8.847412349,0.3728779899,0.6271220101,1.256722795,11.11874477,0.09013174395,0.5369902662,0.17113793,0.08670712831,0.05254534638,0.0364898087,0.009393282747,0.006513090821,0.007143946744,0.001065882251,0.0001754789,0.0002801791781,0.001425915825,74.19819294
718,3,tier3_voxel_grid,3,20261625,64,64,64,0.01398067077,0.9860193292,2.155292094,0.03942598068,0.9605740193,0.9751652074,2.101765862,0.1380564071,0.8225176122,0.01809514347,0.009167914597,0.005555843649,0.003858223152,0.0009931918596,0.0006886568795,0.0007553599676,0.0001127002778,1.855413275e-05,2.962453983e-05,0.0001507681636,56.63521499
719,3,tier3_voxel_grid,3,20261626,64,64,64,0.3597585407,0.6402414593,3.557929015,0.6192773101,0.3807226899,1.597565373,5.684024196,0.05471853874,0.3260041512,0.284226583,0.1440035579,0.08726752893,0.06060242544,0.01560040289,0.01081696821,0.01186469634,0.001770221657,0.0002914360841,0.0004653227395,0.002368166908,92.10113196
720,3,tier3_voxel_grid,3,20261627,64,64,64,0.3065833325,0.6934166675,4.301793969,0.5613770784,0.4386229216,1.501849999,6.460649266,0.06304012332,0.3755827982,0.2576524058,0.130539736,0.07910832455,0.05493631365,0.01414182057,0.009805620059,0.01075538932,0.001604712212,0.0002641878441,0.0004218167141,0.002146751703,87.42117371
721,3,tier3_voxel_grid,3,20261628,64,64,64,0.09355372752,0.9064462725,8.52123305,0.2300371134,0.7699628866,1.11839671,9.530119004,0.1106612376,0.6593016491,0.1055789735,0.05349164619,0.03241644756,0.02251141255,0.005794934823,0.004018077367,0.004407267073,0.0006575675766,0.000108257019,0.0001728490582,0.0008796806707,65.89383512
722,3,tier3_voxel_grid,3,20261629,64,64,64,0.08419973926,0.9158002607,6.79417884,0.2102013341,0.7897986659,1.101559531,7.484192455,0.1135120917,0.6762865742,0.09647504595,0.04887913619,0.02962122253,0.02057028487,0.005295245681,0.003671604163,0.004027234584,0.0006008664422,9.892216732e-05,0.0001579445251,0.0008038270342,64.84011743
723,3,tier3_voxel_grid,3,20261630,64,64,64,0.1006783891,0.8993216109,12.39681714,0.2447492979,0.7552507021,1.1312211,14.02354113,0.1085467609,0.6467039412,0.1123313506,0.05691274184,0.03448966413,0.02395114569,0.006165553933,0.004275056315,0.004689136922,0.0006996227709,0.0001151806723,0.0001839037406,0.0009359412633,66.69016194
724,3,tier3_voxel_grid,3,20261631,64,64,64,0.05932287722,0.9406771228,13.20215743,0.1543724619,0.8456275381,1.056781179,13.95179149,0.1215359747,0.7240915634,0.07085155012,0.03589697765,0.02175391068,0.01510687613,0.003888843597,0.002696436616,0.002957612616,0.0004412780365,7.264872306e-05,0.0001159949117,0.0005903328766,61.99249122
725,3,tier3_voxel_grid,3,20261632,64,64,64,0.232573898,0.767426102,2.20586122,0.4673116985,0.5326883015,1.368633016,3.019014495,0.07655946502,0.4561288365,0.2144796929,0.1086662568,0.0658527876,0.04573108349,0.011772191,0.008162572254,0.008953196428,0.00133582367,0.000219920041,0.0003511363265,0.001787038023,80.46456826
726,3,tier3_voxel_grid,3,20261633,64,64,64,0.03216364015,0.9678363599,5.499934723,0.08775720655,0.9122427934,1.007894552,5.543354245,0.1311101071,0.7811326864,0.04027748239,0.02040660907,0.01236659964,0.008587912847,0.002210718456,0.001532862416,0.001681334986,0.0002508564501,4.129913402e-05,6.594044881e-05,0.0003355907105,58.80913679
727,3,tier3_voxel_grid,3,20261634,64,64,64,0.05894634019,0.9410536598,3.227419593,0.1534910631,0.8465089369,1.056103412,3.408488845,0.1216626518,0.7248462851,0.07044701893,0.0356920217,0.02162970542,0.01502062252,0.003866640011,0.002681041149,0.002940725949,0.000438758533,7.223393081e-05,0.0001153326318,0.0005869623356,61.9488859
728,3,tier3_voxel_grid,3,20261635,64,64,64,0.1083365678,0.8916634322,12.48722466,0.2601956739,0.7398043261,1.145005822,14.29794494,0.1063267642,0.6334775619,0.1194206959,0.06050456262,0.03666634177,0.02546272675,0.006554668286,0.004544859449,0.004985073102,0.0007437766726,0.0001224498412,0.0001955100919,0.0009950094644,67.54008144
729,3,tier3_voxel_grid,3,20261636,64,64,64,0.1321610903,0.8678389097,8.579173526,0.3059567887,0.6940432113,1.187889963,10.19111412,0.09974984771,0.5942933635,0.1404234439,0.0711456167,0.04311492199,0.0299409056,0.007707450435,0.005344172643,0.005861807519,0.00087458611,0.0001439853309,0.0002298948287,0.001170003697,70.14419426
730,3,tier3_voxel_grid,3,20261637,64,64,64,0.001043412201,0.9989565878,7.012806117,0.00301444421,0.9969855558,0.951878142,6.675336856,0.1432895759,0.8536959799,0.001383524253,0.0007009633393,0.0004247904663,0.0002949932567,7.593778008e-05,5.265354741e-05,5.77535534e-05,8.616873796e-06,1.418617802e-06,2.265042519e-06,1.152748035e-05,55.06808065
731,3,tier3_voxel_grid,3,20261638,64,64,64,0.09958685408,0.9004131459,4.414293785,0.2425169907,0.7574830093,1.129256337,4.984869231,0.1088675944,0.6486154149,0.1113067998,0.05639365263,0.03417509113,0.0237326923,0.006109319206,0.004236064422,0.004646368285,0.0006932416581,0.0001141301335,0.0001822263931,0.0009274047389,66.5685118
732,3,tier3_voxel_grid,3,20261639,64,64,64,0.1773258098,0.8226741902,5.436570209,0.3842193351,0.6157806649,1.269186458,6.900021285,0.08850173383,0.5272789311,0.17634321,0.08934438635,0.0541435499,0.03759967179,0.009678986021,0.00671119104,0.007361234888,0.001098301806,0.0001808162137,0.000288701024,0.001469286053,74.91581906
733,3,tier3_voxel_grid,3,20261640,64,64,64,0.09195689239,0.9080431076,14.53860891,0.2266932987,0.7733067013,1.115522406,16.21814399,0.11114182,0.6621648812,0.1040442797,0.05271409274,0.03194524276,0.02218418713,0.005710699772,0.003959670679,0.004343203132,0.0006480091881,0.0001066833972,0.0001703365279,0.0008668936509,65.71461339
734,3,tier3_voxel_grid,3,20261641,64,64,64,0.3391879244,0.6608120756,6.910595537,0.5977211926,0.4022788074,1.560538264,10.78424876,0.05781664474,0.3444621627,0.2743330805,0.1389910093,0.08422987669,0.0584929456,0.01505737619,0.01044044572,0.011451704,0.001708602887,0.0002812916296,0.0004491255505,0.002285734558,90.32112684
735,3,tier3_voxel_grid,3,20261642,64,64,64,0.0381722292,0.9618277708,9.75525775,0.103045645,0.896954355,1.018710013,9.937778745,0.1289128096,0.7680415454,0.04729433986,0.02396170384,0.01452102097,0.01008403815,0.002595854155,0.00179990684,0.001974245249,0.0002945588826,4.84939764e-05,7.742812638e-05,0.0003940549452,59.52003819
736,3,tier3_voxel_grid,3,20261643,64,64,64,0.05608993693,0.9439100631,12.81499842,0.1467677644,0.8532322356,1.050961886,13.46807491,0.1226289432,0.7306032923,0.06736126045,0.03412862042,0.02068226934,0.01436268107,0.003697271351,0.002563604732,0.002811914678,0.000419539794,6.906990104e-05,0.0001102807694,0.0005612518934,61.61760983
737,3,tier3_voxel_grid,3,20261644,64,64,64,0.357697663,0.642302337,5.185817537,0.6171628433,0.3828371567,1.593855793,8.265445325,0.05502243587,0.3278147208,0.2832561169,0.1435118706,0.08696956179,0.0603955039,0.01554713672,0.01078003465,0.0118241854,0.001764177394,0.0002904410017,0.0004637339368,0.002360081015,91.92449914
738,3,tier3_voxel_grid,3,20261645,64,64,64,0.08194812734,0.9180518727,5.046591103,0.2053357531,0.7946642469,1.097506629,5.538667191,0.1142113867,0.6804528602,0.09424191474,0.04774771902,0.02893557293,0.02009413951,0.005172675349,0.003586616654,0.003934015212,0.0005869580415,9.663239201e-05,0.000154288545,0.0007852206555,64.58508354
739,3,tier3_voxel_grid,3,20261646,64,64,64,0.1361934149,0.8638065851,5.214128048,0.3133769583,0.6866230417,1.195148147,6.231655473,0.09868340002,0.5879396417,0.1438290417,0.07287106472,0.04416055994,0.03066704276,0.00789437418,0.00547378136,0.006003970096,0.0008957968738,0.0001474773128,0.0002354703173,0.00119837903,70.5789671
740,3,tier3_voxel_grid,3,20261647,64,64,64,0.3098118895,0.6901881105,4.888063517,0.565102148,0.434897852,1.507661401,7.369544691,0.06250474582,0.3723931062,0.2593620822,0.1314059445,0.07963325516,0.05530084864,0.01423565992,0.009870686158,0.01082675771,0.001615360428,0.0002659408869,0.0004246157179,0.002160996673,87.7127105
741,3,tier3_voxel_grid,3,20261648,64,64,64,0.1434804774,0.8565195226,5.754465738,0.3265602817,0.6734397183,1.208264859,6.952918735,0.0967886556,0.5766510627,0.1498797251,0.07593664689,0.04601833196,0.03195716168,0.008226479287,0.005704055566,0.006256548589,0.0009334817757,0.0001536814738,0.0002453762191,0.001248793134,71.36029654
742,3,tier3_voxel_grid,3,20261649,64,64,64,0.008676375363,0.9913236246,6.47271565,0.02470961105,0.9752903889,0.9656174757,6.250167346,0.1401714853,0.8351189037,0.01134084553,0.005745845757,0.003482037307,0.002418080458,0.0006224673204,0.0004316048287,0.0004734099363,7.063312011e-05,1.162850982e-05,1.856671272e-05,9.449156662e-05,55.9947139
743,3,tier3_voxel_grid,3,20261650,64,64,64,0.0848723196,0.9151276804,7.72017372,0.2116477976,0.7883522024,1.102770175,8.513577327,0.1133042019,0.6750480005,0.097138922,0.04921548937,0.02982505576,0.02071183566,0.005331683982,0.003696869661,0.004054947291,0.0006050011989,9.960288281e-05,0.0001590313926,0.0008093584285,64.91619404
744,3,tier3_voxel_grid,3,20261651,64,64,64,0.2560790505,0.7439209495,10.91296362,0.4991114048,0.5008885952,1.410942291,15.39756189,0.07198912155,0.4288994737,0.2290746436,0.1160607968,0.07033394934,0.04884300006,0.01257326706,0.008718020365,0.009562445068,0.001426724028,0.0002348851976,0.0003750305113,0.001908642692,82.73176197
745,3,tier3_voxel_grid,3,20261652,64,64,64,0.02804358073,0.9719564193,13.07677025,0.07708296701,0.922917033,1.000478445,13.08302677,0.1326442389,0.7902727941,0.03537838052,0.01792447635,0.01086240355,0.007543332664,0.001941820445,0.001346414588,0.00147682788,0.0002203438353,3.627576481e-05,5.791986368e-05,0.0002947715485,58.31951824
746,3,tier3_voxel_grid,3,20261653,64,64,64,0.1943864837,0.8056135163,12.35261695,0.41123518,0.58876482,1.299895671,16.0571133,0.0846189404,0.5041458796,0.1887425361,0.09562651187,0.05795057785,0.04024344011,0.01035955038,0.007183079048,0.007878829819,0.001175527361,0.0001935300528,0.0003090006326,0.001572596846,76.66270021
747,3,tier3_voxel_grid,3,20261654,64,64,64,0.2048414322,0.7951585678,2.508003748,0.4271689629,0.5728310371,1.318714578,3.307341104,0.0823288922,0.4905021449,0.196055584,0.0993316717,0.06019594004,0.04180271875,0.01076094314,0.007461395756,0.008184104196,0.001221074528,0.0002010285986,0.0003209732196,0.00163352893,77.71835397
748,3,tier3_voxel_grid,3,20261655,64,64,64,0.05863958344,0.9413604166,4.632008529,0.1527721695,0.8472278305,1.05555125,4.889322394,0.1217659732,0.7254618573,0.07011707194,0.03552485387,0.02152840012,0.01495027165,0.003848530143,0.002668484174,0.002926952709,0.0004367035552,7.189561461e-05,0.0001147924577,0.0005842132277,61.91335051
749,3,tier3_voxel_grid,3,20261656,64,64,64,0.1807986904,0.8192013096,14.90342171,0.3898241529,0.6101758471,1.275437643,19.00838506,0.08769619362,0.5224796535,0.1789156249,0.09064770182,0.0549333715,0.03814815879,0.009820178688,0.006809090858,0.007468617251,0.001114323336,0.0001834538788,0.0002929124639,0.001490719333,75.2738639
750,3,tier3_voxel_grid,3,20261657,64,64,64,0.06480800564,0.9351919944,6.500396028,0.1670850594,0.8329149406,1.06665441,6.93367609,0.1197088843,0.7132060563,0.07668618685,0.03885309962,0.02354534878,0.01635092985,0.004209090503,0.002918488611,0.003201172498,0.0004776173549,7.863135728e-05,0.0001255471116,0.0006389468855,62.62600521
751,3,tier3_voxel_grid,3,20261658,64,64,64,0.07316237229,0.9268376277,12.07520482,0.1860016285,0.8139983715,1.08169227,13.06165571,0.1169901417,0.6970082298,0.08536822914,0.04325186122,0.02621104024,0.01820210371,0.004685623543,0.003248905895,0.003563593895,0.0005316909011,8.753362243e-05,0.0001397609535,0.0007112853875,63.58478731
752,3,tier3_voxel_grid,3,20261659,64,64,64,0.01774540487,0.9822545951,4.324420186,0.04969731092,0.9503026891,0.9819417288,4.246328633,0.1365801826,0.8137225065,0.02280932409,0.01155635686,0.007003262428,0.004863374664,0.001251940061,0.0008680670579,0.0009521477593,0.0001420611649,2.338789012e-05,3.734238037e-05,0.0001900465675,57.08808846
753,3,tier3_voxel_grid,3,20261660,64,64,64,0.4384323897,0.5615676103,2.981125318,0.6932521356,0.3067478644,1.739178301,5.184708467,0.04408666819,0.2626611962,0.3181784355,0.161205283,0.09769193835,0.06784159564,0.0174639252,0.01210909264,0.01328197553,0.001981680782,0.0003262491365,0.0005209071569,0.00265105267,98.57181052
754,3,tier3_voxel_grid,3,20261661,64,64,64,0.3337513999,0.6662486001,10.04198871,0.5918522382,0.4081477618,1.55075252,15.5726393,0.05866014741,0.3494876144,0.2716394361,0.1376262728,0.0834028334,0.05791861022,0.01490952958,0.01033793221,0.01133926106,0.001691826316,0.00027852966,0.0004447156394,0.002263291198,89.84434731
755,3,tier3_voxel_grid,3,20261662,64,64,64,0.0472103266,0.9527896734,8.726775885,0.125440661,0.874559339,1.034978588,9.032026182,0.1256941347,0.7488652043,0.05757286736,0.02916932557,0.01767688938,0.01227561252,0.003160013807,0.002191082444,0.002403309999,0.0003585756673,5.903322214e-05,9.425566068e-05,0.0004796953115,60.58230146
756,3,tier3_voxel_grid,3,20261663,64,64,64,0.09519266917,0.9048073308,4.3728163,0.2334512741,0.7665487259,1.121346805,4.903443585,0.1101705448,0.6563781811,0.1071459536,0.05428555755,0.03289756541,0.02284552203,0.005880941983,0.004077712796,0.004472678771,0.0006673270513,0.0001098637461,0.0001754144462,0.0008927366996,66.07749992
757,3,tier3_voxel_grid,3,20261664,64,64,64,0.292239585,0.707760415,1.626316246,0.544472793,0.455527207,1.476031253,2.400493607,0.06546965491,0.3900575521,0.2498939311,0.1266089005,0.07672620075,0.05328206169,0.01371597957,0.0095103515,0.01043152115,0.001556390835,0.0002562325732,0.0004091148949,0.002082108338,86.1141129
758,3,tier3_voxel_grid,3,20261665,64,64,64,0.0680786366,0.9319213634,10.23896657,0.1745538449,0.8254461551,1.072541546,10.98171704,0.1186354494,0.7068107057,0.08011409764,0.04058985255,0.02459783761,0.01708182457,0.004397238947,0.003048946508,0.003344266505,0.0004989670888,8.214621816e-05,0.0001311591301,0.0006675081299,63.00223766
759,3,tier3_voxel_grid,3,20261666,64,64,64,0.1242370248,0.8757629752,8.194558718,0.2911077554,0.7088922446,1.173626645,9.617352452,0.1018839927,0.6070082519,0.133608258,0.06769269892,0.0410224209,0.02848778044,0.007333383924,0.005084803344,0.005577315792,0.0008321397293,0.0001369972755,0.0002187373186,0.001113219783,69.28477184
760,3,tier3_voxel_grid,3,20261667,64,64,64,0.095691227,0.904308773,13.48528093,0.234486284,0.765513716,1.122244209,15.13377842,0.1100217902,0.6554919257,0.1076209869,0.05452623343,0.03304341729,0.02294680802,0.005907015233,0.0040957914,0.004492508464,0.0006702856564,0.0001103508287,0.000176192149,0.0008966946619,66.133313
761,3,tier3_voxel_grid,3,20261668,64,64,64,0.1303055601,0.8696944399,6.610426961,0.3025117452,0.6974882548,1.184550008,7.830381311,0.1002449791,0.5972432757,0.1388422896,0.070344524,0.04262945218,0.02960377392,0.007620665296,0.005283997781,0.005795804139,0.0008647383558,0.0001423640701,0.0002273062354,0.00115682957,69.94354723
762,3,tier3_voxel_grid,3,20261669,64,64,64,0.2666388045,0.7333611955,11.97872386,0.5127849157,0.4872150843,1.429949848,17.12897437,0.07002392599,0.4171911583,0.235350306,0.1192403647,0.07226079777,0.0501810887,0.01291772063,0.008956856717,0.009824415033,0.001465810144,0.0002413200442,0.0003853047381,0.001960931312,83.7325744
763,3,tier3_voxel_grid,3,20261670,64,64,64,0.4272078206,0.5727921794,12.95266163,0.683443411,0.316556589,1.718974077,22.26528957,0.04549640574,0.2710601832,0.3136765747,0.1589244127,0.09630970919,0.06688171468,0.01721683064,0.01193776283,0.01309405077,0.001953642267,0.0003216330845,0.0005135369166,0.002613543308,97.68020697
764,3,tier3_voxel_grid,3,20261671,64,64,64,0.208388753,0.791611247,1.931957358,0.4324723995,0.5675276005,1.325099755,2.560036222,0.08156666733,0.4859609332,0.1984896755,0.1005649056,0.06094329151,0.04232171261,0.01089454363,0.007554031324,0.008285712415,0.001236234551,0.0002035244317,0.0003249582028,0.001653809704,78.07398623
765,3,tier3_voxel_grid,3,20261672,64,64,64,0.1655961133,0.8344038867,6.97978889,0.3648739378,0.6351260622,1.248073004,8.711286087,0.09128210889,0.5438439533,0.1674643506,0.08484590724,0.05141742867,0.03570653284,0.009191650239,0.006373283379,0.006990597596,0.001043002442,0.0001717121391,0.0002741649622,0.001395307677,73.69721295
766,3,tier3_voxel_grid,3,20261673,64,64,64,0.3747193662,0.6252806338,6.240197763,0.6343376535,0.3656623465,1.624494859,10.13716919,0.05255402371,0.3131083228,0.2911387529,0.1475056126,0.08938980748,0.06207622938,0.01597979258,0.01108002848,0.01215323655,0.001813272074,0.0002985235834,0.0004766390273,0.002425758889,93.37220305
767,3,tier3_voxel_grid,3,20261674,64,64,64,0.06328350351,0.9367164965,2.688680638,0.1635754759,0.8364245241,1.063910306,2.860515041,0.1202132916,0.7162112326,0.075075411,0.03803699913,0.0230507841,0.0160074823,0.004120679518,0.002857186424,0.0031339326,0.0004675851114,7.697972357e-05,0.0001229100232,0.000625525952,62.4502494
768,3,tier3_voxel_grid,3,20261675,64,64,64,0.2461525262,0.7538474738,2.999366029,0.4859176046,0.5140823954,1.393074547,4.178340472,0.07388537172,0.4401970237,0.2230191517,0.1129927784,0.06847470096,0.04755185589,0.01224089803,0.008487563162,0.009309665852,0.001389009178,0.0002286761061,0.0003651167373,0.001858188525,81.78098119
769,3,tier3_voxel_grid,3,20261676,64,64,64,0.04411778694,0.9558822131,7.581725984,0.1178574877,0.8821425123,1.029412016,7.804719834,0.1267840098,0.7553585025,0.05409245659,0.0274059735,0.01660828122,0.01153352383,0.002968983785,0.002058626527,0.002258024443,0.0003368989527,5.54645296e-05,8.855769162e-05,0.000450696639,60.21978938
770,3,tier3_voxel_grid,3,20261677,64,64,64,0.08819831705,0.911801683,11.3896748,0.2187543152,0.7812456848,1.108756971,12.62838133,0.1122828331,0.6689628516,0.1004005645,0.05086800239,0.0308264944,0.02140727888,0.005510706427,0.003820999795,0.004191100629,0.0006253153799,0.000102947258,0.0001643712043,0.000836534331,65.29169445
771,3,tier3_voxel_grid,3,20261678,64,64,64,0.3396198947,0.6603801053,9.051299101,0.5981843674,0.4018156326,1.56131581,14.13193639,0.05775007595,0.3440655567,0.2745456615,0.1390987135,0.08429514651,0.05853827185,0.01506904417,0.01044853603,0.01146057794,0.001709926886,0.0002815096028,0.0004494735784,0.002287505776,90.35889566
772,3,tier3_voxel_grid,3,20261679,64,64,64,0.1652443695,0.8347556305,1.294303478,0.3642837053,0.6357162947,1.247439865,1.614565756,0.09136693877,0.5443493559,0.1671934546,0.08470865763,0.0513342541,0.03564877274,0.009176781514,0.006362973739,0.006979289369,0.001041315246,0.0001714343717,0.0002737214637,0.00139305058,73.66044767
773,3,tier3_voxel_grid,3,20261680,64,64,64,0.1761540866,0.8238459134,9.88308468,0.3823158357,0.6176841643,1.267077356,12.5226328,0.08877531014,0.5289088542,0.1754695705,0.0889017564,0.05387531193,0.0374133955,0.009631034389,0.006677942458,0.007324765858,0.001092860599,0.000179920414,0.0002872707414,0.001462006916,74.79473406
774,3,tier3_voxel_grid,3,20261681,64,64,64,0.3309564257,0.6690435743,11.2264041,0.5888060246,0.4111939754,1.545721566,17.35289492,0.05909795782,0.3520960175,0.2702413308,0.136917922,0.08297356605,0.05762050802,0.01483279148,0.01028472374,0.01128089884,0.001683118628,0.0002770960914,0.0004424267255,0.002251642229,89.59818588
775,3,tier3_voxel_grid,3,20261682,64,64,64,0.435212613,0.564787387,9.10011169,0.6904618832,0.3095381168,1.733382703,15.7739762,0.04448769113,0.2650504257,0.3168978074,0.1605564521,0.09729874062,0.06756854178,0.01739363511,0.01206035507,0.01322851725,0.001973704767,0.0003249360249,0.0005188105713,0.002640382517,98.31709649
776,3,tier3_voxel_grid,3,20261683,64,64,64,0.1852706847,0.8147293153,9.798505663,0.396961006,0.603038994,1.283487233,12.57625692,0.08667046495,0.516368529,0.1821911904,0.09230726892,0.05593908498,0.03884657064,0.009999965325,0.006933750865,0.007605351786,0.001134724232,0.0001868125301,0.0002982750697,0.001518011241,75.73306763
777,3,tier3_voxel_grid,3,20261684,64,64,64,0.3621419938,0.6378580062,1.361797359,0.6217105274,0.3782894726,1.601855589,2.18140271,0.05436882988,0.3239206427,0.2853433445,0.1445693657,0.08761041387,0.06084053989,0.01566169881,0.01085946942,0.01191131421,0.001777177078,0.0002925811726,0.0004671510503,0.002377471729,92.30494448
778,3,tier3_voxel_grid,3,20261685,64,64,64,0.0270306154,0.9729693846,4.481986635,0.07443429847,0.9255657015,0.9986551077,4.475958846,0.133024913,0.7925407886,0.03416273448,0.0173085686,0.01048915759,0.007284134183,0.001875097031,0.001300150074,0.0014260822,0.0002127725415,3.502928351e-05,5.592966368e-05,0.0002846428241,58.19887201
779,3,tier3_voxel_grid,3,20261686,64,64,64,0.09606540139,0.9039345986,14.08866535,0.2352619863,0.7647380137,1.122917722,15.82041201,0.1099103041,0.6548277096,0.107977007,0.05470661124,0.03315272796,0.02302271818,0.005926556184,0.004109340656,0.004507370096,0.0006725030232,0.0001107158794,0.0001767750088,0.0008996610105,66.17518406
780,3,tier3_voxel_grid,3,20261687,64,64,64,0.3278348803,0.6721651197,7.93467759,0.585380359,0.414619641,1.540102785,12.22021905,0.05959030415,0.3550293369,0.2686690704,0.1361213353,0.08249082694,0.05728527266,0.0147464945,0.01022488735,0.01121526672,0.001673326266,0.00027548395,0.0004398526926,0.002238542204,89.32242081
781,3,tier3_voxel_grid,3,20261688,64,64,64,0.1079923173,0.8920076827,3.138362058,0.2595093162,0.7404906838,1.144386171,3.59149814,0.1064254095,0.6340652744,0.1191056817,0.06034496051,0.03656962137,0.02539555984,0.006537378039,0.004532870781,0.004971923215,0.0007418146995,0.0001221268366,0.0001949943651,0.0009923847763,67.50201016
782,3,tier3_voxel_grid,3,20261689,64,64,64,0.2105317247,0.7894682753,2.569946453,0.4356515654,0.5643484346,1.328957104,3.415348596,0.08110974865,0.483238686,0.1999488013,0.1013041724,0.06139129428,0.04263282552,0.01097463096,0.007609562079,0.008346621861,0.001245322287,0.0002050205686,0.0003273470166,0.001665967094,78.28820438
783,3,tier3_voxel_grid,3,20261690,64,64,64,0.1549417664,0.8450582336,14.5325759,0.3467259574,0.6532740426,1.22889518,17.85901247,0.09389038781,0.5593836548,0.1591350636,0.08062586931,0.04886004545,0.03393057301,0.008734478951,0.006056291098,0.006642901544,0.0009911259284,0.000163171577,0.0002605286351,0.001325908321,72.57782397
784,3,tier3_voxel_grid,3,20261691,64,64,64,0.3157708613,0.6842291387,4.906212794,0.5719026532,0.4280973468,1.51838755,7.449532426,0.06152735803,0.3665699888,0.2624832757,0.132987299,0.08059157105,0.05596634551,0.01440697352,0.009989471148,0.01095704817,0.001634799864,0.0002691412506,0.0004297255931,0.002187002359,88.24825351
785,3,tier3_voxel_grid,3,20261692,64,64,64,0.06980721453,0.9301927855,10.81486462,0.1784681886,0.8215318114,1.075652986,11.63304142,0.1180728689,0.7034589425,0.08191064421,0.04150007388,0.02514944041,0.01746488191,0.004495846368,0.003117318674,0.003419261177,0.0005101563506,8.398833473e-05,0.0001341003539,0.0006824768991,63.20062445
786,3,tier3_voxel_grid,3,20261693,64,64,64,0.2174173979,0.7825826021,12.47484648,0.4457429139,0.5542570861,1.341351316,16.73315175,0.07965939157,0.4745976945,0.2045803766,0.1036507627,0.06281335034,0.04362036404,0.01122884519,0.007785828502,0.008539961395,0.001274168691,0.0002097696254,0.0003349296195,0.001704557233,78.97335221
787,3,tier3_voxel_grid,3,20261694,64,64,64,0.3105603221,0.6894396779,14.7003192,0.5659615838,0.4340384162,1.50900858,22.1829078,0.06238122529,0.371657191,0.2597565331,0.1316057933,0.07975436542,0.05538495295,0.01425731023,0.009885697994,0.01084322358,0.00161781715,0.0002663453432,0.0004252614949,0.002164283225,87.78015471
788,3,tier3_voxel_grid,3,20261695,64,64,64,0.1509639657,0.8490360343,8.04859862,0.3398043428,0.6601956572,1.221735138,9.833255748,0.09488518179,0.5653104754,0.155958285,0.07901635268,0.04788466303,0.03325322439,0.008560114454,0.005935390681,0.00651029075,0.0009713402978,0.0001599142184,0.0002553277589,0.001299439503,72.15683605
789,3,tier3_voxel_grid,3,20261696,64,64,64,0.01121632096,0.988783679,13.63738164,0.03179264106,0.9682073589,0.9701893777,13.23084281,0.1391534922,0.8290538667,0.01459170809,0.007392897094,0.00448016612,0.003111225178,0.0008008980816,0.0005553247022,0.0006091132777,9.088016116e-05,1.496183158e-05,2.388887594e-05,0.0001215776507,56.30176917
790,3,tier3_voxel_grid,3,20261697,64,64,64,0.1484492868,0.8515507132,12.92902761,0.3353866376,0.6646133624,1.217208716,15.7373251,0.09552010683,0.5690932555,0.1539307132,0.07798908226,0.04726212736,0.03282090813,0.008448826701,0.005858226258,0.006425652205,0.000958712163,0.0001578352165,0.0002520083111,0.001282545838,71.88983504
791,3,tier3_voxel_grid,3,20261698,64,64,64,0.283386993,0.716613007,3.992251158,0.5337415603,0.4662584397,1.460096587,5.829072292,0.06701197793,0.3992464618,0.2449686714,0.1241135149,0.07521397328,0.05223190417,0.01344564583,0.009322908168,0.01022592211,0.001525715304,0.0002511823826,0.0004010514853,0.002041071229,85.29770508
792,3,tier3_voxel_grid,3,20261699,64,64,64,0.06137741776,0.9386225822,1.321007872,0.1591618908,0.8408381092,1.060479352,1.400901572,0.1208476244,0.7199904847,0.07304973013,0.03701068678,0.02242882903,0.01557556924,0.004009495556,0.002780093968,0.003049372993,0.000454968754,7.490266064e-05,0.0001195936713,0.000608648043,62.23015614
793,3,tier3_voxel_grid,3,20261700,64,64,64,0.06877790676,0.9312220932,14.11945002,0.1761400658,0.8238599342,1.073800232,15.16146871,0.1184074732,0.7054524609,0.08084211746,0.0409587042,0.02482136523,0.01723705202,0.004437197921,0.003076653161,0.003374656815,0.0005035013461,8.289270445e-05,0.0001323510108,0.000673573968,63.08253019
794,3,tier3_voxel_grid,3,20261701,64,64,64,0.02833918834,0.9716608117,7.045234537,0.07785409335,0.9221459067,1.001010539,7.052354021,0.1325334104,0.7896124962,0.03573230048,0.0181037901,0.01097106939,0.007618795022,0.001961246123,0.001359883915,0.001491601842,0.0002225481217,3.663866207e-05,5.849928523e-05,0.0002977203984,58.35470582
795,3,tier3_voxel_grid,3,20261702,64,64,64,0.05186688379,0.9481331162,8.082178268,0.1367062922,0.8632937078,1.043360391,8.432624677,0.1240750064,0.7392187014,0.06274339729,0.03178897746,0.01926442341,0.01337806625,0.003443809746,0.002387860161,0.002619147543,0.0003907787919,6.433490427e-05,0.0001027206154,0.0005227760035,61.12626031
796,3,tier3_voxel_grid,3,20261703,64,64,64,0.05102321922,0.9489767808,1.765806594,0.1346786562,0.8653213438,1.041841795,1.839691111,0.124366424,0.7409549198,0.06181278343,0.03131748143,0.01897869231,0.01317964196,0.003392730952,0.002352443274,0.002580300188,0.0003849827372,6.338068508e-05,0.000101197057,0.0005150221582,61.02787581
797,3,tier3_voxel_grid,3,20261704,64,64,64,0.08051283275,0.9194871672,6.704214872,0.2022153796,0.7977846204,1.094923099,7.340599723,0.1146598556,0.6831247648,0.09280977267,0.04702212343,0.02849585509,0.01978878003,0.005094069073,0.003532112832,0.003874232167,0.0005780383659,9.516392318e-05,0.0001519439076,0.0007732880931,64.42223002
798,3,tier3_voxel_grid,3,20261705,64,64,64,0.1167032336,0.8832967664,6.831542069,0.276651451,0.723348549,1.160065821,7.925038456,0.1039616935,0.6193868555,0.1269733209,0.0643311043,0.03898526251,0.02707308771,0.006969210765,0.004832293873,0.005300348334,0.0007908159753,0.000130194041,0.0002078749035,0.001057937697,68.46147968
799,3,tier3_voxel_grid,3,20261706,64,64,64,0.1785964975,0.8214035025,10.19508811,0.3862764679,0.6137235321,1.271473695,12.96278635,0.08820607691,0.5255174552,0.1772873619,0.08982274142,0.05443343763,0.03780098263,0.009730807878,0.00674712315,0.00740064737,0.001104182178,0.0001817843143,0.0002902467462,0.001477152697,75.04696928
800,3,tier3_voxel_grid,3,20261707,64,64,64,0.2231486793,0.7768513207,1.159476005,0.4540013075,0.5459986925,1.351667623,1.567226175,0.07847247196,0.4675262206,0.2083706898,0.105571127,0.06397710943,0.04442852974,0.01143688489,0.007930078549,0.008698183455,0.001297775542,0.0002136560811,0.0003411349467,0.001736138003,79.5399657
801,3,tier3_voxel_grid,3,20261708,64,64,64,0.04613776819,0.9538622318,7.004341386,0.1228199122,0.8771800878,1.033047983,7.23582074,0.1260707961,0.7511092917,0.05637003552,0.02855991015,0.01730757783,0.01201914627,0.003093993729,0.002145305608,0.002353099233,0.0003510841831,5.779988007e-05,9.22864395e-05,0.0004696733547,60.45668787
802,3,tier3_voxel_grid,3,20261709,64,64,64,0.1390638842,0.8609361158,11.43247094,0.3186044366,0.6813955634,1.200314992,13.72256626,0.0979320921,0.5834634713,0.146228271,0.07408663561,0.04489720749,0.03117860335,0.008026061174,0.005565090158,0.006104123035,0.0009107397679,0.0001499373994,0.0002393982257,0.001218369333,70.88741499
803,3,tier3_voxel_grid,3,20261710,64,64,64,0.1025750835,0.8974249165,6.18966449,0.2486098545,0.7513901455,1.13463515,7.023010899,0.1079919108,0.6433982347,0.1141032108,0.0578104558,0.03503368735,0.02432893943,0.006262806387,0.004342488978,0.004763101091,0.0007106582808,0.0001169974764,0.0001868045489,0.0009507043464,66.90124368
804,3,tier3_voxel_grid,3,20261711,64,64,64,0.07971057638,0.9202894236,1.061320401,0.2004648261,0.7995351739,1.093479037,1.16053161,0.1149114501,0.6846237238,0.09200632995,0.04661505873,0.02824917,0.01961747101,0.005049970347,0.003501535768,0.003840693418,0.0005730343593,9.434010087e-05,0.000150628548,0.0007665938337,64.33110772
805,3,tier3_voxel_grid,3,20261712,64,64,64,0.04671761784,0.9532823822,6.429638342,0.1242379642,0.8757620358,1.034091712,6.648835722,0.1258669897,0.7498950462,0.05702087168,0.02888965665,0.01750740735,0.01215791672,0.003129716307,0.00217007484,0.002380267604,0.0003551377246,5.846722491e-05,9.335195864e-05,0.000475096101,60.5246124
806,3,tier3_voxel_grid,3,20261713,64,64,64,0.1357088907,0.8642911093,10.80212941,0.3124901183,0.6875098817,1.194276003,12.90072393,0.09881085917,0.5886990226,0.1434220132,0.07266484351,0.04403558792,0.03058025667,0.007872033524,0.005458290852,0.005986979182,0.0008932618166,0.0001470599599,0.000234803949,0.001194987682,70.52681605
807,3,tier3_voxel_grid,3,20261714,64,64,64,0.06212682592,0.9378731741,6.097538826,0.160900565,0.839099435,1.061828287,6.474539204,0.1205977373,0.7185016977,0.07384772066,0.03741498913,0.02267384011,0.01574571575,0.004053295026,0.002810463534,0.003082684146,0.0004599388032,7.572089246e-05,0.0001209001048,0.0006152968749,62.31673513
808,3,tier3_voxel_grid,3,20261715,64,64,64,0.04925102836,0.9507489716,14.28129315,0.1304001219,0.8695998781,1.038651851,14.83329156,0.124981347,0.7446185311,0.05984908613,0.03032257309,0.01837576837,0.01276094495,0.003284949095,0.002277709761,0.00249832801,0.0003727524263,6.136717795e-05,9.798218176e-05,0.0004986606944,60.8209673
809,3,tier3_voxel_grid,3,20261716,64,64,64,0.2261307662,0.7738692338,4.537388607,0.4582486327,0.5417513673,1.357035379,6.157396869,0.0778620344,0.4638893329,0.2103200633,0.1065587781,0.06457563543,0.04484417262,0.01154388055,0.00800426693,0.0087795577,0.001309916641,0.0002156549011,0.0003443263715,0.001752380121,79.83347178
810,3,tier3_voxel_grid,3,20261717,64,64,64,0.1745040348,0.8254959652,8.026058685,0.3796245065,0.6203754935,1.264107263,10.14579907,0.08916211556,0.5312133779,0.1742343447,0.08827592856,0.05349605429,0.03715002226,0.009563236298,0.006630932788,0.007273202846,0.001085167359,0.0001786538563,0.0002852484864,0.001451715054,74.62397616
811,3,tier3_voxel_grid,3,20261718,64,64,64,0.06661651436,0.9333834856,8.34710722,0.1712251137,0.8287748863,1.069909726,8.930651197,0.119113864,0.7096610222,0.07858632669,0.03981580654,0.02412875835,0.01675607522,0.004313383869,0.002990803284,0.003280491547,0.0004894518169,8.05796948e-05,0.0001286579335,0.0006547787906,62.83418448
812,3,tier3_voxel_grid,3,20261719,64,64,64,0.1280608235,0.8719391765,1.313644477,0.2983180313,0.7016819687,1.180509482,1.550769761,0.1008477115,0.6008342572,0.1369175219,0.06936933936,0.04203848099,0.02919337743,0.007515020175,0.005210745832,0.00571545703,0.0008527505063,0.0001403904801,0.0002241550939,0.001140792466,69.70032432
813,3,tier3_voxel_grid,3,20261720,64,64,64,0.4189868621,0.5810131379,12.9898656,0.6761118763,0.3238881237,1.704176352,22.13702176,0.04655011459,0.2773380091,0.3103116572,0.1572195753,0.09527656151,0.06616425131,0.01703213972,0.0118097023,0.01295358634,0.001932684868,0.0003181828147,0.0005080280279,0.002585506922,97.02067717
814,3,tier3_voxel_grid,3,20261721,64,64,64,0.1244308701,0.8755691299,14.84884204,0.2914753106,0.7085246894,1.173975566,17.43217774,0.1018311666,0.6066935228,0.1337769529,0.0677781683,0.04107421616,0.02852374936,0.007342643117,0.005091223461,0.005584357759,0.0008331903961,0.0001371702495,0.0002190134982,0.001114625344,69.30587548
815,3,tier3_voxel_grid,3,20261722,64,64,64,0.1732665718,0.8267334282,5.587525441,0.3775978199,0.6224021801,1.261879829,7.050785649,0.08945339666,0.5329487834,0.1733041666,0.0878046533,0.05321045699,0.03695169088,0.009512181421,0.006595532485,0.007234373681,0.001079374018,0.000177700084,0.0002837256414,0.00144396484,74.49572912
816,3,tier3_voxel_grid,3,20261723,64,64,64,0.08897894581,0.9110210542,2.860672311,0.2204111458,0.7795888542,1.110162102,3.175809987,0.1120447088,0.6675441455,0.1011609917,0.05125327323,0.0310599722,0.02156941617,0.005552444148,0.003849939791,0.004222843745,0.0006300514767,0.0001037269736,0.0001656161408,0.000842870186,65.37965554
817,3,tier3_voxel_grid,3,20261724,64,64,64,0.1771132363,0.8228867637,8.662825453,0.3838744731,0.6161255269,1.268803825,10.99142607,0.08855129838,0.5275742286,0.1761849304,0.08926419391,0.05409495252,0.03756592363,0.009670298497,0.006705167307,0.007354627697,0.001097316008,0.0001806539193,0.000288441896,0.001467967273,74.89386251
818,3,tier3_voxel_grid,3,20261725,64,64,64,0.04120342303,0.958796577,4.402902026,0.1106357714,0.8893642286,1.024166161,4.509303267,0.1278219352,0.7615422934,0.05077794189,0.02572667277,0.01559060897,0.01082680728,0.002787059336,0.001932484209,0.00211966402,0.000316255473,5.206594115e-05,8.313132002e-05,0.0004230802073,59.87724904
819,3,tier3_voxel_grid,3,20261726,64,64,64,0.2155281695,0.7844718305,8.156371828,0.4429927529,0.5570072471,1.337950705,10.91282344,0.08005465247,0.4769525946,0.2033181491,0.1030112544,0.06242580222,0.04335123351,0.01115956505,0.007737791211,0.008487271227,0.001266307278,0.000208475381,0.0003328631584,0.001694040393,78.78584738
820,3,tier3_voxel_grid,3,20261727,64,64,64,0.385986691,0.614013309,10.84895732,0.6453543656,0.3546456344,1.644776044,17.8441051,0.05097067077,0.3036749636,0.2961950376,0.1500673821,0.09094226424,0.0631543239,0.01625731792,0.01127245831,0.01236430507,0.001844763656,0.0003037081225,0.0004849169451,0.002467887694,94.31663361
821,3,tier3_voxel_grid,3,20261728,64,64,64,0.006495112302,0.9935048877,14.46362984,0.01857307085,0.9814269292,0.9616912021,13.90954557,0.1410534462,0.840373483,0.008524388633,0.004318886287,0.002617286264,0.00181755915,0.0004678798714,0.0003244173712,0.0003558403355,5.309164686e-05,8.740612563e-06,1.395573852e-05,7.102493672e-05,55.73050376
822,3,tier3_voxel_grid,3,20261729,64,64,64,0.01844245776,0.9815575422,2.183603164,0.05158354688,0.9484164531,0.983196424,2.146910822,0.1363090874,0.8121073657,0.02367504029,0.01199497246,0.007269067664,0.005047961556,0.001299456804,0.0009010140981,0.0009882860394,0.0001474530236,2.42755655e-05,3.875969127e-05,0.0001972596876,57.17178175
823,3,tier3_voxel_grid,3,20261730,64,64,64,0.1665242548,0.8334757452,12.25329866,0.3664285051,0.6335714949,1.249743659,15.31348229,0.09105868209,0.5425128128,0.1681778425,0.08520739833,0.05163649572,0.03585866267,0.009230811817,0.006400437136,0.007020381458,0.001047446217,0.000172443729,0.0002753330585,0.001401252469,73.7941627
824,3,tier3_voxel_grid,3,20261731,64,64,64,0.1045270503,0.8954729497,1.887529021,0.2525587304,0.7474412696,1.13814869,2.148288684,0.1074243673,0.6400169024,0.1159156064,0.05872870708,0.03559015638,0.0247153761,0.006362283721,0.004411464322,0.004838757365,0.0007219462541,0.000118855844,0.00018977172,0.0009658051698,67.1180759
825,3,tier3_voxel_grid,3,20261732,64,64,64,0.1529893474,0.8470106526,12.13218371,0.3433387373,0.6566612627,1.225380825,14.86654529,0.09437720864,0.5622840541,0.1575804482,0.07983822258,0.04838272402,0.03359909993,0.008649150459,0.005997126243,0.006578005999,0.0009814434642,0.0001615775283,0.0002579834901,0.001312955315,72.37139954
826,3,tier3_voxel_grid,3,20261733,64,64,64,0.01336657404,0.986633426,1.716289202,0.03773698222,0.9622630178,0.9740598333,1.671768374,0.1382991548,0.823963863,0.01731995236,0.008775163589,0.005317832793,0.003692937904,0.0009506437861,0.000659155003,0.0007230005487,0.000107872228,1.775927867e-05,2.835543248e-05,0.0001443092958,56.56120703
827,3,tier3_voxel_grid,3,20261734,64,64,64,0.147633097,0.852366903,13.91785788,0.333945711,0.666054289,1.215739575,16.92049062,0.09572720087,0.5703270881,0.1532693784,0.0776540166,0.04705907438,0.03267989917,0.008412527881,0.005833057473,0.00639804558,0.0009545932337,0.0001571571067,0.0002509256041,0.001277035617,71.80303086
828,3,tier3_voxel_grid,3,20261735,64,64,64,0.05800029302,0.941999707,5.533902898,0.1512715535,0.8487284465,1.054400527,5.834950135,0.121981646,0.7267468005,0.06942834181,0.03517590836,0.02131693582,0.01480342149,0.003810727671,0.00264227279,0.002898202499,0.0004324140022,7.118941461e-05,0.0001136649003,0.00057847475,61.83926178
829,3,tier3_voxel_grid,3,20261736,64,64,64,0.08280129449,0.9171987055,13.18560751,0.2071836122,0.7928163878,1.09904233,14.4915408,0.1139458072,0.6788705806,0.09509001731,0.04817741066,0.02919597016,0.02027497085,0.00521922533,0.003618893363,0.003969418232,0.0005922401988,9.750200698e-05,0.0001556770197,0.0007922870194,64.68178295
830,3,tier3_voxel_grid,3,20261737,64,64,64,0.007913233405,0.9920867666,7.121155212,0.02256834984,0.9774316502,0.9642438201,6.866529905,0.1404792334,0.8369524168,0.01035808168,0.005247927898,0.003180294338,0.002208536816,0.0005685261586,0.0003942032413,0.0004323856429,6.451226455e-05,1.062081784e-05,1.695777676e-05,8.630320923e-05,55.90233085
831,3,tier3_voxel_grid,3,20261738,64,64,64,0.02904868812,0.9709513119,14.74069288,0.07970156395,0.920298436,1.002287639,14.77441426,0.1322678867,0.7880305493,0.03658022475,0.01853339141,0.01123141188,0.00779958834,0.002007786316,0.001392153838,0.001526997419,0.0002278291685,3.750809422e-05,5.988746799e-05,0.0003047852766,58.43912425
832,3,tier3_voxel_grid,3,20261739,64,64,64,0.1585116965,0.8414883035,2.288770975,0.3528695347,0.6471304653,1.235321054,2.827366972,0.09300741556,0.5541230498,0.1619547502,0.08205446514,0.04972578815,0.03453178296,0.008889243673,0.006163601473,0.006760605967,0.001008687517,0.0001660627859,0.000265144897,0.001349401861,72.9542252
833,3,tier3_voxel_grid,3,20261740,64,64,64,0.06353705019,0.9364629498,8.561415113,0.1641604248,0.8358395752,1.06436669,9.112485068,0.120129221,0.7157103542,0.07534388205,0.03817302014,0.02313321413,0.01606472535,0.004135415144,0.002867403776,0.003145139601,0.0004692572043,7.725500448e-05,0.0001233495517,0.0006277628443,62.47949716
834,3,tier3_voxel_grid,3,20261741,64,64,64,0.1414941531,0.8585058469,14.318195,0.3229952023,0.6770047977,1.204689476,17.24897882,0.09730103886,0.5797037588,0.1482434786,0.07510764169,0.0455159469,0.03160828332,0.008136670289,0.005641784028,0.00618824545,0.0009232908958,0.0001520037234,0.0002426974313,0.001235159979,71.14787791
835,3,tier3_voxel_grid,3,20261742,64,64,64,0.002003557925,0.9979964421,4.142479198,0.005777839022,0.994222161,0.9536064043,3.950294693,0.142892413,0.851329748,0.002651825629,0.001343548944,0.0008142034688,0.0005654188404,0.0001455512985,0.0001009219941,0.0001106972666,1.65161158e-05,2.719090061e-06,4.341447424e-06,2.209492734e-05,55.18495984
836,3,tier3_voxel_grid,3,20261743,64,64,64,0.09086969256,0.9091303074,4.950240309,0.2244067965,0.7755932035,1.113565447,5.512416561,0.1114704426,0.6641227609,0.1029948553,0.05218240128,0.03162303266,0.02196043022,0.005653099799,0.003919732154,0.004299396174,0.000641473157,0.0001056073538,0.0001686184583,0.00085814988,65.5924353
837,3,tier3_voxel_grid,3,20261744,64,64,64,0.05560875435,0.9443912456,14.13404551,0.1456286947,0.8543713053,1.050095758,14.84210123,0.1227926536,0.7315786518,0.06683846735,0.03386374701,0.02052175353,0.0142512118,0.003668576698,0.002543708506,0.002790091309,0.000416283731,6.853384713e-05,0.0001094248765,0.0005568959978,61.56171927
838,3,tier3_voxel_grid,3,20261745,64,64,64,0.2705788443,0.7294211557,2.841201834,0.5177940961,0.4822059039,1.43704192,4.082926137,0.06930399247,0.4129019115,0.2376493442,0.1204051737,0.07296668313,0.05067128666,0.01304390841,0.009044352485,0.009920385614,0.001480129028,0.0002436773982,0.0003890686182,0.001980086826,84.10321218
839,3,tier3_voxel_grid,3,20261746,64,64,64,0.3531743134,0.6468256866,9.867817671,0.6124871864,0.3875128136,1.585713764,15.6475343,0.05569443446,0.3318183791,0.2811101542,0.1424246175,0.08631067599,0.05993794452,0.01542935083,0.01069836456,0.01173460478,0.001750811897,0.000288240606,0.0004602206651,0.002342200922,91.53549509
840,3,tier3_voxel_grid,3,20261747,64,64,64,0.1755613064,0.8244386936,6.294382138,0.3813504306,0.6186495694,1.266010352,7.968752943,0.08891406088,0.5297355086,0.1750264834,0.08867726606,0.05373926864,0.03731892104,0.009606714575,0.006661079647,0.00730626972,0.001090100961,0.0001794660879,0.0002865453395,0.001458315128,74.73342207
841,3,tier3_voxel_grid,3,20261748,64,64,64,0.2554351176,0.7445648824,12.77167271,0.4982656677,0.5017343323,1.409783212,18.00528977,0.07211067326,0.429623659,0.22868648,0.1158641335,0.07021476948,0.04876023631,0.01255196184,0.008703247806,0.009546241643,0.001424306464,0.000234487188,0.0003743950275,0.001905408525,82.67037932
842,3,tier3_voxel_grid,3,20261749,64,64,64,0.2938126131,0.7061873869,7.718900124,0.546355442,0.453644558,1.478862704,11.41519351,0.06519907528,0.3884454827,0.2507580011,0.127046682,0.07699150052,0.05346629757,0.01376340596,0.009543235888,0.01046759071,0.001561772441,0.0002571185605,0.0004105295106,0.002089307741,86.25840155
843,3,tier3_voxel_grid,3,20261750,64,64,64,0.1641029234,0.8358970766,5.428639834,0.3623642041,0.6376357959,1.245385262,6.760748042,0.09164281489,0.545992981,0.1663124708,0.0842623067,0.05106376118,0.03546093052,0.009128426775,0.006329445652,0.006942513762,0.001035828298,0.0001705310415,0.0002722791574,0.001385710251,73.54105102
844,3,tier3_voxel_grid,3,20261751,64,64,64,0.1183372946,0.8816627054,6.781228653,0.2798156191,0.7201843809,1.16300713,7.886617276,0.1035069303,0.6166774505,0.1284255632,0.06506688368,0.03943115183,0.02738273294,0.007048920288,0.004887562662,0.00536097044,0.0007998608393,0.0001316831199,0.0002102524481,0.001070037734,68.64056327
845,3,tier3_voxel_grid,3,20261752,64,64,64,0.2464420358,0.7535579642,14.73132235,0.4863071949,0.5136928051,1.393595664,20.52950695,0.0738293787,0.4398634264,0.22319796,0.1130833718,0.06852960137,0.04758998116,0.01225071232,0.008494368168,0.009317129989,0.001390122833,0.0002288594499,0.0003654094741,0.00185967835,81.80884875
846,3,tier3_voxel_grid,3,20261753,64,64,64,0.3067092977,0.6932907023,11.9083639,0.5615229558,0.4384770442,1.502076736,17.88727637,0.06301915741,0.3754578868,0.2577193584,0.1305736576,0.07912888135,0.0549505892,0.01414549541,0.009808168111,0.01075818418,0.001605129207,0.0002642564949,0.0004219263258,0.00214730955,87.43256654
847,3,tier3_voxel_grid,3,20261754,64,64,64,0.3211468172,0.6788531828,5.455005596,0.5779558911,0.4220441089,1.528064271,8.33559915,0.06065736961,0.3613867393,0.2652614998,0.1343948878,0.08144458327,0.05655871486,0.01455946247,0.01009520356,0.01107302179,0.001652103216,0.0002719899453,0.0004342739742,0.002210150434,88.72857758
848,3,tier3_voxel_grid,3,20261755,64,64,64,0.01924980205,0.980750198,11.88090705,0.05376222495,0.9462377751,0.9846496437,11.69853089,0.1359959617,0.8102418134,0.02467497718,0.01250159104,0.007576083354,0.005261166808,0.001354340545,0.0009390692488,0.0010300272,0.0001536808363,2.530086611e-05,4.039674212e-05,0.0002055911301,57.2686557
849,3,tier3_voxel_grid,3,20261756,64,64,64,0.161558866,0.838441134,5.359034155,0.358063143,0.641936857,1.240805959,6.649521513,0.09226097552,0.5496758814,0.1643384345,0.0832621601,0.0504576628,0.03504002904,0.009020077439,0.006254318661,0.006860109994,0.001023533593,0.0001685069331,0.0002690473556,0.001369262643,73.27444742
850,3,tier3_voxel_grid,3,20261757,64,64,64,0.02676596827,0.9732340317,9.018099973,0.07374071354,0.9262592865,0.9981787429,9.001675695,0.133124597,0.7931346895,0.0338444033,0.01714728594,0.01039141875,0.007216260021,0.001857624722,0.001288035169,0.001412793849,0.0002107899095,3.470287776e-05,5.540850647e-05,0.0002819904988,58.16733463
851,3,tier3_voxel_grid,3,20261758,64,64,64,0.3087691247,0.6912308753,4.188714194,0.5639021623,0.4360978377,1.505784425,6.307300592,0.06267721114,0.3734206265,0.2588113308,0.1311269061,0.07946415518,0.05518341815,0.01420543072,0.009849725909,0.01080376725,0.001611930236,0.0002653761656,0.000423714053,0.00215640783,87.61865582
852,3,tier3_voxel_grid,3,20261759,64,64,64,0.382190316,0.617809684,10.39424329,0.6416729066,0.3583270934,1.637942569,17.02517356,0.05149978045,0.306827313,0.294505377,0.1492113146,0.09042347915,0.06279405663,0.01616457717,0.01120815396,0.01229377222,0.001834240101,0.000301975603,0.0004821507101,0.002453809494,93.99964214
853,3,tier3_voxel_grid,3,20261760,64,64,64,0.004157529974,0.99584247,9.464457794,0.01194089171,0.9880591083,0.957483554,9.062062684,0.1420066416,0.8460524667,0.00548045083,0.00277667349,0.001682690606,0.001168534657,0.0003008066314,0.0002085725473,0.0002287748184,3.413337573e-05,5.619464273e-06,8.972343005e-06,4.566294313e-05,55.44683165
854,3,tier3_voxel_grid,3,20261761,64,64,64,0.1375212826,0.8624787174,3.539828302,0.3158007761,0.6841992239,1.197538309,4.239079998,0.0983350421,0.5858641818,0.1449414891,0.07343468683,0.04450212031,0.03090423737,0.00795543331,0.005516118387,0.006050407874,0.0009027254253,0.0001486179778,0.0002372915653,0.001207647907,70.72176252
855,3,tier3_voxel_grid,3,20261762,64,64,64,0.3399655885,0.6600344115,12.7619806,0.5985547012,0.4014452988,1.561938059,19.93342321,0.05769685053,0.3437484483,0.2747156317,0.1391848291,0.08434733334,0.05857451268,0.01507837336,0.01045500468,0.01146767314,0.001710985495,0.0002816838844,0.0004497518459,0.002288921963,90.38910886
856,3,tier3_voxel_grid,3,20261763,64,64,64,0.0654340312,0.9345659688,5.3495202,0.1685210194,0.8314789806,1.067781256,5.712117399,0.1195025041,0.7119764765,0.07734524216,0.03918701037,0.02374770187,0.01649145278,0.004245264207,0.002943570644,0.003228683968,0.000481722087,7.930712975e-05,0.0001266260868,0.0006444381135,62.69810683
857,3,tier3_voxel_grid,3,20261764,64,64,64,0.110372931,0.889627069,5.607854343,0.2642405765,0.7357594235,1.148671276,6.441581203,0.1057454194,0.6300140041,0.1212771644,0.06144514345,0.03723634272,0.02585856058,0.006656564657,0.004615512099,0.005062569145,0.0007553391408,0.0001243533997,0.0001985494172,0.001010477502,67.76502795
858,3,tier3_voxel_grid,3,20261765,64,64,64,0.04828235547,0.9517176445,13.14885601,0.128050364,0.871949636,1.03690824,13.63415714,0.1253190608,0.7466305752,0.05877062961,0.02977617249,0.0180446444,0.01253099784,0.00322575563,0.002236666344,0.002453309141,0.0003660355771,6.026136602e-05,9.621658215e-05,0.0004896750287,60.70773267
859,3,tier3_voxel_grid,3,20261766,64,64,64,0.3345750775,0.6654249225,11.99785418,0.5927461888,0.4072538112,1.552235139,18.62349086,0.05853166631,0.3487221449,0.2720497281,0.1378341475,0.08352880743,0.05800609215,0.01493204936,0.01035354692,0.0113563882,0.001694381699,0.0002789503592,0.0004453873506,0.002266709738,89.91675547
860,3,tier3_voxel_grid,3,20261767,64,64,64,0.04171036064,0.9582896394,4.359771792,0.1118972597,0.8881027403,1.025078649,4.469108979,0.1276406305,0.7604621098,0.05135692079,0.02602001275,0.01576837579,0.01095025641,0.002818837869,0.001954518729,0.002143832796,0.0003198614727,5.265960603e-05,8.407919774e-05,0.0004279042411,59.9368957
861,3,tier3_voxel_grid,3,20261768,64,64,64,0.1953591629,0.8046408371,2.2720221,0.4127370225,0.5872629775,1.301646493,2.957369599,0.08440309137,0.5028598861,0.1894318291,0.09597574258,0.05816221499,0.04039041028,0.01039738375,0.007209311855,0.007907603527,0.00117982042,0.00019423683,0.0003101291116,0.001578340014,76.76138757
862,3,tier3_voxel_grid,3,20261769,64,64,64,0.4042448687,0.5957551313,13.95004102,0.662640902,0.337359098,1.677640764,23.40315747,0.04848620101,0.288872897,0.3041289521,0.1540871043,0.09337825421,0.0648459829,0.01669278832,0.01157440368,0.01269549677,0.001894177708,0.0003118432833,0.0004979059863,0.002533992818,95.82401353
863,3,tier3_voxel_grid,3,20261770,64,64,64,0.3050486786,0.6949513214,12.34608276,0.5595962866,0.4404037134,1.499087622,18.50785984,0.06329606376,0.3771076497,0.2568350847,0.1301256399,0.07885737832,0.0547620455,0.0140969601,0.009774514819,0.01072127124,0.001599621768,0.0002633497914,0.0004204786335,0.00213994181,87.28225382
864,3,tier3_voxel_grid,3,20261771,64,64,64,0.3373527846,0.6626472154,9.250378334,0.5957483298,0.4042516702,1.557235012,14.40501302,0.05810019015,0.3461514801,0.2734276056,0.1385322499,0.08395186414,0.05829988141,0.0150076772,0.01040598556,0.01141390604,0.001702963403,0.000280363187,0.0004476431485,0.002278190169,90.16048554
865,3,tier3_voxel_grid,3,20261772,64,64,64,0.1700983675,0.8299016325,1.448511949,0.3723762557,0.6276237443,1.256177061,1.819587484,0.09020385461,0.5374198897,0.1709076516,0.08659045763,0.05247464284,0.03644070904,0.009380643408,0.006504326988,0.007134334049,0.001064448029,0.0001752427805,0.0002798021768,0.001423997152,74.16665654
866,3,tier3_voxel_grid,3,20261773,64,64,64,0.4086889129,0.5913110871,11.72633608,0.6667464474,0.3332535526,1.685640043,19.76638166,0.04789614044,0.2853574121,0.3060132535,0.1550417867,0.09395680084,0.06524775123,0.01679621236,0.01164611558,0.01277415466,0.001905913525,0.0003137753807,0.0005009908783,0.002549692758,96.18665755
867,3,tier3_voxel_grid,3,20261774,64,64,64,0.1499261801,0.8500738199,10.07324498,0.3379851683,0.6620148317,1.219867124,12.28802039,0.09514663868,0.566868193,0.1551233477,0.0785933312,0.04762830798,0.03307520012,0.008514287076,0.005903615008,0.006475437296,0.0009661401362,0.0001590581026,0.0002539608377,0.001292482831,72.04672805
868,3,tier3_voxel_grid,3,20261775,64,64,64,0.144005589,0.855994411,8.999733418,0.3274992351,0.6725007649,1.20921006,10.88256819,0.09665370657,0.5758470583,0.1503106718,0.07615498628,0.04615064771,0.03204904758,0.008250132747,0.005720456343,0.00627453794,0.0009361658004,0.0001541233516,0.0002460817453,0.001252383768,71.41638244
869,3,tier3_voxel_grid,3,20261776,64,64,64,0.2142355481,0.7857644519,10.28170793,0.4411030074,0.5588969926,1.335623986,13.73249574,0.08032625203,0.4785707406,0.2024508221,0.1025718227,0.06215950242,0.04316630317,0.01111195989,0.007704782869,0.008451065707,0.001260905388,0.000207586054,0.0003314432104,0.001686813852,78.65734658
870,3,tier3_voxel_grid,3,20261777,64,64,64,0.04893139819,0.9510686018,12.69237347,0.1296256517,0.8703743483,1.038076517,13.17565484,0.125092656,0.7452816922,0.05949363146,0.03014248178,0.01826663133,0.01268515537,0.003265439181,0.002264182026,0.002483489983,0.0003705385815,6.100270706e-05,9.740024767e-05,0.0004956990573,60.78361447
871,3,tier3_voxel_grid,3,20261778,64,64,64,0.1262705299,0.8737294701,6.637079633,0.2949526929,0.7050473071,1.177286954,7.813747264,0.1013313874,0.6037159197,0.1353729495,0.06858678088,0.04156424309,0.0288640457,0.007430242912,0.005151963186,0.005650980715,0.0008431305915,0.0001388067291,0.0002216263907,0.001127923138,69.50595731
872,3,tier3_voxel_grid,3,20261779,64,64,64,0.1872576793,0.8127423207,10.95203984,0.4001034052,0.5998965948,1.287063823,14.09597427,0.08621883048,0.5136777643,0.1836334415,0.09303798624,0.05638190665,0.03915408556,0.01007912646,0.006988639412,0.007665556821,0.001143706868,0.0001882913643,0.0003006362571,0.001530028032,75.93643494
873,3,tier3_voxel_grid,3,20261780,64,64,64,0.2434636582,0.7565363418,13.97572272,0.4822852473,0.5177147527,1.388234585,19.40158162,0.07440742436,0.4433073283,0.221352027,0.1121481288,0.0679628352,0.04719639371,0.01214939421,0.008424116475,0.009240073739,0.001378625982,0.0002269666942,0.0003623873972,0.001844298094,81.52175966
874,3,tier3_voxel_grid,3,20261781,64,64,64,0.07864090208,0.9213590979,11.21555608,0.1981235516,0.8018764484,1.091553624,12.24238089,0.1152479447,0.6866285037,0.09093176704,0.04607063082,0.02791924149,0.01938835409,0.004990990592,0.003460640533,0.003795837083,0.0005663417603,9.323828131e-05,0.0001488693229,0.0007576406095,64.2095049
875,3,tier3_voxel_grid,3,20261782,64,64,64,0.2125117375,0.7874882625,9.394022567,0.438572617,0.561427383,1.332521127,12.51773354,0.08068992686,0.4807374561,0.2012894616,0.1019834187,0.06180292402,0.04291867939,0.01104821606,0.007660584331,0.008402586112,0.001253672195,0.0002063952352,0.0003295418842,0.001677137433,78.48571646
876,3,tier3_voxel_grid,3,20261783,64,64,64,0.4453148172,0.5546851828,7.646378119,0.6991545156,0.3008454844,1.751566671,13.39314107,0.04323836149,0.2576071229,0.3208874211,0.162577792,0.09852369192,0.06841920205,0.01761261385,0.01221219,0.01339505887,0.001998552902,0.0003290268364,0.0005253421839,0.002673623852,99.11348041
877,3,tier3_voxel_grid,3,20261784,64,64,64,0.1288505218,0.8711494782,11.45940407,0.299796649,0.700203351,1.181930939,13.54422422,0.1006352004,0.5995681506,0.1375961556,0.06971316951,0.04224684534,0.02933807484,0.007552268482,0.00523657297,0.005743785776,0.0008569771767,0.0001410863275,0.0002252661219,0.001146446821,69.78595122
878,3,tier3_voxel_grid,3,20261785,64,64,64,0.2674442089,0.7325557911,14.81201708,0.5138129051,0.4861870949,1.431399576,21.20191497,0.06987618046,0.4163109145,0.2358221171,0.119479408,0.07240566032,0.05028168765,0.01294361702,0.008974812692,0.009844110219,0.001468748681,0.0002418038229,0.0003860771656,0.001964862427,83.80846102
879,3,tier3_voxel_grid,3,20261786,64,64,64,0.433881764,0.566118236,14.18890633,0.6893031145,0.3106968855,1.730987175,24.5608149,0.04465423264,0.2660426529,0.3163659732,0.1602869979,0.09713544886,0.06745514477,0.01736444421,0.01204011476,0.01320631647,0.001970392394,0.0003243907005,0.0005179398767,0.002635951291,98.21156961
880,3,tier3_voxel_grid,3,20261787,64,64,64,0.407719721,0.592280279,5.654233145,0.6658544038,0.3341455962,1.683895498,9.521137736,0.04802434747,0.2861212487,0.3056038368,0.1548343555,0.09383109554,0.06516045591,0.01677374062,0.01163053418,0.01275706405,0.001903363593,0.0003133555789,0.0005003206,0.002546281511,96.10771005
881,3,tier3_voxel_grid,3,20261788,64,64,64,0.3879275326,0.6120724674,1.203356793,0.647224666,0.352775334,1.648269559,1.98345637,0.05070186592,0.3020734681,0.29705344,0.1505022921,0.09120582386,0.06333735134,0.01630443323,0.011305127,0.01240013804,0.001850109962,0.0003045882985,0.0004863222821,0.002475039875,94.47821364
882,3,tier3_voxel_grid,3,20261789,64,64,64,0.1335014879,0.8664985121,6.132212301,0.3084333912,0.6915666088,1.190302678,7.299188725,0.09939390342,0.5921727054,0.1415601176,0.07172151308,0.04346392069,0.03018326571,0.00776983928,0.005387431664,0.005909256595,0.000881665548,0.0001451508367,0.0002317557389,0.001179474427,70.28891004
883,3,tier3_voxel_grid,3,20261790,64,64,64,0.3619995146,0.6380004854,13.83342832,0.6215654397,0.3784345603,1.601599126,22.15560671,0.05438968229,0.324044878,0.2852767543,0.1445356278,0.08758996836,0.06082634162,0.01565804386,0.01085693517,0.01190853448,0.00177676234,0.0002925128933,0.0004670420319,0.002376916902,92.29277494
884,3,tier3_voxel_grid,3,20261791,64,64,64,0.2478620986,0.7521379014,7.868096274,0.4882139479,0.5117860521,1.396151777,10.9850566,0.07355533479,0.4382307174,0.2240730928,0.1135267583,0.06879829783,0.04777657585,0.01229874591,0.00852767358,0.009353661353,0.00139557334,0.0002297567807,0.0003668422014,0.001866969928,81.94542069
885,3,tier3_voxel_grid,3,20261792,64,64,64,0.3010897393,0.6989102607,9.385251091,0.5549719386,0.4450280614,1.491961531,14.00243358,0.06396068808,0.3810673733,0.2547126711,0.1290503178,0.0782057229,0.05430950721,0.01398046674,0.00969374095,0.01063267364,0.001586402939,0.000261173542,0.0004170039151,0.002122257926,86.92286358
886,3,tier3_voxel_grid,3,20261793,64,64,64,0.06829938214,0.9317006179,13.00611149,0.175054985,0.824945015,1.072938888,13.9547628,0.1185634241,0.7063815909,0.08034410337,0.04070638508,0.02466845744,0.0171308661,0.004409863319,0.003057699963,0.003353867817,0.0005003996118,8.238205806e-05,0.000131535685,0.0006694245304,63.02759
887,3,tier3_voxel_grid,3,20261794,64,64,64,0.2925317477,0.7074682523,9.608707636,0.5448230083,0.4551769917,1.476557146,14.18780592,0.06541932097,0.3897576707,0.2500546677,0.1266903378,0.07677555251,0.05331633374,0.01372480195,0.009516468741,0.0104382309,0.001557391936,0.0002563973869,0.0004093780454,0.002083447589,86.14092975
888,3,tier3_voxel_grid,3,20261795,64,64,64,0.1069323059,0.8930676941,14.34001434,0.2573912167,0.7426087833,1.142478151,16.38315306,0.1067298287,0.6358789546,0.1181335483,0.05985242857,0.03627114232,0.0251882828,0.006484020352,0.004495873762,0.004931342677,0.0007357600525,0.0001211300447,0.0001934028329,0.0009842849914,67.38470219
889,3,tier3_voxel_grid,3,20261796,64,64,64,0.02384770685,0.9761522932,11.3101034,0.06604842886,0.9339515711,0.9929258723,11.23009429,0.1342301538,0.7997214173,0.0303139142,0.01535856165,0.009307434782,0.006463493689,0.001663846041,0.001153673393,0.001265417834,0.0001888012967,3.108283664e-05,4.962855147e-05,0.0002525745752,57.81909564
890,3,tier3_voxel_grid,3,20261797,64,64,64,0.01700737627,0.9829926237,6.206416002,0.04769493319,0.9523050668,0.9806132773,6.086093936,0.13686797,0.8154370968,0.02189030289,0.01109073425,0.006721090688,0.004667422148,0.001201497555,0.0008330913598,0.0009137843261,0.0001363373117,2.244555764e-05,3.583780096e-05,0.0001823893119,56.99942154
891,3,tier3_voxel_grid,3,20261798,64,64,64,0.1487566426,0.8512433574,3.078900098,0.3359283519,0.6640716481,1.217761957,3.749367408,0.09544225012,0.5686293979,0.1541793411,0.07811504972,0.04733846484,0.03287392025,0.008462473191,0.005867688427,0.006436030877,0.0009602606687,0.0001580901509,0.0002524153533,0.001284617398,71.92250499
892,3,tier3_voxel_grid,3,20261799,64,64,64,0.08500853917,0.9149914608,9.183034046,0.2119403673,0.7880596327,1.103015371,10.1290277,0.113262153,0.6747974798,0.09727320121,0.04928352201,0.02986628418,0.0207404665,0.005339054193,0.003701979999,0.004060552614,0.0006058375175,9.974056806e-05,0.0001592512283,0.0008104772386,64.93159618
893,3,tier3_voxel_grid,3,20261800,64,64,64,0.1454530406,0.8545469594,8.762251455,0.3300798434,0.6699201566,1.211815473,10.61823189,0.09628281427,0.5736373423,0.1514950806,0.07675506765,0.04651430274,0.03230158569,0.008315141634,0.005765532042,0.006323979657,0.000943542542,0.0001553378033,0.0002480208051,0.001262252224,71.57083015
894,3,tier3_voxel_grid,3,20261801,64,64,64,0.2572891996,0.7427108004,10.72667351,0.5006970525,0.4993029475,1.413120559,15.15808287,0.07176122779,0.4275417197,0.2298024004,0.1164295152,0.07055739618,0.04899817142,0.01261321159,0.008745717005,0.009592824396,0.001431256646,0.0002356314141,0.0003762219612,0.001914706338,82.84700879
895,3,tier3_voxel_grid,3,20261802,64,64,64,0.1224923429,0.8775076571,9.215526439,0.2877897561,0.7122102439,1.170486217,10.78664668,0.1023608649,0.609849379,0.1320854126,0.06692114844,0.04055485395,0.02816308131,0.007249799195,0.005026847575,0.005513746445,0.0008226551348,0.0001354358027,0.0002162441858,0.001100531484,69.09465101
896,3,tier3_voxel_grid,3,20261803,64,64,64,0.3761434039,0.6238565961,11.84331152,0.6357451793,0.3642548207,1.627058127,19.26975627,0.05235173013,0.3119030906,0.2917847579,0.1478329114,0.08958815368,0.06221396974,0.01601524999,0.01110461385,0.01218020325,0.001817295526,0.0002991859745,0.0004776966372,0.002431141382,93.49217157
897,3,tier3_voxel_grid,3,20261804,64,64,64,0.09913745289,0.9008625471,10.92217523,0.2415956577,0.7584043423,1.128447415,12.32510041,0.109000011,0.6494043313,0.1108839403,0.05617941059,0.03404525841,0.02364253073,0.006086109626,0.004219971421,0.004628716522,0.0006906080016,0.000113696548,0.0001815341067,0.0009238814863,66.51838969
898,3,tier3_voxel_grid,3,20261805,64,64,64,0.05910591916,0.9408940808,7.462690884,0.1538647441,0.8461352559,1.056390654,7.883516908,0.1216089453,0.7245263106,0.07061852541,0.03577891555,0.02168236392,0.01505719091,0.003876053522,0.002687568265,0.00294788528,0.0004398267106,7.24097876e-05,0.0001156134143,0.0005883913221,61.96736796
899,3,tier3_voxel_grid,3,20261806,64,64,64,0.4448710558,0.5551289442,12.69882667,0.6987764644,0.3012235356,1.7507679,22.2326981,0.04329269607,0.2579308395,0.3207139088,0.162489882,0.09847041758,0.06838220599,0.01760309025,0.01220558655,0.01338781581,0.001997472232,0.0003288489229,0.0005250581177,0.002672178154,99.07866926
900,3,tier3_voxel_grid,3,20261807,64,64,64,0.03624430978,0.9637556902,11.25163687,0.09817567836,0.9018243216,1.015239758,11.42310909,0.1296127349,0.7722115867,0.04505919584,0.02282926687,0.01383475337,0.009607463621,0.002473173346,0.001714842729,0.001880941855,0.0002806379456,4.620213721e-05,7.376885099e-05,0.0003754317959,59.29234571
901,3,tier3_voxel_grid,3,20261808,64,64,64,0.0891984853,0.9108015147,11.51740592,0.2208763478,0.7791236522,1.110557274,12.79073892,0.1119778486,0.6671458036,0.1013745031,0.05136144892,0.0311255277,0.0216149408,0.005564163193,0.003858065513,0.004231756522,0.0006313812698,0.0001039459008,0.0001659656919,0.0008446491564,65.4043815
902,3,tier3_voxel_grid,3,20261809,64,64,64,0.03166801412,0.9683319859,3.859035663,0.08648145888,0.9135185411,1.007002425,3.886058273,0.1312934611,0.78222508,0.03969195892,0.02010995327,0.0121868234,0.008463068287,0.002178580709,0.001510578826,0.001656893014,0.0002472096894,4.069875855e-05,6.498185661e-05,0.0003307121474,58.75033036
903,3,tier3_voxel_grid,3,20261810,64,64,64,0.4193719489,0.5806280511,9.977975342,0.6764581419,0.3235418581,1.704869508,17.01114591,0.04650034833,0.2770415098,0.3104705809,0.1573000941,0.09532535668,0.06619813683,0.0170408626,0.01181575055,0.01296022042,0.001933674678,0.0003183457696,0.0005082882105,0.002586831069,97.05169479
904,3,tier3_voxel_grid,3,20261811,64,64,64,0.05127852281,0.9487214772,1.024182339,0.135292868,0.864707132,1.042301341,1.067506625,0.1242781477,0.7404289843,0.06209468512,0.03146030708,0.01906524602,0.01323974867,0.003408203748,0.002363171763,0.002592067834,0.000386738479,6.366973729e-05,0.0001016585735,0.0005173709542,61.05765609
905,3,tier3_voxel_grid,3,20261812,64,64,64,0.07673324165,0.9232667583,10.4432579,0.1939275508,0.8060724492,1.088119835,11.36351606,0.1158510057,0.6902214435,0.08900594969,0.04509491438,0.02732794803,0.0189777338,0.004885287859,0.003387348638,0.003715446158,0.0005543473735,9.126361497e-05,0.0001457164629,0.0007415947602,63.99233606
906,3,tier3_voxel_grid,3,20261813,64,64,64,0.03247443218,0.9675255678,4.698399541,0.0885560377,0.9114439623,1.008453978,4.738119707,0.1309952968,0.7804486655,0.04064411789,0.02059236515,0.0124791696,0.008666086396,0.002230842055,0.001546815666,0.001696639744,0.0002531399314,4.167506935e-05,6.654068766e-05,0.0003386455059,58.84599957
907,3,tier3_voxel_grid,3,20261814,64,64,64,0.05080170423,0.9491982958,11.25892233,0.1341452941,0.8658547059,1.041443068,11.72552661,0.1244430803,0.7414116256,0.06156798894,0.03119345616,0.01890353182,0.01312744719,0.003379294867,0.002343126995,0.002570081537,0.0003834581068,6.312968129e-05,0.0001007962907,0.0005129825383,61.0020313
908,3,tier3_voxel_grid,3,20261815,64,64,64,0.08880680084,0.9111931992,3.942236064,0.2200461405,0.7799538595,1.109852242,4.375299533,0.1120971684,0.6678566911,0.1009934671,0.0511683968,0.03100853628,0.02153369679,0.005543249191,0.003843564215,0.004215850632,0.000629008099,0.0001035551997,0.0001653418772,0.0008414743763,65.36026386
909,3,tier3_voxel_grid,3,20261816,64,64,64,0.1779170754,0.8220829246,12.60600752,0.3851774643,0.6148225357,1.270250736,16.01279033,0.0883640288,0.5264585069,0.1767829577,0.08956718478,0.05427856787,0.03769343424,0.009703122545,0.006727926763,0.007379591627,0.001101040645,0.0001812671158,0.0002894209589,0.001472950017,74.9768657
910,3,tier3_voxel_grid,3,20261817,64,64,64,0.1109103758,0.8890896242,7.618005608,0.2653038208,0.7346961792,1.149638676,8.757953884,0.1055926069,0.6291035723,0.1217651563,0.06169238479,0.03738617333,0.02596260957,0.006683349166,0.004634083875,0.005082939777,0.0007583784545,0.0001248537696,0.0001993483351,0.001014543434,67.82432293
911,3,tier3_voxel_grid,3,20261818,64,64,64,0.03976833205,0.9602316679,1.471065863,0.1070524014,0.8929475986,1.021582998,1.502815874,0.1283369472,0.7646106514,0.04913330064,0.02489341436,0.01508564642,0.01047613899,0.002696789574,0.001869893188,0.002051010452,0.0003060123088,5.037958303e-05,8.043878872e-05,0.0004093771083,59.70825001
912,3,tier3_voxel_grid,3,20261819,64,64,64,0.2138238911,0.7861761089,8.319783192,0.4404998032,0.5595001968,1.334883004,11.10593718,0.08041294623,0.4790872506,0.2021739725,0.1024315567,0.06207449989,0.04310727366,0.01109676439,0.007694246651,0.008439508955,0.001259181111,0.000207302182,0.000330989965,0.00168450715,78.61638769
913,3,tier3_voxel_grid,3,20261820,64,64,64,0.3901694522,0.6098305478,10.86985358,0.6493752573,0.3506247427,1.652305014,17.96031358,0.05039277689,0.3002319659,0.298040486,0.1510023796,0.0915088816,0.06354780802,0.01635860943,0.01134269156,0.01244134108,0.001856257488,0.0003056003813,0.0004879382286,0.002483263911,94.66445851
914,3,tier3_voxel_grid,3,20261821,64,64,64,0.1920662975,0.8079337025,1.010064273,0.4076363636,0.5923636364,1.295719336,1.308759809,0.08513617245,0.507227464,0.1870908054,0.09478966162,0.05744343862,0.03989126023,0.0102688915,0.007120218223,0.007809880314,0.001165240042,0.0001918364255,0.0003062964949,0.001558834679,76.42690168
915,3,tier3_voxel_grid,3,20261822,64,64,64,0.1991931375,0.8008068625,10.33829568,0.41861764,0.58138236,1.308547647,13.52815248,0.08355791244,0.4978244476,0.1921308265,0.09734319111,0.05899090184,0.04096588702,0.01054552417,0.00731202909,0.008020269921,0.001196630331,0.0001970042883,0.0003145477864,0.001600827975,77.14943109
916,3,tier3_voxel_grid,3,20261823,64,64,64,0.02637527888,0.9736247211,13.82912795,0.07271558727,0.9272844127,0.997475502,13.79421635,0.133271931,0.7940124817,0.03337390627,0.01690890835,0.01024695966,0.00711594125,0.001831800454,0.001270129203,0.001393153517,0.0002078595571,3.422044641e-05,5.463823028e-05,0.0002780703324,58.12076393
917,3,tier3_voxel_grid,3,20261824,64,64,64,0.06034337832,0.9396566217,3.555308783,0.1567555791,0.8432444209,1.058618081,3.763714161,0.1211934663,0.7220509545,0.07194531739,0.03645113545,0.02208973559,0.01534008778,0.003948877427,0.002738062722,0.003003270613,0.0004480902442,7.377023411e-05,0.0001177855774,0.000599446111,62.11059634
918,3,tier3_voxel_grid,3,20261825,64,64,64,0.1326520547,0.8673479453,14.75732803,0.306865092,0.693134908,1.188773698,17.54312342,0.09961930381,0.5935156042,0.1408403233,0.07135682886,0.04324291858,0.03002979208,0.007730331779,0.005360038052,0.005879209647,0.0008771825205,0.0001444127845,0.0002305773245,0.001173477123,70.19722329
919,3,tier3_voxel_grid,3,20261826,64,64,64,0.04105167448,0.9589483255,3.242153736,0.1102577157,0.8897422843,1.023893014,3.319618561,0.1278762704,0.7618660139,0.05060442755,0.02563876163,0.01553733398,0.01078981077,0.002777535619,0.001925880678,0.002112420873,0.00031517479,5.188802555e-05,8.284725029e-05,0.0004216344912,59.85938899
920,3,tier3_voxel_grid,3,20261827,64,64,64,0.01635998959,0.9836400104,10.40769994,0.04593400798,0.954065992,0.9794479813,10.1938007,0.1371210551,0.8169449369,0.02108209992,0.01068125776,0.006472944035,0.004495098155,0.001157137553,0.0008023331328,0.0008800468669,0.0001313036573,2.161685434e-05,3.45146481e-05,0.0001756553904,56.92159885
921,3,tier3_voxel_grid,3,20261828,64,64,64,0.3494114031,0.6505885969,3.630560024,0.6085608311,0.3914391689,1.578940526,5.732438352,0.05625874133,0.3351804276,0.2793080947,0.141511603,0.08575738052,0.05955371171,0.01533044082,0.01062978259,0.01165937997,0.0017395883,0.0002863928367,0.0004572704158,0.002327186219,91.21050217
922,3,tier3_voxel_grid,3,20261829,64,64,64,0.3124349876,0.6875650124,7.83977126,0.5681075684,0.4318924316,1.512382978,11.8567366,0.06207279833,0.3698196333,0.2607414648,0.1321048095,0.080056774,0.05559495883,0.01431137038,0.009923182085,0.01088433837,0.001623951507,0.0002673552581,0.00042687398,0.002172489645,87.94885934
923,3,tier3_voxel_grid,3,20261830,64,64,64,0.1884414757,0.8115585243,7.959621775,0.4019672714,0.5980327286,1.289194656,10.26150186,0.08595095037,0.5120817782,0.1844888908,0.0934714001,0.05664455957,0.03933648335,0.01012607968,0.007021195718,0.00770126652,0.001149034782,0.0001891685124,0.0003020367594,0.001537155608,76.05740112
924,3,tier3_voxel_grid,3,20261831,64,64,64,0.2352123488,0.7647876512,13.40948559,0.4709788332,0.5290211668,1.373382228,18.41634919,0.07603241407,0.4529887527,0.2161627792,0.1095189934,0.06636955413,0.04608994898,0.0118645709,0.008226626401,0.00902345484,0.001346306278,0.0002216458194,0.0003538917984,0.001801061445,80.72179918
925,3,tier3_voxel_grid,3,20261832,64,64,64,0.3260201364,0.6739798636,9.575180328,0.5833772971,0.4166227029,1.536836245,14.71548419,0.05987818985,0.356744513,0.2677497352,0.1356555536,0.08220855879,0.0570892532,0.01469603476,0.01018989971,0.01117689018,0.001667600458,0.0002745412955,0.0004383475992,0.002230882332,89.16169248
926,3,tier3_voxel_grid,3,20261833,64,64,64,0.1099052163,0.8900947837,7.845998043,0.2633138232,0.7366861768,1.147829389,9.005867143,0.105878615,0.6308075618,0.1208518171,0.061229641,0.03710574618,0.02576786858,0.006633218532,0.004599324421,0.005044813534,0.0007526899902,0.0001239172633,0.000197853058,0.001006933521,67.71340106
927,3,tier3_voxel_grid,3,20261834,64,64,64,0.007024577196,0.9929754228,9.718735852,0.02006721331,0.9799327867,0.962644239,9.355685077,0.1408387038,0.8390940829,0.009210147664,0.004666326485,0.002827838337,0.001963775806,0.0005055192683,0.0003505156818,0.0003844665202,5.736269524e-05,9.443766099e-06,1.507843178e-05,7.673865929e-05,55.79468006
928,3,tier3_voxel_grid,3,20261835,64,64,64,0.2533111036,0.7466888964,1.24990984,0.4954661169,0.5045338831,1.405959987,1.757323222,0.07251303261,0.4320208505,0.2274015842,0.1152131403,0.06982026143,0.0484862725,0.0124814375,0.008654347818,0.009492605218,0.001416303869,0.0002331697005,0.0003722914551,0.001894702814,82.46761957
929,3,tier3_voxel_grid,3,20261836,64,64,64,0.2208312862,0.7791687138,11.76832929,0.4506773267,0.5493226733,1.347496315,15.85778036,0.07895020385,0.4703724694,0.2068450992,0.1047981856,0.06350869959,0.04410324526,0.01135314948,0.0078720183,0.00863449951,0.001288273849,0.0002120917933,0.0003386373195,0.00172342683,79.31126083
930,3,tier3_voxel_grid,3,20261837,64,64,64,0.4397667221,0.5602332779,1.685230516,0.6944030228,0.3055969772,1.7415801,2.93496393,0.04392125943,0.2616757177,0.3187066524,0.1614729044,0.09785411946,0.06795422137,0.01749291755,0.01212919528,0.01330402531,0.001984970626,0.0003267907518,0.0005217719294,0.002655453757,98.67712381
931,3,tier3_voxel_grid,3,20261838,64,64,64,0.1301135659,0.8698864341,10.2027574,0.3021541725,0.6978458275,1.184204419,12.0821504,0.1002963704,0.5975494571,0.1386781763,0.07026137589,0.04257906363,0.02956878189,0.007611657573,0.005277752029,0.005788953426,0.0008637162241,0.000142195794,0.0002270375566,0.001155462183,69.92276512
932,3,tier3_voxel_grid,3,20261839,64,64,64,0.3406297242,0.6593702758,3.719369079,0.5992653471,0.4007346529,1.563133504,5.81387042,0.0575947145,0.3431399384,0.2750417933,0.139350079,0.08444747637,0.05864405643,0.01509627545,0.01046741759,0.01148128836,0.001713016897,0.0002820183191,0.0004502858226,0.00229163953,90.44712323
933,3,tier3_voxel_grid,3,20261840,64,64,64,0.2364122652,0.7635877348,13.58195929,0.4726381984,0.5273618016,1.375542077,18.68255649,0.07579392544,0.4515678762,0.2169243696,0.1099048537,0.06660338911,0.04625233431,0.01190637247,0.00825561067,0.009055246515,0.001351049621,0.0002224267279,0.0003551386393,0.001807406993,80.83855243
934,3,tier3_voxel_grid,3,20261841,64,64,64,0.3503512713,0.6496487287,5.148400277,0.609544676,0.390455324,1.580632288,8.137727712,0.05611734035,0.3343379836,0.2797596451,0.1417403812,0.08589602232,0.0596499907,0.01535522515,0.01064696749,0.0116782294,0.001742400648,0.0002868558408,0.0004580096734,0.002330948522,91.29179445
935,3,tier3_voxel_grid,3,20261842,64,64,64,0.1329025993,0.8670974007,12.09450345,0.3073280891,0.6926719109,1.189224679,14.38308198,0.09955276056,0.5931191503,0.1410528227,0.07146449182,0.04330816336,0.03007510093,0.007741995279,0.00536812526,0.00588808018,0.0008785060107,0.0001446306741,0.0002309252189,0.001175247662,70.22427473
936,3,tier3_voxel_grid,3,20261843,64,64,64,0.3774238306,0.6225761694,6.133467536,0.6370069782,0.3629930218,1.629362895,9.993644422,0.05217038083,0.310822641,0.2923638794,0.1481263236,0.08976596428,0.06233744927,0.01604703635,0.0111266538,0.01220437798,0.001820902414,0.0002997797856,0.0004786447483,0.002435966604,93.59989153
937,3,tier3_voxel_grid,3,20261844,64,64,64,0.1738539618,0.8261460382,3.50220967,0.3785607241,0.6214392759,1.262937131,4.423070633,0.08931500536,0.5321242705,0.1737461059,0.08802856208,0.05334614785,0.0370459206,0.009536438232,0.006612351612,0.007252821904,0.001082126507,0.0001781532332,0.0002844491641,0.001447647064,74.55662443
938,3,tier3_voxel_grid,3,20261845,64,64,64,0.02229296418,0.9777070358,2.873488115,0.06191693663,0.9380830634,0.9901273355,2.845119131,0.1348239435,0.8032591198,0.02841770406,0.01439784572,0.008725231767,0.006059186208,0.001559768365,0.001081508275,0.001186262826,0.0001769913097,2.91385285e-05,4.65241631e-05,0.0002367754122,57.63321057
939,3,tier3_voxel_grid,3,20261846,64,64,64,0.1523765739,0.8476234261,1.106892027,0.3422716372,0.6577283628,1.224277833,1.355143372,0.09453057527,0.5631977875,0.1570906867,0.07959008462,0.04823235006,0.03349467361,0.008622268818,0.005978487118,0.006557561494,0.0009783931286,0.0001610753438,0.000257181675,0.001308874638,72.30652964
940,3,tier3_voxel_grid,3,20261847,64,64,64,0.2079614185,0.7920385815,2.376615307,0.4318362205,0.5681637795,1.324330553,3.147424265,0.08165810076,0.4865056787,0.1981976917,0.1004169718,0.06085364223,0.0422594562,0.01087851745,0.007542919134,0.008273523902,0.001234416016,0.0002032250415,0.0003244801802,0.001651376904,78.03121248
941,3,tier3_voxel_grid,3,20261848,64,64,64,0.3160778426,0.6839221574,7.249522318,0.5722503854,0.4277496146,1.518940117,11.01159028,0.06147738098,0.3662722336,0.2626428726,0.1330681589,0.08064057289,0.05600037455,0.01441573335,0.009995545015,0.01096371035,0.001635793867,0.0002693048957,0.0004299868778,0.002188332115,88.27575319
942,3,tier3_voxel_grid,3,20261849,64,64,64,0.3702045598,0.6297954402,8.883553534,0.6298456841,0.3701543159,1.616368208,14.3590935,0.05319962222,0.3169546937,0.2890770963,0.1464610731,0.08875680662,0.06163664563,0.01586663402,0.01100156688,0.01206717518,0.001800431652,0.0002964096322,0.0004732637777,0.002408581231,92.9906869
943,3,tier3_voxel_grid,3,20261850,64,64,64,0.02797805872,0.9720219413,8.456145891,0.0769119343,0.9230880657,1.000360506,8.45919438,0.1326688202,0.7904192455,0.0352998825,0.01788470529,0.01083830191,0.007526595418,0.001937511908,0.001343427145,0.001473551075,0.0002198549335,3.619527566e-05,5.779135032e-05,0.0002941175055,58.31171763
944,3,tier3_voxel_grid,3,20261851,64,64,64,0.1423822239,0.8576177761,9.578728472,0.3245917349,0.6754082651,1.206288003,11.55470524,0.0970715807,0.5783366844,0.1489762311,0.07547889115,0.04574092762,0.03176451986,0.008176889026,0.005669670795,0.00621883332,0.0009278546291,0.0001527550624,0.0002438970601,0.00124126525,71.24290034
945,3,tier3_voxel_grid,3,20261852,64,64,64,0.3026892856,0.6973107144,14.22320657,0.5568456408,0.4431543592,1.494840714,21.26142826,0.06369139432,0.3794629649,0.2555726347,0.1294860189,0.07846976189,0.05449286754,0.01402766774,0.009726469062,0.01066857179,0.00159175897,0.0002620553189,0.0004184118082,0.002129423116,87.06824658
946,3,tier3_voxel_grid,3,20261853,64,64,64,0.1689810491,0.8310189509,8.984162843,0.3705234605,0.6294765395,1.254165888,11.26763057,0.09047014355,0.5390063959,0.1700572835,0.08615961818,0.05221355003,0.03625939466,0.009333969083,0.006471964062,0.00709883646,0.001059151762,0.0001743708426,0.0002784099932,0.001416911913,74.05035339
947,3,tier3_voxel_grid,3,20261854,64,64,64,0.3167262764,0.6832737236,13.04638063,0.572984066,0.427015934,1.520107298,19.8318984,0.06137193434,0.3656439997,0.2629796063,0.1332387652,0.08074396194,0.05607217247,0.01443421572,0.01000836027,0.01097776689,0.001637891113,0.0002696501708,0.0004305381627,0.002191137769,88.33381186
948,3,tier3_voxel_grid,3,20261855,64,64,64,0.2684326332,0.7315673668,13.61254519,0.5150716522,0.4849283478,1.43317874,19.50921036,0.06969526978,0.415233078,0.2363998379,0.1197721106,0.07258304087,0.05040486853,0.0129753265,0.008996799332,0.009868226478,0.001472346845,0.0002423961978,0.0003870229837,0.001969675979,83.90150595
949,3,tier3_voxel_grid,3,20261856,64,64,64,0.2034719174,0.7965280826,6.086060497,0.425107697,0.574892303,1.316249451,8.01077379,0.08262514314,0.4922671599,0.1951095352,0.09885235555,0.05990546988,0.04160100345,0.01070901717,0.007425391454,0.008144612529,0.001215182342,0.0002000585529,0.0003194243919,0.001625646482,77.58071044
950,3,tier3_voxel_grid,3,20261857,64,64,64,0.1332610392,0.8667389608,8.283903879,0.3079898624,0.6920101376,1.18986987,9.856767635,0.09945764864,0.592552489,0.1413565535,0.07161837717,0.04340141934,0.03013986201,0.007758666211,0.005379684509,0.005900759054,0.0008803977083,0.0001449421091,0.0002314224729,0.001177778336,70.26296409
951,3,tier3_voxel_grid,3,20261858,64,64,64,0.3674944091,0.6325055909,8.654744607,0.6271274813,0.3728725187,1.611489936,13.94703384,0.05359028998,0.3192822287,0.2878295365,0.1458289963,0.08837376201,0.06137064254,0.01579815894,0.01095408781,0.0120150973,0.001792661593,0.0002951304277,0.0004712213299,0.002398186603,92.76081673
952,3,tier3_voxel_grid,3,20261859,64,64,64,0.3182696464,0.6817303536,5.735672048,0.5747258123,0.4252741877,1.522885363,8.734771011,0.06112160565,0.3641525821,0.2637790068,0.1336437819,0.08098940593,0.05624261962,0.01447809258,0.0100387835,0.0110111369,0.001642869944,0.0002704698483,0.0004318469046,0.002197798349,88.47184377
953,3,tier3_voxel_grid,3,20261860,64,64,64,0.08999742148,0.9100025785,2.778533386,0.2225664947,0.7774335053,1.111995359,3.089716229,0.111734936,0.6656985694,0.1021502213,0.05175446697,0.03136370039,0.02178033844,0.005606740197,0.003887587449,0.004264137944,0.0006362126023,0.0001047412954,0.0001672356622,0.0008511124159,65.49431951
954,3,tier3_voxel_grid,3,20261861,64,64,64,0.02394891824,0.9760510818,1.263174312,0.06631657551,0.9336834245,0.9931080528,1.254468582,0.134191615,0.7994918095,0.03043698412,0.01542091509,0.009345221563,0.006489734498,0.001670601005,0.001158357133,0.001270555239,0.0001895678015,3.120902827e-05,4.98300359e-05,0.0002535999899,57.83118791
955,3,tier3_voxel_grid,3,20261862,64,64,64,0.09330464093,0.9066953591,1.345230511,0.2295166514,0.7704833486,1.117948354,1.503898235,0.1107360398,0.6597473088,0.1053400997,0.05337062064,0.03234310492,0.02246048019,0.005781823707,0.004008986414,0.004397295574,0.0006560798214,0.0001080120861,0.0001724579849,0.0008776903816,65.86589664
956,3,tier3_voxel_grid,3,20261863,64,64,64,0.2133538551,0.7866461449,14.77689689,0.4398102363,0.5601897637,1.334036939,19.7129263,0.08051205273,0.479677711,0.2018574855,0.1022712084,0.06197732727,0.04303979271,0.01107939331,0.00768220193,0.008426297585,0.001257209965,0.0002069776672,0.0003304718269,0.00168187019,78.56959914
957,3,tier3_voxel_grid,3,20261864,64,64,64,0.2195555754,0.7804444246,13.09459963,0.4488386978,0.5511613022,1.345200036,17.61485589,0.07921445678,0.4719468454,0.2060012329,0.1043706403,0.06324960305,0.04392331719,0.01130683202,0.007839902816,0.00859927333,0.001283018077,0.0002112265222,0.0003372557804,0.001716395763,79.18512839
958,3,tier3_voxel_grid,3,20261865,64,64,64,0.008730680941,0.9912693191,14.0325068,0.02486175215,0.9751382479,0.9657152257,13.55140547,0.1401496191,0.8349886287,0.01141067297,0.005781223865,0.003503476778,0.002432968973,0.000626299953,0.0004342622899,0.0004763247983,7.106801973e-05,1.170010845e-05,1.868103099e-05,9.507336658e-05,56.0012857
959,3,tier3_voxel_grid,3,20261866,64,64,64,0.07938596508,0.9206140349,8.38640535,0.1997551974,0.8002448026,1.092894737,9.16545827,0.1150134399,0.6852313626,0.09168063528,0.04645004534,0.02814917031,0.01954802681,0.005032093877,0.003489140626,0.003827097686,0.0005710058658,9.400614484e-05,0.0001500953356,0.000763880156,64.29421809
960,3,tier3_voxel_grid,3,20261867,64,64,64,0.1149950428,0.8850049572,1.994055406,0.2733265398,0.7266734602,1.156991077,2.307104312,0.1044395591,0.6222339011,0.1254473031,0.06355794657,0.03851672155,0.02674771218,0.006885451918,0.004774217374,0.005236646563,0.0007813116229,0.0001286293154,0.0002053765772,0.001045222966,68.27396763
961,3,tier3_voxel_grid,3,20261868,64,64,64,0.2929847165,0.7070152835,13.81021249,0.5453654891,0.4546345109,1.47737249,20.40282801,0.06534135411,0.3892931568,0.2503036474,0.1268164835,0.076851998,0.05336942086,0.01373846775,0.009525944297,0.01044862426,0.001558942632,0.000256652682,0.0004097856635,0.00208552208,86.18249058
962,3,tier3_voxel_grid,3,20261869,64,64,64,0.1196322913,0.8803677087,6.597905452,0.2823118838,0.7176881162,1.165338124,7.688790764,0.1031481601,0.614539956,0.1295712612,0.06564735222,0.0397829213,0.02762701719,0.00711180445,0.004931165124,0.005408796223,0.0008069964823,0.000132857879,0.0002121281323,0.001079583654,68.78228529
963,3,tier3_voxel_grid,3,20261870,64,64,64,0.3959456004,0.6040543996,11.19804602,0.654868009,0.345131991,1.662702081,18.61901441,0.04960334312,0.2955286479,0.3005614665,0.1522796358,0.09228291104,0.06408532824,0.01649697901,0.01143863391,0.01254657638,0.001871958674,0.0003081853073,0.0004920654625,0.002504268641,95.14233411
964,3,tier3_voxel_grid,3,20261871,64,64,64,0.04544762131,0.9545523787,11.89182791,0.1211283834,0.8788716166,1.031805718,12.27005604,0.1263139074,0.7525577092,0.05559368307,0.02816657074,0.0170692104,0.0118536134,0.003051381912,0.002115759533,0.002320691335,0.0003462489002,5.700383518e-05,9.101543083e-05,0.0004632048105,60.37579709
965,3,tier3_voxel_grid,3,20261872,64,64,64,0.09929321704,0.900706783,8.012655912,0.2419151447,0.7580848553,1.128727791,9.044107405,0.1089540934,0.6491307618,0.1110305736,0.05625370246,0.03409027999,0.0236737957,0.006094157921,0.004225551928,0.004634837554,0.0006915212643,0.0001138469008,0.0001817741681,0.0009251032308,66.53576464
966,3,tier3_voxel_grid,3,20261873,64,64,64,0.1277961998,0.8722038002,11.92208461,0.2978217575,0.7021782425,1.18003316,14.06845518,0.1009190374,0.6012592052,0.1366897496,0.0692539384,0.0419685469,0.02914481212,0.00750251839,0.005202077376,0.005705948949,0.0008513318936,0.0001401569302,0.0002237821955,0.001138894675,69.67161636
967,3,tier3_voxel_grid,3,20261874,64,64,64,0.07093892698,0.929061073,7.788024079,0.1810186944,0.8189813056,1.077690069,8.393076204,0.117706303,0.7012750026,0.08308123701,0.04209315538,0.02550885345,0.0177144742,0.004560096936,0.003161868571,0.003468126164,0.0005174470435,8.518862e-05,0.0001360167948,0.0006922302413,63.3303381
968,3,tier3_voxel_grid,3,20261875,64,64,64,0.4260875099,0.5739124901,8.060899791,0.6824517439,0.3175482561,1.716957518,13.8402225,0.04563893094,0.2719093252,0.3132214342,0.1586938155,0.09616996511,0.06678467022,0.01719184925,0.0119204413,0.01307505148,0.001950807558,0.0003211663992,0.0005127917815,0.002609751092,97.59065527
969,3,tier3_voxel_grid,3,20261876,64,64,64,0.3086053959,0.6913946041,2.17370805,0.5637134758,0.4362865242,1.505489713,3.272495108,0.0627043297,0.3735821945,0.2587247303,0.1310830299,0.07943756578,0.0551649533,0.01420067746,0.009846430106,0.01080015222,0.00161139087,0.0002652873684,0.0004235722747,0.002155686277,87.60387869
970,3,tier3_voxel_grid,3,20261877,64,64,64,0.4106229746,0.5893770254,7.568579824,0.6685210493,0.3314789507,1.689121354,12.7842498,0.04764108966,0.2838378611,0.3068277336,0.1554544435,0.09420687478,0.06542141362,0.01684091689,0.0116771127,0.01280815415,0.001910986275,0.0003146105203,0.0005023243078,0.00255647898,96.3439664
971,3,tier3_voxel_grid,3,20261878,64,64,64,0.07405162875,0.9259483713,1.938803317,0.1879842221,0.8120157779,1.083292932,2.100291929,0.1167051977,0.6953105802,0.0862781701,0.04371288332,0.02649042403,0.01839612015,0.00473556766,0.003283536022,0.003601578285,0.0005373582008,8.846664436e-05,0.0001412506672,0.0007188669869,63.68640616
972,3,tier3_voxel_grid,3,20261879,64,64,64,0.3139498384,0.6860501616,1.981638788,0.5698346796,0.4301653204,1.515109709,3.002400168,0.06182457304,0.3683407474,0.2615341483,0.1325064231,0.08030015564,0.05576397378,0.01435487857,0.00995334968,0.01091742799,0.001628888503,0.0002681680483,0.0004281717251,0.002179094259,88.08494494
973,3,tier3_voxel_grid,3,20261880,64,64,64,0.1228297753,0.8771702247,6.812787416,0.288432866,0.711567134,1.171093596,7.97841171,0.1022684353,0.6092986987,0.1323805775,0.0670706939,0.04064547993,0.02822601599,0.007265999971,0.005038080828,0.005526067748,0.0008244934824,0.0001357384545,0.0002167274163,0.001102990788,69.13144685
974,3,tier3_voxel_grid,3,20261881,64,64,64,0.02026834627,0.9797316537,4.630499964,0.05650168418,0.9434983158,0.9864830233,4.567909604,0.1356022389,0.8078960769,0.02593229296,0.01313861079,0.007962123395,0.005529250058,0.001423351095,0.0009869196108,0.001082512333,0.0001615116578,2.659007413e-05,4.245516192e-05,0.0002160670455,57.39077708
975,3,tier3_voxel_grid,3,20261882,64,64,64,0.06116189383,0.9388381062,1.373781998,0.1586610425,0.8413389575,1.060091409,1.456334494,0.1209196078,0.7204193498,0.07281985828,0.03689422208,0.02235825031,0.01552655626,0.003996878532,0.002771345608,0.003039777269,0.0004535370648,7.466695801e-05,0.0001192173357,0.000606732758,62.20524571
976,3,tier3_voxel_grid,3,20261883,64,64,64,0.009858296561,0.9901417034,5.071545153,0.02801390593,0.9719860941,0.9677449338,4.907962129,0.1396965827,0.8322895114,0.01285740109,0.00651420948,0.003947673048,0.002741438477,0.0007057068168,0.0004893212219,0.0005367167211,8.007854022e-05,1.318353331e-05,2.104954798e-05,0.0001071274596,56.13767753
977,3,tier3_voxel_grid,3,20261884,64,64,64,0.2001092821,0.7998907179,3.511544913,0.4200136686,0.5799863314,1.310196708,4.600814584,0.08335727127,0.4966290601,0.1927715547,0.09766781641,0.05918762786,0.04110250226,0.01058069195,0.007336413637,0.008047016348,0.001200620918,0.0001976612688,0.0003155967573,0.001606166502,77.24193197
978,3,tier3_voxel_grid,3,20261885,64,64,64,0.1398879516,0.8601120484,13.12819698,0.3200968605,0.6799031395,1.201798313,15.77744498,0.09771759673,0.5821855428,0.1469132413,0.07443367618,0.04510751739,0.03132465182,0.008063657278,0.00559115845,0.006132716294,0.0009150059038,0.0001506397441,0.0002405196276,0.001224076484,70.97580417
979,3,tier3_voxel_grid,3,20261886,64,64,64,0.1075936564,0.8924063436,13.6947353,0.2587135468,0.7412864532,1.143668582,15.6622385,0.1065397797,0.6347466735,0.1187404515,0.06015991641,0.03645748288,0.02531768592,0.006517331572,0.004518971012,0.004956677119,0.0007395399704,0.0001217523422,0.0001943964269,0.0009893416895,67.45790573
980,3,tier3_voxel_grid,3,20261887,64,64,64,0.07463062624,0.9253693738,12.15692912,0.1892719483,0.8107280517,1.084335127,13.18218529,0.1165201221,0.6942079296,0.08686919132,0.04401232455,0.02667188827,0.01852213693,0.004768007163,0.003306028843,0.003626249754,0.0005410392026,8.907265702e-05,0.00014221826,0.000723791357,63.75252534
981,3,tier3_voxel_grid,3,20261888,64,64,64,0.2551278868,0.7448721132,1.862662808,0.4978616628,0.5021383372,1.409230196,2.624920675,0.072168738,0.4299695992,0.2285010559,0.1157701882,0.07015783777,0.04872070042,0.01254178443,0.008696191018,0.009538501337,0.001423151605,0.0002342970605,0.0003740914596,0.001903863577,82.64107832
982,3,tier3_voxel_grid,3,20261889,64,64,64,0.004376628535,0.9956233715,7.946428813,0.01256499192,0.9874350081,0.9578779314,7.611708793,0.1419169442,0.8455180639,0.005766890958,0.002921798542,0.001770637771,0.001229609052,0.0003165285296,0.0002194737576,0.0002407319165,3.59173838e-05,5.91317005e-06,9.44128966e-06,4.804955322e-05,55.47344299
983,3,tier3_voxel_grid,3,20261890,64,64,64,0.2524074804,0.7475925196,8.030522046,0.4942704767,0.5057295233,1.404333465,11.27753085,0.07268487338,0.4330446499,0.2268528273,0.1149351123,0.06965177381,0.04836926725,0.01245131777,0.008633463473,0.009469698022,0.001412886098,0.0002326070241,0.0003713930554,0.001890130589,82.38122448
984,3,tier3_voxel_grid,3,20261891,64,64,64,0.2316074541,0.7683925459,9.731590292,0.4659620792,0.5340379208,1.366893417,13.30204671,0.07675343612,0.4572844847,0.2138602649,0.1083524233,0.06566260149,0.04559900985,0.01173819233,0.008138998341,0.008927339153,0.001331965745,0.0002192849011,0.0003501222274,0.001781876969,80.37017209
985,3,tier3_voxel_grid,3,20261892,64,64,64,0.03951352121,0.9604864788,3.610419333,0.1064142527,0.8935857473,1.021124338,3.686687052,0.1284286638,0.7651570836,0.04884041273,0.02474502253,0.01499571956,0.01041368981,0.002680713774,0.00185874659,0.002038784199,0.0003041881426,5.007926591e-05,7.995928604e-05,0.0004069367755,59.67822059
986,3,tier3_voxel_grid,3,20261893,64,64,64,0.193606414,0.806393586,4.726490838,0.4100278053,0.5899721947,1.298491545,6.137308392,0.0847924677,0.505179727,0.1881883934,0.09534575517,0.05778043662,0.04012528652,0.01032913504,0.007161989734,0.007855697801,0.001172076046,0.0001929618541,0.0003080934156,0.001567979747,76.58348438
987,3,tier3_voxel_grid,3,20261894,64,64,64,0.0986999897,0.9013000103,8.381035131,0.2406975295,0.7593024705,1.127659981,9.450957921,0.1091290925,0.650173378,0.1104717309,0.05597056449,0.03391869568,0.02355463998,0.006063484606,0.004204283741,0.004611509338,0.0006880406769,0.0001132738828,0.0001808592565,0.0009204469709,66.46957834
988,3,tier3_voxel_grid,3,20261895,64,64,64,0.03821771192,0.9617822881,11.08500339,0.1031601347,0.8968398653,1.018791881,11.29331146,0.1288963548,0.7679435105,0.04734688664,0.0239883267,0.01453715467,0.0100952421,0.002598738301,0.001801906642,0.001976438751,0.0002948861547,4.854785605e-05,7.751415356e-05,0.0003944927633,59.52540516
989,3,tier3_voxel_grid,3,20261896,64,64,64,0.04663368784,0.9533663122,6.369147967,0.1240328863,0.8759671137,1.033940638,6.585320914,0.1258964641,0.7500706497,0.05692674811,0.02884196889,0.01747850811,0.01213784781,0.003124550127,0.002166492727,0.002376338529,0.0003545515036,5.837071386e-05,9.319786384e-05,0.0004743118663,60.51478288
990,3,tier3_voxel_grid,3,20261897,64,64,64,0.05006016239,0.9499398376,6.461310763,0.1323568398,0.8676431602,1.040108292,6.720462903,0.124700122,0.7429430383,0.06074715106,0.03077757819,0.0186515058,0.0129524292,0.003334241369,0.002311887914,0.002535816648,0.0003783457595,6.228802259e-05,9.945245251e-05,0.000506143343,60.91547696
991,3,tier3_voxel_grid,3,20261898,64,64,64,0.04340062144,0.9565993786,14.82405059,0.1160872069,0.8839127931,1.028121119,15.24091948,0.1270384395,0.7568743536,0.05327995972,0.0269943215,0.01635881618,0.01136028429,0.002924388103,0.002027704885,0.00222410774,0.000331838555,5.463142348e-05,8.722750897e-05,0.0004439269407,60.1355794
992,3,tier3_voxel_grid,3,20261899,64,64,64,0.1512096627,0.8487903373,7.910225834,0.3402342204,0.6597657796,1.222177393,9.667699188,0.09482339856,0.564942381,0.1561555838,0.07911631421,0.04794524067,0.03329529218,0.008570943632,0.005942899389,0.00651852675,0.0009725691152,0.0001601165217,0.0002556507674,0.00130108339,72.1828876
993,3,tier3_voxel_grid,3,20261900,64,64,64,0.2392997075,0.7607002925,10.45225966,0.4766099676,0.5233900324,1.380739474,14.4318475,0.07522309156,0.4481669408,0.2187472725,0.1108284284,0.06716308422,0.04664101131,0.01200642652,0.008324985893,0.0091313414,0.001362403035,0.0002242958693,0.0003581230124,0.001822595362,81.1189147
994,3,tier3_voxel_grid,3,20261901,64,64,64,0.01540536474,0.9845946353,9.278785082,0.0433297208,0.9566702792,0.9777296565,9.072143351,0.1374953506,0.8191749286,0.01988682337,0.01007567023,0.006105952215,0.004240242831,0.001091532163,0.0007568438323,0.0008301514872,0.000123859229,2.039125921e-05,3.255779609e-05,0.0001656963839,56.8067654
995,3,tier3_voxel_grid,3,20261902,64,64,64,0.3989366246,0.6010633754,4.097841579,0.6576853756,0.3423146244,1.668085924,6.835551857,0.04919842324,0.2931162012,0.3018545391,0.1529347717,0.09267992966,0.0643610355,0.01656795214,0.01148784508,0.01260055414,0.001880012196,0.0003095111791,0.0004941824216,0.002515042481,95.38867791
996,3,tier3_voxel_grid,3,20261903,64,64,64,0.03487640704,0.965123593,11.38482913,0.09470008591,0.9052999141,1.012777533,11.53029916,0.1301122568,0.7751876572,0.04346402071,0.02202107049,0.01334497866,0.009267342437,0.00238561864,0.001654134267,0.00181435319,0.0002707028665,4.456649993e-05,7.115730335e-05,0.000362140847,59.13055883
997,3,tier3_voxel_grid,3,20261904,64,64,64,0.2897250242,0.7102749758,1.816897148,0.5414482403,0.4585517597,1.471505044,2.673573316,0.06590435214,0.3926474075,0.2485057675,0.1259055866,0.07629998582,0.05298607923,0.01363978715,0.009457521389,0.01037357393,0.001547745066,0.0002548091983,0.000406842257,0.002070542202,85.88297282
998,3,tier3_voxel_grid,3,20261905,64,64,64,0.06677072912,0.9332292709,12.49600552,0.1715769781,0.8284230219,1.070187312,13.37306657,0.1190632931,0.7093597288,0.07874782011,0.03989762727,0.02417834249,0.01679050864,0.004322247792,0.002996949329,0.003287232895,0.0004904576312,8.074528455e-05,0.0001289223232,0.0006561243487,62.85192028
999,3,tier3_voxel_grid,3,20261906,64,64,64,0.1055195768,0.8944804232,8.552106806,0.2545572998,0.7454427002,1.139935238,9.748847909,0.1071371272,0.638305573,0.1168328797,0.05919344412,0.03587179146,0.02491095593,0.00641263029,0.004446373499,0.004877047834,0.000727659221,0.0001197963843,0.0001912734379,0.000973447862,67.22817379
1000,3,tier3_voxel_grid,3,20261907,64,64,64,0.2829385255,0.7170614745,11.3521345,0.5331916849,0.4668083151,1.459289346,16.56604893,0.06709100757,0.3997173075,0.2447162979,0.1239856497,0.07513648575,0.05217809341,0.01343179375,0.009313303449,0.01021538708,0.00152414347,0.0002509236075,0.000400638311,0.002038968461,85.25614724
1001,3,tier3_voxel_grid,3,20261908,64,64,64,0.1526202985,0.8473797015,4.033772232,0.3426962959,0.6573037041,1.224716537,4.94022756,0.09446954214,0.562834162,0.1572855901,0.07968883256,0.04829219225,0.03353623067,0.008632966522,0.005985904665,0.006565697503,0.0009796070272,0.000161275191,0.000257500762,0.001310498567,72.33233574
1002,3,tier3_voxel_grid,3,20261909,64,64,64,0.1979952395,0.8020047605,1.437584944,0.4167869566,0.5832130434,1.306391431,1.878048652,0.08382102342,0.49939202,0.191290607,0.09691749341,0.05873292498,0.04078673649,0.01049940687,0.007280052391,0.007985195969,0.001191397271,0.0001961427563,0.0003131722175,0.001593827292,77.02835214
1003,3,tier3_voxel_grid,3,20261910,64,64,64,0.003547518592,0.9964524814,10.03010019,0.01020056848,0.9897994315,0.9563855335,9.592642722,0.1422567658,0.8475426657,0.004681703458,0.002371987686,0.001437447151,0.0009982267731,0.0002569656202,0.000178174177,0.0001954320715,2.915861271e-05,4.800456411e-06,7.664670405e-06,3.900780527e-05,55.37271554
1004,3,tier3_voxel_grid,3,20261911,64,64,64,0.08831982538,0.9116801746,3.453241559,0.2190124842,0.7809875158,1.108975686,3.829560925,0.1122457284,0.6687417875,0.100519055,0.05092803567,0.03086287514,0.02143254327,0.005517210039,0.003825509253,0.004196046872,0.0006260533631,0.000103068754,0.0001645651915,0.00083752159,65.30539025
1005,3,tier3_voxel_grid,3,20261912,64,64,64,0.3404435609,0.6595564391,1.65289119,0.5990662562,0.4009337438,1.56279841,2.583135723,0.0576233284,0.3433104154,0.2749504176,0.1393037834,0.08441942082,0.05862457342,0.0150912601,0.01046394006,0.01147747399,0.00171244779,0.0002819246256,0.0004501362265,0.002290878191,90.43086529
1006,3,tier3_voxel_grid,3,20261913,64,64,64,0.01078486277,0.9892151372,5.124028649,0.03059416387,0.9694058361,0.969412753,4.967298719,0.1393257408,0.8300800954,0.01404164905,0.007114209377,0.004311278706,0.002993942301,0.0007707068784,0.0005343908015,0.000586151726,8.74542803e-05,1.439782012e-05,2.29883445e-05,0.0001169945762,56.24965568
1007,3,tier3_voxel_grid,3,20261914,64,64,64,0.4405647146,0.5594352854,1.565466031,0.695089791,0.304910209,1.743016486,2.728633102,0.04382255517,0.2610876538,0.3190218549,0.1616326019,0.09795089769,0.06802142845,0.01751021814,0.01214119112,0.01331718306,0.001986933772,0.0003271139495,0.0005222879646,0.002658080014,98.74003765
1008,3,tier3_voxel_grid,3,20261915,64,64,64,0.3272342841,0.6727657159,13.78405673,0.5847183797,0.4152816203,1.539021711,21.21396258,0.05968544568,0.3555961747,0.268365245,0.1359674021,0.08239754191,0.05722049142,0.01472981838,0.01021332451,0.0112025839,0.00167143398,0.000275172418,0.0004393552837,0.002236010741,89.26926054
1009,3,tier3_voxel_grid,3,20261916,64,64,64,0.1429213741,0.8570786259,1.955599063,0.3255589316,0.6744410684,1.207258473,2.360913539,0.09693257246,0.5775084959,0.1494201405,0.07570379809,0.04587722337,0.03185916965,0.008201253972,0.0056865649,0.006237363783,0.0009306193882,0.0001532102317,0.0002446238082,0.001244963889,71.30054797
1010,3,tier3_voxel_grid,3,20261917,64,64,64,0.2868900971,0.7131099029,10.00058754,0.5380159554,0.4619840446,1.466402175,14.66488332,0.06639764981,0.3955863948,0.246930469,0.1251074608,0.07581631393,0.05265019611,0.01355332342,0.009397569383,0.01030781499,0.001537933783,0.0002531939418,0.0004042632504,0.002057416864,85.62166316
1011,3,tier3_voxel_grid,3,20261918,64,64,64,0.2747291967,0.7252708033,11.66787141,0.5230174627,0.4769825373,1.444512554,16.85438673,0.06855327549,0.4084292618,0.2400466864,0.1216197885,0.07370275127,0.05118244488,0.01317549183,0.009135589464,0.01002045978,0.001495060168,0.0002461355498,0.000392993437,0.002000061406,84.49200723
1012,3,tier3_voxel_grid,3,20261919,64,64,64,0.08164720952,0.9183527905,1.873072225,0.2046827664,0.7953172336,1.096964977,2.05469463,0.1143052358,0.6810119978,0.09394221676,0.04759587686,0.02884355514,0.02003023829,0.005156225765,0.003575210883,0.003921504681,0.0005850914607,9.632509208e-05,0.0001537978932,0.0007827235814,64.55095852
1013,3,tier3_voxel_grid,3,20261920,64,64,64,0.09214607063,0.9078539294,3.363103843,0.2270903424,0.7729096576,1.115862927,3.752762898,0.1110847558,0.6618249018,0.1042265089,0.05280641925,0.0320011935,0.0222230418,0.005720701821,0.003966605874,0.004350810068,0.0006491441488,0.0001068702487,0.0001706348651,0.0008684119785,65.73586012
1014,3,tier3_voxel_grid,3,20261921,64,64,64,0.08593325796,0.914066742,3.393715882,0.2139230261,0.7860769739,1.104679864,3.7489696,0.1129771996,0.6730997743,0.09818317212,0.04974455928,0.03014567716,0.02093448933,0.005388999953,0.003736611265,0.004098538254,0.0006115050035,0.0001006736207,0.000160740991,0.0008180590874,65.03610049
1015,3,tier3_voxel_grid,3,20261922,64,64,64,0.2848186945,0.7151813055,12.60112957,0.5354929378,0.4645070622,1.46267365,18.43134019,0.06676026502,0.3977467972,0.2457724923,0.1245207712,0.07546077448,0.05240329382,0.01348976531,0.009353499624,0.01025947665,0.001530721666,0.0002520065927,0.0004023674641,0.002047768639,85.43024686
1016,3,tier3_voxel_grid,3,20261923,64,64,64,0.2121250671,0.7878749329,14.56744824,0.4380034026,0.5619965974,1.331825121,19.40129351,0.08077173596,0.4812248614,0.2010282121,0.1018510566,0.06172271127,0.04286297611,0.01103387681,0.007650641815,0.008391680568,0.00125204508,0.0002061273591,0.0003291141786,0.001674960711,78.44717634
1017,3,tier3_voxel_grid,3,20261924,64,64,64,0.3454915039,0.6545084961,14.99906398,0.6044346837,0.3955653163,1.571884707,23.5767993,0.05685176286,0.3387135534,0.2774143377,0.1405521299,0.0851759307,0.05914992728,0.01522649778,0.01055771083,0.01158032737,0.001727793591,0.0002844510439,0.0004541700436,0.002311407495,90.8706058
1018,3,tier3_voxel_grid,3,20261925,64,64,64,0.04043645871,0.9595635413,1.327204227,0.1087229412,0.8912770588,1.022785626,1.357445406,0.1280968525,0.7631802062,0.04990001987,0.02528187308,0.01532105611,0.01063961788,0.002738872649,0.001899072645,0.002083016223,0.0003107875939,5.116575034e-05,8.16940263e-05,0.0004157653887,59.78695655
1019,3,tier3_voxel_grid,3,20261926,64,64,64,0.04959951692,0.9504004831,14.22905385,0.1312435394,0.8687564606,1.03927913,14.78795872,0.1248601286,0.7438963319,0.06023618523,0.03051869706,0.01849462137,0.01284348172,0.003306195882,0.002292441805,0.002514486995,0.0003751633591,6.176409594e-05,9.861592266e-05,0.0005018859918,60.86168039
1020,3,tier3_voxel_grid,3,20261927,64,64,64,0.1091925738,0.8908074262,5.972008463,0.2618991407,0.7381008593,1.146546633,6.847186194,0.1060819371,0.6320189221,0.1202025274,0.06090067802,0.03690639148,0.02562942787,0.006597580836,0.004574614045,0.005017709719,0.0007486460805,0.0001232515042,0.0001967900707,0.00100152366,67.63469388
1021,3,tier3_voxel_grid,3,20261928,64,64,64,0.1695693334,0.8304306666,2.627431353,0.3714997241,0.6285002759,1.2552248,3.298016995,0.0903298322,0.5381704437,0.1705053543,0.08638663349,0.05235112347,0.03635493173,0.009358562435,0.006489016539,0.007117540634,0.001061942439,0.0001748302789,0.0002791435542,0.001420645224,74.11160497
1022,3,tier3_voxel_grid,3,20261929,64,64,64,0.1404135968,0.8595864032,10.37084396,0.3210469051,0.6789530949,1.202744474,12.47347526,0.09758105363,0.5813720412,0.1473492785,0.07465459468,0.0452413961,0.03141762312,0.008087590142,0.005607752959,0.006150918142,0.0009177216333,0.0001510868416,0.0002412334878,0.001227709532,71.03214708
1023,3,tier3_voxel_grid,3,20261930,64,64,64,0.02880904107,0.9711909589,12.03718058,0.07907807237,0.9209219276,1.001856274,12.05952489,0.1323574967,0.7885644309,0.03629406396,0.01838840788,0.01114355048,0.007738573506,0.00199207975,0.001381263258,0.001515051982,0.0002260469002,3.721467487e-05,5.941897866e-05,0.000302400994,58.41061611
1024,3,tier3_voxel_grid,3,20261931,64,64,64,0.08620743558,0.9137925644,10.25729706,0.2145097333,0.7854902667,1.105173384,11.33609171,0.1128928764,0.6725973903,0.09845245017,0.04988098915,0.03022835497,0.02099190444,0.005403779873,0.003746859329,0.004109778942,0.0006131821227,0.0001009497291,0.0001611818407,0.0008203027037,65.06706834
1025,3,tier3_voxel_grid,3,20261932,64,64,64,0.09851908518,0.9014809148,8.61611529,0.2403257591,0.7596742409,1.127334353,9.713242759,0.1091825244,0.6504917165,0.1103011013,0.05588411491,0.03386630641,0.02351825856,0.006054119224,0.004197789997,0.004604386612,0.0006869779607,0.0001130989251,0.0001805799095,0.0009190252906,66.44938738
1026,3,tier3_voxel_grid,3,20261933,64,64,64,0.08762748097,0.912372519,14.55710993,0.2175400945,0.7824599055,1.107729466,16.1253396,0.1124573444,0.6700025611,0.09984327978,0.05058565376,0.03065538844,0.02128845534,0.005480118624,0.0037997909,0.004167837448,0.0006218444957,0.0001023758375,0.0001634588432,0.000831891052,65.22733165
1027,3,tier3_voxel_grid,3,20261934,64,64,64,0.240395484,0.759604516,12.39297692,0.4781094274,0.5218905726,1.382711871,17.13591631,0.07500758497,0.4468829877,0.219435472,0.1111771051,0.0673743856,0.04678774832,0.01204419987,0.008351177081,0.009160069459,0.001366689283,0.0002250015252,0.0003592497011,0.001828329419,81.2250938
1028,3,tier3_voxel_grid,3,20261935,64,64,64,0.3523004803,0.6476995197,7.468204906,0.6115783908,0.3884216092,1.584140864,11.83068858,0.05582504913,0.3325965601,0.2806930489,0.1422132908,0.08618261002,0.05984900985,0.01540645708,0.01068249055,0.01171719322,0.001748214079,0.0002878129207,0.0004595377993,0.002338725613,91.46013681
1029,3,tier3_voxel_grid,3,20261936,64,64,64,0.1988600438,0.8011399562,1.008111401,0.4181091966,0.5818908034,1.307948079,1.31855737,0.08363098735,0.498259816,0.1918974688,0.0972249603,0.05891925284,0.04091613079,0.01053271582,0.007303148067,0.008010528685,0.001195176931,0.0001967650114,0.0003141657439,0.001598883646,77.11577807
1030,3,tier3_voxel_grid,3,20261937,64,64,64,0.3655917232,0.6344082768,3.800509445,0.6252092889,0.3747907111,1.608065102,6.111466608,0.05386597801,0.3209247331,0.2869491534,0.1453829497,0.08810345353,0.0611829284,0.01574983718,0.01092058258,0.01197834677,0.001787178386,0.0002942277134,0.0004697800071,0.002390851279,92.59905043
1031,3,tier3_voxel_grid,3,20261938,64,64,64,0.204700814,0.795299186,2.24596207,0.4269576725,0.5730423275,1.318461465,2.961214442,0.08235925944,0.490683068,0.1959586091,0.09928253933,0.06016616535,0.0417820419,0.01075562047,0.00745770513,0.008180056097,0.001220470549,0.0002009291639,0.0003208144568,0.001632720939,77.70422994
1032,3,tier3_voxel_grid,3,20261939,64,64,64,0.1560457137,0.8439542863,9.666712552,0.3486326174,0.6513673826,1.230882285,11.89858523,0.09361635726,0.5577510253,0.1600101537,0.08106923421,0.04912872881,0.0341171586,0.008782510203,0.006089594887,0.006679431127,0.0009965761699,0.0001640688641,0.0002619612926,0.001333199544,72.69436376
1033,3,tier3_voxel_grid,3,20261940,64,64,64,0.4047902016,0.5952097984,11.18731081,0.6631468036,0.3368531964,1.678622363,18.77927011,0.04841349141,0.288439705,0.3043611431,0.1542047441,0.09344954502,0.06489549039,0.01670553264,0.0115832403,0.0127051893,0.001895623842,0.000312081364,0.0004982861189,0.002535927427,95.86860288
1034,3,tier3_voxel_grid,3,20261941,64,64,64,0.1817175343,0.8182824657,7.456250867,0.3912978789,0.6087021211,1.277091562,9.522315064,0.08748438555,0.5212177356,0.1795920135,0.09099039449,0.05514104652,0.03829237749,0.009857303769,0.006834832553,0.007496852278,0.001118536023,0.0001841474242,0.0002940198164,0.001496354982,75.36838434
1035,3,tier3_voxel_grid,3,20261942,64,64,64,0.0792803495,0.9207196505,12.84531105,0.1995241489,0.8004758511,1.092704629,14.03613084,0.1150466469,0.6854292042,0.0915745921,0.0463963185,0.02811661133,0.01952541642,0.005026273463,0.003485104882,0.003822671042,0.0005703454071,9.389741185e-05,0.0001499217266,0.0007629966076,64.28221325
1036,3,tier3_voxel_grid,3,20261943,64,64,64,0.3143889093,0.6856110907,7.876058118,0.5703341115,0.4296658885,1.515900037,11.93931679,0.06175279327,0.3679130952,0.2617633701,0.1326225584,0.08037053476,0.05581284815,0.01436745991,0.009962073299,0.01092699658,0.001630316144,0.0002684030843,0.0004285469965,0.002181004127,88.12434876
1037,3,tier3_voxel_grid,3,20261944,64,64,64,0.08703885061,0.9129611494,1.677694365,0.2162856625,0.7837143375,1.106669931,1.856653907,0.1126376349,0.6710767027,0.09926753943,0.05029395458,0.03047861596,0.02116569673,0.005448517845,0.003777879632,0.004143803861,0.0006182586664,0.0001017854933,0.0001625162675,0.0008270940016,65.16092615
1038,3,tier3_voxel_grid,3,20261945,64,64,64,0.05145327423,0.9485467258,13.16155241,0.1357129745,0.8642870255,1.042615894,13.72244373,0.1242177688,0.7400692567,0.06228749927,0.03155799648,0.01912444673,0.01328086026,0.003418786778,0.002370509798,0.002600116629,0.0003879393652,6.386744224e-05,0.00010197424,0.0005189774756,61.0780363
1039,3,tier3_voxel_grid,3,20261946,64,64,64,0.4290308806,0.5709691194,2.966520261,0.6850521675,0.3149478325,1.722255585,5.109106087,0.04526519072,0.2696826418,0.3144149375,0.1592985046,0.09653641248,0.06703914746,0.01725735732,0.01196586311,0.01312487284,0.001958240942,0.0003223901762,0.0005147457304,0.002619695324,97.82571392
1040,3,tier3_voxel_grid,3,20261947,64,64,64,0.206534499,0.793465501,12.19634285,0.4297065811,0.5702934189,1.321762098,16.12066371,0.08196417855,0.4883292404,0.1972202618,0.09992175638,0.06055353697,0.04205104986,0.01082486906,0.007505720544,0.008232722269,0.001228328382,0.0002022228188,0.0003228799768,0.001643232989,77.88825079
1041,3,tier3_voxel_grid,3,20261948,64,64,64,0.2477388358,0.7522611642,9.346986341,0.4880487167,0.5119512833,1.395929904,13.04773775,0.07357908229,0.4383722011,0.2239972575,0.1134883363,0.06877501372,0.04776040634,0.01229458352,0.008524787473,0.009350495698,0.001395101022,0.0002296790218,0.0003667180473,0.001866338071,81.93357402
1042,3,tier3_voxel_grid,3,20261949,64,64,64,0.05241079241,0.9475892076,6.929701748,0.1380103781,0.8619896219,1.044339426,7.236960748,0.1238875795,0.7381020424,0.06334192705,0.0320922229,0.01944819303,0.01350568399,0.003476661372,0.002410638738,0.002644132446,0.0003945065584,6.494861593e-05,0.0001037005009,0.0005277629345,61.18964894
1043,3,tier3_voxel_grid,3,20261950,64,64,64,0.3044534856,0.6955465144,14.50201797,0.558903865,0.441096135,1.498016274,21.72425892,0.06339558053,0.3777005544,0.2565172875,0.1299646277,0.07875980343,0.05469428519,0.01407951709,0.009762420235,0.01070800518,0.001597642462,0.0002630239331,0.0004199583505,0.002137293933,87.22831644
1044,3,tier3_voxel_grid,3,20261951,64,64,64,0.07906325037,0.9209367496,12.26797698,0.1990489623,0.8009510377,1.092313851,13.40048118,0.115114942,0.6858360956,0.09135649813,0.04628582107,0.02804964884,0.0194789147,0.005014302894,0.003476804759,0.003813566971,0.0005689870729,9.367378585e-05,0.0001495646731,0.0007611794555,64.25753288
1045,3,tier3_voxel_grid,3,20261952,64,64,64,0.004905293791,0.9950947062,14.95929454,0.01406877606,0.9859312239,0.9588295288,14.34341334,0.1417008161,0.8442304078,0.006457075179,0.003271480765,0.001982548532,0.001376769242,0.0003544108128,0.0002457404801,0.0002695428255,4.021599318e-05,6.620861022e-06,1.057122765e-05,5.380014635e-05,55.5376341
1046,3,tier3_voxel_grid,3,20261953,64,64,64,0.0585236211,0.9414763789,5.773328461,0.1525002123,0.8474997877,1.055342518,6.092838995,0.1218050597,0.725694728,0.06999225313,0.03546161435,0.02149007637,0.01492365794,0.003841679187,0.002663733875,0.002921742298,0.000435926158,7.176762973e-05,0.0001145881101,0.0005831732413,61.89991459
1047,3,tier3_voxel_grid,3,20261954,64,64,64,0.34348361,0.65651639,5.219599148,0.6023067632,0.3976932368,1.568270498,8.185743355,0.0571575936,0.3405356432,0.2764376967,0.1400573142,0.08487606768,0.05894168915,0.01517289269,0.01052054226,0.01153955867,0.00172171087,0.0002834496301,0.0004525711318,0.002303270153,90.69596695
1048,3,tier3_voxel_grid,3,20261955,64,64,64,0.0721046794,0.9278953206,10.56630286,0.1836358532,0.8163641468,1.079788423,11.4093715,0.1173301575,0.6990339892,0.08428242119,0.04270173602,0.02587765912,0.01797058914,0.004626026579,0.003207582702,0.00351826815,0.0005249282658,8.642027261e-05,0.0001379833185,0.00070223847,63.46381126
1049,3,tier3_voxel_grid,3,20261956,64,64,64,0.1683586072,0.8316413928,9.230843245,0.3694887157,0.6305112843,1.253045493,11.56666652,0.09061886,0.5398924243,0.1695823719,0.08591900394,0.0520677355,0.03615813462,0.009307902511,0.006453890087,0.007079011845,0.001056193915,0.0001738838847,0.0002776324897,0.001412954964,73.98550592
1050,3,tier3_voxel_grid,3,20261957,64,64,64,0.2601342026,0.7398657974,8.973026965,0.5044056492,0.4955943508,1.418241565,12.7259198,0.07122821782,0.424366133,0.2315045163,0.1172918931,0.07108000546,0.04936109437,0.01270663598,0.008810495371,0.009663877174,0.001441857775,0.0002373767047,0.0003790085874,0.001928888314,83.11738299
1051,3,tier3_voxel_grid,3,20261958,64,64,64,0.3525417011,0.6474582989,6.937801854,0.6118294433,0.3881705567,1.584575062,10.9934678,0.05578896716,0.3323815896,0.2808082731,0.1422716692,0.08621798792,0.05987357782,0.01541278142,0.01068687571,0.01172200312,0.00174893172,0.0002879310677,0.0004597264393,0.002339685658,91.48094618
1052,3,tier3_voxel_grid,3,20261959,64,64,64,0.4130472747,0.5869527253,6.090339034,0.6707351657,0.3292648343,1.693485095,10.31389837,0.0473228706,0.2819419637,0.3078439354,0.1559693027,0.09451888439,0.06563808686,0.01689669337,0.01171578685,0.01285057427,0.001917315389,0.0003156524984,0.0005039879869,0.002564945942,96.54070977
1053,3,tier3_voxel_grid,3,20261960,64,64,64,0.05265844968,0.9473415503,8.534673192,0.1386033563,0.8613966437,1.044785209,8.916900318,0.123802355,0.7375942887,0.06361408324,0.03223011099,0.01953175453,0.01356371278,0.003491599265,0.002420996337,0.002655493279,0.0003962016032,6.522767545e-05,0.0001041460625,0.0005300305313,61.21850131
1054,3,tier3_voxel_grid,3,20261961,64,64,64,0.2429025082,0.7570974918,3.703478976,0.4815240003,0.5184759997,1.387224515,5.137556826,0.07451683293,0.4439591668,0.2210026413,0.1119711123,0.06785556154,0.04712189814,0.01213021741,0.00841081971,0.009225489054,0.001376449936,0.0002266084462,0.0003618153989,0.001841387024,81.46757125
1055,3,tier3_voxel_grid,3,20261962,64,64,64,0.1020538029,0.8979461971,10.58048777,0.2475511501,0.7524488499,1.133696845,11.99506561,0.1081440708,0.6443047791,0.1136173026,0.05756427013,0.03488449649,0.02422533471,0.006236136244,0.004323996501,0.004742817438,0.0007076319445,0.0001164992429,0.0001860090423,0.0009466557746,66.84326899
1056,3,tier3_voxel_grid,3,20261963,64,64,64,0.2944480268,0.7055519732,12.74900615,0.5471138823,0.4528861177,1.480006448,18.86861131,0.0650900701,0.3877960476,0.2511060986,0.1272230458,0.07709837866,0.05354051847,0.01378251206,0.009556483627,0.01048212162,0.001563940463,0.0002574754876,0.0004110993999,0.002092208078,86.31661945
1057,3,tier3_voxel_grid,3,20261964,64,64,64,0.2248536302,0.7751463698,14.51453484,0.4564337547,0.5435662453,1.354736534,19.66337062,0.07812287377,0.4654433715,0.2094870979,0.1061367558,0.06431988585,0.04466656882,0.01149816141,0.007972566307,0.008744786565,0.001304728761,0.0002148008073,0.0003429626788,0.00174543988,79.70788197
1058,3,tier3_voxel_grid,3,20261965,64,64,64,0.1600995021,0.8399004979,12.23486397,0.3555815386,0.6444184614,1.238179104,15.14895291,0.09261763871,0.5518008227,0.163199465,0.08268510057,0.05010795923,0.03479717944,0.008957562587,0.00621097227,0.006812565085,0.001016439857,0.0001673390733,0.0002671826869,0.001359772785,73.121207
1059,3,tier3_voxel_grid,3,20261966,64,64,64,0.1897505453,0.8102494547,2.669656339,0.4040212172,0.5959787828,1.291550982,3.447997264,0.08565575149,0.5103230313,0.1854315799,0.09394901408,0.0569339982,0.03953748231,0.01017782125,0.007057072159,0.007740617943,0.001154906044,0.0001901351131,0.0003035800869,0.001545010064,76.19099943
1060,3,tier3_voxel_grid,3,20261967,64,64,64,0.4098194782,0.5901805218,3.330776876,0.6677846887,0.3322153113,1.687675061,5.621269066,0.04774692148,0.2844683898,0.3064897699,0.155283214,0.09410310807,0.06534935343,0.01682236701,0.01166425063,0.01279404626,0.001908881367,0.000314263984,0.000501771009,0.002553663077,96.27865105
1061,3,tier3_voxel_grid,3,20261968,64,64,64,0.3448695777,0.6551304223,7.540059355,0.6037766272,0.3962233728,1.57076524,11.84366314,0.0569463406,0.3392770322,0.2771123128,0.1403991089,0.08508319847,0.05908552992,0.01520992048,0.0105462165,0.0115677197,0.001725912518,0.000284141358,0.0004536755823,0.002308891033,90.81655175
1062,3,tier3_voxel_grid,3,20261969,64,64,64,0.1489602403,0.8510397597,13.50313287,0.3362869217,0.6637130783,1.218128433,16.44855008,0.09539071546,0.5683223628,0.154343912,0.07819842969,0.0473889939,0.03290900986,0.008471506031,0.005873951595,0.006442900693,0.0009612856505,0.0001582588963,0.0002526847813,0.001285988598,71.94414061
1063,3,tier3_voxel_grid,3,20261970,64,64,64,0.02581652696,0.974183473,6.867502594,0.07124696885,0.9287530311,0.9964697485,6.843258583,0.133483005,0.7952700262,0.03269986188,0.01656740338,0.0100400044,0.006972222376,0.001794804042,0.001244476723,0.001365016346,0.0002036614699,3.352930467e-05,5.353471569e-05,0.0002724542159,58.05413273
1064,3,tier3_voxel_grid,3,20261971,64,64,64,0.3037820626,0.6962179374,10.88316251,0.558121571,0.441878429,1.496807713,16.29000158,0.06350801403,0.3783704149,0.256158242,0.1297827171,0.07864956386,0.05461772997,0.01405981009,0.00974875584,0.01069301726,0.001595406252,0.0002626557803,0.0004193705376,0.002134302377,87.16743111
1065,3,tier3_voxel_grid,3,20261972,64,64,64,0.2164801009,0.7835198991,4.824780267,0.4443802303,0.5556197697,1.339664182,6.463585307,0.07985524031,0.4757645294,0.2039549526,0.1033338912,0.06262132322,0.04348701193,0.01119451741,0.007762026394,0.008513853822,0.001270273422,0.0002091283372,0.0003339057039,0.00169934622,78.88037131
1066,3,tier3_voxel_grid,3,20261973,64,64,64,0.2125983391,0.7874016609,3.968085776,0.4387000211,0.5612999789,1.33267701,5.288176689,0.08067161599,0.4806283629,0.2013479356,0.1020130446,0.06182087759,0.04293114714,0.01105142554,0.007662809709,0.00840502704,0.001254036384,0.0002064551925,0.0003296376152,0.001677624637,78.49434611
1067,3,tier3_voxel_grid,3,20261974,64,64,64,0.2855773439,0.7144226561,7.780627286,0.5364184822,0.4635815178,1.464039219,11.3911435,0.06662724317,0.3969542746,0.2461972848,0.1247359926,0.07559120066,0.05249386752,0.01351308098,0.009369666185,0.0102772091,0.001533367361,0.0002524421601,0.0004030629148,0.002051307997,85.50040046
1068,3,tier3_voxel_grid,3,20261975,64,64,64,0.01089687719,0.9891031228,8.361063905,0.03090549493,0.9690945051,0.9696143789,8.107007786,0.1392809954,0.8298135097,0.0141845391,0.0071866047,0.004355150962,0.003024409133,0.0007785497138,0.000539828847,0.0005921164989,8.834422892e-05,1.454433462e-05,2.322227754e-05,0.0001181851316,56.26318709
1069,3,tier3_voxel_grid,3,20261976,64,64,64,0.07707112539,0.9229288746,10.45686227,0.1946726729,0.8053273271,1.088728026,11.38467902,0.1157439147,0.6895834124,0.08934793464,0.04526818125,0.0274329494,0.01905065139,0.004904058457,0.003400363748,0.003729721908,0.0005564773261,9.161427448e-05,0.000146276345,0.000744444168,64.03082908
1070,3,tier3_voxel_grid,3,20261977,64,64,64,0.393619135,0.606380865,13.45164196,0.6526639704,0.3473360296,1.658514443,22.30974247,0.04992011376,0.2974159159,0.2995498901,0.15176712,0.09197232158,0.06386964121,0.0164414564,0.01140013578,0.01250434934,0.001865658367,0.0003071480718,0.0004904093558,0.002495840218,94.95020048
1071,3,tier3_voxel_grid,3,20261978,64,64,64,0.1593426289,0.8406573711,9.775509161,0.3542903473,0.6457096527,1.236816732,12.09051329,0.09280321237,0.5529064404,0.1626068534,0.08238485359,0.04992600669,0.03467082356,0.008925035794,0.006188418924,0.006787827229,0.00101274895,0.0001667314299,0.0002662124904,0.001354835164,73.0416434
1072,3,tier3_voxel_grid,3,20261979,64,64,64,0.3014259322,0.6985740678,10.86245438,0.5553663536,0.4446336464,1.492566678,16.21293744,0.06390400165,0.3807296447,0.2548936937,0.129142033,0.0782613032,0.05434810462,0.01399040257,0.009700630229,0.01064023021,0.001587530386,0.0002613591564,0.0004173002771,0.002123766201,86.95344015
1073,3,tier3_voxel_grid,3,20261980,64,64,64,0.001131830768,0.9988681692,3.733786146,0.00326934105,0.996730659,0.9520372954,3.554703664,0.1432529414,0.8534777176,0.001500512969,0.0007602357383,0.0004607101051,0.00031993744,8.235896382e-05,5.710585168e-05,6.263710646e-05,9.3455036e-06,1.538573976e-06,2.456571085e-06,1.250222664e-05,55.07884772
1074,3,tier3_voxel_grid,3,20261981,64,64,64,0.3196603246,0.6803396754,2.448812487,0.5762898069,0.4237101931,1.525388584,3.735390612,0.06089682393,0.3628133692,0.2644968255,0.1340074652,0.08120980145,0.056395672,0.01451749164,0.01006610193,0.01104110138,0.001647340667,0.0002712058748,0.0004330220845,0.002203779192,88.59603118
1075,3,tier3_voxel_grid,3,20261982,64,64,64,0.02269369475,0.9773063053,2.08587519,0.06298404961,0.9370159504,0.9908486505,2.066786617,0.134670575,0.8023453754,0.02890747152,0.01464598668,0.008875607554,0.006163613794,0.001586650332,0.001100147626,0.001206707578,0.0001800416822,2.964071907e-05,4.732598794e-05,0.0002408561392,57.68114557
1076,3,tier3_voxel_grid,3,20261983,64,64,64,0.01786712298,0.982132877,6.004811588,0.0500270293,0.9499729707,0.9821608214,5.897690682,0.1365327945,0.8134401762,0.02296065327,0.01163302787,0.007049725795,0.004895640877,0.001260246097,0.0008738262762,0.0009584648137,0.0001430036742,2.354305782e-05,3.759012957e-05,0.0001913074375,57.10270639
1077,3,tier3_voxel_grid,3,20261984,64,64,64,0.09004490036,0.9099550996,14.6303775,0.2226667985,0.7773332015,1.112080821,16.27016222,0.11172052,0.6656126815,0.1021962572,0.05177779111,0.03137783504,0.02179015416,0.005609266981,0.003889339465,0.004266059658,0.0006364993236,0.000104788499,0.0001673110301,0.0008514959859,65.49966217
1078,3,tier3_voxel_grid,3,20261985,64,64,64,0.433157598,0.566842402,6.179086423,0.6886712355,0.3113287645,1.729683676,10.68786492,0.04474504806,0.2665837164,0.3160759629,0.1601400641,0.09704640553,0.06739330915,0.01734852636,0.01202907767,0.01319421034,0.00196858615,0.000324093334,0.0005174650851,0.002633534935,98.15408818
1079,3,tier3_voxel_grid,3,20261986,64,64,64,0.0926659394,0.9073340606,13.63346768,0.2281801863,0.7718198137,1.116798691,15.22583885,0.1109281204,0.6608916933,0.104726709,0.05305984593,0.03215477248,0.02232969383,0.005748156409,0.003985642267,0.00437169032,0.0006522594982,0.0001073831366,0.0001714537698,0.0008725796302,65.79422726
1080,3,tier3_voxel_grid,3,20261987,64,64,64,0.1339588974,0.8660411026,14.68781665,0.3092762337,0.6907237663,1.191126015,17.49504052,0.09927276772,0.5914509986,0.1419469528,0.07191750334,0.04358269265,0.0302657462,0.007791071582,0.005402153664,0.005925404564,0.000884074837,0.0001455474841,0.0002323890477,0.001182697525,70.33825051
1081,3,tier3_voxel_grid,3,20261988,64,64,64,0.1048459809,0.8951540191,11.07633447,0.2532016188,0.7467983812,1.138722766,12.61287423,0.1073319695,0.6394664117,0.1162106697,0.05887820103,0.03568075115,0.0247782891,0.006378478917,0.004422693707,0.004851074424,0.0007237839686,0.0001191583917,0.0001902547841,0.0009682636274,67.15346535
1082,3,tier3_voxel_grid,3,20261989,64,64,64,0.03539006384,0.9646099362,8.327792157,0.09600717421,0.9039928258,1.013702115,8.441900522,0.1299243984,0.7740684274,0.04406392843,0.02232501408,0.01352917137,0.009395253988,0.002418545899,0.001676965287,0.001839395615,0.0002744392153,4.518162452e-05,7.213944479e-05,0.0003671392593,59.19133365
1083,3,tier3_voxel_grid,3,20261990,64,64,64,0.02000754713,0.9799924529,7.972991731,0.05580121355,0.9441987865,0.9860135848,7.861478158,0.1357029125,0.808495874,0.02561080149,0.01297572695,0.007863414239,0.005460702061,0.001405705327,0.0009746844321,0.001069092059,0.0001595093428,2.626042792e-05,4.192883081e-05,0.0002133883887,57.35951786
1084,3,tier3_voxel_grid,3,20261991,64,64,64,0.3000064182,0.6999935818,4.170273795,0.5536988277,0.4463011723,1.490011553,6.213756132,0.06414366317,0.3821575091,0.2541283578,0.1287542751,0.07802631822,0.05418492068,0.01394839542,0.009671503416,0.01060828219,0.001582763716,0.0002605744074,0.0004160473042,0.002117389446,86.82426374
1085,3,tier3_voxel_grid,3,20261992,64,64,64,0.03465916574,0.9653408343,11.17876773,0.09414655959,0.9058534404,1.012386498,11.31723352,0.1301918112,0.7756616292,0.04320997152,0.02189235633,0.01326697665,0.009213174397,0.00237167459,0.001644465776,0.001803748213,0.0002691205959,4.430600671e-05,7.074138566e-05,0.0003600241173,59.10484706
1086,3,tier3_voxel_grid,3,20261993,64,64,64,0.2160331055,0.7839668945,13.68864166,0.4437291592,0.5562708408,1.33885959,18.32716916,0.07994881408,0.4763220267,0.2036561338,0.1031824945,0.06252957537,0.04342329817,0.01117811608,0.007750654081,0.008501379991,0.001268412317,0.0002088219388,0.0003334164915,0.001696856471,78.83599747
1087,3,tier3_voxel_grid,3,20261994,64,64,64,0.205485682,0.794514318,1.967381987,0.4281359646,0.5718640354,1.319874228,2.596696781,0.08218991199,0.4896741234,0.1964994039,0.0995565333,0.06033220831,0.04189734946,0.01078530318,0.007478286455,0.008202630923,0.00122383873,0.0002014836761,0.0003216998212,0.001637226824,77.78303808
1088,3,tier3_voxel_grid,3,20261995,64,64,64,0.3380344922,0.6619655078,9.013474856,0.5964821742,0.4035178258,1.558462086,14.04715883,0.05799471995,0.3455231058,0.2737644145,0.1387028943,0.08405527628,0.05837169537,0.0150261637,0.01041880368,0.01142796572,0.001705061118,0.0002807085392,0.0004481945566,0.002280996451,90.22019523
1089,3,tier3_voxel_grid,3,20261996,64,64,64,0.2782025389,0.7217974611,3.778937264,0.5273474399,0.4726525601,1.45076457,5.482348294,0.06793095894,0.4047216011,0.2420339943,0.1226266591,0.07431292447,0.05160617609,0.0132845696,0.009211221536,0.01010341755,0.001507437531,0.0002481732664,0.0003962469663,0.002016619592,84.81610344
1090,3,tier3_voxel_grid,3,20261997,64,64,64,0.1964491012,0.8035508988,12.37000926,0.4144151233,0.5855848767,1.303608382,16.12564776,0.08416191,0.5014229667,0.1902020186,0.09636595949,0.05839869016,0.04055462908,0.0104396573,0.007238623381,0.007939754158,0.001184617318,0.0001950265555,0.0003113900305,0.001584757208,76.87185614
1091,3,tier3_voxel_grid,3,20261998,64,64,64,0.01988320699,0.980116793,6.900177392,0.05546701817,0.9445329818,0.9857897726,6.802124302,0.135750944,0.8087820378,0.02545741752,0.01289801488,0.007816319981,0.00542799773,0.001397286509,0.0009688470136,0.00106268923,0.0001585540358,2.610315332e-05,4.16777176e-05,0.0002121103983,57.34461209
1092,3,tier3_voxel_grid,3,20261999,64,64,64,0.3242248748,0.6757751252,13.10041971,0.5813873434,0.4186126566,1.533604775,20.09086621,0.06016419162,0.358448465,0.2668364161,0.13519282,0.08192813781,0.05689451649,0.01464590523,0.01015514102,0.01113876477,0.001661912119,0.0002736048099,0.0004368523551,0.002223272587,89.00239282
1093,3,tier3_voxel_grid,3,20262000,64,64,64,0.182277453,0.817722547,3.848363211,0.3921940577,0.6078059423,1.278099415,4.918590771,0.08735558421,0.5204503581,0.1800033282,0.09119878729,0.05526733455,0.03838007747,0.00987987968,0.006850486182,0.007514022113,0.001121097775,0.000184569172,0.0002946932019,0.001499782042,75.42593953
1094,3,tier3_voxel_grid,3,20262001,64,64,64,0.1363333547,0.8636666453,5.962874473,0.3136328538,0.6863671462,1.195400039,7.128020375,0.09864662199,0.5877205242,0.1439464888,0.07293056935,0.04419662031,0.03069208468,0.007900820522,0.005478251109,0.006008872783,0.0008965283584,0.0001475977389,0.0002356625963,0.001199357596,70.59402468
1095,3,tier3_voxel_grid,3,20262002,64,64,64,0.1591357138,0.8408642862,5.03092493,0.3539368642,0.6460631358,1.236444285,6.220458377,0.09285401595,0.5532091198,0.1624446171,0.08230265646,0.04987619445,0.03463623174,0.008916131095,0.006182244606,0.006781054869,0.001011738509,0.0001665650784,0.0002659468845,0.001353483416,73.0198817
1096,3,tier3_voxel_grid,3,20262003,64,64,64,0.1368112198,0.8631887802,7.433270288,0.3145058707,0.6854941293,1.196260196,8.892125369,0.09852114955,0.5869729798,0.1443471729,0.0731335762,0.0443196444,0.03077751803,0.007922812956,0.005493500167,0.00602559886,0.0008990239018,0.0001480085866,0.0002363185781,0.001202696083,70.64542749
1097,3,tier3_voxel_grid,3,20262004,64,64,64,0.01683234282,0.9831676572,14.91042001,0.0472192461,0.9527807539,0.9802982171,14.61665815,0.1369363371,0.8158444168,0.02167197918,0.01098012042,0.006654057654,0.004620871449,0.001189514377,0.0008247824938,0.000904670666,0.0001349775468,2.222169608e-05,3.548037139e-05,0.0001805702457,56.97838487
1098,3,tier3_voxel_grid,3,20262005,64,64,64,0.37339799,0.62660201,5.703369745,0.6330276199,0.3669723801,1.622116382,9.251529497,0.05274230542,0.3142300746,0.2905374934,0.1472009841,0.08920519973,0.06194802961,0.01594679113,0.01105714602,0.01212813769,0.001809527306,0.0002979070727,0.0004756546728,0.002420749214,93.26072587
1099,3,tier3_voxel_grid,3,20262006,64,64,64,0.4244791259,0.5755208741,1.6135868,0.6810239686,0.3189760314,1.714062427,2.765788505,0.04584413483,0.2731318966,0.3125661354,0.158361808,0.09596876539,0.06664494825,0.01715588173,0.01189550223,0.01304769682,0.001946726222,0.0003204944785,0.0005117189563,0.002604291163,97.46191028
1100,3,tier3_voxel_grid,3,20262007,64,64,64,0.3038173436,0.6961826564,12.15222568,0.5581627093,0.4418372907,1.496871218,18.19031686,0.06350210152,0.3783351892,0.256177123,0.1297922832,0.078655361,0.05462175576,0.01406084642,0.009749474407,0.01069380542,0.001595523847,0.0002626751403,0.0004194014487,0.002134459694,87.17063148
1101,3,tier3_voxel_grid,3,20262008,64,64,64,0.1870948468,0.8129051532,9.148982533,0.3998465453,0.6001534547,1.286770724,11.77264288,0.08625574711,0.5138977076,0.1835155518,0.09297825736,0.05634571038,0.03912894927,0.01007265582,0.006984152819,0.007660635658,0.001142972627,0.0001881704843,0.0003004432535,0.001529045779,75.91978455
1102,3,tier3_voxel_grid,3,20262009,64,64,64,0.342936992,0.657063008,4.011649518,0.6017257703,0.3982742297,1.567286586,6.287404477,0.05724109553,0.3410331341,0.2761710414,0.1399222132,0.08479419513,0.05888483324,0.01515825672,0.01051039401,0.01152842746,0.001720050086,0.0002831762109,0.0004521345758,0.002301048389,90.64836152
1103,3,tier3_voxel_grid,3,20262010,64,64,64,0.3220154414,0.6779845586,7.367964752,0.5789267605,0.4210732395,1.529627795,11.27024367,0.06051783352,0.360555406,0.2657070948,0.1346206488,0.08158139657,0.05665372406,0.01458391994,0.01011216181,0.01109162262,0.001654878473,0.000272446843,0.000435003482,0.002213863118,88.80593616
1104,3,tier3_voxel_grid,3,20262011,64,64,64,0.1324824103,0.8675175897,11.56387461,0.306551396,0.693448604,1.188468338,13.74329885,0.09966438909,0.5937842149,0.1406963478,0.0712838836,0.04319871305,0.02999909381,0.007722429366,0.005354558697,0.005873199563,0.0008762858115,0.0001442651571,0.0002303416144,0.001172277524,70.17890291
1105,3,tier3_voxel_grid,3,20262012,64,64,64,0.3224282834,0.6775717166,13.28266886,0.5793875023,0.4206124977,1.53037091,20.32741003,0.06045161441,0.3601608833,0.2659185592,0.1347277873,0.08164632354,0.05669881222,0.01459552663,0.01012020963,0.01110044994,0.001656195517,0.0002726636712,0.0004353496817,0.002215625032,88.842679
1106,3,tier3_voxel_grid,3,20262013,64,64,64,0.4198729607,0.5801270393,6.517189704,0.6769082245,0.3230917755,1.705771329,11.11683534,0.04643566118,0.2766561143,0.3106771531,0.157404754,0.09538878158,0.06624218188,0.01705220077,0.01182361218,0.01296884353,0.001934961252,0.0003185575816,0.000508626401,0.002588552222,97.09203155
1107,3,tier3_voxel_grid,3,20262014,64,64,64,0.1894981009,0.8105018991,10.12872466,0.4036257123,0.5963742877,1.291096582,13.07716179,0.08571259457,0.5106616931,0.185250057,0.09385704541,0.05687826431,0.03949877823,0.01016785797,0.007050163843,0.007733040489,0.001153775483,0.0001899489859,0.000303282906,0.001543497621,76.16524978
1108,3,tier3_voxel_grid,3,20262015,64,64,64,0.09740564867,0.9025943513,7.196269154,0.2380328383,0.7619671617,1.125330168,8.098178773,0.1095120694,0.6524550923,0.109248731,0.05535093091,0.03354319182,0.02329387352,0.00599635756,0.004157739359,0.004560456681,0.0006804235819,0.0001120198611,0.0001788570171,0.0009102569746,66.32503856
1109,3,tier3_voxel_grid,3,20262016,64,64,64,0.06009934939,0.9399006506,9.596490065,0.1561864652,0.8438135348,1.058178829,10.15480262,0.121275261,0.7225382738,0.07168411403,0.03631879662,0.022009537,0.01528439434,0.003934540704,0.002728121961,0.002992366993,0.0004464634159,7.350240524e-05,0.0001173579472,0.0005972697729,62.08236427
1110,3,tier3_voxel_grid,3,20262017,64,64,64,0.3360310322,0.6639689678,2.723351794,0.5943221899,0.4056778101,1.554855858,4.234419491,0.05830515899,0.3473726511,0.2727730574,0.1382006227,0.08375089488,0.05816031948,0.01497175088,0.01038107506,0.01138658271,0.001698886742,0.000279692036,0.0004465715521,0.002272736494,90.0445955
1111,3,tier3_voxel_grid,3,20262018,64,64,64,0.04855449832,0.9514455017,12.79344916,0.1287113122,0.8712886878,1.037398097,13.27189981,0.1252240675,0.7460646203,0.05907398168,0.02992986598,0.01813778412,0.01259567818,0.003242405777,0.002248211182,0.002465972208,0.0003679249162,6.057241272e-05,9.671321627e-05,0.0004922025486,60.7395552
1112,3,tier3_voxel_grid,3,20262019,64,64,64,0.00157597691,0.9984240231,13.75961516,0.004548456453,0.9954515435,0.9528367584,13.11066711,0.1430691033,0.8523824403,0.002087582113,0.00105767465,0.0006409609211,0.0004451115657,0.0001145815486,7.944826667e-05,8.714360072e-05,1.300189106e-05,2.140534322e-06,3.417693791e-06,1.73936682e-05,55.13292139
1113,3,tier3_voxel_grid,3,20262020,64,64,64,0.03214217198,0.967857828,3.522750791,0.08770199402,0.912298006,1.00785591,3.550425202,0.1311180424,0.7811799636,0.04025214177,0.02039377023,0.01235881918,0.008582509753,0.002209327581,0.001531898014,0.001680277173,0.0002506986235,4.127315063e-05,6.589896231e-05,0.0003353795733,58.8065901
1114,3,tier3_voxel_grid,3,20262021,64,64,64,0.1534242512,0.8465757488,13.03963832,0.3440949258,0.6559050742,1.226163652,15.98873055,0.0942685271,0.5616365471,0.1579275123,0.08001406276,0.04848928485,0.03367310048,0.008668199834,0.00601033465,0.006592493769,0.0009836050503,0.0001619333957,0.0002585516875,0.001315847042,72.41741565
1115,3,tier3_voxel_grid,3,20262022,64,64,64,0.1027151955,0.8972848045,14.42750252,0.248894119,0.751105881,1.134887352,16.37359013,0.1079510555,0.6431548255,0.1142336782,0.0578765572,0.03507374543,0.02435675753,0.006269967381,0.00434745425,0.004768547297,0.0007114708589,0.0001171312531,0.0001870181442,0.000951791397,66.91682142
1116,3,tier3_voxel_grid,3,20262023,64,64,64,0.2700227236,0.7299772764,1.120455802,0.5170900694,0.4829099306,1.436040902,1.609020361,0.06940517717,0.4135047535,0.2373262206,0.1202414629,0.07286747286,0.05060239067,0.01302617306,0.009032055193,0.00990689721,0.001478116547,0.0002433460785,0.000388539615,0.001977394571,84.05098945
1117,3,tier3_voxel_grid,3,20262024,64,64,64,0.3680881654,0.6319118346,2.934347198,0.6277244086,0.3722755914,1.612558698,4.731807097,0.05350449791,0.3187710935,0.2881035052,0.1459678027,0.08845788001,0.0614290578,0.01581319632,0.01096451439,0.01202653379,0.001794367927,0.0002954113457,0.000471669859,0.002400469301,92.811233
1118,3,tier3_voxel_grid,3,20262025,64,64,64,0.4241343252,0.5758656748,7.522726275,0.6807172582,0.3192827418,1.713441785,12.88975354,0.04588821611,0.2733945257,0.3124253661,0.1582904871,0.09592554427,0.0666149336,0.0171481553,0.01189014489,0.01304182058,0.001945849482,0.0003203501386,0.0005114884952,0.002603118277,97.43428276
1119,3,tier3_voxel_grid,3,20262026,64,64,64,0.2632339779,0.7367660221,4.431228788,0.5084159861,0.4915840139,1.42382116,6.309277314,0.07065184088,0.420932173,0.2333451204,0.1182244363,0.07164513547,0.04975354561,0.0128076616,0.00888054426,0.009740710976,0.001453321436,0.0002392639964,0.0003820219401,0.001944224169,83.41106796
1120,3,tier3_voxel_grid,3,20262027,64,64,64,0.04494952795,0.9550504721,3.927895894,0.119905039,0.880094961,1.03090915,4.049303819,0.1264897299,0.7536052311,0.05503221087,0.02788210054,0.01689681874,0.01173389702,0.003020564272,0.002094391276,0.002297253354,0.0003427519358,5.642812106e-05,9.009621428e-05,0.0004585266419,60.3173856
1121,3,tier3_voxel_grid,3,20262028,64,64,64,0.2150409327,0.7849590673,2.676557135,0.4422812103,0.5577187897,1.337073679,3.578754095,0.08015691737,0.4775618723,0.202991576,0.1028457959,0.06232553282,0.04328160202,0.01114164036,0.007725362638,0.008473638826,0.001264273314,0.0002081405243,0.0003323285079,0.001691319396,78.73743062
1122,3,tier3_voxel_grid,3,20262029,64,64,64,0.3932445804,0.6067554196,1.425731401,0.6523080855,0.3476919145,1.657840245,2.363634895,0.04997126253,0.2977206519,0.2993865514,0.1516843644,0.09192217089,0.06383481435,0.0164324912,0.01139391951,0.01249753096,0.00186464106,0.0003069805901,0.0004901419452,0.002494479285,94.91922458
1123,3,tier3_voxel_grid,3,20262030,64,64,64,0.3136623814,0.6863376186,14.08288897,0.5695074222,0.4304925778,1.514592287,21.329835,0.06187160738,0.3686209704,0.2613839487,0.1324303243,0.08025403908,0.05573194841,0.01434663453,0.009947633449,0.01091115809,0.001627953029,0.0002680140388,0.0004279258251,0.0021778428,88.05913781
1124,3,tier3_voxel_grid,3,20262031,64,64,64,0.4357998297,0.5642001703,7.669710564,0.6909721544,0.3090278456,1.734439693,13.30265044,0.04441435351,0.2646134921,0.317132004,0.1606751079,0.09737064719,0.06761847688,0.0174064895,0.01206926802,0.01323829351,0.001975163392,0.000325176162,0.0005191939873,0.002642333836,98.3636131
1125,3,tier3_voxel_grid,3,20262032,64,64,64,0.27119512,0.72880488,11.50435021,0.5185731317,0.4814268683,1.438151216,16.54499525,0.06919202726,0.412234841,0.2380068943,0.1205863266,0.07307646355,0.05074752303,0.01306353334,0.009057959967,0.009935311112,0.001482355923,0.0002440440177,0.0003896539828,0.001983065922,84.16104877
1126,3,tier3_voxel_grid,3,20262033,64,64,64,0.2266084193,0.7733915807,2.237797232,0.4589258242,0.5410741758,1.357895155,3.038694019,0.07776470652,0.4633094692,0.2106308705,0.1067162488,0.06467106414,0.04491044253,0.01156093989,0.008016095492,0.008792531973,0.001311852412,0.000215973592,0.0003448352108,0.001754969757,79.88040056
1127,3,tier3_voxel_grid,3,20262034,64,64,64,0.2086245219,0.7913754781,5.088315442,0.4328230759,0.5671769241,1.325524139,6.744684948,0.08151626712,0.4856606569,0.1986506238,0.1006464501,0.06099270825,0.04235602978,0.01090337763,0.007560156619,0.008292431005,0.00123723697,0.0002036894624,0.0003252216998,0.00165515072,78.09757738
1128,3,tier3_voxel_grid,3,20262035,64,64,64,0.3784642334,0.6215357666,10.66084189,0.6380296194,0.3619703806,1.63123562,17.39034503,0.05202340395,0.3099469766,0.2928332358,0.1483641233,0.08991007319,0.06243752486,0.01607279802,0.01114451636,0.0122239707,0.001823825662,0.0003002610475,0.0004794131572,0.002439877267,93.68731426
1129,3,tier3_voxel_grid,3,20262036,64,64,64,0.4005523645,0.5994476355,4.312785292,0.6591997539,0.3408002461,1.670994256,7.206639451,0.04898077253,0.2918194736,0.3025495856,0.1532869174,0.09289333333,0.06450923243,0.01660610131,0.01151429686,0.01262956802,0.001884341089,0.0003102238557,0.00049532032,0.002520833587,95.52143772
1130,3,tier3_voxel_grid,3,20262037,64,64,64,0.05344063692,0.9465593631,12.64148236,0.1404728678,0.8595271322,1.046193146,13.22543221,0.1235336635,0.7359934687,0.06447212349,0.03266483757,0.01979520298,0.01374666302,0.003538694697,0.00245365125,0.002691311136,0.0004015456545,6.610748018e-05,0.0001055508067,0.0005371796956,61.30958473
1131,3,tier3_voxel_grid,3,20262038,64,64,64,0.239163562,0.760836438,9.526388488,0.4764233668,0.5235766332,1.380494412,13.15112607,0.07524991036,0.4483267229,0.2186616293,0.1107850372,0.06713678875,0.04662275058,0.0120017258,0.008321726521,0.009127766327,0.001361869631,0.0002242080537,0.0003579828013,0.001821881785,81.10571404
1132,3,tier3_voxel_grid,3,20262039,64,64,64,0.2622973987,0.7377026013,1.545421248,0.5072076036,0.4927923964,1.422135318,2.197798137,0.07082551303,0.4219668834,0.2327905152,0.1179434452,0.07147485221,0.0496352934,0.01277722086,0.008859437342,0.009717559648,0.00144986724,0.0002386953234,0.0003811139659,0.001939603216,83.3224317
1133,3,tier3_voxel_grid,3,20262040,64,64,64,0.1473413184,0.8526586816,13.67698582,0.3334297507,0.6665702493,1.215214373,16.62046975,0.09580135614,0.5707688931,0.1530325707,0.07753403785,0.04698636611,0.03262940734,0.008399530168,0.005824045152,0.006388160328,0.0009531183466,0.0001569142923,0.0002505379134,0.001275062543,71.77198226
1134,3,tier3_voxel_grid,3,20262041,64,64,64,0.05365917481,0.9463408252,5.762581307,0.1409942978,0.8590057022,1.046586515,6.031039886,0.1234587222,0.73554698,0.06471144161,0.03278608822,0.01986868203,0.01379769012,0.003551830199,0.002462759111,0.002701301182,0.000403036177,6.635286868e-05,0.0001059426074,0.0005391736866,61.33502133
1135,3,tier3_voxel_grid,3,20262042,64,64,64,0.0008699717572,0.9991300282,11.48479649,0.00251419498,0.997485805,0.9515659492,10.92854127,0.1433614731,0.8541243319,0.001153927387,0.0005846379584,0.0003542961764,0.0002460389091,6.333584971e-05,4.391565255e-05,4.81693088e-05,7.186897261e-06,1.183197136e-06,1.889157049e-06,9.614486522e-06,55.0469579
1136,3,tier3_voxel_grid,3,20262043,64,64,64,0.2595196762,0.7404803238,10.65295734,0.5036068543,0.4963931457,1.417135417,15.09668315,0.07134302286,0.4250501228,0.2311378974,0.1171061455,0.07096744062,0.04928292438,0.0126865133,0.008796542756,0.009648573112,0.001439574397,0.0002370007865,0.0003784083759,0.001925833657,83.05904875
1137,3,tier3_voxel_grid,3,20262044,64,64,64,0.04080777789,0.9591922221,3.903888831,0.1096496659,0.8903503341,1.023454,3.995450641,0.127963661,0.762386673,0.05032535402,0.02549736887,0.01545164862,0.01073030708,0.002762218053,0.001915259822,0.002100771285,0.0003134366626,5.160187323e-05,8.23903639e-05,0.0004193092594,59.83067854
1138,3,tier3_voxel_grid,3,20262045,64,64,64,0.2611827545,0.7388172455,7.481475557,0.505765741,0.494234259,1.420128958,10.62466009,0.07103274158,0.4232015174,0.2321287508,0.1176081619,0.07127166734,0.04949419285,0.01274089847,0.008834252208,0.009689935091,0.001445745635,0.0002380167731,0.0003800305555,0.001934089416,83.21683203
1139,3,tier3_voxel_grid,3,20262046,64,64,64,0.363571937,0.636428063,8.337303438,0.6231640811,0.3768359189,1.604429487,13.37661547,0.05415992105,0.3226759979,0.2860104747,0.1449073676,0.08781524624,0.06098278453,0.01569831572,0.01088485877,0.01193916275,0.001781332102,0.0002932652247,0.0004682432453,0.002383030237,92.42698087
1140,3,tier3_voxel_grid,3,20262047,64,64,64,0.1803556628,0.8196443372,11.01074459,0.389112218,0.610887782,1.274640193,14.03473761,0.0877985149,0.5230892671,0.1785888718,0.09048215216,0.05483304683,0.03807848891,0.009802244122,0.006796655433,0.007454977335,0.00111228825,0.0001831188375,0.0002923775187,0.001487996836,75.22825877
1141,3,tier3_voxel_grid,3,20262048,64,64,64,0.1971369581,0.8028630419,8.696835779,0.4154715704,0.5845284296,1.304846525,11.34803594,0.08401007443,0.5005183552,0.1906868908,0.09661162028,0.05854756294,0.04065801291,0.01046627058,0.007257076431,0.007959994565,0.001187637202,0.0001955237267,0.0003121838411,0.001588797148,76.94150956
1142,3,tier3_voxel_grid,3,20262049,64,64,64,0.19580431,0.80419569,8.147425978,0.4134229946,0.5865770054,1.302447758,10.6115967,0.08430450152,0.5022725039,0.1897466663,0.09613525501,0.05825888105,0.04045753946,0.01041466428,0.007221293787,0.007920746026,0.00118178129,0.0001945596531,0.0003106445486,0.001580963227,76.80651937
1143,3,tier3_voxel_grid,3,20262050,64,64,64,0.3189663934,0.6810336066,14.97304506,0.5755100352,0.4244899648,1.524139508,22.82100954,0.06100889492,0.3634810699,0.2641389376,0.1338261411,0.08109991731,0.0563193636,0.01449784817,0.01005248159,0.01102616178,0.001645111667,0.0002708389089,0.0004324361669,0.002200797281,88.53408552
1144,3,tier3_voxel_grid,3,20262051,64,64,64,0.009804415897,0.9901955841,8.418135247,0.02786358795,0.9721364121,0.9676479486,8.145791303,0.1397181868,0.8324182252,0.0127884104,0.006479255309,0.003926490487,0.002726728371,0.0007019201107,0.0004866956051,0.0005338367879,7.964885202e-05,1.311279265e-05,2.093659959e-05,0.0001065526313,56.13116324
1145,3,tier3_voxel_grid,3,20262052,64,64,64,0.05982076328,0.9401792367,5.330927345,0.1555361806,0.8444638194,1.057677374,5.638401235,0.1213687217,0.7230950977,0.07138565618,0.03616758278,0.02191789997,0.01522075754,0.003918159187,0.002716763385,0.00297990823,0.000444604559,7.31963769e-05,0.0001168693257,0.0005947830315,62.05012654
1146,3,tier3_voxel_grid,3,20262053,64,64,64,0.2397717536,0.7602282464,3.822301795,0.47725644,0.52274356,1.381589156,5.280850712,0.07513017872,0.4476133812,0.2190439807,0.1109787558,0.06725418405,0.04670427505,0.012022712,0.008336277881,0.009143727127,0.001364250995,0.0002246001036,0.0003586087695,0.001825067525,81.16466993
1147,3,tier3_voxel_grid,3,20262054,64,64,64,0.0726164357,0.9273835643,10.96520817,0.1847815556,0.8152184444,1.080709584,11.85020556,0.117165494,0.6980529504,0.08480825845,0.04296815176,0.0260391096,0.01808270748,0.004654888317,0.003227594781,0.003540218593,0.0005282032885,8.695944791e-05,0.0001388441951,0.0007066197294,63.52235939
1148,3,tier3_voxel_grid,3,20262055,64,64,64,0.1206047448,0.8793952552,1.282534169,0.2841798516,0.7158201484,1.167088541,1.496830932,0.1028796905,0.6129404579,0.1304285929,0.06608171982,0.04004615221,0.02780981636,0.007158860993,0.004963793072,0.005444584503,0.0008123361208,0.0001337369572,0.0002135317166,0.001086726914,68.88859132
1149,3,tier3_voxel_grid,3,20262056,64,64,64,0.05584699606,0.9441530039,1.830621332,0.1461929023,0.8538070977,1.050524593,1.923112729,0.1227115641,0.7310955337,0.06709741888,0.03399494495,0.02060126073,0.01430642511,0.003682789824,0.002553563568,0.002800900929,0.0004178965345,6.879936705e-05,0.0001098488201,0.0005590535738,61.58939469
1150,3,tier3_voxel_grid,3,20262057,64,64,64,0.1626511247,0.8373488753,9.465810512,0.3599136319,0.6400863681,1.242772024,11.76384449,0.09199501804,0.54809135,0.165187744,0.08369246325,0.05071843062,0.03522111773,0.009066693666,0.006286641304,0.006895563398,0.001028823268,0.0001693777857,0.0002704378063,0.001376339063,73.38899355
1151,3,tier3_voxel_grid,3,20262058,64,64,64,0.3833902614,0.6166097386,4.570264692,0.6428398456,0.3571601544,1.640102471,7.495702411,0.05133206469,0.3058280898,0.2950409611,0.1494826686,0.09058792225,0.06290825318,0.01619397389,0.01122853698,0.01231612953,0.001837575829,0.0003025247724,0.0004830275438,0.002458271964,94.0999695
1152,3,tier3_voxel_grid,3,20262059,64,64,64,0.03282206034,0.9671779397,4.841262727,0.08944849962,0.9105515004,1.009079709,4.885219982,0.1308670296,0.7796844707,0.04105372664,0.02079989365,0.01260493385,0.008753422645,0.002253324334,0.001562404373,0.001713738368,0.000255691059,4.209506796e-05,6.721128033e-05,0.0003420583531,58.88721962
1153,3,tier3_voxel_grid,3,20262060,64,64,64,0.4251260145,0.5748739855,5.297797334,0.6815987962,0.3184012038,1.715226826,9.086924107,0.04576151899,0.2726396848,0.3128299611,0.1584954754,0.09604976914,0.06670120083,0.01717036239,0.01190554279,0.01305870991,0.001948369383,0.0003207649963,0.0005121508797,0.00260648935,97.51371667
1154,3,tier3_voxel_grid,3,20262061,64,64,64,0.325601682,0.674398318,6.491750433,0.5829142106,0.4170857894,1.536083028,9.97186766,0.05994474595,0.3571410434,0.2675371947,0.1355478699,0.08214330141,0.05704393559,0.01468436901,0.01018181094,0.01116801793,0.001666276712,0.0002743233639,0.0004379996376,0.002229111452,89.12458801
1155,3,tier3_voxel_grid,3,20262062,64,64,64,0.3057663851,0.6942336149,8.224046579,0.5604299198,0.4395700802,1.500379493,12.33919084,0.06317625164,0.3763938286,0.2572176932,0.1303194886,0.07897485253,0.05484362478,0.0141179604,0.00978907596,0.01073724277,0.001602004732,0.0002637421048,0.0004211050225,0.002143129691,87.34724946
1156,3,tier3_voxel_grid,3,20262063,64,64,64,0.2337256842,0.7662743158,10.06840962,0.4689156704,0.5310843296,1.370706232,13.80083181,0.07632893765,0.4547553919,0.2152158598,0.1090392362,0.06607881666,0.04588804804,0.01181259714,0.008190588965,0.008983926829,0.001340408669,0.0002206748811,0.0003523415453,0.001793171743,80.57694526
1157,3,tier3_voxel_grid,3,20262064,64,64,64,0.3109419126,0.6890580874,12.78471354,0.5663991793,0.4336008207,1.509695443,19.30102377,0.06231833283,0.3712824879,0.2599573741,0.1317075495,0.07981603065,0.05542777601,0.01426833383,0.009893341511,0.01085160745,0.001619068029,0.0002665512786,0.0004255903026,0.002165956626,87.81452125
1158,3,tier3_voxel_grid,3,20262065,64,64,64,0.3827765825,0.6172234175,7.55970432,0.6422434312,0.3577565688,1.638997849,12.39033912,0.05141778304,0.3063387858,0.2947672278,0.1493439814,0.09050387653,0.06284988812,0.01617894943,0.01121811936,0.01230470286,0.001835870962,0.0003022440957,0.0004825794002,0.002455991227,94.04867532
1159,3,tier3_voxel_grid,3,20262066,64,64,64,0.07326811349,0.9267318865,11.14070131,0.1862376854,0.8137623146,1.081882604,12.05293094,0.1169562149,0.6968060997,0.08547657097,0.04330675267,0.02624430499,0.01822520422,0.004691570124,0.00325302912,0.003568116495,0.0005323656764,8.76447124e-05,0.0001399383258,0.0007121880882,63.59687518
1160,3,tier3_voxel_grid,3,20262067,64,64,64,0.3255305172,0.6744694828,11.8636958,0.5828354103,0.4171645897,1.535954931,18.22210207,0.05995607136,0.3572085184,0.2675010281,0.1355295461,0.08213219699,0.05703622419,0.01468238392,0.01018043452,0.0111665082,0.001666051459,0.0002742862799,0.0004379404273,0.002228810113,89.11827622
1161,3,tier3_voxel_grid,3,20262068,64,64,64,0.05420539812,0.9457946019,4.99090278,0.1422958706,0.8577041294,1.047569717,5.228318611,0.1232716564,0.734432473,0.0653088179,0.03308874926,0.0200520975,0.01392506192,0.003584618515,0.002485493791,0.002726237936,0.0004067567594,6.696539761e-05,0.0001069206045,0.0005441510069,61.39857674
1162,3,tier3_voxel_grid,3,20262069,64,64,64,0.06439665104,0.935603349,7.773547857,0.1661398528,0.8338601472,1.065913972,8.285933272,0.1198447321,0.7140154151,0.07625237013,0.03863330614,0.02341215183,0.01625843201,0.004185279516,0.002901978609,0.003183063341,0.0004749154551,7.818653665e-05,0.0001248368868,0.0006353323383,62.57860545
1163,3,tier3_voxel_grid,3,20262070,64,64,64,0.2198804663,0.7801195337,10.75138304,0.4493075451,0.5506924549,1.345784839,14.4690483,0.07914707273,0.4715453822,0.2062164174,0.1044796636,0.06331567223,0.04396919854,0.0113186429,0.00784809221,0.008608255946,0.00128435829,0.0002114471649,0.0003376080705,0.001718188673,79.21726673
1164,3,tier3_voxel_grid,3,20262071,64,64,64,0.3995216051,0.6004783949,5.679979354,0.6582342675,0.3417657325,1.669138889,9.480674429,0.04911953495,0.2926461976,0.3021064612,0.1530624082,0.09275727859,0.06441475001,0.01658177945,0.01149743262,0.01261107032,0.001881581219,0.0003097694913,0.000494594857,0.002517141488,95.43676917
1165,3,tier3_voxel_grid,3,20262072,64,64,64,0.03445430634,0.9655456937,13.02524924,0.0936241902,0.9063758098,1.012017751,13.18178345,0.1302668876,0.7761089222,0.04297022228,0.02177088724,0.01319336522,0.009162055373,0.002358515424,0.001635341507,0.00179374017,0.0002676273883,4.406017615e-05,7.034887919e-05,0.0003580265342,59.08059628
1166,3,tier3_voxel_grid,3,20262073,64,64,64,0.1309633969,0.8690366031,7.348283551,0.3037353291,0.6962646709,1.185734114,8.713110489,0.1000691222,0.5961955488,0.1394038718,0.0706290499,0.04280187758,0.02972351374,0.007651488969,0.005305370222,0.005819246708,0.0008682360048,0.000142939897,0.0002282256319,0.001161508654,70.01472402
1167,3,tier3_voxel_grid,3,20262074,64,64,64,0.1197187101,0.8802812899,2.806668335,0.2824781111,0.7175218889,1.165493678,3.271154202,0.1031242695,0.6143976194,0.1296475537,0.06568600586,0.03980634577,0.02764328418,0.007115991933,0.004934068631,0.005411980962,0.0008074716478,0.0001329361067,0.0002122530349,0.00108021932,68.79173644
1168,3,tier3_voxel_grid,3,20262075,64,64,64,0.179144198,0.820855802,10.94122979,0.3871608666,0.6128391334,1.272459556,13.92227241,0.08807896863,0.5247601648,0.1776932699,0.09002839494,0.05455806563,0.03788752982,0.009753087035,0.006762571015,0.007417591511,0.001106710257,0.0001822005183,0.0002909112802,0.001480534709,75.10344669
1169,3,tier3_voxel_grid,3,20262076,64,64,64,0.05205922578,0.9479407742,5.409367708,0.1371677347,0.8628322653,1.043706606,5.645792813,0.1240086866,0.7388235787,0.06295518324,0.03189627893,0.01932944912,0.01342322297,0.003455434085,0.002395920215,0.002627988292,0.0003920978383,6.455206223e-05,0.0001030673416,0.0005245405973,61.14867993
1170,3,tier3_voxel_grid,3,20262077,64,64,64,0.05795611617,0.9420438838,10.24774369,0.1511677355,0.8488322645,1.054321009,10.80441147,0.121996567,0.7268356975,0.06938069299,0.03515176706,0.02130230596,0.01479326188,0.00380811236,0.002640459393,0.002896213457,0.0004321172356,7.114055716e-05,0.0001135868918,0.0005780777416,61.83414044
1171,3,tier3_voxel_grid,3,20262078,64,64,64,0.1140429072,0.8859570928,1.478539778,0.271465572,0.728534428,1.155277233,1.708123344,0.1047070227,0.6238274053,0.1245931842,0.0631252067,0.03825447707,0.02656559803,0.006838571713,0.004741711695,0.005200992394,0.0007759919941,0.0001277535314,0.0002039782527,0.001038106473,68.1693145
1172,3,tier3_voxel_grid,3,20262079,64,64,64,0.1380898657,0.8619101343,11.71724504,0.3168356808,0.6831643192,1.198561758,14.04384182,0.09818630267,0.5849780165,0.1454164741,0.07367533825,0.04464795737,0.03100551306,0.00798150391,0.005534195154,0.006070235551,0.0009056837297,0.000149105011,0.000238069189,0.001211605467,70.78284925
1173,3,tier3_voxel_grid,3,20262080,64,64,64,0.2790057329,0.7209942671,14.17061622,0.5283434192,0.4716565808,1.452210319,20.57871511,0.06778781399,0.4038687668,0.2424911139,0.122858259,0.07445327622,0.05170364254,0.01330965962,0.00922861839,0.01012249946,0.001510284565,0.000248641981,0.0003969953416,0.002020428298,84.89088381
1174,3,tier3_voxel_grid,3,20262081,64,64,64,0.0526524152,0.9473475848,10.93917,0.1385889136,0.8614110864,1.044774347,11.4289642,0.1238044307,0.7376066556,0.06360745456,0.03222675257,0.01952971929,0.01356229942,0.003491235436,0.002420744066,0.002655216573,0.0003961603184,6.522087864e-05,0.0001041352104,0.0005299753014,61.21779836
1175,3,tier3_voxel_grid,3,20262082,64,64,64,0.2613134175,0.7386865825,14.85947464,0.5059349726,0.4940650274,1.420364151,21.10586508,0.07100841914,0.4230566083,0.2322064221,0.1176475141,0.07129551517,0.04951075384,0.01274516163,0.008837208191,0.009693177389,0.001446229389,0.0002380964146,0.0003801577155,0.001934736571,83.22921712
1176,3,tier3_voxel_grid,3,20262083,64,64,64,0.03847633931,0.9615236607,7.857809434,0.1038108058,0.8961891942,1.019257411,8.009130498,0.1288028385,0.7673863557,0.04764552185,0.02413963039,0.01462884616,0.01015891672,0.002615129553,0.001813271968,0.001988904918,0.0002967461163,4.885406623e-05,7.800306544e-05,0.0003969809824,59.55591916
1177,3,tier3_voxel_grid,3,20262084,64,64,64,0.134331577,0.865668423,3.217355054,0.3099620881,0.6900379119,1.191796839,3.834433582,0.0991741948,0.5908637171,0.1422617359,0.07207698839,0.04367934211,0.03033286385,0.007808349147,0.005414133539,0.005938544806,0.0008860353711,0.0001458702518,0.0002329043962,0.001185320288,70.37843478
1178,3,tier3_voxel_grid,3,20262085,64,64,64,0.1968946774,0.8031053226,1.387436949,0.4150996916,0.5849003084,1.304410419,1.809787213,0.0840635219,0.5008367865,0.1905162115,0.0965251455,0.0584951584,0.04062162088,0.01045690247,0.007250580793,0.007952869761,0.001186574176,0.000195348718,0.0003119044127,0.001587375053,76.91698141
1179,3,tier3_voxel_grid,3,20262086,64,64,64,0.431091591,0.568908409,14.61743514,0.6868632729,0.3131367271,1.725964864,25.22917945,0.04500489355,0.2681318336,0.3152461714,0.1597196497,0.09679163044,0.06721638207,0.01730298142,0.01199749784,0.0131595717,0.001963418038,0.0003232424946,0.0005161065885,0.002626621138,97.98986316
1180,3,tier3_voxel_grid,3,20262087,64,64,64,0.2770454945,0.7229545055,2.653580097,0.5259091835,0.4740908165,1.44868189,3.84419343,0.06813766922,0.4059531473,0.2413738849,0.1222922143,0.07411024776,0.05146542843,0.01324833805,0.009186099391,0.01007586208,0.001503326234,0.0002474964132,0.0003951662656,0.002011119582,84.70826918
1181,3,tier3_voxel_grid,3,20262088,64,64,64,0.01871498832,0.9812850117,7.360875278,0.05231971042,0.9476802896,0.983686979,7.240797165,0.1362032839,0.8114770056,0.02401291356,0.01216615614,0.007372806605,0.005120002458,0.001318001723,0.0009138727277,0.001002390152,0.0001495573679,2.462200903e-05,3.93128419e-05,0.0002000748369,57.20449035
1182,3,tier3_voxel_grid,3,20262089,64,64,64,0.03993929218,0.9600607078,8.796458003,0.1074802332,0.8925197668,1.021890726,8.989018854,0.128275458,0.7642443088,0.04932966043,0.02499290015,0.01514593576,0.01051800657,0.002707567213,0.001877366161,0.002059207255,0.0003072352779,5.058092354e-05,8.076025996e-05,0.0004110131718,59.72839385
1183,3,tier3_voxel_grid,3,20262090,64,64,64,0.3313211561,0.6686788439,14.96954237,0.5892046651,0.4107953349,1.546378081,23.14857221,0.05904066409,0.3517546708,0.2704242928,0.1370106198,0.0830297418,0.05765951894,0.01484283376,0.01029168683,0.01128853637,0.001684258153,0.0002772836943,0.0004427262625,0.002253166662,89.63034908
1184,3,tier3_voxel_grid,3,20262091,64,64,64,0.05314073281,0.9468592672,11.61791191,0.1397566598,0.8602433402,1.045653319,12.14830815,0.123636599,0.7366067412,0.06414340915,0.03249829426,0.01969427614,0.01367657497,0.003520652485,0.002441141186,0.002677589351,0.0003994983539,6.577042789e-05,0.0001050126507,0.0005344408581,61.27466937
1185,3,tier3_voxel_grid,3,20262092,64,64,64,0.4374245911,0.5625754089,2.638352539,0.6923807808,0.3076192192,1.737364264,4.583779418,0.04421190176,0.2634073175,0.3177785142,0.1610026626,0.09756914848,0.06775632493,0.01744197464,0.01209387261,0.0132652813,0.00197918999,0.000325839071,0.000520252424,0.002647720538,98.49217422
1186,3,tier3_voxel_grid,3,20262093,64,64,64,0.005662082674,0.9943379173,10.89981551,0.01621626865,0.9837837313,0.9601917488,10.46591292,0.1413921724,0.8423915589,0.007442699018,0.003770847636,0.002285169617,0.001586922685,0.0004085089511,0.0002832509115,0.0003106865054,4.635466131e-05,7.631485534e-06,1.218484584e-05,6.201233303e-05,55.62947578
1187,3,tier3_voxel_grid,3,20262094,64,64,64,0.3073492241,0.6926507759,7.109926226,0.5622633606,0.4377366394,1.503228603,10.68784447,0.06291274435,0.374823895,0.2580591782,0.1307458275,0.07923321796,0.05502304515,0.01416414717,0.009821100824,0.01077236955,0.001607245675,0.0002646049345,0.0004224826634,0.002150140918,87.49042133
1188,3,tier3_voxel_grid,3,20262095,64,64,64,0.0090845341,0.9909154659,4.68786036,0.02585234428,0.9741476557,0.9663521614,4.530123991,0.1400072484,0.8341404073,0.01186532004,0.006011571061,0.003643069374,0.002529908236,0.0006512542605,0.000451565045,0.0004953034928,7.389965528e-05,1.21662878e-05,1.942535835e-05,9.886147164e-05,56.04410008
1189,3,tier3_voxel_grid,3,20262096,64,64,64,0.2727045976,0.7272954024,4.965417993,0.520476199,0.479523801,1.440868276,7.154513262,0.06891851307,0.410605288,0.2388803355,0.1210288561,0.07334464062,0.05093375703,0.01311147408,0.009091201,0.009971771861,0.001487795894,0.000244939614,0.0003910839406,0.001990343406,84.30255575
1190,3,tier3_voxel_grid,3,20262097,64,64,64,0.1812130103,0.8187869897,9.70942178,0.39048915,0.60951085,1.276183419,12.39100308,0.08760061835,0.5219102316,0.1792208353,0.09080233684,0.05502708179,0.03821323536,0.009836930834,0.006820706419,0.007481357891,0.001116224249,0.000183766831,0.0002934121404,0.001493262336,75.31649539
1191,3,tier3_voxel_grid,3,20262098,64,64,64,0.18922401,0.81077599,7.055927728,0.4031959786,0.5968040214,1.290603218,9.106403031,0.08577435711,0.5110296643,0.1850528243,0.09375711735,0.05681770695,0.03945672453,0.01015703241,0.007042657649,0.007724807248,0.001152547077,0.0001897467503,0.0003029600056,0.001541854285,76.1372847
1192,3,tier3_voxel_grid,3,20262099,64,64,64,0.2321911549,0.7678088451,8.746225664,0.466777616,0.533222384,1.367944079,11.96434761,0.07663622486,0.4565861591,0.2142345677,0.108542064,0.06577752559,0.04567881822,0.01175873676,0.008153243391,0.008942963975,0.001334296981,0.0002196686982,0.0003507350189,0.001784995648,80.42719552
1193,3,tier3_voxel_grid,3,20262100,64,64,64,0.1614700351,0.8385299649,8.364119594,0.3579123892,0.6420876108,1.240646063,10.37691205,0.09228264229,0.5498049685,0.1642692437,0.08322710457,0.05043641882,0.03502527628,0.009016279753,0.006251685431,0.00685722171,0.001023102659,0.0001684359873,0.0002689340797,0.001368686148,73.26512614
1194,3,tier3_voxel_grid,3,20262101,64,64,64,0.121084738,0.878915262,10.21435134,0.2850997977,0.7149002023,1.167952528,11.92987747,0.1027474733,0.612152729,0.1308508159,0.06629563935,0.04017578948,0.0278998422,0.007182035634,0.004979861847,0.005462209695,0.0008149658127,0.00013416989,0.0002142229607,0.001090244863,68.94102577
1195,3,tier3_voxel_grid,3,20262102,64,64,64,0.407928983,0.592071017,5.661140094,0.6660471649,0.3339528351,1.684272169,9.534900707,0.0479966433,0.2859561918,0.3056923073,0.1548791791,0.09385825911,0.0651793195,0.01677859652,0.01163390115,0.01276075715,0.001903914606,0.0003134462936,0.0005004654399,0.002547018645,96.12476255
1196,3,tier3_voxel_grid,3,20262103,64,64,64,0.3816996982,0.6183003018,1.239314092,0.6411948971,0.3588051029,1.637059457,2.028830855,0.05156848131,0.3072366216,0.2942859874,0.1491001607,0.09035611885,0.06274727867,0.01615253549,0.01119980453,0.01228461406,0.001832873698,0.0003017506485,0.0004817915355,0.002451981547,93.95858595
1197,3,tier3_voxel_grid,3,20262104,64,64,64,0.1386227943,0.8613772057,10.5424449,0.3178040858,0.6821959142,1.19952103,12.64588436,0.09804712076,0.5841487934,0.1458609381,0.07390052617,0.0447844234,0.03110028109,0.008005899296,0.005551110365,0.006088789164,0.0009084519428,0.0001495607489,0.0002387968451,0.001215308727,70.84007426
1198,3,tier3_voxel_grid,3,20262105,64,64,64,0.2247678043,0.7752321957,1.128262237,0.4563115707,0.5436884293,1.354582048,1.528323772,0.0781404344,0.4655479949,0.2094310197,0.1061083437,0.06430266789,0.04465461191,0.01149508344,0.007970432109,0.008742445649,0.001304379495,0.0002147433066,0.0003428708702,0.001744972638,79.69943621
1199,3,tier3_voxel_grid,3,20262106,64,64,64,0.03387340445,0.9661265955,7.345510025,0.09214088071,0.9078591193,1.010972128,7.426105901,0.130480073,0.7773790463,0.04228943521,0.02142596609,0.01298433972,0.009016898831,0.002321148924,0.001609432417,0.001765321533,0.0002633873063,4.336212068e-05,6.923432578e-05,0.0003523542378,59.01180684
1200,3,tier3_voxel_grid,3,20262107,64,64,64,0.02555691841,0.9744430816,4.149099846,0.07056360694,0.9294363931,0.9960024531,4.132513625,0.1335812197,0.7958551734,0.03238622271,0.01640849792,0.009943706172,0.006905348636,0.001777589264,0.001232540384,0.001351923856,0.0002017080606,3.320770994e-05,5.302124002e-05,0.0002698409842,58.02316349
1201,3,tier3_voxel_grid,3,20262108,64,64,64,0.2888986077,0.7111013923,12.95830465,0.5404501473,0.4595498527,1.470017494,19.04893452,0.06604780089,0.3935020518,0.2480476778,0.1256734952,0.07615933621,0.05288840593,0.01361464388,0.009440087614,0.01035445152,0.001544891989,0.0002543394889,0.0004060922934,0.002066725413,85.80687684
1202,3,tier3_voxel_grid,3,20262109,64,64,64,0.2814952695,0.7185047305,3.204479455,0.531417942,0.468582058,1.456691485,4.667937936,0.0673459349,0.4012361231,0.2439022121,0.1235731927,0.07488653286,0.05200451508,0.01338711086,0.009282321335,0.01018140405,0.001519073176,0.0002500888722,0.0003993055269,0.002032185524,85.12227521
1203,3,tier3_voxel_grid,3,20262110,64,64,64,0.1316777169,0.8683222831,11.94281181,0.3050612078,0.6949387922,1.18701989,14.17635517,0.09987856314,0.5950602291,0.1400124036,0.0709373629,0.0429887182,0.02985326412,0.007684889582,0.005328529455,0.005844649137,0.0008720260664,0.0001435638644,0.0002292218924,0.001166578922,70.09196011
1204,3,tier3_voxel_grid,3,20262111,64,64,64,0.04497395901,0.955026041,3.53558867,0.1199650926,0.8800349074,1.030953126,3.645026192,0.1264810988,0.7535538085,0.05505977339,0.0278960651,0.0169052814,0.01173977387,0.003022077102,0.002095440238,0.002298403918,0.0003429236008,5.645638271e-05,9.014133837e-05,0.000458756292,60.32025124
1205,3,tier3_voxel_grid,3,20262112,64,64,64,0.1049503483,0.8950496517,11.0923023,0.2534118578,0.7465881422,1.138910627,12.63314097,0.1073017534,0.6392863888,0.116307162,0.05892708894,0.03571037768,0.02479886308,0.006383775113,0.00442636597,0.004855102381,0.0007243849429,0.0001192573316,0.0001904127569,0.0009690675986,67.16504389
1206,3,tier3_voxel_grid,3,20262113,64,64,64,0.0490648844,0.9509351156,1.518775483,0.1299491958,0.8700508042,1.038316792,1.576970087,0.1250461554,0.7450046488,0.05964212686,0.03021771706,0.01831222462,0.01271681736,0.003273589678,0.002269833397,0.002489688744,0.0003714634413,6.115496908e-05,9.764335752e-05,0.0004969363162,60.79921533
1207,3,tier3_voxel_grid,3,20262114,64,64,64,0.1249982778,0.8750017222,10.11412026,0.2925499327,0.7074500673,1.1749969,11.88405995,0.1016767189,0.6057733484,0.1342701668,0.0680280554,0.04122565012,0.02862891179,0.00736971425,0.005109993975,0.005604946379,0.0008362622338,0.0001376759739,0.0002198209654,0.001118734787,69.36762529
1208,3,tier3_voxel_grid,3,20262115,64,64,64,0.1624384435,0.8375615565,11.60045745,0.3595537697,0.6404462303,1.242389198,14.41228303,0.09204673845,0.5483994918,0.1650225799,0.08360878275,0.05066771943,0.03518590164,0.009057628268,0.006280355561,0.00688866882,0.001027794592,0.0001692084321,0.0002701674071,0.001374962921,73.36669931
1209,3,tier3_voxel_grid,3,20262116,64,64,64,0.166765555,0.833234445,3.81803784,0.3668319844,0.6331680156,1.250177999,4.773226907,0.09100069291,0.5421673227,0.1683630254,0.08530122133,0.05169335335,0.03589814712,0.009240975987,0.006407484742,0.007028111693,0.001048599574,0.0001726336091,0.0002756362314,0.001402795407,73.81935312
1210,3,tier3_voxel_grid,3,20262117,64,64,64,0.1647427506,0.8352572494,7.513510792,0.3634409423,0.6365590577,1.246536951,9.365868835,0.09148806304,0.5450709946,0.1668066559,0.08451268586,0.05121549334,0.03556630003,0.009155551215,0.006348253128,0.006963142924,0.001038906184,0.0001710377618,0.0002730882146,0.001389827786,73.60799456
1211,3,tier3_voxel_grid,3,20262118,64,64,64,0.4284664746,0.5715335254,8.776857002,0.6845547639,0.3154452361,1.721239654,15.10707431,0.04533667898,0.2701085571,0.3141866467,0.1591828409,0.09646631919,0.06699047158,0.01724482707,0.01195717492,0.01311534311,0.0019568191,0.0003221560946,0.0005143719831,0.002617793212,97.78069497
1212,3,tier3_voxel_grid,3,20262119,64,64,64,0.02734651498,0.972653485,7.132930738,0.07526133955,0.9247386605,0.999223727,7.127393636,0.1329060483,0.7918326122,0.03454231735,0.01750088448,0.01060570284,0.007365068354,0.001895931274,0.001314596069,0.00144192743,0.0002151366618,3.541849463e-05,5.655109937e-05,0.0002878054966,58.23650761
1213,3,tier3_voxel_grid,3,20262120,64,64,64,0.4361511449,0.5638488551,10.09935954,0.691277138,0.308722862,1.735072061,17.52311657,0.0443705204,0.2643523416,0.3172719808,0.1607460272,0.09741362498,0.06764832255,0.01741417244,0.01207459519,0.01324413667,0.001976035196,0.0003253196893,0.0005194231509,0.002643500118,98.39142937
1214,3,tier3_voxel_grid,3,20262121,64,64,64,0.361228893,0.638771107,7.256771467,0.6207799036,0.3792200964,1.600212007,11.61237284,0.05450258176,0.3247175146,0.2849162208,0.1443529632,0.08747927191,0.06074946912,0.01563825518,0.01084321414,0.01189348444,0.001774516863,0.0002921432147,0.0004664517829,0.002373912948,92.22692307
1215,3,tier3_voxel_grid,3,20262122,64,64,64,0.03549140383,0.9645085962,8.113603487,0.09626476974,0.9037352303,1.013884527,8.226257032,0.1298873761,0.7738478542,0.04418215575,0.02238491402,0.0135654713,0.009420462264,0.002425035066,0.001681464729,0.001844330872,0.0002751755594,4.530285071e-05,7.233300114e-05,0.0003681243255,59.20332076
1216,3,tier3_voxel_grid,3,20262123,64,64,64,0.4325986302,0.5674013698,2.226529021,0.6881828505,0.3118171495,1.728677534,3.848950699,0.04481524014,0.2670019094,0.3158518113,0.1600264975,0.09697758311,0.06734551582,0.0173362233,0.01202054701,0.0131848534,0.001967190088,0.0003238634967,0.0005170981143,0.00263166731,98.10969049
1217,3,tier3_voxel_grid,3,20262124,64,64,64,0.2492120361,0.7507879639,4.502825446,0.4900200799,0.5099799201,1.398581665,6.297569109,0.0732957524,0.4366841677,0.2249020441,0.1139467469,0.06905281496,0.04795332378,0.01234424473,0.008559221439,0.009388264927,0.001400736219,0.0002306067587,0.0003681993225,0.001873876725,82.07506349
1218,3,tier3_voxel_grid,3,20262125,64,64,64,0.1569306857,0.8430693143,11.7838498,0.3501566391,0.6498433609,1.232475234,14.52330304,0.09339732057,0.5564460404,0.1607096262,0.08142362236,0.04934349141,0.03426629923,0.008820902295,0.0061162151,0.006708629765,0.001000932629,0.0001647860789,0.000263106437,0.001339027527,72.7876944
1219,3,tier3_voxel_grid,3,20262126,64,64,64,0.09295265791,0.9070473421,3.693253472,0.228780477,0.771219523,1.117314784,4.126526706,0.1108418449,0.6603776781,0.1050022214,0.05319943443,0.03223936444,0.02238843822,0.005763278513,0.003996127594,0.004383191253,0.000653975446,0.0001076656374,0.0001719048261,0.0008748751906,65.82640563
1220,3,tier3_voxel_grid,3,20262127,64,64,64,0.3188020293,0.6811979707,9.941355104,0.5753251516,0.4246748484,1.523843653,15.14907088,0.0610354669,0.3636393814,0.2640540826,0.1337831492,0.08107386384,0.05630127092,0.01449319072,0.01004925221,0.01102261961,0.001644583173,0.0002707519015,0.0004322972461,0.002200090272,88.5194066
1221,3,tier3_voxel_grid,3,20262128,64,64,64,0.06286762489,0.9371323751,11.27411088,0.162614929,0.837385071,1.063161725,11.98620317,0.1203513441,0.7170337269,0.07463455366,0.03781363851,0.02291542544,0.01591348327,0.00409648209,0.002840408473,0.003115529542,0.0004648393611,7.652768374e-05,0.0001221882718,0.0006218527426,62.40226118
1222,3,tier3_voxel_grid,3,20262129,64,64,64,0.3473541413,0.6526458587,7.024840496,0.6063999341,0.3936000659,1.575237454,11.06579186,0.05656931153,0.3370307544,0.2783163187,0.1410091191,0.08545287051,0.05934224651,0.015276005,0.01059203802,0.01161797948,0.001733411315,0.000285375904,0.0004556467256,0.002318922773,91.03228747
1223,3,tier3_voxel_grid,3,20262130,64,64,64,0.07652957244,0.9234704276,1.494208642,0.1934780043,0.8065219957,1.08775323,1.625330277,0.1159156158,0.6906063798,0.08879962363,0.04499037917,0.02726459869,0.01893374122,0.004873963198,0.003379496372,0.003706833325,0.0005530623323,9.105205538e-05,0.0001453786753,0.0007398756579,63.96912742
1224,3,tier3_voxel_grid,3,20262131,64,64,64,0.04277001333,0.9572299867,12.21322554,0.1145269107,0.8854730893,1.026986024,12.54281193,0.1272626897,0.7582103996,0.05256383846,0.02663149827,0.01613894184,0.01120759384,0.002885082208,0.002000451062,0.002194214121,0.0003273784044,5.389713757e-05,8.605510806e-05,0.000437960241,60.06148868
1225,3,tier3_voxel_grid,3,20262132,64,64,64,0.01462617273,0.9853738273,5.32453155,0.04119723252,0.9588027675,0.9763271109,5.198484505,0.1378018378,0.8210009297,0.01890808599,0.009579792381,0.005805445512,0.004031557707,0.001037812003,0.0007195954824,0.0007892952738,0.0001177634511,1.938769583e-05,3.095545208e-05,0.0001575415749,56.71296668
1226,3,tier3_voxel_grid,3,20262133,64,64,64,0.2091684335,0.7908315665,13.38867889,0.4336312199,0.5663687801,1.32650318,17.76012513,0.0814001184,0.4849686617,0.1990215335,0.1008343717,0.06110659055,0.04243511468,0.01092373582,0.007574272536,0.008307914185,0.001239547072,0.0002040697804,0.0003258289362,0.001658241128,78.15197977
1227,3,tier3_voxel_grid,3,20262134,64,64,64,0.02755851157,0.9724414884,10.4861689,0.07581582976,0.9241841702,0.9996053208,10.48203023,0.1328263554,0.7913578148,0.03479680892,0.01762982278,0.01068384068,0.007419330719,0.001909899605,0.001324281396,0.001452550874,0.0002167216877,3.567944146e-05,5.696774132e-05,0.0002899259124,58.26175868
1228,3,tier3_voxel_grid,3,20262135,64,64,64,0.06928415129,0.9307158487,14.29434217,0.1772861098,0.8227138902,1.074711472,15.36229352,0.1182427606,0.7044711297,0.08136811146,0.04122519936,0.02498286383,0.01734920378,0.004466068262,0.003096671205,0.003396613801,0.000506777345,8.343204046e-05,0.0001332121441,0.0006779565334,63.14062654
1229,3,tier3_voxel_grid,3,20262136,64,64,64,0.2051865677,0.7948134323,11.32945054,0.4276872134,0.5723127866,1.319335822,14.94734994,0.08225440776,0.4900583788,0.1962934428,0.09945218303,0.06026897105,0.04185343471,0.01077399855,0.007470448082,0.008194033327,0.001222555962,0.0002012724908,0.0003213626312,0.001635510763,77.75301162
1230,3,tier3_voxel_grid,3,20262137,64,64,64,0.1134733788,0.8865266212,7.730518786,0.2703497759,0.7296502241,1.154252082,8.922967402,0.104867388,0.624782836,0.1240810729,0.06286574523,0.03809724094,0.02645640632,0.006810463355,0.004722221992,0.005179614925,0.0007728024596,0.0001272284302,0.0002031398476,0.001033839578,68.10666909
1231,3,tier3_voxel_grid,3,20262138,64,64,64,0.02207040396,0.977929596,6.309822858,0.06132360502,0.938676395,0.9897267271,6.245000326,0.1349092188,0.8037671762,0.02814538565,0.01425987544,0.008641620463,0.006001122826,0.001544821568,0.001071144503,0.001174895221,0.0001752952546,2.885930264e-05,4.607833587e-05,0.0002345064638,57.60658104
1232,3,tier3_voxel_grid,3,20262139,64,64,64,0.01343454822,0.9865654518,12.88859711,0.03792412561,0.9620758744,0.9741821868,12.55584172,0.138272258,0.8238036164,0.01740584462,0.008818680948,0.005344204728,0.00371125174,0.0009553581719,0.000662423852,0.0007265860174,0.0001084071827,1.784734961e-05,2.849605134e-05,0.0001450249473,56.56940082
1233,3,tier3_voxel_grid,3,20262140,64,64,64,0.01295023872,0.9870497613,14.38561055,0.03658972041,0.9634102796,0.9733104297,14.00166479,0.1384640425,0.8249462371,0.01679339939,0.008508385232,0.005156162566,0.003580666959,0.0009217427651,0.0006391156856,0.0007010202293,0.0001045927478,1.721936951e-05,2.749338408e-05,0.0001399220731,56.51101066
1234,3,tier3_voxel_grid,3,20262141,64,64,64,0.246988662,0.753011338,14.63981395,0.4870419907,0.5129580093,1.394579592,20.41638576,0.07372377179,0.4392342376,0.2235352055,0.1132542374,0.06863314757,0.04766188821,0.01226922278,0.008507202906,0.009331207896,0.001392223267,0.0002292052498,0.000365961597,0.001862488269,81.86144315
1235,3,tier3_voxel_grid,3,20262142,64,64,64,0.3197555832,0.6802444168,11.607835,0.5763967494,0.4236032506,1.52556005,17.70844934,0.06088145385,0.3627217967,0.2645459084,0.134032333,0.08122487161,0.05640613739,0.01452018566,0.0100679699,0.01104315029,0.001647646365,0.0002712562027,0.0004331024408,0.002204188149,88.60453123
1236,3,tier3_voxel_grid,3,20262143,64,64,64,0.107849381,0.892150619,4.418582344,0.259224115,0.740775885,1.144128886,5.055427694,0.1064663994,0.6343094857,0.1189747844,0.0602786413,0.03652943129,0.02536765007,0.006530193449,0.004527889148,0.004966459063,0.0007409994439,0.000121992619,0.000194780066,0.0009912941437,67.48619886
1237,3,tier3_voxel_grid,3,20262144,64,64,64,0.1493142181,0.8506857819,5.084563164,0.3369098228,0.6630901772,1.218765593,6.196890638,0.09530119037,0.5677889868,0.1546298018,0.0783432759,0.04747677208,0.0329699669,0.008487197721,0.005884831859,0.006454834817,0.0009630662308,0.0001585520377,0.000253152827,0.001288370622,71.9817462
1238,3,tier3_voxel_grid,3,20262145,64,64,64,0.1138272278,0.8861727722,9.379998598,0.2710432549,0.7289567451,1.15488901,10.83285729,0.1047677193,0.6241890258,0.1243993554,0.06302700326,0.03819496485,0.02652427011,0.006827932995,0.004734335047,0.005192901247,0.0007747847888,0.0001275547861,0.0002036609252,0.001036491498,68.14559486
1239,3,tier3_voxel_grid,3,20262146,64,64,64,0.1305102501,0.8694897499,8.892515087,0.302892733,0.697107267,1.18491845,10.53690519,0.1001902225,0.5969170446,0.1390171497,0.07043311694,0.04268314034,0.02964105736,0.007630262874,0.005290652526,0.005803103461,0.0008658274201,0.0001425433656,0.0002275925082,0.001158286498,69.96569926
1240,3,tier3_voxel_grid,3,20262147,64,64,64,0.3907778653,0.6092221347,9.553951902,0.6499570746,0.3500429254,1.653400157,15.79650558,0.05030915646,0.299733769,0.2983075198,0.1511376724,0.09159087033,0.06360474462,0.01637326616,0.01135285421,0.01245248809,0.001857920629,0.0003058741884,0.0004883754041,0.002485488828,94.71492776
1241,3,tier3_voxel_grid,3,20262148,64,64,64,0.277313042,0.722686958,2.735012999,0.5262421241,0.4737578759,1.449163476,3.963480943,0.06808981805,0.4056680579,0.241526693,0.1223696346,0.0741571652,0.05149800997,0.01325672525,0.009191914893,0.01008224087,0.001504277954,0.0002476530973,0.000395416436,0.002012392774,84.73321553
1242,3,tier3_voxel_grid,3,20262149,64,64,64,0.02333470202,0.976665298,10.64305318,0.06468777336,0.9353122266,0.9920024636,10.55793498,0.1344257111,0.8008865156,0.02968942102,0.01504216183,0.009115693473,0.006330340057,0.001629569355,0.001129906711,0.001239349118,0.0001849118246,3.044250298e-05,4.860615984e-05,0.0002473713177,57.7577881
1243,3,tier3_voxel_grid,3,20262150,64,64,64,0.1555392986,0.8444607014,6.107456612,0.3477587377,0.6522412623,1.229970737,7.511992913,0.09374195372,0.5584993086,0.1596090735,0.08086602672,0.04900558313,0.0340316408,0.008760496032,0.006074330757,0.006662688518,0.00099407816,0.0001636576103,0.0002613046625,0.001329857757,72.64091925
1244,3,tier3_voxel_grid,3,20262151,64,64,64,0.08855692586,0.9114430741,8.176299006,0.2195159588,0.7804840412,1.109402467,9.070806285,0.1121733676,0.6683106736,0.1007501322,0.05104511106,0.03093382395,0.02148181325,0.005529893221,0.003834303486,0.004205692912,0.0006274925595,0.0001033056926,0.0001649435005,0.000839446918,65.33211048
1245,3,tier3_voxel_grid,3,20262152,64,64,64,0.06048214838,0.9395178516,2.643048437,0.1570790022,0.8429209978,1.058867867,2.798639061,0.1211469831,0.7217740147,0.07209375726,0.03652634259,0.02213531184,0.01537173794,0.003957024876,0.002743711979,0.003009467056,0.0004490147582,7.39224392e-05,0.0001180285963,0.0006006829073,62.12664805
1246,3,tier3_voxel_grid,3,20262153,64,64,64,0.03253143594,0.9674685641,6.776857855,0.08870245874,0.9112975413,1.008556585,6.834844613,0.1309742527,0.7803232885,0.04071132002,0.02062641315,0.01249980301,0.008680415147,0.002234530592,0.001549373215,0.001699445016,0.0002535584801,4.174397609e-05,6.665070791e-05,0.0003392054319,58.85275965
1247,3,tier3_voxel_grid,3,20262154,64,64,64,0.2574874359,0.7425125641,1.085085781,0.500956334,0.499043666,1.413477385,1.533744212,0.07172396312,0.4273197029,0.2299214015,0.1164898072,0.0705939337,0.04902354468,0.01261974323,0.008750245897,0.009597791954,0.00143199781,0.0002357534337,0.0003764167844,0.001915697852,82.86587385
1248,3,tier3_voxel_grid,3,20262155,64,64,64,0.2320409372,0.7679590628,11.46684564,0.4665678542,0.5334321458,1.367673687,15.68290305,0.07666637243,0.4567657734,0.2141382944,0.1084932871,0.06574796629,0.04565829094,0.01175345259,0.008149579463,0.008938945159,0.00133369737,0.0002195699829,0.0003505774046,0.001784193502,80.41252358
1249,3,tier3_voxel_grid,3,20262156,64,64,64,0.01740238389,0.9825976161,10.01768513,0.04876731998,0.95123268,0.981324291,9.830597754,0.1367138435,0.8145188365,0.02238249084,0.01134010155,0.006872209651,0.004772365829,0.001228512376,0.0008518228289,0.0009343301194,0.0001394027596,2.295023011e-05,3.664358853e-05,0.0001864902064,57.04688472
1250,3,tier3_voxel_grid,3,20262157,64,64,64,0.2308828483,0.7691171517,9.166350474,0.4649479264,0.5350520736,1.365589127,12.51746854,0.07689919302,0.4581528806,0.2133948043,0.1081165974,0.06551968876,0.04549976494,0.01171264449,0.00812128405,0.008907909061,0.001329066761,0.0002188076339,0.0003493601967,0.001777998766,80.29933569
1251,3,tier3_voxel_grid,3,20262158,64,64,64,0.1238358573,0.8761641427,11.7991287,0.2903463964,0.7096536036,1.172904543,13.83925166,0.1019934173,0.6076601862,0.1332588209,0.06751565642,0.04091513146,0.02841327392,0.007314204299,0.005071504624,0.005562728962,0.0008299633632,0.0001366389749,0.0002181652362,0.001110308285,69.24108465
1252,3,tier3_voxel_grid,3,20262159,64,64,64,0.2692486191,0.7307513809,12.55207948,0.5161084483,0.4838915517,1.434647514,18.00780963,0.06954625852,0.4143452932,0.236875691,0.1200132018,0.07272914445,0.05050632931,0.01300144475,0.009014909136,0.009888090391,0.001475310556,0.000242884121,0.0003878020285,0.001973640772,83.97824696
1253,3,tier3_voxel_grid,3,20262160,64,64,64,0.08958569616,0.9104143038,4.24855672,0.2216960374,0.7783039626,1.111254253,4.721226725,0.1118600405,0.6664439221,0.1017507119,0.05155205532,0.031241037,0.02169515556,0.005584812244,0.0038723831,0.004247460906,0.0006337243757,0.0001043316523,0.0001665816037,0.0008477837163,65.44797918
1254,3,tier3_voxel_grid,3,20262161,64,64,64,0.1837223994,0.8162776006,6.03503079,0.3945002519,0.6054997481,1.280700319,7.729065858,0.08702413148,0.5184756166,0.1810617905,0.09173505782,0.0555923196,0.03860576145,0.00993797572,0.006890768668,0.007558206348,0.001127690097,0.0001856544826,0.0002964260679,0.001508601117,75.57431803
1255,3,tier3_voxel_grid,3,20262162,64,64,64,0.3604691374,0.6395308626,4.393015733,0.6200041095,0.3799958905,1.598844447,7.023748811,0.05461408108,0.3253818094,0.2845601585,0.1441725641,0.08736994829,0.06067354997,0.01561871192,0.01082966328,0.01187862105,0.001772299234,0.0002917781208,0.000465868854,0.002370946248,92.16194851
1256,3,tier3_voxel_grid,3,20262163,64,64,64,0.203768572,0.796231428,6.449551815,0.4255548486,0.5744451514,1.31678343,8.492662958,0.08256087725,0.4918842741,0.1953147621,0.09895633389,0.05996848175,0.04164476167,0.0107202815,0.007433201889,0.00815317948,0.001216460537,0.0002002689855,0.00031976038,0.001627356426,77.61054211
1257,3,tier3_voxel_grid,3,20262164,64,64,64,0.1558004618,0.8441995382,11.13382783,0.3482095677,0.6517904323,1.230440831,13.69951637,0.09367715917,0.5581132732,0.1598159887,0.0809708604,0.04906911334,0.03407575898,0.008771853027,0.006082205442,0.006671325942,0.0009953668702,0.000163869774,0.0002616434145,0.001331581768,72.66848448
1258,3,tier3_voxel_grid,3,20262165,64,64,64,0.3868917742,0.6131082258,4.713305565,0.6462275406,0.3537724594,1.646405194,7.760010762,0.0508451756,0.3029272838,0.2965957944,0.1502704257,0.09106531061,0.06323977274,0.01627931434,0.01128771013,0.01238103417,0.001847259651,0.0003041190446,0.0004855730457,0.002471226786,94.39202421
1259,3,tier3_voxel_grid,3,20262166,64,64,64,0.001906727421,0.9980932726,6.482879602,0.005499605432,0.9945003946,0.9534321094,6.180985574,0.1429324015,0.8515679931,0.002524126162,0.001278849937,0.0007749952538,0.0005381909247,0.0001385422316,9.606206489e-05,0.0001053666062,1.572077724e-05,2.588151455e-06,4.132383706e-06,2.103093942e-05,55.17317674
1260,3,tier3_voxel_grid,3,20262167,64,64,64,0.2776038711,0.7223961289,10.35047674,0.5266037858,0.4733962142,1.449686968,15.00495124,0.06803783902,0.4053583752,0.241692683,0.1224537336,0.07420812996,0.05153340215,0.01326583598,0.009198232067,0.01008916992,0.001505311774,0.0002478232977,0.0003956881873,0.002013775798,84.76032486
1261,3,tier3_voxel_grid,3,20262168,64,64,64,0.04219767147,0.9578023285,10.74056446,0.1131077923,0.8868922077,1.025955809,11.0193445,0.1274666494,0.7594255583,0.05191251287,0.02630150379,0.01593896204,0.01106871904,0.002849332766,0.001975663204,0.002167025319,0.0003233218145,5.322929088e-05,8.498878763e-05,0.0004325334167,59.9942078
1262,3,tier3_voxel_grid,3,20262169,64,64,64,0.09130798315,0.9086920169,8.084819417,0.2253295365,0.7746704635,1.11435437,9.009353845,0.1113378238,0.6633326397,0.1034183607,0.05239697051,0.03175306366,0.02205072948,0.005676344825,0.003935849731,0.004317074895,0.0006441108355,0.0001060416015,0.0001693118019,0.0008616785132,65.64170498
1263,3,tier3_voxel_grid,3,20262170,64,64,64,0.1973807413,0.8026192587,9.559474619,0.4158455047,0.5841544953,1.305285334,12.47784202,0.08395633154,0.5001981638,0.1908585135,0.09669857303,0.05860025714,0.04069460609,0.01047569047,0.007263607972,0.007967158749,0.001188706104,0.0001956997027,0.0003124648139,0.001590227103,76.96618373
1264,3,tier3_voxel_grid,3,20262171,64,64,64,0.3649614404,0.6350385596,11.68826185,0.6245720666,0.3754279334,1.606930593,18.78222554,0.0539575614,0.321470372,0.2866566907,0.1452347733,0.08801365721,0.06112056987,0.01573378471,0.01090945217,0.01196613826,0.001785356868,0.0002939278322,0.0004693012005,0.002388414488,92.54539383
1265,3,tier3_voxel_grid,3,20262172,64,64,64,0.1459903856,0.8540096144,5.903545298,0.3310350341,0.6689649659,1.212782694,7.159717571,0.09614553157,0.5728194343,0.1519334797,0.07697718277,0.04664890663,0.03239506057,0.008339204134,0.005782216437,0.006342280098,0.0009462729816,0.0001557873225,0.0002487385319,0.001265904951,71.62811017
1266,3,tier3_voxel_grid,3,20262173,64,64,64,0.05480660574,0.9451933943,12.86555537,0.1437256416,0.8562743584,1.04865189,13.49148896,0.1230661657,0.7332081926,0.06596503271,0.03342122086,0.02025357846,0.01406497919,0.003620636312,0.002510467721,0.002753630832,0.0004108438003,6.763825753e-05,0.0001079949293,0.000549618568,61.46849352
1267,3,tier3_voxel_grid,3,20262174,64,64,64,0.105736559,0.894263441,3.791057803,0.2549933849,0.7450066151,1.140325806,4.323041045,0.1070744518,0.6379321632,0.1170330275,0.05929484911,0.03593324385,0.02495363119,0.006423615843,0.004453990635,0.004885402763,0.0007289057827,0.0001200016089,0.0001916011107,0.0009751154871,67.25222895
1268,3,tier3_voxel_grid,3,20262175,64,64,64,0.2224192584,0.7775807416,4.595372985,0.4529572685,0.5470427315,1.350354665,6.205383349,0.07862252419,0.4684202073,0.2078915125,0.1053283515,0.06382998519,0.04432636017,0.01141058419,0.007911842233,0.008678180776,0.001294791127,0.0002131647493,0.0003403504595,0.001732145513,79.46803726
1269,3,tier3_voxel_grid,3,20262176,64,64,64,0.1178267815,0.8821732185,3.837217626,0.2788287905,0.7211712095,1.162088207,4.45918535,0.1036487601,0.6175224494,0.1279726434,0.06483741163,0.03929208958,0.02728616197,0.007024060787,0.004870325644,0.00534206385,0.0007970399618,0.0001312187117,0.0002095109486,0.001066264021,68.58464456
1270,3,tier3_voxel_grid,3,20262177,64,64,64,0.1505405186,0.8494594814,13.91259956,0.3390627383,0.6609372617,1.220972934,16.9869075,0.09499176727,0.5659454944,0.1556179146,0.07884390379,0.04778015736,0.03318065104,0.00854143247,0.005922437014,0.006496082395,0.0009692204006,0.0001595652143,0.0002547705199,0.001296603547,72.11192248
1271,3,tier3_voxel_grid,3,20262178,64,64,64,0.4390865379,0.5609134621,4.347495974,0.6938167478,0.3061832522,1.740355768,7.566189696,0.04400552052,0.2621777317,0.3184375727,0.161336575,0.09777150257,0.06789684855,0.01747814852,0.01211895476,0.0132927929,0.001983294742,0.0003265148468,0.0005213314045,0.002653211793,98.62345759
1272,3,tier3_voxel_grid,3,20262179,64,64,64,0.1846808827,0.8153191173,11.75640958,0.3960248702,0.6039751298,1.282425589,15.07672048,0.08680500903,0.5171701208,0.1817615369,0.09208958472,0.05580716628,0.03875496047,0.009976382843,0.006917399303,0.007587416417,0.001132048261,0.0001863719783,0.0002975716606,0.001514431382,75.67262306
1273,3,tier3_voxel_grid,3,20262180,64,64,64,0.1479577614,0.8520422386,11.4909473,0.3345193006,0.6654806994,1.216323971,13.97671465,0.09564476296,0.5698359365,0.1535326359,0.07778739617,0.04713990367,0.0327360306,0.00842697735,0.00584307641,0.006409034948,0.0009562328556,0.0001574270418,0.0002513565972,0.00127922907,71.83756831
1274,3,tier3_voxel_grid,3,20262181,64,64,64,0.1152357591,0.8847642409,11.16101645,0.2737961518,0.7262038482,1.157424366,12.9180324,0.1043720652,0.6218317831,0.1256628386,0.06366714773,0.0385828985,0.02679366837,0.006897282056,0.004782420126,0.00524564383,0.0007826540221,0.000128850318,0.000205729442,0.0010470188,68.30041044
1275,3,tier3_voxel_grid,3,20262182,64,64,64,0.03498122322,0.9650187768,4.830929114,0.09496700255,0.9050329975,1.012966202,4.893567916,0.1300738948,0.7749591026,0.04358652609,0.02208313791,0.01338259211,0.009293462876,0.002392342618,0.001658796522,0.00181946703,0.0002714658553,4.469211271e-05,7.135786355e-05,0.000363161558,59.14296269
1276,3,tier3_voxel_grid,3,20262183,64,64,64,0.3046133995,0.6953866005,4.213991756,0.5590899992,0.4409100008,1.498304119,6.313841206,0.06336882881,0.377541172,0.2566027165,0.1300079104,0.07878603314,0.05471250026,0.01408420606,0.009765671455,0.01071157131,0.001598174531,0.0002631115291,0.000420098211,0.002138005725,87.24281137
1277,3,tier3_voxel_grid,3,20262184,64,64,64,0.1168192883,0.8831807117,2.369337937,0.2768767066,0.7231232934,1.160274719,2.749082909,0.1039293191,0.6191939743,0.1270767053,0.06438348409,0.03901700516,0.0270951312,0.006974885249,0.004836228432,0.005304663993,0.0007914598749,0.0001303000479,0.0002080441598,0.001058799093,68.47420799
1278,3,tier3_voxel_grid,3,20262185,64,64,64,0.0295782979,0.9704217021,13.06776629,0.08107755205,0.918922448,1.003240936,13.11011809,0.1320701258,0.7868523221,0.03721175506,0.01885335659,0.01142531384,0.007934242419,0.00204244925,0.001416188336,0.001553359892,0.0002317624693,3.81556435e-05,6.092138049e-05,0.0003100471672,58.50210504
1279,3,tier3_voxel_grid,3,20262186,64,64,64,0.3471505514,0.6528494486,2.134338616,0.6061855358,0.3938144642,1.574870993,3.361307974,0.05660012546,0.3372143388,0.2782179174,0.1409592641,0.08542265786,0.05932126551,0.01527060403,0.0105882931,0.01161387184,0.001732798451,0.0002852750067,0.0004554856275,0.002318102896,91.01463048
1280,3,tier3_voxel_grid,3,20262187,64,64,64,0.1258450204,0.8741549796,6.584901752,0.2941501217,0.7058498783,1.176521037,7.747275436,0.1014467352,0.6044031431,0.1350045975,0.06840015512,0.0414511461,0.02878550615,0.007410025098,0.005137944609,0.005635604303,0.0008408364192,0.0001384290337,0.0002210233416,0.00112485404,69.45971081
1281,3,tier3_voxel_grid,3,20262188,64,64,64,0.03885362196,0.961146378,4.446363837,0.1047589319,0.8952410681,1.01993652,4.535008857,0.1286665711,0.766574497,0.04808067851,0.02436010276,0.01476245451,0.01025170026,0.002639014086,0.001829832965,0.002007070009,0.0002994563615,4.930026078e-05,7.871548398e-05,0.000400606694,59.60042016
1282,3,tier3_voxel_grid,3,20262189,64,64,64,0.05828851345,0.9417114866,8.834363183,0.1519485029,0.8480514971,1.054919324,9.319540439,0.1218843529,0.7261671442,0.06973903785,0.03533332268,0.0214123304,0.0148696677,0.003827780908,0.002654097121,0.002911172131,0.0004343490811,7.150799156e-05,0.0001141735576,0.0005810634596,61.8726696
1283,3,tier3_voxel_grid,3,20262190,64,64,64,0.08647729523,0.9135227048,14.57961497,0.2150866891,0.7849133109,1.105659131,16.12008443,0.1128099547,0.6721033562,0.09871725269,0.0500151515,0.03030965863,0.0210483653,0.005418314143,0.003756937065,0.004120832804,0.0006148313673,0.0001012212484,0.0001616153633,0.0008225090299,65.09754066
1284,3,tier3_voxel_grid,3,20262191,64,64,64,0.07096117651,0.9290388235,10.60722004,0.1810687409,0.8189312591,1.077730118,11.4317205,0.1176991102,0.701232149,0.08310420658,0.04210479292,0.02551590592,0.01771937174,0.004561357671,0.003162742737,0.003469085001,0.0005175901027,8.52121722e-05,0.0001360543995,0.0006924216231,63.33288692
1285,3,tier3_voxel_grid,3,20262192,64,64,64,0.4156944013,0.5843055987,4.807852503,0.6731397944,0.3268602056,1.698249922,8.16493514,0.04697727059,0.279882935,0.3089475757,0.1565284627,0.09485774066,0.06587340362,0.0169572691,0.0117577887,0.01289664441,0.001924189088,0.0003167841329,0.0005057948162,0.002574141438,96.75497966
1286,3,tier3_voxel_grid,3,20262193,64,64,64,0.2555988453,0.7444011547,5.976990585,0.4984808384,0.5015191616,1.410077922,8.428022461,0.07207974833,0.4294394133,0.2287852358,0.1159141682,0.07024509098,0.04878129289,0.01255738227,0.00870700621,0.009550364085,0.001424921536,0.0002345884488,0.000374556706,0.001906231355,82.68599047
1287,3,tier3_voxel_grid,3,20262194,64,64,64,0.04693849278,0.9530615072,8.601578088,0.1247773725,0.8752226275,1.034489287,8.898240383,0.1257894644,0.7494331631,0.05726844123,0.0290150879,0.01758341988,0.01221070318,0.003143304707,0.002179496731,0.002390602096,0.0003566796387,5.872107413e-05,9.375726816e-05,0.0004771588426,60.5504768
1288,3,tier3_voxel_grid,3,20262195,64,64,64,0.2291625852,0.7708374148,13.78949723,0.4625324824,0.5374675176,1.362492653,18.78808867,0.07724634743,0.4602211701,0.2122862002,0.1075549225,0.06517930842,0.0452633898,0.01165179631,0.00807909329,0.008861631717,0.001322162146,0.0002176709097,0.0003475452408,0.001768761911,80.13095421
1289,3,tier3_voxel_grid,3,20262196,64,64,64,0.1795619115,0.8204380885,7.756191964,0.3878344483,0.6121655517,1.273211441,9.875272346,0.08798215956,0.5241833921,0.1780024203,0.09018502617,0.05465298564,0.03795344647,0.009770055436,0.006774336523,0.007430496622,0.001108635709,0.0001825175104,0.0002914174071,0.001483110541,75.1464992
1290,3,tier3_voxel_grid,3,20262197,64,64,64,0.1874942915,0.8125057085,5.171757171,0.4004764401,0.5995235599,1.287489725,6.658584216,0.08616521685,0.513358343,0.1838046515,0.09312472987,0.05643447411,0.03919059072,0.01008852369,0.006995155244,0.007672703775,0.001144773199,0.0001884669171,0.0003009165542,0.001531454548,75.96062475
1291,3,tier3_voxel_grid,3,20262198,64,64,64,0.1573297047,0.8426702953,13.60861709,0.3508425068,0.6491574932,1.233193468,16.78205771,0.09329874572,0.5558587474,0.1610244155,0.08158311052,0.04944014275,0.03433341819,0.008838180198,0.006128195209,0.006721770264,0.001002893201,0.0001651088529,0.0002636217956,0.001341650342,72.82974863
1292,3,tier3_voxel_grid,3,20262199,64,64,64,0.2757753318,0.7242246682,9.119963655,0.5243255469,0.4756744531,1.446395597,13.19107528,0.06836527394,0.4073091792,0.2406470512,0.1219239636,0.07388708432,0.05131045389,0.01320844418,0.009158437879,0.01004552128,0.001498799364,0.0002467511431,0.0003939763268,0.002005063626,84.58974406
1293,3,tier3_voxel_grid,3,20262200,64,64,64,0.02869808042,0.9713019196,12.42087931,0.07878920331,0.9212107967,1.001656545,12.44145506,0.1323990138,0.7888117829,0.03616148318,0.01832123576,0.01110284354,0.007710304804,0.001984802762,0.001376217559,0.001509517557,0.0002252211599,3.707873114e-05,5.920192349e-05,0.0003012963352,58.39741436
1294,3,tier3_voxel_grid,3,20262201,64,64,64,0.1542985692,0.8457014308,6.875789825,0.3456122269,0.6543877731,1.227737425,8.441664492,0.0940504563,0.5603373168,0.1586239003,0.08036688816,0.0487031004,0.03382158344,0.008706422628,0.006036837475,0.006621563649,0.0009879422984,0.0001626474479,0.0002596917821,0.001321649325,72.50986472
1295,3,tier3_voxel_grid,3,20262202,64,64,64,0.03711659436,0.9628834056,6.396835164,0.1003832059,0.8996167941,1.01680987,6.50436513,0.1292954628,0.7703213313,0.0460723736,0.02334259395,0.01414583447,0.009823492076,0.002528783842,0.001753401795,0.00192323574,0.0002869482252,4.724101456e-05,7.54275792e-05,0.0003838735609,59.39541267
1296,3,tier3_voxel_grid,3,20262203,64,64,64,0.1948870732,0.8051129268,14.54590937,0.4120086085,0.5879913915,1.300796732,18.92127137,0.08450778109,0.5034836104,0.1890975126,0.09580636094,0.0580595681,0.04031912775,0.01037903405,0.007196588587,0.007893647888,0.001177738228,0.0001938940334,0.000309581784,0.0015755545,76.71350186
1297,3,tier3_voxel_grid,3,20262204,64,64,64,0.02447437191,0.9755256281,9.695909686,0.06770711813,0.9322928819,0.9940538694,9.638256541,0.1339917623,0.7983011196,0.03107519445,0.01574426472,0.009541174517,0.006625812881,0.001705630587,0.001182645856,0.001297196561,0.0001935427068,3.186342701e-05,5.087488461e-05,0.0002589175382,57.8939498
1298,3,tier3_voxel_grid,3,20262205,64,64,64,0.1154481099,0.8845518901,1.661838478,0.2742101339,0.7257898661,1.157806598,1.924087554,0.1043125665,0.6214772996,0.1258528419,0.06376341301,0.03864123617,0.02683418063,0.006907710807,0.004789651186,0.005253575289,0.0007838374018,0.0001290451408,0.0002060405067,0.001048601902,68.32373217
1299,3,tier3_voxel_grid,3,20262206,64,64,64,0.2364978513,0.7635021487,7.309869957,0.4727563564,0.5272436436,1.375696132,10.05615983,0.07577694343,0.4514667002,0.2169786,0.1099323295,0.06662003974,0.04626389725,0.01190934903,0.008257674546,0.009057510298,0.001351387379,0.0002224823338,0.0003552274229,0.001807858839,80.84687457
1300,3,tier3_voxel_grid,3,20262207,64,64,64,0.1679580678,0.8320419322,10.78682877,0.3688218815,0.6311781185,1.252324522,13.50861018,0.09071469929,0.5404634193,0.1692763184,0.08576394174,0.05197376633,0.03609287828,0.009291104088,0.006442242439,0.007066236009,0.001054287751,0.000173570068,0.0002771314329,0.001410404935,73.94375531
1301,3,tier3_voxel_grid,3,20262208,64,64,64,0.3714089413,0.6285910587,14.15573704,0.6310483851,0.3689516149,1.618536094,22.91157134,0.05302676664,0.3159248483,0.2896290939,0.146740743,0.08892628925,0.06175434185,0.01589693162,0.01102257456,0.01209021765,0.001803869607,0.0002969756315,0.0004741674829,0.002413180458,93.09263465
1302,3,tier3_voxel_grid,3,20262209,64,64,64,0.04474390347,0.9552560965,5.283705241,0.1193993933,0.8806006067,1.030539026,5.445064454,0.1265624027,0.7540382039,0.05480013724,0.0277645203,0.016825564,0.01168441458,0.003007826399,0.002085559121,0.00228756572,0.0003413065334,5.61901608e-05,8.971627395e-05,0.0004565930117,60.29326441
1303,3,tier3_voxel_grid,3,20262210,64,64,64,0.225738232,0.774261768,4.755600811,0.4576914756,0.5423085244,1.356328818,6.450158425,0.07794211058,0.4643664138,0.2100643477,0.1064292197,0.06449712179,0.04478964928,0.01152984504,0.007994535022,0.008768883162,0.001308323992,0.0002153926992,0.0003439077257,0.001750249507,79.79488862
1304,3,tier3_voxel_grid,3,20262211,64,64,64,0.06738179693,0.9326182031,9.272450179,0.1729694293,0.8270305707,1.071287234,9.933457509,0.1188631661,0.7081674046,0.07938690641,0.0402214207,0.0243745644,0.01692677379,0.004357325453,0.003021271389,0.003313910783,0.0004944379921,8.140058148e-05,0.000129968606,0.0006614491955,62.92217266
1305,3,tier3_voxel_grid,3,20262212,64,64,64,0.2510113231,0.7489886769,2.905057975,0.492417679,0.507582321,1.401820382,4.072369479,0.0729511627,0.4346311583,0.2260024581,0.1145042723,0.06939068063,0.04818795262,0.01240464338,0.0086011005,0.009434200381,0.001407589824,0.000231735085,0.0003700008698,0.001883045339,82.24758019
1306,3,tier3_voxel_grid,3,20262213,64,64,64,0.2577549217,0.7422450783,9.843400181,0.5013059823,0.4986940177,1.413958859,13.91816289,0.07167371068,0.427020307,0.2300818778,0.1165711126,0.07064320555,0.04905776123,0.01262855133,0.008756353233,0.009604490845,0.001432997289,0.0002359179806,0.0003766795089,0.001917034935,82.89132288
1307,3,tier3_voxel_grid,3,20262214,64,64,64,0.08012484168,0.9198751583,3.358802713,0.2013693454,0.7986306546,1.094224715,3.675284942,0.11478145,0.6838492045,0.09242147265,0.04682539101,0.02837663336,0.0197059872,0.00507275637,0.003517335083,0.00385802305,0.0005756199534,9.47657738e-05,0.0001513082006,0.0007700527896,64.37816957
1308,3,tier3_voxel_grid,3,20262215,64,64,64,0.1022082056,0.8977917944,1.138156834,0.2478649198,0.7521350802,1.13397477,1.290641134,0.108098975,0.6440361053,0.1137613119,0.05763723252,0.0349287124,0.02425604019,0.006244040512,0.004329477142,0.004748828933,0.0007085288641,0.0001166469051,0.0001862448077,0.0009478556555,66.86044405
1309,3,tier3_voxel_grid,3,20262216,64,64,64,0.01476550164,0.9852344984,10.5869847,0.04157899682,0.9584210032,0.976577903,10.33901532,0.1377469696,0.8206740336,0.01908330242,0.009668565886,0.005859243103,0.004068917129,0.001047429143,0.0007262637912,0.0007966094729,0.0001188547351,1.956735668e-05,3.12423084e-05,0.0001590014727,56.72974353
1310,3,tier3_voxel_grid,3,20262217,64,64,64,0.131008351,0.868991649,14.06781021,0.3038188551,0.6961811449,1.185815032,16.68182082,0.1000571176,0.5961240274,0.1394422073,0.0706484726,0.04281364793,0.02973168759,0.007653593098,0.005306829178,0.005820846978,0.0008684747663,0.0001429792049,0.000228288393,0.001161828065,70.0195863
1311,3,tier3_voxel_grid,3,20262218,64,64,64,0.2278144175,0.7721855825,9.108535529,0.4606318153,0.5393681847,1.360065952,12.38820904,0.07751951667,0.461848668,0.2114138606,0.1071129512,0.06491146957,0.04507739068,0.01160391603,0.00804589418,0.008825216952,0.001316729036,0.0002167764429,0.0003461170864,0.001761493606,79.99878604
1312,3,tier3_voxel_grid,3,20262219,64,64,64,0.3129272616,0.6870727384,6.88400201,0.5686695023,0.4313304977,1.513269071,10.41734733,0.0619920356,0.3693384621,0.2609993728,0.1322354787,0.0801359608,0.05564994963,0.01432552623,0.009932997432,0.01089510443,0.001625557811,0.000267619708,0.0004272962151,0.002174638526,87.99310581
1313,3,tier3_voxel_grid,3,20262220,64,64,64,0.1619383865,0.8380616135,5.820103177,0.3587067856,0.6412932144,1.241489096,7.22559463,0.0921684694,0.549124745,0.1646338438,0.08341182942,0.05054836384,0.03510301585,0.009036291633,0.006265561219,0.006872441502,0.001025373464,0.0001688098356,0.0002695309863,0.001371723984,73.31426228
1314,3,tier3_voxel_grid,3,20262221,64,64,64,0.2498119541,0.7501880459,6.279973505,0.49082072,0.50917928,1.399661517,8.789837245,0.07318068215,0.4359985979,0.2252695099,0.1141329236,0.06916563982,0.04803167435,0.0123644139,0.008573206285,0.009403604342,0.001403024871,0.0002309835453,0.0003688009206,0.001876938438,82.1326195
1315,3,tier3_voxel_grid,3,20262222,64,64,64,0.2542976097,0.7457023903,4.527230672,0.4967682697,0.5032317303,1.407735697,6.373144228,0.07232588353,0.4309058468,0.2279992268,0.1155159362,0.07000375864,0.04861370106,0.01251424043,0.00867709263,0.009517553085,0.00142002611,0.0002337825024,0.000373269888,0.001899682352,82.56184727
1316,3,tier3_voxel_grid,3,20262223,64,64,64,0.3804475591,0.6195524409,11.74371422,0.6399725957,0.3600274043,1.634805606,19.19868985,0.05174415392,0.3082832503,0.2937249939,0.1488159331,0.09018387418,0.06262766436,0.01612174412,0.01117845449,0.01226119606,0.001829379715,0.0003011754253,0.0004808731026,0.002447307367,93.85370968
1317,3,tier3_voxel_grid,3,20262224,64,64,64,0.2698464086,0.7301535914,3.785804227,0.5168666566,0.4831333434,1.435723535,5.43536823,0.06943728668,0.4136960567,0.237223682,0.1201895117,0.07283598991,0.05058052752,0.013020545,0.009028152824,0.009902616859,0.001477477916,0.000243240939,0.0003883717435,0.001976540222,84.03442627
1318,3,tier3_voxel_grid,3,20262225,64,64,64,0.3981742621,0.6018257379,14.20233225,0.6569690039,0.3430309961,1.666713672,23.67122133,0.0493013822,0.2937296139,0.3015257496,0.1527681903,0.09257897976,0.06429093143,0.01654990581,0.01147533216,0.01258682921,0.001877964427,0.0003091740497,0.0004936441425,0.002512303017,95.32596074
1319,3,tier3_voxel_grid,3,20262226,64,64,64,0.3646999385,0.6353000615,5.397652598,0.6243074213,0.3756925787,1.606459889,8.671112396,0.05399559697,0.3216969817,0.2865352278,0.145173234,0.08797636384,0.0610946717,0.01572711795,0.01090482958,0.01196106794,0.001784600372,0.0002938032884,0.000469102347,0.002387402463,92.52312169
1320,3,tier3_voxel_grid,3,20262227,64,64,64,0.2566895947,0.7433104053,6.574644854,0.499912007,0.500087993,1.412041271,9.283669873,0.07187405674,0.4282139363,0.229442092,0.1162469647,0.07044676887,0.04892134693,0.01259343527,0.00873200455,0.009577783757,0.001429012572,0.0002352619664,0.0003756320809,0.00191170426,82.78992424
1321,3,tier3_voxel_grid,3,20262228,64,64,64,0.3841708364,0.6158291636,13.59463456,0.643597301,0.356402699,1.641507506,22.31569466,0.05122320105,0.3051794979,0.2953886066,0.1496588034,0.09069466162,0.06298237771,0.01621305518,0.01124176752,0.01233064157,0.001839741037,0.000302881236,0.0004835966931,0.002461168535,94.16516691
1322,3,tier3_voxel_grid,3,20262229,64,64,64,0.3289939312,0.6710060688,13.3079502,0.5866552453,0.4133447547,1.542189076,20.52337542,0.05940707389,0.3539376808,0.2692541985,0.1364177908,0.0826704818,0.05741003293,0.01477861055,0.0102471559,0.01123969219,0.001676970565,0.0002760839201,0.0004408106376,0.002243417473,89.42491807
1323,3,tier3_voxel_grid,3,20262230,64,64,64,0.2591767697,0.7408232303,10.6905255,0.5031605834,0.4968394166,1.416518185,15.14332379,0.07140716218,0.4254322544,0.2309330747,0.117002372,0.07090455286,0.04923925234,0.01267527115,0.008788747705,0.009640023035,0.001438298719,0.0002367907684,0.0003780730495,0.001924127081,83.02648209
1324,3,tier3_voxel_grid,3,20262231,64,64,64,0.04366420883,0.9563357912,10.28979726,0.1167383733,0.8832616267,1.028595576,10.58403993,0.126944852,0.7563167747,0.05357882228,0.02714574039,0.01645057747,0.01142400738,0.002940791833,0.002039078862,0.002236583398,0.0003336999325,5.493786678e-05,8.771679306e-05,0.0004464170541,60.16653622
1325,3,tier3_voxel_grid,3,20262232,64,64,64,0.2490502296,0.7509497704,3.464064411,0.489803924,0.510196076,1.398290413,4.843768056,0.07332681894,0.4368692571,0.2248028361,0.1138964831,0.06902235462,0.04793217078,0.01233879948,0.008555445825,0.009384123609,0.001400118331,0.0002305050343,0.0003680369037,0.001873050127,82.05953372
1326,3,tier3_voxel_grid,3,20262233,64,64,64,0.1199481345,0.8800518655,10.40973679,0.2829191961,0.7170808039,1.165906642,12.13678126,0.1030608755,0.6140199284,0.1298499962,0.06578857349,0.03986850274,0.02768644872,0.007127103438,0.004941773099,0.005420431682,0.0008087325016,0.0001331436842,0.0002125844646,0.001081906065,68.81682347
1327,3,tier3_voxel_grid,3,20262234,64,64,64,0.185695358,0.814304642,3.683773212,0.3976340905,0.6023659095,1.284251644,4.730891805,0.08657372736,0.5157921822,0.1825001126,0.09246378451,0.05603393492,0.03891243863,0.0100169212,0.006945507687,0.007618247371,0.001136648263,0.0001871292882,0.0002987808229,0.001520585171,75.77656699
1328,3,tier3_voxel_grid,3,20262235,64,64,64,0.04944489605,0.9505551039,13.33498536,0.1308694492,0.8691305508,1.039000813,13.85506063,0.1249138939,0.7442166568,0.06006449093,0.03043170806,0.0184419052,0.01280687329,0.003296772062,0.00228590754,0.002507319824,0.0003740940117,6.158804657e-05,9.833483264e-05,0.0005004554404,60.84361798
1329,3,tier3_voxel_grid,3,20262236,64,64,64,0.1915471697,0.8084528303,9.081677871,0.4068279716,0.5931720284,1.294784905,11.75881942,0.08525235683,0.5079196716,0.1867197818,0.0946016823,0.05732952136,0.03981215106,0.01024852705,0.007106097972,0.00779439238,0.001162929231,0.0001914559907,0.000305689072,0.001555743322,76.37406709
1330,3,tier3_voxel_grid,3,20262237,64,64,64,0.08358737698,0.916412623,2.989486836,0.2088816087,0.7911183913,1.100457279,3.289802548,0.1137017664,0.6774166249,0.09586933824,0.04857225404,0.02943524902,0.02044113665,0.005262000077,0.00364855241,0.004001950046,0.0005970939699,9.830109563e-05,0.0001569528882,0.0007987802967,64.77081028
1331,3,tier3_voxel_grid,3,20262238,64,64,64,0.1888560417,0.8111439583,6.745655215,0.4026185422,0.5973814578,1.289940875,8.701496391,0.0858573479,0.5115241099,0.1847878013,0.09362284326,0.05673633557,0.03940021665,0.01014248604,0.007032571519,0.007713744178,0.001150896458,0.0001894750048,0.000302526122,0.001539646121,76.09972922
1332,3,tier3_voxel_grid,3,20262239,64,64,64,0.05642392402,0.943576076,8.135411637,0.1475572854,0.8524427146,1.051563063,8.554898382,0.1225154711,0.7299272435,0.06772362292,0.03431221158,0.02079352733,0.01443994353,0.003717160414,0.002577395361,0.002827041063,0.0004217966621,6.944145496e-05,0.0001108740126,0.0005642710861,61.65638892
1333,3,tier3_voxel_grid,3,20262240,64,64,64,0.2619566688,0.7380433312,1.271645135,0.5067672799,0.4932327201,1.421522004,1.80767154,0.07088879758,0.4223439225,0.232588422,0.1178410546,0.07141280254,0.04959220336,0.01276612854,0.008851746172,0.009709123514,0.001448608563,0.0002384881041,0.0003807831083,0.001937919383,83.29016436
1334,3,tier3_voxel_grid,3,20262241,64,64,64,0.2518377998,0.7481622002,2.329301673,0.4935152724,0.5064847276,1.40330804,3.268727765,0.07279341347,0.4336913141,0.226506215,0.114759501,0.06954535167,0.04829536302,0.01243229319,0.008620272256,0.009455229108,0.001410727326,0.0002322516199,0.0003708255976,0.001887242626,82.32671619
1335,3,tier3_voxel_grid,3,20262242,64,64,64,0.1408260218,0.8591739782,10.8222667,0.3217912713,0.6782087287,1.203486839,13.02445555,0.09747407122,0.5807346574,0.1476909165,0.07482768577,0.04534629095,0.03149046673,0.008106341697,0.005620754866,0.006165179409,0.0009198494251,0.0001514371453,0.0002417928019,0.001230556049,71.07633365
1336,3,tier3_voxel_grid,3,20262243,64,64,64,0.006120143747,0.9938798563,9.984279315,0.01751312233,0.9824868777,0.9610162587,9.595054754,0.1412057849,0.8412810927,0.008037909411,0.004072411316,0.002467920082,0.001713832678,0.0004411783863,0.0003059031625,0.0003355328463,5.006175414e-05,8.241793636e-06,1.315929702e-05,6.697160721e-05,55.68503698
1337,3,tier3_voxel_grid,3,20262244,64,64,64,0.0651047964,0.9348952036,4.223901341,0.1677662078,0.8322337922,1.067188634,4.507699501,0.1196109877,0.7126228044,0.0769988101,0.03901149037,0.02364133508,0.01641758698,0.00422624952,0.002930386287,0.003214222579,0.0004795644368,7.895191032e-05,0.0001260589241,0.0006415516525,62.66019284
1338,3,tier3_voxel_grid,3,20262245,64,64,64,0.3770290722,0.6229709278,14.04359332,0.6366183435,0.3633816565,1.62865233,22.87213098,0.05222623651,0.31115542,0.2921855096,0.1480359525,0.08971119853,0.06229941752,0.01603724614,0.01111986549,0.01219693215,0.00181979149,0.0002995968915,0.0004783527296,0.002434480433,93.56669635
1339,3,tier3_voxel_grid,3,20262246,64,64,64,0.006306710866,0.9936932891,5.743707285,0.01804069004,0.98195931,0.9613520796,5.521724943,0.1411299614,0.8408293485,0.008280044498,0.004195089194,0.002542264045,0.001765460409,0.0004544685046,0.0003151182314,0.0003456404839,5.156982129e-05,8.490070559e-06,1.355570949e-05,6.89890691e-05,55.70766091
1340,3,tier3_voxel_grid,3,20262247,64,64,64,0.07770500337,0.9222949966,5.155194614,0.1960682964,0.8039317036,1.089869006,5.61848683,0.1155433318,0.6883883719,0.08998847689,0.04559271234,0.02762961834,0.01918722698,0.004939216032,0.003424741218,0.003756460573,0.0005604667551,9.22710643e-05,0.0001473250114,0.0007497811458,64.10301016
1341,3,tier3_voxel_grid,3,20262248,64,64,64,0.05706126684,0.9429387332,9.211900739,0.1490614149,0.8509385851,1.05271028,9.69746261,0.1222992933,0.7286392918,0.06841396562,0.03466197409,0.02100548675,0.01458713751,0.003755051396,0.002603668115,0.002855858587,0.0004260962585,7.014930843e-05,0.0001120042101,0.0005700229996,61.73035791
1342,3,tier3_voxel_grid,3,20262249,64,64,64,0.01140701209,0.9885929879,7.614670421,0.03232171958,0.9676782804,0.9705326218,7.390286048,0.1390774516,0.8286008288,0.01483453659,0.007515926291,0.004554722986,0.003163000758,0.0008142262594,0.0005645661607,0.000619249861,9.239254704e-05,1.52108195e-05,2.428642364e-05,0.0001236008901,56.32479575
1343,3,tier3_voxel_grid,3,20262250,64,64,64,0.2913070942,0.7086929058,12.972438,0.543353345,0.456646655,1.47435277,19.1259499,0.06563054512,0.3910161099,0.2493801438,0.1263485899,0.07656845,0.05317251261,0.01368777922,0.00949079801,0.01041007371,0.001553190862,0.0002557057534,0.0004082737458,0.002077827477,86.0284678
1344,3,tier3_voxel_grid,3,20262251,64,64,64,0.01010249451,0.9898975055,10.26561884,0.02869479958,0.9713052004,0.9681844901,9.939012939,0.1395987228,0.8317064777,0.01316990741,0.006672540983,0.004043623449,0.002808070672,0.0007228594155,0.0005012144477,0.000549761921,8.202489391e-05,1.350396646e-05,2.156116902e-05,0.0001097312524,56.16719791
1345,3,tier3_voxel_grid,3,20262252,64,64,64,0.1521569576,0.8478430424,8.915145966,0.3418887231,0.6581112769,1.223882524,10.91109134,0.09458560876,0.5635256681,0.1569149426,0.07950104376,0.04817839044,0.03345720167,0.008612622713,0.005971798726,0.006550225267,0.0009772985579,0.0001608951419,0.0002568939548,0.001307410343,72.28327079
1346,3,tier3_voxel_grid,3,20262253,64,64,64,0.3230430417,0.6769569583,10.67982644,0.5800727592,0.4199272408,1.531477475,16.35591363,0.06035312736,0.3595741134,0.2662330681,0.1348871334,0.0817428888,0.05676587139,0.01461278914,0.01013217907,0.01111357874,0.001658154343,0.0002729861577,0.0004358645813,0.00221824551,88.89736331
1347,3,tier3_voxel_grid,3,20262254,64,64,64,0.1277078243,0.8722921757,1.029168059,0.2976559292,0.7023440708,1.179874084,1.21428872,0.1009428707,0.6014012002,0.1366136403,0.06921537754,0.04194517866,0.02912858418,0.007498340959,0.005199180839,0.005702771855,0.0008508578688,0.0001400788903,0.0002236575927,0.001138260534,69.66202719
1348,3,tier3_voxel_grid,3,20262255,64,64,64,0.0540188651,0.9459811349,6.228349857,0.1418516636,0.8581483364,1.047233957,6.522539467,0.1233354991,0.7348128373,0.06510494247,0.03298545565,0.01998950059,0.01388159186,0.003573428362,0.002477734791,0.002717727401,0.0004054869813,6.675635081e-05,0.000106586829,0.0005424523233,61.37687636
1349,3,tier3_voxel_grid,3,20262256,64,64,64,0.09538961084,0.9046103892,14.32432918,0.2338603244,0.7661396756,1.1217013,16.06761866,0.1101117549,0.6560279207,0.1073336934,0.05438067601,0.0329552081,0.02288555167,0.005891246494,0.004084857712,0.004480515741,0.0006684963333,0.0001100562479,0.0001757218052,0.0008943009414,66.09955053
1350,3,tier3_voxel_grid,3,20262257,64,64,64,0.1351604476,0.8648395524,7.629571646,0.3114847211,0.6885152789,1.193288806,9.104282437,0.09895535768,0.5895599212,0.1429605711,0.07243105364,0.04389390903,0.03048186859,0.007846706259,0.005440729497,0.00596771684,0.0008903878606,0.0001465868132,0.0002340484972,0.001191142961,70.4677551
1351,3,tier3_voxel_grid,3,20262258,64,64,64,0.4008601088,0.5991398912,1.780379936,0.6594875948,0.3405124052,1.671548196,2.97599087,0.04893940322,0.291573002,0.3026816945,0.1533538505,0.09293389539,0.06453740052,0.01661335239,0.0115193246,0.01263508274,0.00188516389,0.0003103593156,0.0004955366026,0.002521934314,95.54669909
1352,3,tier3_voxel_grid,3,20262259,64,64,64,0.3438678628,0.6561321372,9.813377455,0.6027147442,0.3972852558,1.568962153,15.39681782,0.05709895742,0.3401862984,0.2766249457,0.140152184,0.08493355968,0.05898161414,0.01518317026,0.0105276685,0.01154737515,0.001722877095,0.0002836416287,0.0004528776872,0.002304830306,90.72941579
1353,3,tier3_voxel_grid,3,20262260,64,64,64,0.07551136413,0.9244886359,10.82900348,0.1912260243,0.8087739757,1.085920455,11.75943639,0.1162392768,0.692534699,0.0877660437,0.04446671532,0.02694725341,0.01871336264,0.004817232884,0.00334016085,0.003663687776,0.0005466249837,8.999225835e-05,0.0001436865456,0.0007312639026,63.85303379
1354,3,tier3_voxel_grid,3,20262261,64,64,64,0.03697817536,0.9630218246,11.57307635,0.1000333582,0.8999666418,1.016560716,11.76473477,0.1293457439,0.7706208978,0.04591180581,0.02326124219,0.01409653453,0.009789256018,0.002519970724,0.001747290978,0.00191653303,0.0002859481759,4.707637391e-05,7.516470496e-05,0.0003825357151,59.3790627
1355,3,tier3_voxel_grid,3,20262262,64,64,64,0.002226461946,0.9977735381,10.52026139,0.006417946932,0.9935820531,0.9540076315,10.03640965,0.1428004148,0.8507816382,0.002945612728,0.001492396342,0.0009044064113,0.0006280597466,0.0001616764514,0.0001121028122,0.0001229610552,1.834588232e-05,3.020329166e-06,4.822422201e-06,2.454275216e-05,55.21208103
1356,3,tier3_voxel_grid,3,20262263,64,64,64,0.0819169985,0.9180830015,13.21500308,0.2052682339,0.7947317661,1.097450597,14.50281302,0.1142210908,0.6805106753,0.09421092581,0.04773201845,0.02892605824,0.02008753209,0.005170974453,0.003585437291,0.003932721616,0.000586765036,9.660061702e-05,0.0001542378114,0.0007849624567,64.58155388
1357,3,tier3_voxel_grid,3,20262264,64,64,64,0.3492843593,0.6507156407,3.343968073,0.6084276811,0.3915723189,1.578711847,5.279162013,0.05627787801,0.3352944408,0.2792469835,0.141480641,0.08573861726,0.05954068167,0.0153270866,0.01062745684,0.01165682896,0.001739207687,0.0002863301754,0.0004571703675,0.002326677043,91.1995077
1358,3,tier3_voxel_grid,3,20262265,64,64,64,0.1495954569,0.8504045431,4.056637,0.3374042595,0.6625957405,1.219271822,4.946143188,0.09523012853,0.567365612,0.1548567309,0.07845824967,0.04754644728,0.03301835244,0.008499653226,0.005893468227,0.0064643077,0.0009644795921,0.000158784723,0.0002535243449,0.001290261388,72.01161475
1359,3,tier3_voxel_grid,3,20262266,64,64,64,0.4219178337,0.5780821663,8.970553352,0.6787403065,0.3212596935,1.709452101,15.33473127,0.04617234919,0.2750873443,0.3115180145,0.1578307769,0.09564695552,0.06642146927,0.01709835331,0.01185561331,0.01300394428,0.00194019831,0.0003194197717,0.0005100030208,0.002595558253,97.25645143
1360,3,tier3_voxel_grid,3,20262267,64,64,64,0.4124855864,0.5875144136,12.1018853,0.6702231912,0.3297768088,1.692474055,20.4821269,0.04739645302,0.2823803558,0.3076089571,0.1558502508,0.0944467378,0.06558798508,0.01688379607,0.01170684415,0.01284076538,0.001915851895,0.0003154115598,0.0005036032911,0.00256298811,96.49516958
1361,3,tier3_voxel_grid,3,20262268,64,64,64,0.4411683119,0.5588316881,10.27401737,0.6956085074,0.3043914926,1.744102961,17.91894412,0.04374800379,0.2606434888,0.3192599276,0.1617532215,0.09802399434,0.06807218999,0.01752328528,0.01215025158,0.01332712111,0.001988416537,0.000327358061,0.0005226777262,0.002660063628,98.78759139
1362,3,tier3_voxel_grid,3,20262269,64,64,64,0.1206783201,0.8793216799,4.862432579,0.2843209529,0.7156790471,1.167220976,5.675533301,0.1028594111,0.612819636,0.1304933535,0.0661145308,0.04006603597,0.02782362452,0.007162415519,0.004966257701,0.005447287855,0.0008127394629,0.0001338033604,0.0002136377396,0.001087266497,68.89663027
1363,3,tier3_voxel_grid,3,20262270,64,64,64,0.1159921769,0.8840078231,1.702009384,0.2752695571,0.7247304429,1.158785918,1.972264507,0.1041603032,0.6205701397,0.12633908,0.06400976582,0.03879052833,0.02693785569,0.006934399058,0.004808156219,0.005273872714,0.0007868657928,0.0001295437125,0.0002068365534,0.001052653222,68.38346314
1364,3,tier3_voxel_grid,3,20262271,64,64,64,0.2741166705,0.7258833295,5.802994401,0.5222499777,0.4777500223,1.443410007,8.376100188,0.0686635806,0.4090864417,0.2396944377,0.1214413214,0.07359459856,0.05110733886,0.01315615788,0.00912218374,0.01000575558,0.001492866291,0.0002457743662,0.0003924167516,0.001997126481,84.43473198
1365,3,tier3_voxel_grid,3,20262272,64,64,64,0.2204954531,0.7795045469,9.343974732,0.4501939124,0.5498060876,1.346891816,12.58532309,0.07901968151,0.4707864061,0.2066232289,0.104685775,0.06344057765,0.04405593838,0.01134097165,0.007863574463,0.008625237805,0.001286891996,0.0002118642953,0.0003382740838,0.001721578214,79.27807222
1366,3,tier3_voxel_grid,3,20262273,64,64,64,0.3678755575,0.6321244425,8.480152939,0.6275107562,0.3724892438,1.612176003,13.67149907,0.05353520464,0.3189540392,0.2880054462,0.145918121,0.08842777247,0.06140814979,0.01580781414,0.0109607825,0.01202244044,0.001793757195,0.0002953107994,0.0004715093213,0.002399652277,92.79318385
1367,3,tier3_voxel_grid,3,20262274,64,64,64,0.005792353627,0.9942076464,6.410794245,0.01658531584,0.9834146842,0.9604262365,6.15709499,0.1413391319,0.8420755523,0.007612078745,0.00385666397,0.002337175134,0.001623037612,0.000417805731,0.0002896970894,0.0003177570581,4.740959311e-05,7.805161634e-06,1.246214657e-05,6.342359956e-05,55.64527932
1368,3,tier3_voxel_grid,3,20262275,64,64,64,0.2233479491,0.7766520509,8.828972451,0.4542861749,0.5457138251,1.352026308,11.93700303,0.07843153001,0.4672822951,0.208501434,0.1056373686,0.06401725247,0.04445640684,0.01144406107,0.007935054351,0.008703641213,0.001298589844,0.0002137901417,0.000341348995,0.001737227359,79.55960642
1369,3,tier3_voxel_grid,3,20262276,64,64,64,0.06165145863,0.9383485414,14.2467375,0.1597981957,0.8402018043,1.060972626,15.1153985,0.1207561729,0.7194456314,0.07334177176,0.03715864984,0.02251849606,0.01563783798,0.004025524905,0.002791208357,0.003061563919,0.0004567876494,7.520211e-05,0.0001200717885,0.0006110813247,62.26182291
1370,3,tier3_voxel_grid,3,20262277,64,64,64,0.4145177584,0.5854822416,1.55913098,0.6720726093,0.3279273907,1.696131965,2.644491892,0.04713064943,0.2807967413,0.3084577752,0.156280305,0.09470735472,0.06576896898,0.01693038532,0.01173914809,0.01287619827,0.001921138509,0.0003162819084,0.0005049929372,0.002570060435,96.65980875
1371,3,tier3_voxel_grid,3,20262278,64,64,64,0.2129677105,0.7870322895,5.786366874,0.4392430877,0.5607569123,1.333341879,7.715205279,0.08059356492,0.4801633473,0.2015971842,0.1021393265,0.06189740564,0.0429842916,0.01106510609,0.007672295498,0.00841543162,0.001255588755,0.0002067107633,0.0003300456735,0.001679701368,78.53114454
1372,3,tier3_voxel_grid,3,20262279,64,64,64,0.1063882678,0.8936117322,8.687301392,0.256301378,0.743698622,1.141498882,9.916544828,0.1068864634,0.6368121586,0.1176333505,0.0595990031,0.03611756407,0.02508163128,0.006456565895,0.004476837459,0.004910462524,0.0007326447179,0.0001206171593,0.000192583932,0.0009801173595,67.32444874
1373,3,tier3_voxel_grid,3,20262280,64,64,64,0.04209230431,0.9579076957,9.82740812,0.1128462244,0.8871537756,1.025766148,10.08062257,0.1275042427,0.759649533,0.05179246233,0.02624068012,0.01590210232,0.01104312202,0.002842743528,0.001971094374,0.002162013953,0.0003225741151,5.310619522e-05,8.479224639e-05,0.0004315331594,59.98181778
1374,3,tier3_voxel_grid,3,20262281,64,64,64,0.2228573962,0.7771426038,11.73802776,0.4535846299,0.5464153701,1.351143313,15.85975772,0.07853235804,0.4678830121,0.2081794494,0.1054742349,0.06391839191,0.0443877537,0.01142638824,0.007922800406,0.008690200354,0.001296584458,0.0002134599898,0.0003408218566,0.001734544594,79.51124862
1375,3,tier3_voxel_grid,3,20262282,64,64,64,0.01650499502,0.983495005,3.443230558,0.04632879428,0.9536712057,0.979708991,3.373363936,0.1370643153,0.8166068904,0.021263293,0.01077305934,0.006528576664,0.004533731909,0.001167082734,0.0008092288979,0.0008876105538,0.0001324321651,2.180264344e-05,3.48112891e-05,0.0001771650854,56.93903372
1376,3,tier3_voxel_grid,3,20262283,64,64,64,0.06195212096,0.938047879,9.504184421,0.1604956335,0.8395043665,1.061513818,10.08882309,0.1206559352,0.7188484313,0.07366187127,0.03732082844,0.02261677783,0.01570608919,0.004043094272,0.002803390562,0.003074926087,0.000458781295,7.553032894e-05,0.0001205958407,0.0006137483837,62.2965568
1377,3,tier3_voxel_grid,3,20262284,64,64,64,0.1793096902,0.8206903098,8.803767275,0.3874278253,0.6125721747,1.272757442,11.20506032,0.08804060057,0.5245315741,0.1778157946,0.09009047215,0.05459568501,0.03791365438,0.009759812073,0.006767234006,0.007422706157,0.001107473366,0.0001823261509,0.000291111872,0.001481555581,75.12050566
1378,3,tier3_voxel_grid,3,20262285,64,64,64,0.06526811178,0.9347318882,6.34921628,0.1681407333,0.8318592667,1.067482601,6.77767791,0.1195571599,0.7123021068,0.07717070418,0.0390985806,0.02369411259,0.01645423801,0.004235684306,0.002936928156,0.00322139809,0.0004806350286,7.912816456e-05,0.0001263403412,0.0006429838686,62.67900133
1379,3,tier3_voxel_grid,3,20262286,64,64,64,0.02051179642,0.9794882036,3.280374571,0.05715495649,0.9428450435,0.9869212336,3.237471319,0.1355083487,0.8073366948,0.02623212206,0.01329051937,0.008054181443,0.005593179232,0.001439807876,0.0009983303725,0.001095028337,0.0001633790551,2.689750849e-05,4.294602838e-05,0.000218565212,57.4199506
1380,3,tier3_voxel_grid,3,20262287,64,64,64,0.1775427593,0.8224572407,3.877907319,0.3845710822,0.6154289178,1.269576967,4.923301811,0.08845117975,0.5269777381,0.1765046496,0.0894261798,0.05419311751,0.03763409373,0.009687846988,0.006717335036,0.007367973988,0.001099307285,0.0001809817482,0.0002889653255,0.001470631163,74.93822276
1381,3,tier3_voxel_grid,3,20262288,64,64,64,0.2818485009,0.7181514991,3.024395128,0.5318526432,0.4681473568,1.457327302,4.407533591,0.06728345842,0.4008638983,0.2441017247,0.1236742759,0.07494779023,0.0520470549,0.01339806155,0.009289914297,0.01018973247,0.001520315781,0.0002502934455,0.0003996321599,0.002033847856,85.15505833
1382,3,tier3_voxel_grid,3,20262289,64,64,64,0.2718707025,0.7281292975,3.752657087,0.5194257576,0.4805742424,1.439367264,5.401451766,0.06906948547,0.4115047569,0.2383982197,0.1207845918,0.07319661416,0.05083096092,0.01308501209,0.009072852853,0.009951646518,0.001484793178,0.0002444452692,0.0003902946428,0.001986326433,84.22440896
1383,3,tier3_voxel_grid,3,20262290,64,64,64,0.3553590884,0.6446409116,11.31851086,0.6147515059,0.3852484941,1.589646359,17.99242957,0.05536900008,0.329879494,0.2821493975,0.1429511507,0.08662976013,0.06015953063,0.01548639199,0.01073791562,0.01177798674,0.001757284518,0.0002893062101,0.0004619220666,0.002350859864,91.72361041
1384,3,tier3_voxel_grid,3,20262291,64,64,64,0.2160845976,0.7839154024,14.40414955,0.4438041999,0.5561958001,1.338952276,19.28646881,0.07993802902,0.4762577711,0.2036905748,0.1031999441,0.06254014998,0.04343064165,0.01118000646,0.007751964823,0.008502817691,0.001268626823,0.0002088572535,0.0003334728768,0.001697143433,78.84111019
1385,3,tier3_voxel_grid,3,20262292,64,64,64,0.2873932682,0.7126067318,2.20249003,0.5386268941,0.4613731059,1.467307883,3.231730983,0.06630984398,0.3950632619,0.2472108684,0.1252495253,0.0759024064,0.05270998253,0.01356871376,0.0094082407,0.01031951993,0.001539680168,0.0002534814537,0.0004047223076,0.002059753144,85.6680989
1386,3,tier3_voxel_grid,3,20262293,64,64,64,0.003726121554,0.9962738784,6.722384053,0.01071052482,0.9892894752,0.9567070188,6.431352007,0.1421834734,0.8471060017,0.004915755548,0.002490570308,0.001509309351,0.001048131058,0.0002698120854,0.0001870816268,0.0002052022941,3.061633729e-05,5.04044531e-06,8.047849763e-06,4.095791989e-05,55.39441955
1387,3,tier3_voxel_grid,3,20262294,64,64,64,0.1090594192,0.8909405808,4.810295155,0.2616344615,0.7383655385,1.146306955,5.514074789,0.1061199776,0.6322455609,0.120081049,0.06083913088,0.03686909332,0.02560352638,0.006590913221,0.004569990872,0.005012638746,0.0007478894875,0.0001231269444,0.0001965911917,0.001000511505,67.61998173
1388,3,tier3_voxel_grid,3,20262295,64,64,64,0.207373729,0.792626271,2.61794643,0.4309601108,0.5690398892,1.323272712,3.464257073,0.08178401772,0.4872558714,0.1977955881,0.1002132457,0.06073018231,0.04217372018,0.01085644711,0.007527616053,0.008256738569,0.001231911632,0.0002028127384,0.0003238218745,0.001648026589,77.97235764
1389,3,tier3_voxel_grid,3,20262296,64,64,64,0.4184961552,0.5815038448,13.80290907,0.67567023,0.32432977,1.703293079,23.5103995,0.04661358924,0.2777161807,0.310108957,0.1571168772,0.09521432545,0.06612103184,0.01702101408,0.01180198803,0.01294512487,0.001931422409,0.000317974973,0.0005076961764,0.00258381803,96.98113444
1390,3,tier3_voxel_grid,3,20262297,64,64,64,0.2781523318,0.7218476682,12.75890849,0.527285116,0.472714884,1.450674197,18.50901933,0.06793991631,0.4047749677,0.2420053898,0.1226121666,0.07430414188,0.05160007707,0.01328299958,0.009210132919,0.01010222349,0.001507259376,0.0002481439363,0.0003962001364,0.00201638126,84.81142691
1391,3,tier3_voxel_grid,3,20262298,64,64,64,0.1820536433,0.8179463567,12.62338063,0.3918360083,0.6081639917,1.277696558,16.12884998,0.08740704408,0.5207569476,0.1798389961,0.09111552833,0.05521687882,0.03834503879,0.009870859949,0.006844232104,0.007507162266,0.001120074281,0.0001844006715,0.0002944241648,0.001498412832,75.40293758
1392,3,tier3_voxel_grid,3,20262299,64,64,64,0.3742544041,0.6257455959,6.215311421,0.6338771203,0.3661228797,1.623657927,10.09153966,0.05262021284,0.3135026669,0.2909273843,0.1473985226,0.08932490991,0.06203116164,0.01596819115,0.01107198431,0.01214441322,0.001811955626,0.0002983068533,0.0004762929843,0.002423997772,93.33299407
1393,3,tier3_voxel_grid,3,20262300,64,64,64,0.379060914,0.620939086,1.665589404,0.6386150548,0.3613849452,1.632309645,2.718757649,0.05193926353,0.3094456817,0.2931019302,0.1485002575,0.08999257176,0.06249481551,0.0160875459,0.01115474221,0.01223518702,0.001825499146,0.0003005365573,0.0004798530513,0.00244211602,93.73740978
1394,3,tier3_voxel_grid,3,20262301,64,64,64,0.1900053515,0.8099946485,9.885940394,0.40442014,0.59557986,1.292009633,12.77273022,0.08559841717,0.5099814428,0.1856146715,0.09404177755,0.05699021374,0.03957652087,0.01018787064,0.007064040178,0.007748260882,0.001156046377,0.0001903228489,0.0003038798361,0.001546535578,76.2169833
1395,3,tier3_voxel_grid,3,20262302,64,64,64,0.3952726373,0.6047273627,10.83886528,0.6542316016,0.3457683984,1.661490747,18.00867437,0.04969480938,0.296073589,0.3002693779,0.1521316489,0.09219322958,0.06402304947,0.01648094707,0.01142751773,0.01253438349,0.001870139485,0.0003078858097,0.0004915872683,0.002501834968,95.0868039
1396,3,tier3_voxel_grid,3,20262303,64,64,64,0.06992705409,0.9300729459,1.758428243,0.1787387245,0.8212612755,1.075868697,1.891837903,0.1180339867,0.7032272888,0.08203481074,0.04156298292,0.02518756389,0.01749135654,0.004502661522,0.003122044148,0.00342444436,0.0005109296853,8.411565078e-05,0.0001343036336,0.0006835114507,63.21436655
1397,3,tier3_voxel_grid,3,20262304,64,64,64,0.1866828738,0.8133171262,5.098765083,0.3991961565,0.6008038435,1.286029173,6.557160642,0.08634922283,0.5144546207,0.1832170462,0.0928270193,0.05625405867,0.03906530227,0.01005627168,0.006972792423,0.007648174898,0.001141113472,0.000187864407,0.0002999545537,0.001526558639,75.87764612
1398,3,tier3_voxel_grid,3,20262305,64,64,64,0.146328411,0.853671589,5.063483517,0.3316351315,0.6683648685,1.21339114,6.143986036,0.09605928387,0.5723055846,0.1522089034,0.07711672635,0.04673347136,0.03245378606,0.008354321371,0.005792698389,0.006353777328,0.0009479883771,0.0001560697324,0.000249189443,0.001268199773,71.66412741
1399,3,tier3_voxel_grid,3,20262306,64,64,64,0.08742419797,0.912575802,13.11765814,0.2171071488,0.7828928512,1.107363556,14.52601657,0.1125195685,0.6703732826,0.09964457288,0.05048497879,0.03059437845,0.02124608731,0.005469212157,0.003792228602,0.004159542668,0.0006206069083,0.0001021720903,0.0001631335294,0.0008302354324,65.20440274
1400,3,tier3_voxel_grid,3,20262307,64,64,64,0.3149487701,0.6850512299,13.3386832,0.570970184,0.429029816,1.516907786,20.2335524,0.06166137514,0.3673684409,0.262055305,0.1327704674,0.08046016903,0.05587509415,0.0143834834,0.00997318363,0.01093918305,0.001632134375,0.0002687024243,0.000429024939,0.00218343652,88.17456678
1401,3,tier3_voxel_grid,3,20262308,64,64,64,0.2349307111,0.7650692889,14.35542783,0.4705885996,0.5294114004,1.37287528,19.708212,0.07608849955,0.4533229008,0.2159836756,0.1094282505,0.06631456306,0.04605176075,0.01185474041,0.008219810158,0.009015978377,0.001345190785,0.0002214621728,0.0003535985782,0.00179956916,80.69437464
1402,3,tier3_voxel_grid,3,20262309,64,64,64,0.1672367773,0.8327632227,3.154889108,0.3676191096,0.6323808904,1.251026199,3.946848929,0.09088756505,0.5414933253,0.1687242883,0.08548425538,0.05180427373,0.03597517513,0.009260804697,0.006421233524,0.007043192178,0.001050849593,0.0001730040355,0.0002762276745,0.001405805438,73.86852854
1403,3,tier3_voxel_grid,3,20262310,64,64,64,0.3589596894,0.6410403106,14.61426472,0.6184588527,0.3815411473,1.596127441,23.32622895,0.05483616974,0.3267049775,0.2838509398,0.143813238,0.08715219328,0.06052233128,0.01557978489,0.01080267215,0.01184901557,0.001767882074,0.0002910509125,0.0004647077536,0.00236503706,92.0327089
1404,3,tier3_voxel_grid,3,20262311,64,64,64,0.3898359247,0.6101640753,6.663617791,0.649055982,0.350944018,1.651704664,11.00632859,0.05043866403,0.300505354,0.2978939498,0.1509281369,0.09146388986,0.06351656377,0.01635056647,0.01133711475,0.01243522411,0.001855344831,0.0003054501281,0.0004876983263,0.002482042976,94.63677826
1405,3,tier3_voxel_grid,3,20262312,64,64,64,0.3341261337,0.6658738663,6.048913667,0.5922591547,0.4077408453,1.551427041,9.38444823,0.05860166423,0.3491391811,0.2718261965,0.1377208951,0.08346017539,0.05795843103,0.01491978033,0.01034503985,0.01134705715,0.001692989498,0.0002787211577,0.0004450213949,0.00226484728,89.87729719
1406,3,tier3_voxel_grid,3,20262313,64,64,64,0.2344448303,0.7655551697,7.265527283,0.4699146916,0.5300853084,1.372000695,9.968308478,0.0761853555,0.4538999528,0.2156743755,0.1092715434,0.06621959707,0.04598581217,0.01183776379,0.008208038952,0.009003067015,0.0013432644,0.0002211450272,0.0003530922062,0.001796992081,80.64704324
1407,3,tier3_voxel_grid,3,20262314,64,64,64,0.3545097905,0.6454902095,13.05840261,0.6138726187,0.3861273813,1.588117623,20.7382793,0.05549531623,0.3306320651,0.2817460191,0.1427467787,0.0865059088,0.0600735228,0.01546425167,0.01072256402,0.01176114819,0.001754772194,0.0002888925998,0.0004612616739,0.002347498927,91.65053382
1408,3,tier3_voxel_grid,3,20262315,64,64,64,0.3416186605,0.6583813395,3.713363012,0.6003215277,0.3996784723,1.564913589,5.811092239,0.05744291724,0.3422355551,0.2755265432,0.1395956778,0.08459631159,0.05874741418,0.01512288202,0.01048586599,0.01150152366,0.001716036019,0.0002825153649,0.000451079433,0.002295678451,90.53343627
1409,3,tier3_voxel_grid,3,20262316,64,64,64,0.146441513,0.853558487,2.003943694,0.3318357875,0.6681642125,1.213594723,2.431975493,0.09603044503,0.5721337675,0.1523009974,0.07716338584,0.04676174746,0.03247342223,0.008359376155,0.005796203263,0.006357621683,0.0009485619577,0.0001561641625,0.0002493402151,0.001268967098,71.67617595
1410,3,tier3_voxel_grid,3,20262317,64,64,64,0.358528433,0.641471567,2.126647116,0.6180163988,0.3819836012,1.595351179,3.392748984,0.05489976046,0.3270838407,0.2836478689,0.143710352,0.08708984341,0.06047903277,0.0155686389,0.01079494377,0.01184053862,0.001766617307,0.0002908426907,0.0004643752954,0.002363345081,91.99574758
1411,3,tier3_voxel_grid,3,20262318,64,64,64,0.04783147015,0.9521685298,1.624828826,0.1269539318,0.8730460682,1.036096646,1.683479698,0.1254766432,0.7475694251,0.05826740563,0.02952121377,0.01789013699,0.01242370108,0.003198135072,0.002217514871,0.002432302662,0.0003629013946,5.974537759e-05,9.53927269e-05,0.0004854821824,60.65499214
1412,3,tier3_voxel_grid,3,20262319,64,64,64,0.0947456096,0.9052543904,9.250846264,0.2325217652,0.7674782348,1.120542097,10.36596267,0.1103041364,0.6571740984,0.1067193416,0.05406941433,0.03276658056,0.02275456037,0.005857526442,0.004061476986,0.004454870366,0.0006646700239,0.0001094263129,0.0001747160166,0.0008891821817,66.02742948
1413,3,tier3_voxel_grid,3,20262320,64,64,64,0.108621902,0.891378098,6.96899135,0.2607640031,0.7392359969,1.145519424,7.983114955,0.1062450823,0.6329909146,0.119681539,0.06063671895,0.03674642977,0.02551834339,0.006568985238,0.004554786501,0.004995961685,0.0007454012574,0.0001227173008,0.0001959371324,0.0009971828013,67.57162748
1414,3,tier3_voxel_grid,3,20262321,64,64,64,0.2004879773,0.7995120227,13.27508318,0.4205897014,0.5794102986,1.310878359,17.40201926,0.08327448221,0.4961358164,0.1930359336,0.09780176412,0.05926880145,0.04115887278,0.01059520297,0.00734647525,0.008058052526,0.001202267524,0.0001979323537,0.0003160295863,0.001608369298,77.2801427
1415,3,tier3_voxel_grid,3,20262322,64,64,64,0.3664306902,0.6335693098,7.820595096,0.6260560995,0.3739439005,1.609575242,12.58783625,0.053744272,0.3201996285,0.2873378098,0.1455798627,0.08822278467,0.06126579721,0.01577116944,0.01093537389,0.01199457076,0.001789599018,0.0002946262282,0.0004704162975,0.002394089551,92.67041847
1416,3,tier3_voxel_grid,3,20262323,64,64,64,0.02661611093,0.9733838891,1.04234721,0.07334767508,0.9266523249,0.9979089997,1.040167662,0.1331810856,0.7934712394,0.03366401242,0.01705589079,0.01033603242,0.00717779731,0.001847723571,0.001281169933,0.001405263649,0.0002096663979,3.45179112e-05,5.511317878e-05,0.0002804874877,58.14947329
1417,3,tier3_voxel_grid,3,20262324,64,64,64,0.0296896487,0.9703103513,7.200284116,0.08136652181,0.9186334782,1.003441368,7.225062941,0.1320285943,0.7866048839,0.03734438206,0.01892055214,0.01146603497,0.007962520976,0.002049728775,0.001421235795,0.001558896246,0.0002325884975,3.829163463e-05,6.113851133e-05,0.0003111522112,58.51534312
1418,3,tier3_voxel_grid,3,20262325,64,64,64,0.11190854,0.88809146,11.28860161,0.2672737806,0.7327262194,1.151435372,12.9980952,0.1053094787,0.6274167406,0.1226692988,0.06215046911,0.0376637768,0.02615538968,0.006732975023,0.004668493327,0.005120682118,0.0007640096402,0.000125780846,0.0002008285558,0.001022076721,67.93436623
1419,3,tier3_voxel_grid,3,20262326,64,64,64,0.007348084412,0.9926519156,3.675197362,0.02097869093,0.9790213091,0.9632265519,3.540047682,0.1407077036,0.8383136054,0.009628483949,0.004878276799,0.002956282247,0.002052972929,0.000528480578,0.0003664365371,0.0004019294645,5.996817972e-05,9.872713621e-06,1.576331278e-05,8.0224224e-05,55.8338785
1420,3,tier3_voxel_grid,3,20262327,64,64,64,0.2473033981,0.7526966019,7.283321883,0.4874646008,0.5125353992,1.395146117,10.16129824,0.07366303306,0.4388723661,0.2237291688,0.113352509,0.06869270109,0.04770324481,0.01227986888,0.008514584673,0.009339304659,0.00139343131,0.000229404133,0.0003662791447,0.001864104364,81.89171251
1421,3,tier3_voxel_grid,3,20262328,64,64,64,0.006818316489,0.9931816835,11.43990978,0.01948550041,0.9805144996,0.9622729697,11.00831595,0.1409223092,0.8395921904,0.008943161827,0.004531057961,0.002745864321,0.00190684943,0.0004908651618,0.0003403548542,0.000373321518,5.56998525e-05,9.170008077e-06,1.46413348e-05,7.451414173e-05,55.76968259
1422,3,tier3_voxel_grid,3,20262329,64,64,64,0.230248864,0.769751136,6.252712012,0.4640590164,0.5359409836,1.364447955,8.53150012,0.07702694966,0.4589140339,0.2129868258,0.1079098949,0.06539442505,0.04541277629,0.01169025169,0.008105757386,0.00889087849,0.001326525787,0.0002183893069,0.0003486922729,0.001774599502,80.23731511
1423,3,tier3_voxel_grid,3,20262330,64,64,64,0.1072549673,0.8927450327,6.952496172,0.2580367025,0.7419632975,1.143058941,7.947112912,0.1066370577,0.6353262398,0.1184298037,0.06000252652,0.03636210311,0.02525144999,0.006500280982,0.004507148517,0.0049437095,0.000737605192,0.0001214338147,0.0001938878486,0.0009867533818,67.42042275
1424,3,tier3_voxel_grid,3,20262331,64,64,64,0.02616287183,0.9738371282,14.45150326,0.0721576476,0.9278423524,0.9970931693,14.40949519,0.1333521197,0.7944902327,0.03311783151,0.01677916793,0.01016833573,0.007061341321,0.001817745227,0.001260383624,0.001382463985,0.0002062646708,3.395787624e-05,5.421899642e-05,0.0002759367256,58.09543815
1425,3,tier3_voxel_grid,3,20262332,64,64,64,0.03407867642,0.9659213236,13.65245113,0.0926653848,0.9073346152,1.011341618,13.80729201,0.1304046898,0.7769299254,0.0425301642,0.02154793157,0.01305825196,0.009068226758,0.002334361866,0.001618593973,0.001775370475,0.000264886616,4.360895585e-05,6.962843627e-05,0.0003543599842,59.0361188
1426,3,tier3_voxel_grid,3,20262333,64,64,64,0.08468733174,0.9153126683,9.233726248,0.2112502761,0.7887497239,1.102437197,10.17960328,0.1133613348,0.6753883891,0.09695647356,0.04912305176,0.02976903769,0.02067293424,0.005321669897,0.00368992612,0.0040473312,0.0006038648725,9.94158065e-05,0.0001587326963,0.0008078382738,64.89527458
1427,3,tier3_voxel_grid,3,20262334,64,64,64,0.1501406319,0.8498593681,12.51959166,0.3383615457,0.6616384543,1.220253137,15.27707101,0.09509254465,0.5665459096,0.1552960918,0.07868085208,0.04768134647,0.03311203239,0.008523768515,0.005910189225,0.006482648289,0.0009672160218,0.0001592352284,0.0002542436464,0.001293922129,72.06949049
1428,3,tier3_voxel_grid,3,20262335,64,64,64,0.1147246174,0.8852753826,11.02716523,0.2727985488,0.7272014512,1.156504311,12.75296413,0.1045154435,0.6226860077,0.1252049738,0.06343517027,0.03844231795,0.02669604303,0.006872151137,0.004764994912,0.005226530816,0.0007798023459,0.0001283808393,0.0002049798467,0.001043203885,68.24425389
1429,3,tier3_voxel_grid,3,20262336,64,64,64,0.05334852894,0.9466514711,8.217020629,0.1402529812,0.8597470188,1.046027352,8.595228331,0.1235652663,0.7361817525,0.06437120328,0.03261370628,0.01976421693,0.01372514494,0.003533155468,0.002449810473,0.002687098343,0.0004009171026,6.600400009e-05,0.0001053855848,0.0005363388315,61.29886236
1430,3,tier3_voxel_grid,3,20262337,64,64,64,0.3640886715,0.6359113285,14.47346535,0.6236882012,0.3763117988,1.605359609,23.23511666,0.05408459303,0.3222272058,0.2862510275,0.1450292438,0.08788910437,0.06103407488,0.01571151899,0.01089401362,0.01194920434,0.001782830314,0.0002935118792,0.0004686370672,0.002385034515,92.4710366
1431,3,tier3_voxel_grid,3,20262338,64,64,64,0.02852997609,0.9714700239,2.471701258,0.0783513499,0.9216486501,1.001353957,2.475047835,0.1324619433,0.7891867068,0.03596052381,0.01821941958,0.01104114196,0.007667456507,0.001973772663,0.001368569537,0.00150112875,0.0002239695435,3.687267436e-05,5.887292201e-05,0.000299621948,58.37741142
1432,3,tier3_voxel_grid,3,20262339,64,64,64,0.2903559433,0.7096440567,12.30812805,0.5422088668,0.4577911332,1.472640698,18.12545028,0.06579503276,0.3919961004,0.2488548684,0.1260824588,0.07640717203,0.05306051407,0.01365894832,0.009470807314,0.01038814672,0.001549919338,0.0002551671542,0.0004074137889,0.002073450899,85.94102378
1433,3,tier3_voxel_grid,3,20262340,64,64,64,0.09055340448,0.9094465955,13.40016921,0.2237400976,0.7762599024,1.112996128,14.91433645,0.1115662624,0.66469364,0.1026888639,0.05202737056,0.03152908256,0.02189518712,0.005636304785,0.003908086869,0.004286622931,0.0006395673794,0.0001052936008,0.0001681175032,0.0008556003691,65.5568676
1434,3,tier3_voxel_grid,3,20262341,64,64,64,0.2827142189,0.7172857811,11.78998003,0.5329164296,0.4670835704,1.458885594,17.20023202,0.06713056805,0.3999530024,0.2445899653,0.1239216433,0.07509769723,0.05215115695,0.01342485971,0.009308495541,0.01021011348,0.001523356645,0.0002507940705,0.0004004314851,0.002037915862,85.23535434
1435,3,tier3_voxel_grid,3,20262342,64,64,64,0.01111800843,0.9888819916,7.826199722,0.03151972358,0.9684802764,0.9700124152,7.591510894,0.1391927167,0.8292875597,0.01446644853,0.007329434268,0.004441707042,0.003084517497,0.0007940229344,0.0005505576299,0.0006038844683,9.010001885e-05,1.483339477e-05,2.368380673e-05,0.000120533992,56.28989618
1436,3,tier3_voxel_grid,3,20262343,64,64,64,0.04815885343,0.9518411466,7.402477563,0.1277502109,0.8722497891,1.036685936,7.674044382,0.1253621997,0.7468875895,0.05863286983,0.02970637642,0.01800234732,0.01250162488,0.00321819438,0.002231423544,0.002447558525,0.0003651775808,6.012011192e-05,9.599104815e-05,0.0004885272186,60.69328863
1437,3,tier3_voxel_grid,3,20262344,64,64,64,0.113107626,0.886892374,4.872227471,0.2696321627,0.7303678373,1.153593727,5.620571046,0.1049705254,0.6253973119,0.1237517135,0.06269887515,0.03799611608,0.02638618075,0.006792385743,0.004709687383,0.005165866217,0.000770751142,0.0001268907166,0.0002026006356,0.001031095367,68.06641979
1438,3,tier3_voxel_grid,3,20262345,64,64,64,0.2306436521,0.7693563479,9.621437344,0.4646127237,0.5353872763,1.365158574,13.13478768,0.07694736929,0.458439907,0.213240958,0.1080386511,0.06547245256,0.04546696204,0.0117042003,0.008115429037,0.008901486934,0.001328108575,0.0002186498853,0.0003491083266,0.001776716924,80.27594066
1439,3,tier3_voxel_grid,3,20262346,64,64,64,0.4381400218,0.5618599782,3.757728966,0.692999538,0.307000462,1.738652039,6.533383129,0.04412297222,0.2628774898,0.3180625021,0.1611465452,0.09765634272,0.06781687646,0.01745756194,0.01210468049,0.01327713603,0.001980958725,0.0003261302624,0.000520717356,0.002650086716,98.54871601
1440,3,tier3_voxel_grid,3,20262347,64,64,64,0.3840598377,0.6159401623,4.050489219,0.643489669,0.356510331,1.641307708,6.648099176,0.05123867023,0.3052716608,0.2953392073,0.1496337752,0.09067949429,0.06297184485,0.01621034379,0.0112398875,0.01232857946,0.001839433368,0.0003028305837,0.0004835158188,0.002460756942,94.15589895
1441,3,tier3_voxel_grid,3,20262348,64,64,64,0.04584918484,0.9541508152,3.458869715,0.1221130984,0.8778869016,1.032528533,3.571381672,0.1261723814,0.7517145202,0.05604563276,0.0283955513,0.0172079748,0.01194997753,0.003076188167,0.002132959633,0.00233955743,0.0003490637359,5.746724873e-05,9.175534216e-05,0.0004669704411,60.42286964
1442,3,tier3_voxel_grid,3,20262349,64,64,64,0.1826752011,0.8173247989,14.33221495,0.3928298158,0.6071701842,1.278815362,18.32825666,0.08726421126,0.5199059729,0.1802951189,0.09134662321,0.05535692452,0.03844229271,0.009895895257,0.006861591022,0.007526202564,0.001122915108,0.0001848683641,0.0002951709082,0.001502213233,75.46680507
1443,3,tier3_voxel_grid,3,20262350,64,64,64,0.06685128037,0.9331487196,8.709107193,0.1717606954,0.8282393046,1.070332305,9.321638773,0.1190368887,0.7092024158,0.07883213993,0.03994034795,0.02420423163,0.0168084872,0.004326875871,0.003000158334,0.003290752724,0.0004909827923,8.083174317e-05,0.0001290603677,0.0006568268987,62.86118324
1444,3,tier3_voxel_grid,3,20262351,64,64,64,0.2516058477,0.7483941523,9.706989124,0.4932074659,0.5067925341,1.402890526,13.61784308,0.07283765229,0.4339548818,0.2263649426,0.1146879253,0.06950197609,0.0482652411,0.01242453914,0.008614895775,0.009449331862,0.001409847452,0.0002321067641,0.0003705943129,0.001886065549,82.30451333
1445,3,tier3_voxel_grid,3,20262352,64,64,64,0.06257665246,0.9374233475,9.295965563,0.161942071,0.838057929,1.062637974,9.878246016,0.1204480491,0.7176098799,0.07432573538,0.03765717556,0.02282060739,0.01584763743,0.004079531918,0.002828655605,0.003102638294,0.0004629159773,7.621103218e-05,0.0001216826886,0.0006192796784,62.36867501
1446,3,tier3_voxel_grid,3,20262353,64,64,64,0.06305528498,0.936944715,3.766235171,0.1630485314,0.8369514686,1.063499513,4.00538927,0.1202890255,0.7166624431,0.07483356192,0.03791446616,0.02297652795,0.01595591556,0.004107405098,0.002847982241,0.003123836902,0.0004660788256,7.673173991e-05,0.000122514079,0.0006235108732,62.42391753
1447,3,tier3_voxel_grid,3,20262354,64,64,64,0.1176872117,0.8823127883,14.25345748,0.2785587286,0.7214412714,1.161836981,16.56019401,0.1036875742,0.6177536972,0.1278486944,0.06477461282,0.0392540329,0.02725973373,0.007017257576,0.00486560845,0.00533688975,0.0007962679822,0.0001310916188,0.000209308025,0.001065231282,68.56935205
1448,3,tier3_voxel_grid,3,20262355,64,64,64,0.005999389237,0.9940006108,2.708237992,0.01717146053,0.9828285395,0.9607989006,2.602072085,0.1412548895,0.8415736499,0.007881098617,0.003992963039,0.002419773669,0.001680397682,0.00043257148,0.0002999353274,0.0003289869686,4.908510424e-05,8.081005284e-06,1.290257357e-05,6.566506463e-05,55.67039191
1449,3,tier3_voxel_grid,3,20262356,64,64,64,0.08553535468,0.9144646453,2.926184666,0.2130706277,0.7869293723,1.103963638,3.230401471,0.1130997087,0.6738296636,0.09779195113,0.04954634694,0.0300255586,0.02085107369,0.005367526926,0.003721722352,0.004082207205,0.0006090683987,0.0001002724762,0.0001601005019,0.0008147994465,64.99114381
1450,3,tier3_voxel_grid,3,20262357,64,64,64,0.2041297401,0.7958702599,5.39241645,0.4260987531,0.5739012469,1.317433532,7.104150251,0.08248270576,0.4914185411,0.1955643952,0.09908281064,0.06004512786,0.04169798812,0.01073398317,0.007442702314,0.008163600112,0.001218015304,0.0002005249506,0.0003201690679,0.001629436361,77.6468491
1451,3,tier3_voxel_grid,3,20262358,64,64,64,0.179831056,0.820168944,13.24394054,0.3882680345,0.6117319655,1.273695901,16.86875278,0.08791984334,0.5238121222,0.1782014211,0.09028585006,0.05471408588,0.03799587717,0.009780978037,0.006781910009,0.007438803673,0.001109875127,0.000182721559,0.0002917432022,0.00148476861,75.1742295
1452,3,tier3_voxel_grid,3,20262359,64,64,64,0.04088031968,0.9591196803,1.229794833,0.1098305717,0.8901694283,1.023584575,1.258799022,0.1279376608,0.7622317675,0.05040838345,0.02553943578,0.01547714156,0.0107480105,0.002766775306,0.001918419719,0.002104237248,0.0003139537869,5.168700873e-05,8.252629587e-05,0.000420001058,59.83921849
1453,3,tier3_voxel_grid,3,20262360,64,64,64,0.2997863401,0.7002136599,7.692299537,0.5534397862,0.4465602138,1.489615412,11.45856795,0.06418089335,0.3823793205,0.2540094668,0.128694039,0.07798981452,0.0541595709,0.01394186982,0.009666978716,0.01060331922,0.001582023238,0.0002604525007,0.0004158526613,0.00211639885,86.80421955
1454,3,tier3_voxel_grid,3,20262361,64,64,64,0.2451762502,0.7548237498,2.036719933,0.484601688,0.515398312,1.39131725,2.833723576,0.07407449896,0.441323813,0.2224151921,0.112686782,0.06828926418,0.0474230804,0.01220774838,0.008464577937,0.009284454286,0.001385247593,0.0002280568269,0.0003641279624,0.001853156352,81.68694578
1455,3,tier3_voxel_grid,3,20262362,64,64,64,0.3768721019,0.6231278981,13.49075896,0.636463714,0.363536286,1.628369783,21.96794425,0.05224846029,0.3112878257,0.2921145401,0.1479999958,0.0896894084,0.06228428549,0.01603335082,0.01111716456,0.01219396961,0.001819349478,0.0002995241218,0.0004782365416,0.002433889117,93.553493
1456,3,tier3_voxel_grid,3,20262363,64,64,64,0.07987273131,0.9201272687,6.016355051,0.2008190269,0.7991809731,1.093770916,6.580514177,0.1148605434,0.6843204297,0.09216889574,0.04669742278,0.02829908339,0.01965213307,0.005058893129,0.003507722624,0.003847479531,0.0005740468525,9.450679019e-05,0.0001508946933,0.0007679483267,64.3495312
1457,3,tier3_voxel_grid,3,20262364,64,64,64,0.04760162154,0.9523983785,2.283741692,0.1263943403,0.8736056597,1.035682919,2.365232261,0.1255570692,0.7480485905,0.05801057274,0.02939108925,0.01781128029,0.0123689395,0.003184038232,0.00220774044,0.002421581482,0.0003613017865,5.948203006e-05,9.497225187e-05,0.0004833422589,60.62809831
1458,3,tier3_voxel_grid,3,20262365,64,64,64,0.1028995491,0.8971004509,6.541721555,0.24926795,0.75073205,1.135219188,7.426287834,0.1078973275,0.6428347225,0.1144052536,0.05796348595,0.03512642509,0.02439334061,0.006279384673,0.004353983988,0.004775709504,0.0007125394656,0.0001173071806,0.0001872990395,0.0009532209575,66.93731478
1459,3,tier3_voxel_grid,3,20262366,64,64,64,4.693913617e-05,0.9999530609,4.882344937,0.0001358643634,0.9998641356,0.9500844904,4.638640202,0.1437032935,0.8561608422,6.235698149e-05,3.159319968e-05,1.91457802e-05,1.329567517e-05,3.422600463e-06,2.373154121e-06,2.60301708e-06,3.883721147e-07,6.39386869e-08,1.020879931e-07,5.195563992e-07,54.94668286
1460,3,tier3_voxel_grid,3,20262367,64,64,64,0.104017297,0.895982703,1.63467236,0.2515298413,0.7484701587,1.137231135,1.859000302,0.1075722421,0.6408979166,0.1154433824,0.0584894545,0.03544516704,0.0246146891,0.006336364662,0.00439349263,0.004819044941,0.0007190051455,0.0001183716419,0.0001889986165,0.0009618706139,67.0614897
1461,3,tier3_voxel_grid,3,20262368,64,64,64,0.08526246613,0.9147375339,13.99983024,0.2124853993,0.7875146007,1.103472439,15.44842682,0.1131838194,0.6743307813,0.09752335183,0.04941026096,0.0299430892,0.02079380329,0.005352784261,0.00371150012,0.004070994851,0.000607395507,9.999706382e-05,0.0001596607635,0.0008125614856,64.96030204
1462,3,tier3_voxel_grid,3,20262369,64,64,64,0.3563014905,0.6436985095,10.99544009,0.6157247647,0.3842752353,1.591342683,17.49751313,0.05522912058,0.3290461147,0.2825960892,0.1431774672,0.08676691014,0.06025477365,0.01551090964,0.01075491561,0.01179663334,0.001760066606,0.0002897642322,0.0004626533697,0.002354581685,91.80462312
1463,3,tier3_voxel_grid,3,20262370,64,64,64,0.3668302784,0.6331697216,14.41494933,0.626458865,0.373541135,1.610294501,23.21231364,0.05368638541,0.3198547496,0.2875226651,0.1456735197,0.08827954171,0.06130521181,0.01578131563,0.01094240903,0.01200228732,0.001790750335,0.0002948157723,0.0004707189341,0.002395629759,92.70438838
1464,3,tier3_voxel_grid,3,20262371,64,64,64,0.2851313648,0.7148686352,14.93125828,0.5358746016,0.4641253984,1.463236457,21.84796145,0.06670541122,0.3974199872,0.2459476626,0.1246095214,0.07551455791,0.05244064341,0.01349937992,0.009360166178,0.01026678892,0.001531812663,0.0002521862062,0.0004026542449,0.002049228153,85.45916668
1465,3,tier3_voxel_grid,3,20262372,64,64,64,0.02442242646,0.9755775735,6.025119919,0.06756976932,0.9324302307,0.9939603676,5.988730409,0.1340115025,0.7984187282,0.03101215616,0.01571232633,0.009521819551,0.006612371939,0.001702170591,0.001180246773,0.001294565103,0.0001931500914,3.179878974e-05,5.077168121e-05,0.0002583923052,57.88774653
1466,3,tier3_voxel_grid,3,20262373,64,64,64,0.3324060656,0.6675939344,9.329410735,0.5903884433,0.4096115567,1.548330918,14.44501509,0.05887052815,0.3507410286,0.2709676056,0.1372858895,0.08319655785,0.05777536337,0.01487265467,0.01031236398,0.0113112163,0.001687642017,0.0002778407883,0.0004436157491,0.002257693527,89.72594856
1467,3,tier3_voxel_grid,3,20262374,64,64,64,0.0562924073,0.9437075927,2.319109556,0.1472464973,0.8527535027,1.051326333,2.438140946,0.1225601384,0.7301933643,0.06758098207,0.03423994251,0.02074973159,0.01440952983,0.003709331256,0.002571966799,0.002821086692,0.0004209082655,6.929519598e-05,0.0001106404875,0.000563082607,61.64111997
1468,3,tier3_voxel_grid,3,20262375,64,64,64,0.1806756919,0.8193243081,10.90899855,0.3896265864,0.6103734136,1.275216245,13.91133217,0.08772458842,0.5226488251,0.1788249489,0.09060176075,0.05490553077,0.03812882496,0.009815201733,0.006805639949,0.007464832088,0.001113758586,0.0001833609027,0.0002927640132,0.001489963823,75.26120452
1469,3,tier3_voxel_grid,3,20262376,64,64,64,0.4057777554,0.5942222446,11.55371681,0.6640614462,0.3359385538,1.68039996,19.41486527,0.04828203639,0.2876565174,0.304780932,0.1544174303,0.09357843493,0.06498499723,0.01672857368,0.01159921644,0.01272271289,0.001898238373,0.0003125118009,0.0004989733781,0.002539425095,95.94928718
1470,3,tier3_voxel_grid,3,20262377,64,64,64,0.08103985065,0.9189601493,14.48679149,0.2033628416,0.7966371584,1.095871731,15.87566527,0.1144949391,0.6821422192,0.09333641753,0.04728894835,0.02865755353,0.01990107056,0.005122975138,0.003552155646,0.003896216322,0.0005813184185,9.570392656e-05,0.0001528061065,0.0007776760814,64.48205278
1471,3,tier3_voxel_grid,3,20262378,64,64,64,0.07447285424,0.9255271458,5.621727825,0.1889212991,0.8110787009,1.084051138,6.094240444,0.1165705184,0.6945081826,0.0867082556,0.04393078638,0.02662247536,0.01848782243,0.004759173851,0.003299904023,0.003619531686,0.0005400368618,8.890763911e-05,0.0001419547834,0.0007224504456,63.73451195
1472,3,tier3_voxel_grid,3,20262379,64,64,64,0.1644042076,0.8355957924,8.874686389,0.3628714706,0.6371285294,1.245927574,11.05721648,0.09156990913,0.5455586203,0.1665452883,0.08438026383,0.05113524433,0.03551057157,0.009141205479,0.006338306118,0.006952232449,0.001037278333,0.0001707697645,0.0002726603156,0.001387650079,73.57257899
1473,3,tier3_voxel_grid,3,20262380,64,64,64,0.4233597459,0.5766402541,6.848972214,0.6800274363,0.3199725637,1.712047543,11.72576605,0.04598735927,0.2739852044,0.312108762,0.1581300795,0.09582833571,0.06654742768,0.01713077778,0.01187809571,0.01302860432,0.001943877606,0.0003200255037,0.0005109701655,0.002600480342,97.37218327
1474,3,tier3_voxel_grid,3,20262381,64,64,64,0.1552495713,0.8447504287,8.849728195,0.3472581959,0.6527418041,1.229449228,10.8802915,0.093813893,0.5589279111,0.1593793424,0.08074963331,0.04893504762,0.03398265782,0.008747886733,0.006065587752,0.006653098669,0.0009926473472,0.000163422052,0.0002609285572,0.001327943644,72.61033074
1475,3,tier3_voxel_grid,3,20262382,64,64,64,0.3441721301,0.6558278699,8.20389994,0.6030375453,0.3969624547,1.569509834,12.87610163,0.05705256354,0.3399098912,0.2767731001,0.1402272465,0.08497904827,0.05901320343,0.01519130204,0.01053330689,0.01155355968,0.001723799831,0.0002837935411,0.0004531202388,0.002306064724,90.75589255
1476,3,tier3_voxel_grid,3,20262383,64,64,64,0.1220996172,0.8779003828,13.17861916,0.2870404222,0.7129595778,1.169779311,15.41607604,0.1024685613,0.6104910166,0.1317414946,0.06674690218,0.04044925906,0.02808975155,0.007230922496,0.005013758896,0.005499390001,0.0008205131425,0.000135083161,0.000215681139,0.00109766597,69.05181036
1477,3,tier3_voxel_grid,3,20262384,64,64,64,0.313371778,0.686628222,1.7884998,0.5691763555,0.4308236445,1.5140692,2.707912462,0.06191918923,0.3689044553,0.2612320006,0.1323533398,0.08020738571,0.05569955024,0.01433829452,0.009941850679,0.0109048152,0.001627006665,0.0002678582365,0.0004276770628,0.002176576774,88.03304041
1478,3,tier3_voxel_grid,3,20262385,64,64,64,0.134276706,0.865723294,4.675867762,0.3098611558,0.6901388442,1.191698071,5.572222591,0.09918870108,0.5909501432,0.1422154115,0.0720535181,0.0436651189,0.03032298662,0.007805806531,0.005412370546,0.00593661105,0.0008857468532,0.0001458227524,0.000232828556,0.001184934315,70.37251923
1479,3,tier3_voxel_grid,3,20262386,64,64,64,0.0003364996586,0.9996635003,8.949685828,0.0009734573038,0.9990265427,0.9506056994,8.507622356,0.1435829122,0.8554436305,0.000446782788,0.0002263627504,0.0001371779848,9.526244982e-05,2.452265874e-05,1.700345958e-05,1.865040932e-05,2.782655159e-06,4.581155809e-07,7.314523107e-07,3.722580071e-06,54.9819694
1480,3,tier3_voxel_grid,3,20262387,64,64,64,0.1565766541,0.8434233459,5.59389222,0.3495474296,0.6504525704,1.231837977,6.890768877,0.09348487787,0.5569676925,0.1604300204,0.08128195993,0.04925764262,0.03420668204,0.008805555514,0.006105573987,0.006696957958,0.0009991911863,0.0001644993808,0.0002626486792,0.001336697861,72.75036752
1481,3,tier3_voxel_grid,3,20262388,64,64,64,0.1353997713,0.8646002287,2.604392892,0.3119236499,0.6880763501,1.193719588,3.108914811,0.0988922736,0.5891840765,0.1431620241,0.07253311988,0.04395576214,0.03052482213,0.007857763448,0.005448396303,0.00597612625,0.0008916425509,0.0001467933761,0.0002343783067,0.001192821461,70.4935314
1482,3,tier3_voxel_grid,3,20262389,64,64,64,0.04983516996,0.95016483,2.304266596,0.1318132939,0.8681867061,1.039703306,2.395753597,0.1247782419,0.7434084642,0.06049768254,0.03065118483,0.01857491022,0.01289923784,0.003320548739,0.002302393753,0.002525402886,0.0003767920182,6.203222622e-05,9.904403409e-05,0.0005040647792,60.88920396
1483,3,tier3_voxel_grid,3,20262390,64,64,64,0.03428847114,0.9657115289,3.255675754,0.09320104941,0.9067989506,1.011719248,3.293829826,0.1303277026,0.776471248,0.04277601549,0.02167249226,0.01313373693,0.009120646851,0.002347855956,0.001627950472,0.001785633241,0.0002664178284,4.386104323e-05,7.003093272e-05,0.0003564084093,59.06096191
1484,3,tier3_voxel_grid,3,20262391,64,64,64,0.1630854212,0.8369145788,3.066644111,0.3606477849,0.6393522151,1.243553758,3.813536808,0.09188950351,0.5474627116,0.1655246945,0.0838631794,0.05082188623,0.03529296187,0.009085187936,0.006299464815,0.00690962899,0.001030921865,0.000169723283,0.0002709894461,0.001379146524,73.43450378
1485,3,tier3_voxel_grid,3,20262392,64,64,64,0.1094596151,0.8905403849,3.963621421,0.2624296209,0.7375703791,1.147027307,4.546382005,0.106005695,0.631564684,0.1204459993,0.06102403316,0.03698114587,0.02568134062,0.006610944324,0.004583879987,0.005027873157,0.0007501624731,0.0001235011518,0.0001971886716,0.00100355226,67.66419337
1486,3,tier3_voxel_grid,3,20262393,64,64,64,0.08782745914,0.9121725409,3.341470301,0.2179657227,0.7820342773,1.108089426,3.702647909,0.1123961719,0.6696381054,0.1000386282,0.05068462714,0.03071536725,0.02133010728,0.005490840752,0.003807225383,0.004175992033,0.0006230611658,0.000102576141,0.0001637786587,0.0008335186888,65.2498835
1487,3,tier3_voxel_grid,3,20262394,64,64,64,0.2413050906,0.7586949094,3.384613236,0.4793508869,0.5206491131,1.384349163,4.685486501,0.0748291589,0.4458199542,0.2200052585,0.1114657877,0.06754933002,0.04690923745,0.01207547385,0.008372861759,0.009183854508,0.00137023803,0.0002255857644,0.0003601825294,0.001833076861,81.31314252
1488,3,tier3_voxel_grid,3,20262395,64,64,64,0.295193333,0.704806667,5.791230216,0.5480019996,0.4519980004,1.481347999,8.578827294,0.06496242738,0.3870355731,0.2515137133,0.1274295641,0.07722353067,0.05362742955,0.01380488489,0.009571996445,0.010499137,0.001566479172,0.0002578934416,0.000411766728,0.002095604311,86.38485722
1489,3,tier3_voxel_grid,3,20262396,64,64,64,0.1230882045,0.8769117955,2.757316111,0.2889249534,0.7110750466,1.171558768,3.230357867,0.1021977111,0.6088773355,0.1326064283,0.06718512137,0.04071482406,0.02827417162,0.007278396295,0.00504667616,0.005535495621,0.0008259001282,0.0001359700342,0.000217097169,0.001104872571,69.15961946
1490,3,tier3_voxel_grid,3,20262397,64,64,64,0.06719182007,0.9328081799,5.810273016,0.172536832,0.827463168,1.070945276,6.222484439,0.1189253402,0.7085378278,0.0791883594,0.04012082675,0.02431360351,0.01688443986,0.004346427763,0.003013715176,0.003305622677,0.0004932014005,8.119699827e-05,0.0001296435539,0.0006597949082,62.9003359
1491,3,tier3_voxel_grid,3,20262398,64,64,64,0.006924048281,0.9930759517,12.17107124,0.01978374971,0.9802162503,0.9624632869,11.71420923,0.140879444,0.8393368063,0.009080047804,0.004600411318,0.002787893117,0.001936036082,0.0004983784505,0.0003455643995,0.0003790356582,5.655240654e-05,9.310366213e-06,1.486543825e-05,7.565467137e-05,55.78249713
1492,3,tier3_voxel_grid,3,20262399,64,64,64,0.3796790504,0.6203209496,14.16871404,0.6392207297,0.3607792703,1.633422291,23.14349334,0.05185221422,0.3089270561,0.2933799137,0.148641098,0.09007792247,0.06255408681,0.01610280364,0.01116532158,0.01224679111,0.001827230485,0.000300821592,0.0004803081532,0.00244443217,93.78927426
1493,3,tier3_voxel_grid,3,20262400,64,64,64,0.1990137346,0.8009862654,14.7754334,0.4183438525,0.5816561475,1.308224722,19.32958726,0.08359726196,0.4980588856,0.1920051676,0.09727952596,0.05895232015,0.04093909419,0.01053862711,0.00730724682,0.008015024442,0.001195847701,0.000196875442,0.0003143420634,0.001599780989,77.13130713
1494,3,tier3_voxel_grid,3,20262401,64,64,64,0.04295372121,0.9570462788,6.346503511,0.1149818099,0.8850181901,1.027316698,6.519869032,0.1271973103,0.7578208798,0.05277262126,0.02673727819,0.01620304549,0.01125211024,0.002896541713,0.002008396825,0.002202929508,0.0003286787466,5.411121621e-05,8.639691769e-05,0.0004396998127,60.08307697
1495,3,tier3_voxel_grid,3,20262402,64,64,64,0.04728241521,0.9527175848,12.42595193,0.1256164557,0.8743835443,1.035108347,12.86220656,0.125668869,0.7487146753,0.05765355097,0.02921020397,0.01770166208,0.01229281578,0.003164442305,0.002194153065,0.002406678039,0.0003590781814,5.911595232e-05,9.438775219e-05,0.0004803675648,60.59073986
1496,3,tier3_voxel_grid,3,20262403,64,64,64,0.03754985888,0.9624501411,9.751777594,0.1014771546,0.8985228454,1.017589746,9.923308885,0.1291382374,0.769384608,0.04657445771,0.02359697515,0.0142999919,0.009930545804,0.002556341836,0.001772509888,0.001944194636,0.0002900753084,4.77558342e-05,7.624956831e-05,0.0003880569099,59.44657676
1497,3,tier3_voxel_grid,3,20262404,64,64,64,0.3228395003,0.6771604997,12.90407857,0.579845986,0.420154014,1.5311111,19.75757793,0.06038571984,0.3597682942,0.2661289871,0.1348344007,0.08171093229,0.05674367939,0.01460707643,0.010128218,0.011109234,0.001657506105,0.0002728794367,0.0004356941847,0.002217378311,88.87926163
1498,3,tier3_voxel_grid,3,20262405,64,64,64,0.09892937675,0.9010706233,12.2218856,0.241168626,0.758831374,1.128072878,13.78717767,0.1090613852,0.6497699888,0.1106879477,0.05608011084,0.03398508181,0.02360074144,0.00607535214,0.004212512423,0.004620535047,0.0006893873195,0.000113495584,0.0001812132367,0.0009222484823,66.49517548
1499,3,tier3_voxel_grid,3,20262406,64,64,64,0.07177090767,0.9282290923,13.43219373,0.1828875627,0.8171124373,1.079187634,14.49585737,0.117437704,0.6996747333,0.08393898208,0.0425277324,0.02577221127,0.0178973615,0.004607176166,0.00319451225,0.003503931699,0.0005227892563,8.606812206e-05,0.0001374210557,0.0006993769462,63.4256107
