run_id,topology_tier,topology_name,topology_idx,voxel_seed,voxel_nx,voxel_ny,voxel_nz,regolith_volume_fraction_target,hdpe_volume_fraction_target,thickness_cm,w_regolith,w_hdpe,incident_energy_mev,density_g_cm3,areal_density_g_cm2,H_mass_fraction,C_mass_fraction,O_mass_fraction,Si_mass_fraction,Al_mass_fraction,Ca_mass_fraction,Fe_mass_fraction,Mg_mass_fraction,Na_mass_fraction,K_mass_fraction,Mn_mass_fraction,P_mass_fraction,Ti_mass_fraction,mean_excitation_ev
0,3,tier3_voxel_grid,3,20260907,64,64,64,0.075888876027008181,0.92411112397299178,6.639443076880144,0.19206185672811571,0.80793814327188429,231.35708523194239,1.0865999768486145,7.2144186936256585,0.11611914855893055,0.69181899471295372,0.08814966150965238,0.044661075494979975,0.027065037528682247,0.018795157134611253,0.0048382885936122345,0.0033547604047405102,0.0036797014393678772,0.00054901423443772998,9.0385606759090043e-05,0.00014431458714834805,0.0007344601941240411,63.89608962619603
1,3,tier3_voxel_grid,3,20260908,64,64,64,0.07638379404180895,0.92361620595819105,10.653491231728779,0.19315605057098575,0.80684394942901427,300.64137933754131,1.0874908292752561,11.585574014269399,0.11596188793390552,0.69088206149510878,0.088651858137957812,0.044915513698666303,0.027219229505816223,0.018902234851982169,0.0048658527631946051,0.0033738727794811523,0.0037006650326973744,0.00055214201839860343,9.0900541770573716e-05,0.00014513676045950993,0.00073864448056141173,63.952512879073581
2,3,tier3_voxel_grid,3,20260909,64,64,64,0.088298180790402553,0.91170181920959747,13.854229362781425,0.21896650332420409,0.78103349667579591,5594.2745026263392,1.1089367254227247,15.363463742818196,0.11225233687163361,0.66878115980416231,0.10049795143501387,0.050917343518539909,0.030856395595421526,0.021428043586086652,0.0055160517213804711,0.0038247061016201604,0.0041951659282145988,0.00062592192556079943,0.00010304711513276362,0.00016453064166344693,0.0008373457555698766,65.302950697658019
3,3,tier3_voxel_grid,3,20260910,64,64,64,0.13826841060844394,0.86173158939155603,4.4024630645796412,0.31716029425535813,0.68283970574464181,173.03998549332994,1.1988831390951993,5.2780387386139109,0.098139648305496388,0.58470005743914544,0.14556546031151063,0.073750822193707641,0.044693701356749285,0.031037279702171929,0.0079896813463313961,0.0055398652041041491,0.0060764548003608724,0.00090661164642984822,0.00014925777624207252,0.0002383131023777625,0.00121284681537252,70.802024469980893
4,3,tier3_voxel_grid,3,20260911,64,64,64,0.21104889716122119,0.78895110283877878,7.7233239255459134,0.43641604458047362,0.56358395541952633,126.21563935973279,1.3298880148901981,10.271155923698227,0.080999875534737656,0.48258407988478869,0.20029967044215577,0.10148194048660285,0.061499023418326117,0.042707637391879674,0.010993889190356727,0.0076229153007959993,0.0083612684723719088,0.0012475075722654741,0.00020538033767239836,0.00032792144349464867,0.0016688905245520246,78.339832394949084
5,3,tier3_voxel_grid,3,20260912,64,64,64,0.30718592347040596,0.69281407652959404,14.101879105263343,0.56207452709939254,0.43792547290060746,55.191521345407644,1.5029346622467308,21.194202910113194,0.062939884035618773,0.37498558886498867,0.25797251026864776,0.13070191716477539,0.079206607855491148,0.055004565915189874,0.014159390206638986,0.0098178024525483742,0.010768751701320413,0.0016067058886620063,0.00026451606811041587,0.00042234077451297171,0.0021494188034951243,87.475661202275404
6,3,tier3_voxel_grid,3,20260913,64,64,64,0.11372273944460488,0.88627726055539513,11.576275442394735,0.27083855661374301,0.72916144338625699,2847.6317369599137,1.1547009310002887,13.367136030848979,0.10479713907939646,0.62436430430686052,0.12430540606019944,0.062979403770947059,0.038166119102669378,0.026504238355212258,0.0068227763778712178,0.0047307595650867588,0.0051889794443605239,0.00077419965290664991,0.00012745845369985812,0.00020350711561066079,0.0010357087151791817,68.134101830688053
7,3,tier3_voxel_grid,3,20260914,64,64,64,0.23852480843995064,0.76147519156004939,6.9513577576307881,0.47554700758861568,0.52445299241138432,17.709804122947538,1.3793446551919113,9.5883181693148565,0.075375863171123603,0.44907712924026072,0.21825941113443401,0.11058125319173753,0.067013293666416479,0.046536990138416078,0.011979649170004164,0.0083064190820018348,0.0091109762142310598,0.0013593645336877434,0.00022379563311320655,0.00035732430811045562,0.0018185305164630965,81.043755903161525
8,3,tier3_voxel_grid,3,20260915,64,64,64,0.15732970183052006,0.84267029816947991,4.9687350873606446,0.3508425019363357,0.6491574980636643,15.172828814996782,1.233193463294936,6.1274116305773392,0.093298746424491846,0.55585875163917242,0.16102441325800346,0.08158310938338742,0.049440142063219235,0.034333417710984124,0.0088381800748490811,0.0061281951234194035,0.0067217701700869499,0.0010028931870707989,0.00016510885063078103,0.00026362179187255496,0.0013416503228118794,72.829748329900852
9,3,tier3_voxel_grid,3,20260916,64,64,64,0.11718946917226483,0.8828105308277352,12.255591164852651,0.27759466490370183,0.72240533509629823,16.620110316220735,1.1609410445100765,14.228018808012502,0.10382613214187904,0.61857920295441915,0.12740622300026208,0.064550434414565441,0.039118178650205809,0.027165390543842729,0.006992971554744834,0.0048487690697713763,0.0053184193124457286,0.00079351217900516054,0.00013063792388472932,0.00020858363103753788,0.0010615446239363826,68.514798012696943
10,3,tier3_voxel_grid,3,20260917,64,64,64,0.31971259852008543,0.68028740147991451,5.9957155532115269,0.57634849545819733,0.42365150454180267,347.81503336969377,1.5254826773361536,9.1463602146591381,0.060888389046572622,0.36276311549523005,0.2645237615200054,0.13402111228943761,0.08121807174475866,0.056401415257420207,0.014518970080917465,0.010067127043512964,0.011042225793522589,0.0016475084298036926,0.00027123349401136915,0.00043306618290879685,0.0022040036218985461,88.60069575623767
11,3,tier3_voxel_grid,3,20260918,64,64,64,0.38243818250613865,0.6175618174938613,13.185875709410341,0.64191420728807125,0.35808579271192875,71.387316574767823,1.6383887285110494,21.60359013784554,0.051465100029033178,0.3066206926828956,0.29461612552658917,0.14926742540855598,0.090457482846476547,0.062817670298782213,0.016170655850714085,0.011212368778142558,0.012298395281330358,0.0018349298663078704,0.00030208916076004575,0.00048233202254508871,0.0024547322478673103,94.020376392293301
12,3,tier3_voxel_grid,3,20260919,64,64,64,0.080342764950250917,0.91965723504974906,1.0081207326168689,0.20184467103442785,0.79815532896557218,57.749227788589025,1.0946169769104515,1.1035060686978266,0.11471313489659896,0.68344219406897322,0.092639630441557236,0.046935920775196503,0.028443615455851209,0.019752502519260674,0.0050847304414522263,0.0035256376348206287,0.0038671297840545803,0.00057697868505027152,9.4989465234431378e-05,0.00015166535857071822,0.00077187047337935798,64.402919011590882
13,3,tier3_voxel_grid,3,20260920,64,64,64,0.42722959546959405,0.57277040453040595,10.812415069382963,0.68346266243785947,0.31653733756214053,238.96519089245191,1.7190132718452693,18.586685004969102,0.04549363887682864,0.27104369868531192,0.31368541039186798,0.15892888929188853,0.096312422067852788,0.06688359862283294,0.017217315609491697,0.011938099095391137,0.013094419608194042,0.0019536972972008372,0.00032164214432790013,0.00051355138204592593,0.0026136169267656599,97.681946522853792
14,3,tier3_voxel_grid,3,20260921,64,64,64,0.40512190028998979,0.59487809971001027,7.4241308590479784,0.66345422890068828,0.33654577109931172,17.074007993061041,1.6792194205219817,12.466744719009908,0.048369307374079448,0.28817646372523226,0.30450224058560715,0.15427623115370925,0.093492866879753805,0.064925575000886429,0.016713277080404768,0.011588610124833049,0.012711079246185308,0.00189650262560991,0.00031222604038948909,0.00049851711717630324,0.0025371030461327571,95.89571215855004
15,3,tier3_voxel_grid,3,20260922,64,64,64,0.20898076051622458,0.79101923948377539,12.565822199330029,0.43335251008978587,0.56664748991021407,3187.3029433551301,1.3261653689292041,16.66435823287329,0.081440175351749591,0.4852073145584645,0.19889361547123277,0.10076956194616331,0.061067315231321286,0.042407840164462016,0.010916714762102528,0.0075694042893802082,0.0083025744012691031,0.0012387503725188348,0.00020393861765320581,0.00032561951471623337,0.0016571753189663502,78.1332120057113
16,3,tier3_voxel_grid,3,20260923,64,64,64,0.27626349690711804,0.72373650309288196,6.8362967086295665,0.52493478217431555,0.47506521782568445,4803.9688601416674,1.4472742944328125,9.8939964955152142,0.068277712920551778,0.40678750490513266,0.24092666889507999,0.1220656320625688,0.073972936749073348,0.051370073602672227,0.01322379160678247,0.0091690794429963619,0.010057193585686746,0.0015005408802911964,0.000247037853346081,0.00039443410399043886,0.0020073933918278619,84.635315531395548
17,3,tier3_voxel_grid,3,20260924,64,64,64,0.024496682658043088,0.97550331734195694,14.253264618815656,0.067766101957165661,0.9322338980428343,1255.0767899919908,0.99409402878447761,14.169085248249708,0.13398328498284409,0.79825061305999023,0.031102265963246219,0.015757980512464968,0.0095494864200940822,0.0066315850340239067,0.0017071164661136046,0.0011836761317544206,0.0012983266285149341,0.00019371131374362125,3.1891185201689939e-05,5.0919204849952869e-05,0.00025914309715825766,57.896614041857092
18,3,tier3_voxel_grid,3,20260925,64,64,64,0.018042678231488536,0.98195732176851147,5.2680851231328205,0.050502326452189744,0.94949767354781023,2999.730013756458,0.98247682081667942,5.1757715235671791,0.13646448348701684,0.81303319006079333,0.023178798008354366,0.011743551024534025,0.0071167038786321716,0.0049421534161050761,0.0012722194515197649,0.00088212833102473999,0.0009675710029223365,0.00014436232454902859,2.3766735867750228e-05,3.7947266136743253e-05,0.00019312501254373809,57.123787324282176
19,3,tier3_voxel_grid,3,20260926,64,64,64,0.18651743315579145,0.8134825668442085,12.297358415504441,0.39893476140087375,0.60106523859912619,1196.1095003014461,1.2857313796804246,15.811099601991204,0.086386791260842546,0.51467844733828361,0.18309707497882924,0.092766235836811317,0.056217223308921385,0.039039722174519835,0.010049686796549185,0.0069682266141829789,0.0076431668460788275,0.001140366267161245,0.00018774139269909652,0.00029975814235822656,0.0015255590427624018,75.860719164077892
20,3,tier3_voxel_grid,3,20260927,64,64,64,0.28521787986444835,0.71478212013555165,8.3110949056899557,0.53598015510379982,0.46401984489620018,285.01618836259001,1.4633921837560069,12.162391323441048,0.066690240772135131,0.39732960412406504,0.24599610798917462,0.12463406622579894,0.075529432338293692,0.052450972867922573,0.013502038952545497,0.0093620098894195754,0.010268811214295397,0.0015321143903377246,0.00025223588043547405,0.0004027335574132731,0.0020496317981629907,85.467167064449086
21,3,tier3_voxel_grid,3,20260928,64,64,64,0.32068341727910066,0.67931658272089934,14.134193343997451,0.57743713145066644,0.42256286854933356,21.922639444536678,1.5272301511023814,21.586166236463498,0.060731927211481886,0.36183094133785165,0.26502340728974938,0.13427425809920163,0.081371480518854594,0.056507949084018662,0.014546394241001553,0.010086142338819002,0.011063082904334064,0.0016506203264924394,0.00027174581346092231,0.00043388418007119238,0.002208166654662991,88.687279341786351
22,3,tier3_voxel_grid,3,20260929,64,64,64,0.1768567889865795,0.82314321101342047,9.5721140664997098,0.3834581566209041,0.6165418433790959,3580.4561917079495,1.268342220175843,12.140716406880658,0.088611132548104182,0.52793071083099175,0.17599385575605431,0.089167385829531293,0.054036285894682887,0.037525182933333678,0.0096598109427466633,0.0066978954729550845,0.00734665151578084,0.0010961259558900768,0.00018045799797700743,0.00028812907728862649,0.0014663752446636012,74.867367982916747
23,3,tier3_voxel_grid,3,20260930,64,64,64,0.13144695417037361,0.86855304582962645,6.7265906377004976,0.30463319381935083,0.69536680618064917,22.140271525723712,1.1866045175066724,7.9818028381134987,0.099940078510029853,0.59542672767061933,0.13981596021845122,0.070837834743535721,0.042928403190825241,0.029811378707842184,0.0076741073527072032,0.0053210533002474849,0.0058364488445154291,0.00087080257651475819,0.00014336243818208785,0.00022890028424517783,0.0011649421622842923,70.067014744268519
24,3,tier3_voxel_grid,3,20260931,64,64,64,0.016760592191302159,0.9832394078086979,5.9107015713161637,0.047024161573262842,0.95297583842673717,21.373881364617397,0.98016906594434383,5.7934868382327291,0.13696437515279833,0.81601146327393881,0.021582442219780524,0.010934756467988419,0.0066265666666798697,0.0046017804937915144,0.0011845999431639904,0.00082137493617705335,0.00090093305341285154,0.0001344198921432259,2.2129887987876828e-05,3.5333785578514636e-05,0.00017982422655900014,56.969760511819381
25,3,tier3_voxel_grid,3,20260932,64,64,64,0.43154759259728165,0.56845240740271841,11.870707083674462,0.68726298957970877,0.31273701042029123,236.96061425683271,1.7267856666751071,20.498166845387722,0.044947445142033728,0.26778956527825748,0.31542962736907953,0.15981259780267326,0.096847957850270144,0.067255498317081441,0.017313050805306415,0.012004479725245114,0.013167229844917555,0.0019645606395215817,0.00032343060394424833,0.00051640693416776676,0.0026281496875016383,98.026140088976035
26,3,tier3_voxel_grid,3,20260933,64,64,64,0.060405700028551994,0.93959429997144805,12.484134366578148,0.15690084750241698,0.84309915249758305,40.613589315575666,1.0587302600513935,13.217330824443822,0.12117258796856971,0.72192656452901338,0.072011990478122748,0.036484915406453981,0.022110206567181028,0.015354303731095335,0.0039525369260262301,0.0027406001360096377,0.0030060538007293264,0.00044850549787255295,7.3838598377172675e-05,0.0001178947315009609,0.00060000162904799345,62.117805421277758
27,3,tier3_voxel_grid,3,20260934,64,64,64,0.28815757583173462,0.71184242416826538,14.809540389293225,0.53955345715382252,0.46044654284617748,5124.6717659908873,1.4686836364971223,21.750529633798184,0.066176675723810779,0.39426986712236672,0.24763612840523852,0.12546498349037763,0.076032976122222054,0.052800655905792394,0.013592055090287151,0.0094244250531371893,0.010337271891083386,0.001542328775030387,0.00025391750051052104,0.00040541852369908469,0.002063296396444151,85.738587746671811
28,3,tier3_voxel_grid,3,20260935,64,64,64,0.15170006499404032,0.84829993500595968,5.769121353984084,0.3410913109983047,0.6589086890016953,12.375287048084573,1.2230601169892725,7.0559822381290838,0.094700215087147474,0.56420847391454787,0.15654895834391175,0.079315617638444733,0.048066020448531539,0.033379166986493125,0.0085925348608886769,0.0059578702613397889,0.0065349476955910493,0.00097501913274840562,0.00016051987432610362,0.0002562947821351725,0.0013043609738943314,72.234866505213219
29,3,tier3_voxel_grid,3,20260936,64,64,64,0.10910483008275886,0.89089516991724116,8.1263558125176534,0.26172473983645095,0.73827526016354905,11.142891723245054,1.1463886941489658,9.3159624281019706,0.10610700253010015,0.63216825763344886,0.12012248354937233,0.060860123732359002,0.036881815195016723,0.02561236101244686,0.0065931874500693502,0.0045715677704151036,0.0050143683826700675,0.00074814755059945471,0.00012316942997937606,0.00019665902652120414,0.0010008567370014606,67.624999358199616
30,3,tier3_voxel_grid,3,20260937,64,64,64,0.24582392102355619,0.75417607897644379,7.6719117537080104,0.48547505049163037,0.51452494950836969,684.08125070792414,1.392483057842401,10.683007138300388,0.073948976845289324,0.44057597266308035,0.22281603490274907,0.11288986918224425,0.06841233696597615,0.047508547581315709,0.012229749515553499,0.0084798330320437071,0.009301186984774867,0.0013877441243400378,0.00022846783714687658,0.00036478420377713074,0.0018564961617090563,81.749340315929331
31,3,tier3_voxel_grid,3,20260938,64,64,64,0.11908560308598233,0.88091439691401763,11.907110468556434,0.28125929435839764,0.71874070564160242,504.35860496451005,1.164354085554768,13.864092721215632,0.10329944126138664,0.61544126438021574,0.12908815949453969,0.065402588483704657,0.03963459214016004,0.027524010873847326,0.0070852883488887628,0.0049127794568523614,0.0053886297254288913,0.00080398762565991129,0.00013236252325314428,0.00021133722040616904,0.0010755584656566505,68.722478544570848
32,3,tier3_voxel_grid,3,20260939,64,64,64,0.035056681346856591,0.96494331865314342,4.0952897489681686,0.095159096704319143,0.9048409032956809,52.211237656848809,1.0131020264243418,4.1489463434744858,0.1300462865219999,0.774794616773681,0.043674690575987052,0.022127806501224763,0.013409661696355341,0.009312261194460927,0.002397181720546974,0.0016621518463524802,0.0018231473499056884,0.00027201496183005397,4.4782513513042173e-05,7.1502202406248047e-05,0.00036389614173656709,59.15189162893504
33,3,tier3_voxel_grid,3,20260940,64,64,64,0.0047319379190953617,0.99526806208090468,9.2510222884642044,0.013575995677669784,0.98642400432233024,83.675937281691972,0.95851748825437155,8.8672666477239179,0.14177163988834518,0.84465236443398506,0.0062309062508813544,0.0031568921503151012,0.0019131067394891654,0.0013285457943990279,0.00034199703237890866,0.00023713304416736765,0.00026010167602769324,3.8807366546793931e-05,6.3889552438411746e-06,1.020095423800964e-05,5.1915713982519496e-05,55.516588109925152
34,3,tier3_voxel_grid,3,20260941,64,64,64,0.41548240707296136,0.58451759292703864,4.264185213693044,0.67294771769057093,0.32705228230942907,32.095378242639057,1.6978683327313304,7.2400250392306003,0.047004876390946672,0.28004740591848237,0.30885941924476429,0.15648379816768379,0.09483067353617923,0.065854607014849006,0.016952430441244639,0.011754433682085393,0.012892964420888194,0.0019236400310734989,0.0003166937403229999,0.00050565049044806558,0.0025734069210317802,96.737841307878753
35,3,tier3_voxel_grid,3,20260942,64,64,64,0.053545714560856647,0.94645428543914334,2.8133090249011827,0.14072363129899954,0.85927636870100044,452.33012951355954,1.0463822862095418,2.9437967292900362,0.12349762310552626,0.73577874559547418,0.064587215164623665,0.032723148825272767,0.019830540155984632,0.01377120271497723,0.003545011756964716,0.0024580313568533605,0.0026961154987532716,0.00040226246908716729,6.6225491188019793e-05,0.00010573922953207883,0.00053813863576261591,61.32181581219146
36,3,tier3_voxel_grid,3,20260943,64,64,64,0.38271011524013987,0.61728988475986013,1.6151003510199007,0.64217878554827945,0.35782121445172055,4084.025521928997,1.6388782074322517,2.6469527681026954,0.051427074095292548,0.30639414035642798,0.29473755767598869,0.14932894907522665,0.090494766775018096,0.062843561905058076,0.016177320922062921,0.011216990188590329,0.012303464320136391,0.0018356861707269343,0.00030221367307598174,0.00048253082569653605,0.0024557440166987896,94.043117723468711
37,3,tier3_voxel_grid,3,20260944,64,64,64,0.074234206451803827,0.92576579354819621,9.5941112752619109,0.18839055357539633,0.81160944642460364,11.717678037034334,1.0836215716132469,10.396385938331685,0.11664679860212454,0.69496264782247907,0.086464662021858943,0.043807369558456273,0.026547683592298199,0.01843588371707976,0.0047458036803134946,0.0032906334476218092,0.0036093631654099136,0.00053851971082895136,8.8657866703318084e-05,0.00014155598318706724,0.00072042083163859159,63.707259641358995
38,3,tier3_voxel_grid,3,20260945,64,64,64,0.1946658308109904,0.80533416918900957,13.103683454025902,0.41166691333409017,0.58833308666590978,88.40624833144463,1.3003984954597827,17.040010248596531,0.084556890476828545,0.5037761961890812,0.18894068652316248,0.095726904906609456,0.058011416990914159,0.040285689491108397,0.010370426304747438,0.007190620169573626,0.0078871013710960936,0.0011767614825644521,0.00019373322937836894,0.00030932503544701544,0.0015742478294886733,76.691052556391156
39,3,tier3_voxel_grid,3,20260946,64,64,64,0.22996820079590793,0.77003179920409204,6.9012850124111242,0.46366502324810493,0.53633497675189501,4599.868139588928,1.3639427614326343,9.4129577372616797,0.07708357547100736,0.45925140128088765,0.21280599672138004,0.10781827771757595,0.065338904188101801,0.045374220150895712,0.011680326491969484,0.0080988754745706104,0.0088833299984485206,0.0013253995463267123,0.00021820389104419501,0.00034839622788767954,0.0017730928399042152,80.20984586504531
40,3,tier3_voxel_grid,3,20260947,64,64,64,0.14025665381250105,0.85974334618749892,6.9305484189568149,0.32076340491927441,0.67923659508072554,436.3461127605575,1.202461976862502,8.3337209526000997,0.097621799079114752,0.58161479600161081,0.1472191618367211,0.074588670999916631,0.045201445720987818,0.031389879808488542,0.0080804484019234221,0.0056028010373566405,0.0061454865785706553,0.00091691123988605803,0.00015095342445211373,0.00024102046674865355,0.0012266254042227597,71.015327732020694
41,3,tier3_voxel_grid,3,20260948,64,64,64,0.13174210497171021,0.86825789502828976,5.7374524642464069,0.30518058005219773,0.69481941994780227,207.49709379537734,1.1871357889490783,6.811135157700992,0.099861406616865281,0.59495801333093701,0.14006719131640319,0.070965121120365321,0.043005539948675384,0.029864945878518057,0.0076878967256300765,0.0053306145410442684,0.0058469361840799332,0.00087236729550002558,0.00014362004183973384,0.00022931158828831127,0.0011670354118533967,70.098919429926625
42,3,tier3_voxel_grid,3,20260949,64,64,64,0.16448012525915745,0.83551987474084255,12.010254628684894,0.3629992220451958,0.63700077795480414,503.26090478367996,1.2460642254664835,14.965548631547492,0.091551548325150431,0.5454492296296537,0.16660392176072808,0.084409970498875442,0.051153246849234869,0.035523073317672141,0.0091444237051066871,0.0063405375633368158,0.0069546800317566177,0.0010376435143744011,0.00017082988520765287,0.00027275630756179822,0.0013881386113412592,73.580521913491324
43,3,tier3_voxel_grid,3,20260950,64,64,64,0.07891322584433913,0.92108677415566087,9.9731819839930083,0.19872038994801614,0.80127961005198389,2547.7086392126844,1.0920438065198104,10.891151616914518,0.11516216538567045,0.68611744466631341,0.091205694912036311,0.04620941653408997,0.028003346959574058,0.019446760635098176,0.0050060257272464123,0.0034710655575715212,0.0038072718726165303,0.00056804783944643697,9.3519157457072836e-05,0.00014931778501914536,0.00075992296786048566,64.240474783580908
44,3,tier3_voxel_grid,3,20260951,64,64,64,0.35505607289539287,0.64494392710460713,4.9985767626961293,0.61443812742455028,0.38556187257544972,1602.5742823083817,1.5891009312117073,7.94324298833362,0.055414039717124587,0.33014783285832511,0.28200556775711927,0.14287827923452978,0.086585599353753845,0.060128863435850298,0.015478497573867687,0.010732441808915593,0.011771982737245106,0.0017563887170729394,0.00028915873203186186,0.00046168659513170997,0.0023496614790321619,91.697545225993323
45,3,tier3_voxel_grid,3,20260952,64,64,64,0.14095248741014912,0.8590475125898509,2.4371204972037228,0.32201933903382068,0.67798066096617937,150.32644706653073,1.2037144773382684,2.93359722550196,0.097441292686092362,0.58053936828008701,0.1477955915816048,0.074880719453795083,0.045378429868297543,0.031512785415232898,0.0081120870198367109,0.0056247385428573144,0.0061695489439344839,0.00092050136297529772,0.00015154447552767112,0.0002419641711172042,0.001231428198641656,71.089879355165422
46,3,tier3_voxel_grid,3,20260953,64,64,64,0.30415941692969689,0.69584058307030316,8.8793611378789983,0.55856139266670279,0.44143860733329721,1618.1794565978992,1.4974869504734543,13.296727432514922,0.063444801624290809,0.37799380570900643,0.25636010468039039,0.12988499096820905,0.078711542792162859,0.054660770875288277,0.014070889769628366,0.0097564382416004299,0.010701443772255867,0.0015966634948004789,0.00026286276332239427,0.00041970101795804068,0.002135984291086605,87.201655190720459
47,3,tier3_voxel_grid,3,20260954,64,64,64,0.3958338018936412,0.60416619810635885,4.4767534013860244,0.65476234765434493,0.34523765234565507,20.742282454393088,1.6625008434085542,7.4426063055363789,0.049618529060300891,0.29561912328535417,0.30051297169692887,0.15225506583150858,0.092268021425613744,0.06407498823366764,0.016494317258774246,0.011436788313127786,0.012544552021686691,0.0018716566379183505,0.00030813558237917821,0.00049198606892457148,0.0025038645838152264,95.133111605106578
48,3,tier3_voxel_grid,3,20260955,64,64,64,0.36328759061477878,0.63671240938522122,3.9169140989234683,0.6228754113572238,0.3771245886427762,500.42253893891808,1.6039176631066019,6.2824077081346301,0.054201409474858263,0.32292317916791796,0.28587798540108095,0.14484024180798932,0.08777456737774425,0.060954535331381419,0.015691043757206473,0.010879816548195319,0.011933632147285768,0.0017805069311626212,0.00029312937482707849,0.00046802633987926202,0.0023819263404712726,92.402728072133783
49,3,tier3_voxel_grid,3,20260956,64,64,64,0.35636974623205814,0.64363025376794192,3.5431403909102657,0.61579517465185762,0.38420482534814238,43.446698069155339,1.5914655432177047,5.6387858469165968,0.055219001062369363,0.328985824285773,0.28262840487729296,0.14319384001115407,0.086776832192803507,0.060261663963299308,0.015512683362929222,0.010756145465555641,0.01179798232259058,0.0017602678748468365,0.00028979736762109579,0.00046270627552887962,0.0023548509382354775,91.810487600640002
50,3,tier3_voxel_grid,3,20260957,64,64,64,0.11437492039543169,0.88562507960456827,10.913621275374187,0.27211512497314144,0.7278848750268585,20.404196712611913,1.1558748567117771,12.61478042787974,0.10461366707450964,0.62327120795234892,0.12489130620035169,0.063276250405905426,0.038346010993457233,0.026629163227421173,0.0068549347993165921,0.0047530574906562116,0.0052134371399673073,0.00077784875956677497,0.00012805921539038484,0.00020446632447644833,0.0010405904166321861,68.205818408991377
51,3,tier3_voxel_grid,3,20260958,64,64,64,0.20750057752928838,0.79249942247071159,11.933495662660302,0.43114933132080341,0.56885066867919654,275.83890480202854,1.3235010395527191,15.793993915028775,0.081756822417998157,0.48709384626119839,0.19788243362576108,0.10025724609643291,0.060756846942194423,0.042192237275558965,0.010861213816265343,0.0075309211828193346,0.0082603638331452834,0.0012324525238684668,0.00020290178684658126,0.0003239640541272534,0.0016487501837837435,77.985064018188339
52,3,tier3_voxel_grid,3,20260959,64,64,64,0.030226822051346726,0.96977317794865325,9.0613751513508358,0.082758936103810438,0.91724106389618953,60.054562957324841,1.0044082796924241,9.1013202274159717,0.13182847257537023,0.78541259132081931,0.037983451418867331,0.019244336986956941,0.011662251680999984,0.0080987825217492364,0.0020848055068913326,0.0014455572111464975,0.0015855734266530493,0.00023656875301499258,3.8946914196860672e-05,6.2184766408693941e-05,0.00031647691692551338,58.579187676164594
53,3,tier3_voxel_grid,3,20260960,64,64,64,0.26702887993477398,0.73297112006522602,13.200825956742102,0.51328305422522058,0.48671694577477942,123.64255653397177,1.4306519838825933,18.885787843901923,0.069952332122474897,0.41676461365230455,0.23557893409644559,0.1193561992243861,0.07233099461861342,0.050229836486236377,0.012930269387470682,0.0089655577430798276,0.0098339588381121563,0.0014672340873192599,0.00024155447148977813,0.00038567903759056081,0.0019628362344767947,83.76933586602722
54,3,tier3_voxel_grid,3,20260961,64,64,64,0.097381268698193441,0.90261873130180659,1.6418513360849811,0.23798254080711775,0.76201745919288222,3012.2450200506919,1.1252862836567483,1.8475527882999352,0.10951929833413064,0.65249816085875156,0.10922564623048085,0.055339234986776724,0.033536103981509122,0.023288951413688107,0.0059950904999106968,0.0041568608078669496,0.0045594930345385044,0.00068027980504074251,0.00011199619078644673,0.00017881922371349468,0.0009100646328060887,66.322314317740648
55,3,tier3_voxel_grid,3,20260962,64,64,64,0.22619947559081333,0.77380052440918667,5.8872047253506175,0.45834609811987154,0.54165390188012852,315.05291123773878,1.3571590560634639,7.9898732079092083,0.077848026391269629,0.46380587548885888,0.21036479648705822,0.10658144224825913,0.064589370102259472,0.044853710585511797,0.011546335832831793,0.008005969367548868,0.0087814250352055753,0.0013101952488308152,0.00021570076896044828,0.00034439960671036479,0.0017527528366950216,79.840223801731739
56,3,tier3_voxel_grid,3,20260963,64,64,64,0.36251352974398132,0.63748647025601868,1.1370400370003213,0.62208864694896737,0.37791135305103263,106.02741282677012,1.6025243535391664,1.8221343502420897,0.054314485474505007,0.32359686757652761,0.28551688810952547,0.14465729166248675,0.0876636978454048,0.060877542632607126,0.015671224135928336,0.010866074068925143,0.011918558575808206,0.0017782579429114391,0.00029275911818357753,0.00046743516793760326,0.0023789176892488914,92.336669958328912
57,3,tier3_voxel_grid,3,20260964,64,64,64,0.34749405340480083,0.65250594659519923,12.372526133460504,0.60654721629106845,0.39345278370893155,1675.4362700172521,1.5754892961286415,19.492782489338911,0.056548143719769448,0.33690463998916209,0.27838391608057717,0.14104336737925446,0.085473625276227816,0.059356659536462845,0.015279715233736618,0.010594610608702813,0.011620801250455145,0.0017338323250398382,0.00028544521596556943,0.00045575739293689417,0.0023194859917092582,91.044419650975129
58,3,tier3_voxel_grid,3,20260965,64,64,64,0.18156014115620267,0.81843985884379733,4.0131303270359009,0.39104570837761687,0.60895429162238313,327.43854806226619,1.2768082540811647,5.1239979262628825,0.08752062821064549,0.52143366341173758,0.17947627610976366,0.090931756056922788,0.055105511073198971,0.038267700109642616,0.0098509512646374059,0.0068304278697358398,0.0074920209587097282,0.0011178151865886287,0.00018402875107202367,0.00029383033634073908,0.0014953906610044433,75.352199720324762
59,3,tier3_voxel_grid,3,20260966,64,64,64,0.0048988802235427897,0.99510111977645721,4.9294044947354783,0.014050550609081039,0.985949449390919,1388.3622097289233,0.95881798440237687,4.726401681946288,0.14170343551522724,0.84424601387569176,0.006448710333817281,0.0032672427112194233,0.0019799802314300909,0.0013749857000462252,0.00035395168985647227,0.00024542213457237453,0.0002691936451147415,4.0163895202747829e-05,6.612283999205881e-06,1.055753310365487e-05,5.3730450718821229e-05,55.536855527787395
60,3,tier3_voxel_grid,3,20260967,64,64,64,0.20850795463136462,0.79149204536863538,11.127685936751801,0.4326497249014743,0.56735027509852576,107.38961447507801,1.3253143183364564,14.747681501928385,0.081541181621061373,0.48580909347746437,0.1985710616986148,0.1006061398961705,0.060968279911032881,0.042339065665083449,0.010899010686872324,0.0075571286821203903,0.0082891097825621343,0.0012367414412364447,0.00020360788219771784,0.00032509144445786483,0.0016544878111257617,78.085914311753967
61,3,tier3_voxel_grid,3,20260968,64,64,64,0.18840274892706604,0.8115972510729339,10.321051328849579,0.40190639419834817,0.59809360580165183,1182.1611355195503,1.2891249480687188,13.305124758317795,0.085959699814367296,0.51213390598728459,0.18446095029322426,0.093457244030589415,0.056635980862114063,0.039330525909974511,0.010124546101323987,0.0070201323710897641,0.0077001001782272234,0.0011488607633258062,0.00018913986316085595,0.00030199101653548239,0.0015369228087827838,76.053446116560622
62,3,tier3_voxel_grid,3,20260969,64,64,64,0.26158709288835236,0.73841290711164764,2.0605125278638452,0.5062892488882379,0.4937107511117621,459.73378536241495,1.4208567671990342,2.9276931691137329,0.070957501549961666,0.42275324956180044,0.23236902254179395,0.11772989573303569,0.071345439198404761,0.049545423284589815,0.012754086312057801,0.0088433963643309681,0.0096999649467504542,0.00144724209750774,0.00023826313946942281,0.00038042391745897035,0.0019360913528382838,83.255152458089512
63,3,tier3_voxel_grid,3,20260970,64,64,64,0.35433946361321356,0.64566053638678644,7.3535503685180537,0.61369615386308418,0.38630384613691582,10.36377698232711,1.5878110345037844,11.676048417912336,0.055520678249948122,0.33078316788696771,0.28166502789456377,0.14270574452197191,0.086481041673074965,0.060056253965573105,0.01545980629242139,0.010719481695086772,0.011757767310878773,0.0017542677647206042,0.0002888095542633305,0.00046112907887094846,0.0023468241116585829,91.635870580433149
64,3,tier3_voxel_grid,3,20260971,64,64,64,0.2482090999584112,0.75179090004158877,9.5108542592974938,0.48867881408634167,0.51132118591365838,15.47723694489288,1.39677637992514,13.284536582297152,0.073488522905962445,0.43783266300769591,0.22428645011814777,0.11363485587668208,0.068863806005175499,0.047822067617050795,0.012310456497777797,0.0085357934368673546,0.0093625676967584136,0.0013969021729355996,0.00022997554992938181,0.00036719150019906517,0.0018687476148178857,81.978762571971174
65,3,tier3_voxel_grid,3,20260972,64,64,64,0.07988857345741833,0.92011142654258171,12.543660162457194,0.20085362136395693,0.7991463786360431,145.96572069619847,1.0937994322233529,13.720248363698369,0.11485557135027183,0.6842908072857713,0.092184773373738024,0.046705467186409048,0.028303958384004537,0.01965551848191965,0.0050597646080586109,0.0035083268879067659,0.0038481423236548856,0.00057414574161531568,9.4523070567005475e-05,0.0001509206874190695,0.00076808061866400423,64.351330984854243
66,3,tier3_voxel_grid,3,20260973,64,64,64,0.2497878055104035,0.75021219448959653,3.266166609786664,0.4907885156193133,0.50921148438068675,4022.0289320409888,1.3996180499187263,4.5713857410992684,0.073185310651704888,0.43602617372898184,0.22525472918816167,0.11412543501113927,0.069161101637618683,0.048028522831505292,0.012363602630158224,0.0085726437687823082,0.0094029873401991291,0.0014029328142703657,0.00023096838971749321,0.00036877672232970421,0.0018768152854311277,82.130303383744518
67,3,tier3_voxel_grid,3,20260974,64,64,64,0.047918755664883732,0.95208124433511632,13.105596286690098,0.12716632077977225,0.87283367922022781,18.018233264027756,1.0362537601967905,13.580723431703708,0.12544611800869604,0.74738756121153183,0.058364884746653745,0.029570601625517091,0.017920066497957299,0.012444485448610756,0.003203485428089888,0.0022212246879005568,0.0024363718105404777,0.00036350851459278404,5.9845329305921474e-05,9.5552315254800424e-05,0.00048629437534891381,60.66520368204592
68,3,tier3_voxel_grid,3,20260975,64,64,64,0.08362348221538031,0.9163765177846197,12.67586992798139,0.20895949385266716,0.7910405061473329,75.463397765578208,1.1005222679876845,13.950077121858966,0.11369057249540337,0.67734993365192953,0.09590508477909794,0.04859036504868184,0.029446224458315268,0.020448758481437623,0.0052639621050083558,0.0036499128359666947,0.0040034422419841309,0.00059731660674518315,9.8337748898690258e-05,0.00015701141080170004,0.00079907813572972005,64.774897774850345
69,3,tier3_voxel_grid,3,20260976,64,64,64,0.068044572148472121,0.93195542785152785,8.7776751857129458,0.17447647816450668,0.82552352183549327,2192.7410151139711,1.0724802298672498,9.4138831008734751,0.11864656876169918,0.70687695307379406,0.080078589021294472,0.040571862087296753,0.024586935218894001,0.017074253468442168,0.0043952899786446247,0.0030475951366723091,0.0033427842403222401,0.00049874593382942826,8.2109808853990347e-05,0.00013110099705561446,0.00066721227320106109,62.99832494130932
70,3,tier3_voxel_grid,3,20260977,64,64,64,0.0097561154639054654,0.99024388453609458,5.6415202172673329,0.027728812249030246,0.97227118775096977,332.35364695255379,0.96756100783502996,5.4585149871408776,0.13973755717587188,0.83253363057509788,0.012726553077516422,0.0064479152619728768,0.0039074981202966031,0.0027135392329067478,0.00069852493516615432,0.00048434146679741393,0.0005312546284979324,7.9263591887062803e-05,1.3049366295492002e-05,2.0835329617257916e-05,0.00010603723807628135,56.125323374082818
71,3,tier3_voxel_grid,3,20260978,64,64,64,0.30873786503187362,0.69126213496812638,1.7111615044222988,0.56386614333951257,0.43613385666048743,47.700401217498957,1.5057281570573726,2.5765440584813089,0.062682387896737912,0.37345146876374952,0.2587947993364107,0.13111853038262689,0.079459079437313299,0.05517989332965742,0.014204523355752369,0.0098490967622319112,0.010803077167968887,0.0016118272742157663,0.00026535921481169936,0.00042368698850062055,0.00215627009002297,87.615834710422007
72,3,tier3_voxel_grid,3,20260979,64,64,64,0.088224010619201265,0.91177598938079873,1.0641101276521316,0.21880891489162985,0.7811910851083701,16.98810258595099,1.1088032191145623,1.1798887350330913,0.11227498592560591,0.66891609918276418,0.10042562386708391,0.050880698715640306,0.030834188495509198,0.021412621995338298,0.0055120818632899676,0.0038219534913785879,0.0041921467010132708,0.00062547145458160614,0.00010297295295220844,0.00016441223028300036,0.00083674312455947236,65.294590629050347
73,3,tier3_voxel_grid,3,20260980,64,64,64,0.36143770420133814,0.63856229579866186,1.1082892701909672,0.62099289061050222,0.37900710938949778,4275.8536475551682,1.6005878675624086,1.7739143596172584,0.054471970665803629,0.32453513872369416,0.28501397435049891,0.14440249012411793,0.087509285683989357,0.060770312009548778,0.015643620605044643,0.010846934401944156,0.011897565046720572,0.0017751256925128379,0.00029224344785111538,0.00046661182057288088,0.002374727427701014,92.244771768194681
74,3,tier3_voxel_grid,3,20260981,64,64,64,0.3151694827006441,0.68483051729935585,1.04981326734754,0.57122070914671141,0.42877929085328859,242.89977222105449,1.5173050688611593,1.5928869919041178,0.06162536895702786,0.36715392189626073,0.26217028730418968,0.13282872325665018,0.080495472623185585,0.055899610520556087,0.014389794457792754,0.0099775595740799507,0.010943982847252126,0.0016328505080064146,0.00026882032314553341,0.00042921318274971473,0.0021843945491033584,88.194356121092497
75,3,tier3_voxel_grid,3,20260982,64,64,64,0.00080327367308123763,0.9991967263269188,3.0820351213264212,0.0023217322373530803,0.9976782677626469,1918.1810840071071,0.95144589261154611,2.9323896570705514,0.14338913437010736,0.85428913339253953,0.0010655937327964092,0.0005398836629927023,0.00032717464678302136,0.00022720452133979439,5.8487462283096864e-05,4.055388984033241e-05,4.4481926818550282e-05,6.6367370834294485e-06,1.0926228694246396e-06,1.744541237966545e-06,8.8784933083527906e-06,55.038834162141768
76,3,tier3_voxel_grid,3,20260983,64,64,64,0.38695026983067415,0.61304973016932585,8.9180828989576426,0.64628391454491629,0.35371608545508371,1131.6687432212457,1.6465104856952133,14.683717005432923,0.050837073378302469,0.30287901207678125,0.29662166802289247,0.15028353464030825,0.091073254728049502,0.063245289483162576,0.016280734474020047,0.011288694817759693,0.012382114237069659,0.0018474207977463282,0.00030414557450350257,0.00048561540483386576,0.0024714423645703413,94.396894295184637
77,3,tier3_voxel_grid,3,20260984,64,64,64,0.02270561122961872,0.97729438877038133,13.530754933019715,0.063015758440999853,0.93698424155900017,131.46432469973936,0.99087010021331356,13.407220496443031,0.13466601775026338,0.80231822380873685,0.028922024763155349,0.01465336008435519,0.008880075909702306,0.0061667168173425045,0.0015874491191372577,0.001100701486978866,0.0012073150858187089,0.00018013232282229575,2.9655641464181638e-05,4.7349813847351236e-05,0.00024097739637583742,57.682570753627495
78,3,tier3_voxel_grid,3,20260985,64,64,64,0.1024509808999388,0.89754901910006124,14.487291783265064,0.24835796490604728,0.75164203509395278,4842.4510216431154,1.1344117656198898,16.434554250904242,0.1080281131210814,0.64361392197287137,0.11398760228943133,0.057751882697616504,0.034998191495382532,0.024304289542766321,0.006256460961109574,0.0043380892024187752,0.004758275154222627,0.00070993824745965673,0.00011687893543205417,0.00018661527999886977,0.00094974110020901734,66.887444130416938
79,3,tier3_voxel_grid,3,20260986,64,64,64,0.14301403916518685,0.85698596083481315,11.754008874473646,0.32572500950081074,0.67427499049918926,145.1381930941921,1.2074252704973363,14.192087344689433,0.096908703275566083,0.57736628722362315,0.14949636446226014,0.07574241698866814,0.045900626789469622,0.031875422015246409,0.0082054376905922495,0.0056894657967090402,0.0062405456591776839,0.00093109412652122691,0.00015328838907361939,0.00024474859855460289,0.0012455989845379834,71.310452912042493
80,3,tier3_voxel_grid,3,20260987,64,64,64,0.096081248622264373,0.90391875137773559,5.6962586662610946,0.23529481869211491,0.76470518130788512,1885.9697322931033,1.1229462475200758,6.396592294181608,0.10990558533661485,0.65479959597127024,0.10799207596980752,0.054714245921625729,0.033157354649661325,0.023025931153724886,0.0059273832754084049,0.0041099141424334219,0.0045079991298992445,0.00067259687556954354,0.00011073133060909119,0.00017679967900012037,0.00089978656437560947,66.176957075845507
81,3,tier3_voxel_grid,3,20260988,64,64,64,0.07354280795493158,0.92645719204506838,3.7857128171544088,0.18685052595033999,0.81314947404965998,7695.9904851036636,1.0823770543188769,4.0975686875288062,0.11686813571569933,0.69628133833396066,0.085757843311591017,0.043449259462059769,0.026330665459820386,0.018285176743307496,0.0047070083764510218,0.0032637336571753428,0.0035798578697456731,0.00053411749842724508,8.7933119303247253e-05,0.00014039881197830571,0.00071453164048047196,63.628271475463038
82,3,tier3_voxel_grid,3,20260989,64,64,64,0.0067906597730527617,0.99320934022694729,10.663704333198174,0.019407466601005615,0.98059253339899444,18.84740799343761,0.96222318759149472,10.260863575023182,0.14093352444089063,0.83965900895810386,0.0089073470431991954,0.0045129123804150467,0.0027348679266202859,0.0018992130481534733,0.00048889938838548208,0.00033899183116585237,0.00037182647300602819,5.547679065401403e-05,9.1332848399558267e-06,1.4582700479066419e-05,7.4215734087213997e-05,55.7663304470368
83,3,tier3_voxel_grid,3,20260990,64,64,64,0.0467412780079767,0.95325872199202333,9.7226917671938473,0.12429576552139598,0.87570423447860402,802.16741923706343,1.0341343004143579,10.054569048811446,0.1258586823061856,0.74984555217241844,0.057047400480484109,0.02890309748236837,0.017515552623523133,0.012163573152625081,0.0031311723983163801,0.0021710844607650218,0.0023813750168200833,0.00035530295142456158,5.8494426616632557e-05,9.3395390376241515e-05,0.00047531713807636491,60.527383245831295
84,3,tier3_voxel_grid,3,20260991,64,64,64,0.024945257822525675,0.97505474217747434,8.8170969624339541,0.068951008203956027,0.93104899179604395,2374.2512497262637,0.99490146408054625,8.7721426768656787,0.1338129869152937,0.7972360048807503,0.031646096405972296,0.016033512511602573,0.0097164614383703513,0.0067475398596076952,0.0017369657994274091,0.0012043729875892007,0.0013210281752775623,0.00019709840166958563,3.2448810083034248e-05,5.1809539134584502e-05,0.00026367427522173124,57.950169911153544
85,3,tier3_voxel_grid,3,20260992,64,64,64,0.11823547997884455,0.88176452002115546,1.403703866717728,0.27961893457706882,0.72038106542293123,22.583406082218385,1.1628238639619202,1.6322603541549967,0.1035351983954252,0.61684586702750599,0.12833529184064174,0.065021147664164086,0.039403435367032238,0.027363485403706651,0.0070439655471902533,0.0048841271562983747,0.0053572021720809018,0.00079929861095969651,0.00013159055886279426,0.00021010465997668023,0.0010692855961553754,68.629413292237246
86,3,tier3_voxel_grid,3,20260993,64,64,64,0.37713493520851771,0.62286506479148229,12.656712117335084,0.6367225976235803,0.3632774023764197,465.27278846568191,1.6288428833753319,20.615795459251579,0.052211252811781711,0.31106614956463796,0.29223335862840721,0.14806019522180147,0.089725889844110521,0.062309619813964691,0.016039872434110175,0.011121686500901234,0.012198929547318911,0.0018200895036559312,0.00029964595419329032,0.00047843106574851359,0.0024348791093683109,93.575599682713218
87,3,tier3_voxel_grid,3,20260994,64,64,64,0.27769885258891064,0.72230114741108942,1.4216364675557409,0.52672184381883536,0.47327815618116464,31.025033287364764,1.4498579346600391,2.0611709126877602,0.068020871380995787,0.40525728480016887,0.24174686756307631,0.12248118617820491,0.07422476650485596,0.05154495530479767,0.013268810019694106,0.0092002941971802317,0.010091431791114946,0.0015056492464049736,0.00024787885662391811,0.00039577689567136382,0.0020142272612109101,84.769176701739397
88,3,tier3_voxel_grid,3,20260995,64,64,64,0.024077118763448598,0.97592288123655135,9.8394042755901179,0.066656085196056869,0.93334391480394308,5800.0342726524032,0.99333881377420752,9.7738621713595535,0.13414281972230335,0.79920109508163972,0.030592807169976848,0.015499862928822366,0.0093930647036290348,0.0065229588872058753,0.0016791536965898583,0.0011642873767866001,0.0012770598848566316,0.00019053829952468717,3.1368803818031832e-05,5.0085142255036221e-05,0.00025489830259189564,57.846503202517766
89,3,tier3_voxel_grid,3,20260996,64,64,64,0.4195440157178652,0.58045598428213485,8.9038996083115407,0.67661277130362274,0.32338722869637726,2069.939747098575,1.7051792282921574,15.182744662891515,0.046478124549219117,0.27690910414715814,0.31054155041286285,0.1573360508684237,0.095347146797823787,0.066213268852954629,0.017044757920490601,0.011818451477975615,0.012963182960295519,0.0019341166901968737,0.00031841853930320149,0.00050840439852775719,0.0025874223847681724,97.065550320768068
90,3,tier3_voxel_grid,3,20260997,64,64,64,0.42421064636195632,0.57578935363804362,8.8768163095144672,0.68078516731356331,0.31921483268643669,220.74619995597587,1.7135791634515214,15.211127465770621,0.045878456027365531,0.27333637665907118,0.31245653396152834,0.15830627835851144,0.095935113906532019,0.066621579175319523,0.017149866016219914,0.011891331065653769,0.013043121641848126,0.0019460436018710187,0.00032038209704143345,0.00051153952185652087,0.0026033779671811937,97.440398914048927
91,3,tier3_voxel_grid,3,20260998,64,64,64,0.35355479994021582,0.64644520005978423,9.5998159910496312,0.61288233322082697,0.38711766677917303,58.507661365132208,1.5863986398923884,15.229135031418336,0.055637642847851485,0.33148002393132153,0.28129151273977643,0.14251650285909101,0.08636635942122374,0.059976613546016674,0.015439305089331111,0.010705266622329927,0.011742175370658491,0.0017519414354614272,0.00028842656477339959,0.0004605175769725449,0.0023437119951921653,91.568286555354646
92,3,tier3_voxel_grid,3,20260999,64,64,64,0.20831627632190824,0.79168372367809181,3.8623654164284478,0.43236455442272298,0.56763544557727696,8835.8836830246473,1.3249692973794349,5.1175155920278286,0.081582167126526717,0.48605327845075025,0.19844017844254977,0.10053982782100149,0.060928094161290788,0.042311158906034096,0.010891826870688922,0.0075521475856808714,0.0082836462186926477,0.0012359262733798852,0.00020347367904467736,0.00032487716838759776,0.0016533972959722055,78.066733043879353
93,3,tier3_voxel_grid,3,20261000,64,64,64,0.0066863367201714131,0.99331366327982862,3.3347227714829928,0.019113044971060696,0.9808869550289393,819.66615549965002,0.96203540609630855,3.2081213756822486,0.1409758395478963,0.83991111548104302,0.0087722178329390638,0.0044444490901692424,0.0026933785200329314,0.0018704009722269313,0.00048148252364126716,0.00033384914410000466,0.00036618566689311527,5.4635178120844884e-05,8.9947280326911591e-06,1.4361473127124315e-05,7.308984177747874e-05,55.753685253771799
94,3,tier3_voxel_grid,3,20261001,64,64,64,0.07825807382949046,0.92174192617050954,5.5617903812030258,0.19728361913127829,0.80271638086872166,73.936269585482634,1.0908645328930828,6.0671598662402797,0.11536866213954108,0.68734771872918055,0.090546267458194316,0.045875317244369211,0.027800879604850035,0.019306158363897395,0.0049698315970183671,0.0034459693623727938,0.0037797448678668251,0.00056394078954360039,9.2843003408284063e-05,0.00014823820060412099,0.00075442863915331894,64.165954610677915
95,3,tier3_voxel_grid,3,20261002,64,64,64,0.14015351019415376,0.85984648980584621,7.1094482173601037,0.32057701474403377,0.67942298525596623,250.75683043580975,1.2022763183494767,8.547521228263955,0.097648587600771927,0.58177439765519434,0.14713361527825244,0.074545328788038878,0.04517517992738463,0.031371639681626942,0.0080757529903815826,0.00559954534468355,0.0061419155405321767,0.00091637843831311836,0.00015086570797696319,0.00024088041384253989,0.0012259126330009141,71.004272556057288
96,3,tier3_voxel_grid,3,20261003,64,64,64,0.21159302865852206,0.78840697134147797,3.9817783058119689,0.43721921977864492,0.56278078022135514,15.357944113651424,1.3308674515853396,5.2992191466337664,0.080884440930081403,0.48189633929127373,0.20066829971117287,0.10166870671271511,0.061612205531895836,0.04278623604917383,0.011014122220830267,0.0076369444286967514,0.0083766564571759877,0.0012498034712224836,0.00020575831734445438,0.00032852494644472149,0.0016719619319726015,78.394122231030479
97,3,tier3_voxel_grid,3,20261004,64,64,64,0.025533427406487237,0.97446657259351277,4.7515150225796594,0.070501740461124909,0.9294982595388751,3060.5661717903636,0.99596016933167697,4.7323197064704443,0.13359011130180168,0.79590814823707345,0.032357828167240463,0.016394111808046747,0.009934988049807976,0.0068992943877775404,0.0017760307669301856,0.001231459756733938,0.0013507385603378104,0.00020153121356410292,3.3178595155265016e-05,5.29747537653467e-05,0.00026960440176552997,58.020360856234269
98,3,tier3_voxel_grid,3,20261005,64,64,64,0.024652822478708095,0.97534717752129185,2.8961266337850877,0.068178761866167101,0.93182123813383289,648.69546026598437,0.99437508046167455,2.8798361544972453,0.13392397633690789,0.79789726179692499,0.031291662399981574,0.015853938323472462,0.0096076377683834875,0.0066719678979874466,0.0017175119072739442,0.0011908840966617972,0.0013062327546296659,0.00019489091373230764,3.2085385741535009e-05,5.1229276018766579e-05,0.00026072114228411239,57.915258081580774
99,3,tier3_voxel_grid,3,20261006,64,64,64,0.205419192230095,0.79458080776990503,2.7098477584507799,0.42803624381430666,0.57196375618569339,537.91670740814266,1.3197545460141711,3.5763338982217281,0.082204244134195331,0.48975951205149809,0.19645363555714673,0.099533344752779099,0.060318155826588477,0.041887590794184845,0.010782791082932499,0.007476544624760377,0.0082007203788244682,0.0012235536754285267,0.00020143674684352028,0.00032162489139129829,0.0016368454834267984,77.776364324240504
100,3,tier3_voxel_grid,3,20261007,64,64,64,0.024258895523478194,0.97574110447652185,13.620729367357271,0.067137208969407197,0.93286279103059278,10.114114454286462,0.9936660119422609,13.534455830206733,0.134073671256696,0.79878911977389677,0.030813626121160453,0.015611740974417055,0.0094608638658546778,0.0065700416191723666,0.0016912738317607467,0.0011726912056993857,0.0012862777059871307,0.00019191360540059385,3.1595223914772085e-05,5.044665692484699e-05,0.00025673815911516566,57.868216020957128
101,3,tier3_voxel_grid,3,20261008,64,64,64,0.40535103307579551,0.59464896692420455,1.8445339198782227,0.66366646633274284,0.33633353366725716,3412.513681788304,1.6796318595364319,3.0981379378230831,0.048338804011776607,0.28799472965548056,0.30459965012914697,0.1543255837536337,0.093522775025813645,0.064946344538124409,0.016718623618047067,0.011592317293687864,0.012715145490246067,0.0018971093122954576,0.00031232592075824131,0.00049867659161805954,0.0025379146593713393,95.914433484650999
102,3,tier3_voxel_grid,3,20261009,64,64,64,0.17304542088327665,0.82695457911672332,5.3457391647030637,0.37723487047342269,0.62276512952657725,2602.9574770825443,1.261481757589898,6.7435524371067741,0.089505560784599675,0.53325956874197755,0.17313758550685657,0.087720254904138942,0.053159310757595939,0.036916172674721304,0.0095030382503699124,0.006589192816891026,0.0072274199547379681,0.0010783365169137417,0.00017752927749050386,0.00028345292249985348,0.0014425768912068862,74.47279284462158
103,3,tier3_voxel_grid,3,20261010,64,64,64,0.12074231605339561,0.87925768394660442,11.993362161497762,0.28444365727212223,0.71555634272787771,248.40836780874344,1.1673361688961121,14.000285437786392,0.10284177564264643,0.61271456708523131,0.13054967047725438,0.066143063843653885,0.040083327267650265,0.027835632360573903,0.007165506602663148,0.0049684009883697311,0.0054496387409446031,0.00081309021686168891,0.00013386110594416545,0.00021372993922631051,0.0010877357289801346,68.903622107182528
104,3,tier3_voxel_grid,3,20261011,64,64,64,0.4132229437353494,0.5867770562646506,1.6791626805550637,0.67089516115527958,0.32910483884472042,29.734950173945403,1.6938012987236286,2.8441679290924164,0.047299875604973007,0.28180496323974741,0.30791736772606276,0.15600650723682433,0.094541430681800057,0.065653744005057926,0.016900723865865112,0.011718581506591566,0.012853639614984712,0.0019177727403263396,0.00031572779335669378,0.00050410820686279053,0.0025655577775472688,96.55494717705885
105,3,tier3_voxel_grid,3,20261012,64,64,64,0.38104503065970036,0.61895496934029959,5.7849433747321495,0.64055625009612749,0.35944374990387251,45.146960122381998,1.6358810551874605,9.4634792720565368,0.0516602694664723,0.30778348043740023,0.29399287076453667,0.14895165303343932,0.090266121776723218,0.062684780722270475,0.016136447138456887,0.01118864922707462,0.012272378262027723,0.0018310481073743952,0.00030145009693530899,0.00048131165840376982,0.0024495393088850583,93.903769365348921
106,3,tier3_voxel_grid,3,20261013,64,64,64,0.068903190579787499,0.93109680942021256,10.106562486237335,0.17642386630086618,0.82357613369913385,127.69306281102482,1.0740257430436175,10.854708283897805,0.11836668464657117,0.70520944905256266,0.080972371930469453,0.04102469770003947,0.02486135791734834,0.017264824707565237,0.0044443472249297211,0.0030816103270063715,0.0033800941312628133,0.0005043125977420344,8.3026262861562894e-05,0.00013256425748485288,0.00067465924415631006,63.09691022669243
107,3,tier3_voxel_grid,3,20261014,64,64,64,0.41736095027291514,0.5826390497270848,8.303511502669199,0.67464676477099783,0.32535323522900217,27.222570451123669,1.7012497104912474,14.126346539976717,0.046760684552767405,0.27859255067623478,0.30963922231227609,0.15687888582965454,0.095070100425922607,0.066020875619140038,0.016995231652527712,0.011784111078567481,0.012925516360632539,0.0019284968050734229,0.00031749332335261749,0.00050692714830264686,0.0025799042155481128,96.889579937307602
108,3,tier3_voxel_grid,3,20261015,64,64,64,0.34909466019842783,0.65090533980157217,4.6694134354381127,0.60822879257440521,0.39177120742559479,3036.6253717469758,1.57837038835717,7.3700638974926411,0.056306462833820424,0.33546474459177439,0.27915570066448148,0.14143439247200354,0.085710590210292148,0.059521218450021049,0.015322076332861439,0.010623982841320948,0.011653018468259928,0.0017386391582735275,0.00028623657712009709,0.00045702092329748907,0.002325916476473561,91.18308828177372
109,3,tier3_voxel_grid,3,20261016,64,64,64,0.40748487321895216,0.59251512678104779,11.92436125875672,0.66563797177300832,0.33436202822699168,31.435740046033224,1.6834727717941136,20.074337500153522,0.048055453689713784,0.28630657453727792,0.30550450203563378,0.15478402748007911,0.093800596294637065,0.065139275894577894,0.016768288410663253,0.011626753742972512,0.012752917443146303,0.0019027449162014919,0.00031325372453189481,0.00050015797370255846,0.0025454538568624044,96.088568245051817
110,3,tier3_voxel_grid,3,20261017,64,64,64,0.16335649070865257,0.83664350929134745,5.5011409971517704,0.36110554452320798,0.63889445547679202,30.241992666273042,1.2440416832755747,6.8436487060329618,0.091823712999302254,0.54707074247748977,0.16573479014128337,0.083969624475914897,0.050886392961258686,0.035337758194750955,0.0090967194992289755,0.0063074605407653587,0.0069183991792122132,0.0010322303837678496,0.00016993870777790834,0.00027133340509467976,0.0013808970341530496,73.462899313636143
111,3,tier3_voxel_grid,3,20261018,64,64,64,0.19337665108118907,0.80662334891881093,10.502633288695625,0.40967168534259257,0.59032831465740743,1382.8377936515258,1.2980779719461402,13.633236919484037,0.084843650270858578,0.50548466438654882,0.1880249467970071,0.095262944860216095,0.057730252779612148,0.040090436647787935,0.010320163910134725,0.0071557693565161354,0.0078488749192786762,0.0011710580670766415,0.00019279426161190858,0.00030782582832299284,0.0015666179150281903,76.560140059699535
112,3,tier3_voxel_grid,3,20261019,64,64,64,0.43937018393141886,0.5606298160685812,2.0724457730165207,0.69406133270680659,0.30593866729319341,187.858570625634,1.740866331076554,3.607851069226383,0.043970368094608817,0.26196829919858461,0.31854982861928655,0.16139344951790949,0.097805969060836689,0.067920783603319657,0.017484309932796066,0.012123226949338199,0.013297478887680436,0.0019839938950932602,0.00032662995012868655,0.00052151518469909831,0.0026541471057184079,98.645841653885455
113,3,tier3_voxel_grid,3,20261020,64,64,64,0.007167207963317844,0.99283279203668218,3.3152645616547942,0.020469209632649022,0.97953079036735102,517.70485705497481,0.96290097433397215,3.1922714765922904,0.14078092773797532,0.83874986262937568,0.0093946498863768935,0.0047598046395043734,0.0028844869893888229,0.0020031151318689595,0.00051564607972159459,0.00035753738489133105,0.00039216834321562262,5.8511813055741998e-05,9.6329482805377629e-06,1.5380490367592593e-05,7.8275925977551531e-05,55.811963512463748
114,3,tier3_voxel_grid,3,20261021,64,64,64,0.15129852247045822,0.84870147752954184,12.108525081023206,0.34038961506458237,0.65961038493541757,48.801677631675076,1.222337340446825,14.800702344271581,0.094801064805717677,0.56480932012969987,0.15622690450097779,0.07915244887810699,0.04796713862418886,0.033310499081476992,0.0085748582254018164,0.0059456136801803589,0.0065215039458465501,0.00097301331513098056,0.00016018965148118099,0.00025576753033877773,0.0013016776314520716,72.192307941805396
115,3,tier3_voxel_grid,3,20261022,64,64,64,0.13607400606139608,0.86392599393860392,11.697912261502823,0.31315852070401856,0.68684147929598138,1141.545518150625,1.1949332109105129,13.978223859587027,0.098714794486397556,0.58812668480958386,0.14372878649194934,0.072820270371837081,0.044129778081230739,0.030645666479245361,0.0078888714528028009,0.0054699658930828232,0.0059997850641220216,0.00089517246386591005,0.00014737451458506201,0.00023530618414964037,0.0011975437071477671,70.566117016772097
116,3,tier3_voxel_grid,3,20261023,64,64,64,0.1201058896140674,0.87989411038593257,6.9864926249766555,0.28322231037446988,0.71677768962553012,983.48483718628461,1.1661906013053214,8.1475820353367183,0.10301731106331138,0.61376037856221877,0.12998911505283023,0.065859058123148795,0.039911217093440636,0.027716111455963772,0.00713473928184046,0.0049470676206594677,0.0054262390299670048,0.00080959896230745055,0.00013328633184644384,0.00021281222356791651,0.0010830651988976707,68.834070378350873
117,3,tier3_voxel_grid,3,20261024,64,64,64,0.24379657706104824,0.75620342293895182,2.3704012811618007,0.48273635638131285,0.51726364361868715,162.50066365074713,1.3888338387098866,3.292093510598777,0.074342589686695174,0.44292105393199199,0.22155907028251884,0.11225302735168914,0.068026404745294478,0.047240539206181029,0.012160758240028657,0.008431996034534121,0.0092487165107754954,0.0013799154899825996,0.00022717898920431498,0.00036272635889012867,0.0018460231722140228,81.553893764679927
118,3,tier3_voxel_grid,3,20261025,64,64,64,0.077987547260084167,0.92201245273991583,2.5636508052388418,0.19668943850476053,0.80331056149523949,170.79382042674362,1.0903775850681514,2.7953473739743502,0.1154540594549371,0.68785650204030235,0.090273559373437659,0.04573714954011688,0.027717148658844011,0.01924801189779532,0.0049548634123053768,0.0034355907600148701,0.0037683609973581849,0.00056224230746421925,9.2563377992976696e-05,0.00014779173542218307,0.00075215644400884133,64.135170289058721
119,3,tier3_voxel_grid,3,20261026,64,64,64,0.39753811338376072,0.60246188661623923,14.889873715979222,0.65637032849939803,0.34362967150060197,175.71175363921847,1.6655686040907693,24.800106180211351,0.049387425518301387,0.29424224598230059,0.30125097855378274,0.15262897741988324,0.092494615412874695,0.064232345103829538,0.016534824392850225,0.011464875048112347,0.012575359228962593,0.0018762530965159942,0.00030889230902346378,0.00049319429993800376,0.0025100136336251386,95.273589219351038
120,3,tier3_voxel_grid,3,20261027,64,64,64,0.037814342288390923,0.96218565771160902,11.267308461800226,0.10214412432536613,0.89785587567463387,281.68634382565949,1.0180658161191036,11.470861584628329,0.12904237865260296,0.76881349702203094,0.046880573466635628,0.023752068867696159,0.014393980175428152,0.00999581540956479,0.0025731436738504836,0.0017841599040079848,0.0019569730695412958,0.00029198186029300174,4.8069714681002729e-05,7.6750726993710493e-05,0.00039060745667391224,59.477799954600982
121,3,tier3_voxel_grid,3,20261028,64,64,64,0.43028995757923322,0.56971004242076684,4.8538480492221661,0.68615966380031435,0.31384033619968565,24.499813782201262,1.7245219236426199,8.3705673749135876,0.045106018234730608,0.26873431796495506,0.3149232395019344,0.15955603610547564,0.096692479015823882,0.067147526949170838,0.017285256590336185,0.011985207842210672,0.013146091293371234,0.001961406751662593,0.00032291137138176882,0.00051557789915240273,0.0026239304797947005,97.926048769312303
122,3,tier3_voxel_grid,3,20261029,64,64,64,0.33940445764144422,0.66059554235855578,2.4207730001160095,0.59795342534045604,0.40204657465954396,141.03689055219596,1.5609280237545997,3.7786524150295762,0.057783267592046814,0.34426330706749714,0.27443966720010537,0.13904501146948786,0.084262602543477533,0.058515671877328576,0.015063226434552008,0.010444502148340775,0.011456153331970422,0.0017092667312251987,0.00028140091991082775,0.0004493000493799562,0.0022866226346774489,90.34006127392513
123,3,tier3_voxel_grid,3,20261030,64,64,64,0.24788463490315382,0.75211536509684618,12.555615245557959,0.48824415166470031,0.51175584833529975,393.96616972464017,1.3961923428256768,17.530053865313352,0.073550993815068383,0.43820485452023133,0.22408695529917966,0.11353378171464669,0.068802554099386196,0.04777953158905214,0.012299506784635764,0.0085282011522440967,0.0093542400258413462,0.0013956596781439653,0.00022977099485850668,0.0003668648964215287,0.0018670854302903818,81.947586469670057
124,3,tier3_voxel_grid,3,20261031,64,64,64,0.03796347432251674,0.96203652567748321,8.5939342078341276,0.102519928009238,0.89748007199076196,1583.7432492489463,1.0183342537805302,8.7514975785737388,0.12898836708728709,0.76849170490347485,0.047053054187647714,0.023839456321835231,0.014446937805749342,0.010032591526439139,0.0025826106586442871,0.0017907240981696276,0.0019641730694789231,0.0002930561057226492,4.8246570432413814e-05,7.7033104527754486e-05,0.00039204456059090597,59.49540230991115
125,3,tier3_voxel_grid,3,20261032,64,64,64,0.10334144783054849,0.89665855216945145,5.0772873551896067,0.25016314051709126,0.74983685948290879,12.4487054714154,1.1360146060949872,5.7678725948367804,0.10776866819117017,0.64206819129173864,0.11481611463326577,0.058171648941783664,0.035252573841211512,0.02448094387613127,0.0063019356884561131,0.0043696203547605259,0.0047928604040344807,0.00071509839285763624,0.00011772846326486012,0.00018797168244897658,0.00095664423887643218,66.986422944736475
126,3,tier3_voxel_grid,3,20261033,64,64,64,0.23120054691779829,0.76879945308220177,2.4710890149874105,0.46539281333595056,0.53460718666404938,1002.0606632631154,1.3661609844520368,3.3759054013838146,0.07683525260673868,0.4577719340573107,0.21359899182201017,0.10822004913053269,0.065582381494662598,0.045543301543473587,0.011723851777086423,0.0081290549275507655,0.0089164326237249746,0.0013303384830240207,0.00021901700072720376,0.00034969448313447449,0.001779700050023615,80.330399926834616
127,3,tier3_voxel_grid,3,20261034,64,64,64,0.047099040342099441,0.95290095965790056,11.22992936012284,0.1251691926361756,0.87483080736382446,1475.8467418971609,1.0347782726157788,11.620486904865132,0.12573315089794468,0.74909765646587978,0.057448272917274959,0.029106199727535951,0.01763863452038068,0.012249046656565805,0.0031531751661682604,0.0021863406847285197,0.0023981089538244889,0.00035779966746660581,5.8905467315051672e-05,9.4051680363336807e-05,0.0004786571945519323,60.569273669859633
128,3,tier3_voxel_grid,3,20261035,64,64,64,0.0063652817420235047,0.99363471825797645,2.7231539782475123,0.018206238612368648,0.9817937613876313,8883.0985353772103,0.96145750713564226,2.6181968354723599,0.141106168315211,0.84068759307242036,0.0083560254929542395,0.0042335850074471633,0.0025655928756194712,0.0017816609782862879,0.00045863888911322237,0.00031800988211050173,0.00034881221898341066,5.2043046568636998e-05,8.5679788366787096e-06,1.368010209641834e-05,6.9622140352615969e-05,55.714762755086383
129,3,tier3_voxel_grid,3,20261036,64,64,64,0.054786571037663857,0.94521342896233618,5.8537888498399644,0.14367804333063203,0.85632195666936795,110.22977797088096,1.0486158278677948,6.1383756409382011,0.1230730066760851,0.73324894999328283,0.065943186750991881,0.033410152590808581,0.020246870987486058,0.014060321227735989,0.0036194372481944161,0.0025096363172127734,0.0027527188992955949,0.00041070773920686874,6.7615857441083137e-05,0.00010795916408792727,0.00054943654817084036,61.466164216144477
130,3,tier3_voxel_grid,3,20261037,64,64,64,0.076166758561601572,0.9238332414383984,13.463387310416083,0.19267643655011027,0.80732356344988976,57.919323947857322,1.0871001654108827,14.636050572144104,0.11603081941362926,0.69129274403626051,0.088431732110251515,0.04480398672314042,0.027151643095399226,0.0188552998642658,0.004853770660657071,0.0033654953215402498,0.003691476136822777,0.0005507710281927277,9.0674832173543406e-05,0.00014477638021226914,0.0007368103974546578,63.927772899237908
131,3,tier3_voxel_grid,3,20261038,64,64,64,0.12477516141709405,0.87522483858290601,6.5842631005923495,0.29212759207991862,0.70787240792008133,22.443540268689169,1.1745952905507693,7.7338444297029802,0.10173741886125928,0.60613498905882202,0.13407632727370683,0.067929846489597462,0.041166134585478895,0.028587581574149847,0.0073590749392811235,0.0051026169159096475,0.0055968547808909579,0.00083505496123018486,0.00013747721755389092,0.00021950362015574006,0.0011171197219640183,69.34334807774421
132,3,tier3_voxel_grid,3,20261039,64,64,64,0.045855605704453579,0.95414439429554643,8.5522962712288333,0.12212883245483941,0.87787116754516059,1429.1667505987427,1.0325400902680164,8.8305887638934397,0.12617012003785869,0.75170104750730193,0.056052854142210201,0.02839921002169964,0.017210192018520136,0.011951517265110829,0.0030765845289827858,0.0021332344608991048,0.0023398588779059955,0.00034910871213686444,5.7474653282334782e-05,9.1767164677471425e-05,0.00046703060941403964,60.423622172644855
133,3,tier3_voxel_grid,3,20261040,64,64,64,0.025466620426291265,0.97453337957370878,4.3372050681473659,0.070325767217326834,0.92967423278267314,608.36345296531397,0.99583991676732431,4.31916193406669,0.13361540267269331,0.7960588301099798,0.032277062615246897,0.016353191895783856,0.0099101901928645188,0.006882073660950172,0.0017715977714736519,0.001228386017467618,0.0013473670996556894,0.00020102818908349462,3.3095780958396293e-05,5.2842528103986851e-05,0.0002689314657385523,58.012390034763762
134,3,tier3_voxel_grid,3,20261041,64,64,64,0.17806384945432166,0.82193615054567837,1.7020412556693059,0.38541505874153509,0.61458494125846497,11.641419267138724,1.2705149290177788,2.1624688251320192,0.088329881056324611,0.5262550602021403,0.17689200525059626,0.089622433775201779,0.054312049287982847,0.037716685210156815,0.0097091078587005029,0.0067320768448426785,0.0073841436845678019,0.0011017198157950588,0.00018137892932982555,0.00028959948649136773,0.0014738585978701412,74.992014090860465
135,3,tier3_voxel_grid,3,20261042,64,64,64,0.0020579816819470227,0.99794201831805296,3.4464607997731278,0.0059341760623301152,0.99406582393766985,43.684383074684256,0.95370436702750472,3.2869047155327387,0.142869943755496,0.85119588018217385,0.0027235788518569816,0.0013799027544308404,0.00083623422456095148,0.00058071797001229284,0.00014948963237142106,0.00010365274619231438,0.00011369251849381908,1.696300964376725e-05,2.7926633280873489e-06,4.4589185124513822e-06,2.2692772927187842e-05,55.191582145156026
136,3,tier3_voxel_grid,3,20261043,64,64,64,0.28539847354945547,0.71460152645054453,2.3430067510358672,0.53620041779244532,0.46379958220755468,1508.9283927879817,1.4637172523890198,3.4294994039551439,0.066658583997321608,0.39714099821023308,0.24609720084424785,0.12468528497757977,0.075560471390169567,0.052472527756095108,0.013507587656865171,0.0093658572360978687,0.010273031213759398,0.0015327440174455844,0.00025233953754417207,0.00040289906200391683,0.0020504741006368747,85.483864969142914
137,3,tier3_voxel_grid,3,20261044,64,64,64,0.089772505379020123,0.91022749462097985,6.2112654998547843,0.22209112766074071,0.77790887233925932,986.74726927456163,1.111590509682236,6.9043837827552679,0.11180325704968609,0.66610561528957324,0.10193204450431306,0.051643927577263556,0.031296712461935591,0.021733819060677485,0.0055947650825044822,0.0038792841744477108,0.0042550304159609288,0.00063485375235479717,0.00010451758444594891,0.00016687847313192692,0.00084929457370520303,65.469007090673671
138,3,tier3_voxel_grid,3,20261045,64,64,64,0.31382063395731463,0.68617936604268537,9.3623960046367589,0.56968761357291409,0.43031238642708591,11.849880104901727,1.5148771411231663,14.182879693567088,0.061845709776645413,0.36846667665044053,0.26146665016251874,0.13247222510376963,0.080279431343845992,0.055749581916736603,0.014351173781339953,0.0099507808663486241,0.010914610362336621,0.0016284681110687463,0.00026809883801559684,0.0004280612202592931,0.0021785318666742498,88.073346258415654
139,3,tier3_voxel_grid,3,20261046,64,64,64,0.11621735398736524,0.88378264601263479,12.547416832553539,0.27570750469396726,0.72429249530603279,2323.6928600490246,1.1591912371772572,14.54485564150648,0.10409736012953319,0.6201951351764996,0.12654008259874511,0.064111603893847374,0.038852243171036693,0.02698071320455012,0.0069454315284604743,0.0048158058856343959,0.0052822633246906569,0.00078811767831950144,0.00012974981354614223,0.00020716562565536474,0.0010543279694814227,68.408175206179536
140,3,tier3_voxel_grid,3,20261047,64,64,64,0.14852291797869632,0.85147708202130368,5.7072081556329435,0.33551645740176911,0.66448354259823095,99.997499500238604,1.2173412523616534,6.9476199236668492,0.095501448768662831,0.5689820938295681,0.15399029591154684,0.07801926988054092,0.047280421348441938,0.032833612282741266,0.0084520970299384168,0.0058604938305039786,0.0064281394143794572,0.00095908325650756964,0.00015789631057690342,0.00025210585722888344,0.0012830422793629083,71.897662470870671
141,3,tier3_voxel_grid,3,20261048,64,64,64,0.052928999130324804,0.94707100086967522,14.010184526107867,0.13925056825043103,0.86074943174956897,1170.56904798301,1.0452721984345845,14.644456380078967,0.1237093358813097,0.73704009586825925,0.063911130848217687,0.032380610326782071,0.01962295856029039,0.013627048889024022,0.0035079033780967047,0.0024323012422266983,0.0026678931733397962,0.00039805167681604398,6.553225776985213e-05,0.00010463237526481749,0.00053250552260293148,61.25001327752878
142,3,tier3_voxel_grid,3,20261049,64,64,64,0.41246411621175233,0.58753588378824761,11.544440173674145,0.6702036092066358,0.3297963907933642,8126.1631248673875,1.6924354091811542,19.538219329099558,0.047399267401398888,0.28239712339196532,0.30759996961678804,0.15584569730655898,0.094443978330969292,0.065586068789567811,0.016883302770588759,0.011706502111262094,0.012840390213233773,0.0019157959195763661,0.00031540234433965087,0.00050358857722023517,0.0025629132265307347,96.493428312326927
143,3,tier3_voxel_grid,3,20261050,64,64,64,0.16040409696614907,0.8395959030338509,7.0218576706993447,0.35610036213258622,0.64389963786741378,9428.7860932918229,1.2387273745390683,8.6981673168124178,0.092543071928474094,0.55135656593893967,0.16343758682854048,0.082805745127762273,0.050181070980372895,0.034847951467263695,0.0089706324287297298,0.0062200346042019516,0.0068225051940096143,0.0010179229287363262,0.00016758323514516859,0.00026757252907999416,0.0013617568087440752,73.153209457838187
144,3,tier3_voxel_grid,3,20261051,64,64,64,0.039538010756077727,0.96046198924392223,11.166817539349534,0.10647560923129414,0.89352439076870582,66.362035328598594,1.0211684193609398,11.403201415949583,0.12841984542594359,0.76510454534276218,0.048868573243354585,0.024759290070721727,0.015004365826858235,0.010419694157901373,0.0026822594263000805,0.0018598183106467835,0.0020399597255825641,0.00030436353206332638,5.010814072800465e-05,8.0005389145723285e-05,0.00040717140799172499,59.681106975227351
145,3,tier3_voxel_grid,3,20261052,64,64,64,0.26556286538810309,0.73443713461189697,9.3514500336332897,0.51140836894965735,0.48859163105034265,210.3734542823606,1.4280131576985855,13.353993691589217,0.070221767177407191,0.41836986387293545,0.23471851925253434,0.11892026956064355,0.07206681708642694,0.050046379942951823,0.012883043621043722,0.0089328124596542244,0.0097980418568626368,0.001461875246584777,0.00024067223193945461,0.00038427040582897696,0.0019556672851868749,83.631099071767579
146,3,tier3_voxel_grid,3,20261053,64,64,64,0.44104896448136233,0.55895103551863767,5.1370449108022642,0.69550599447253103,0.30449400552746897,11.279704900795807,1.7438881360664522,8.9584316743886152,0.043762737231295173,0.26073126829617377,0.31921287774217832,0.16172938372828768,0.098009548394972446,0.068062158082124125,0.01752070284631781,0.012148460976398321,0.013325157074642156,0.0019881235014963341,0.00032730981771135557,0.00052260069834476018,0.0026596716100576508,98.77819105860479
147,3,tier3_voxel_grid,3,20261054,64,64,64,0.28320936814865921,0.71679063185134084,2.7998846787372162,0.53352384349043025,0.46647615650956975,75.790350763484483,1.4597768626675867,4.087206872158057,0.067043268804683295,0.39943288770488644,0.24486874703906539,0.12406288816747585,0.075183292989593684,0.052210598420172623,0.013440161260307278,0.0093191052904397706,0.010221750889391597,0.0015250929543122278,0.00025107992360288913,0.00040088789371705603,0.0020402386623518628,85.28124754114566
148,3,tier3_voxel_grid,3,20261055,64,64,64,0.016336013444209253,0.98366398655579079,12.785472918321034,0.045868711141268718,0.95413128885873133,972.83590378116878,0.97940482419957664,12.52215385587666,0.13713043974757269,0.81700084911115867,0.021052130963779041,0.010666073972395098,0.0064637425128515414,0.0044887082117645496,0.0011554926402312935,0.00080119258750601307,0.00087879584881555466,0.0001311170044946388,2.1586125211889078e-05,3.4465584286991859e-05,0.00017540568993210267,56.918715852970898
149,3,tier3_voxel_grid,3,20261056,64,64,64,0.31226020970141677,0.68773979029858323,12.334292259677548,0.56790789985300394,0.43209210014699606,20.080169852358935,1.5120683774625503,18.650293284239524,0.062101495251753333,0.36999060489524271,0.26064982393441327,0.13205837963669764,0.080028637045382725,0.055575419281895022,0.014306340472229929,0.0099196944589742542,0.010880512935349404,0.0016233807492047091,0.00026726129272070117,0.00042672394978244529,0.0021717260963538014,87.93314456465437
150,3,tier3_voxel_grid,3,20261057,64,64,64,0.39932947359154264,0.60067052640845731,1.5316047281852518,0.65805406533469557,0.34194593466530443,4535.0370912809312,1.6687930524647767,2.555931329517751,0.049145434111731209,0.29280050055357321,0.30202375475532139,0.15302050491626351,0.09273188480832921,0.064397115448820777,0.016577239919096005,0.011494285019271041,0.012607617840651076,0.0018810661057484003,0.00030968468694833427,0.00049445945372955755,0.0025164523805162355,95.420977219472263
151,3,tier3_voxel_grid,3,20261058,64,64,64,0.24742207433009678,0.75257792566990322,7.7463841401000568,0.48762386353061538,0.51237613646938462,23.314866526711853,1.3953597337941741,10.808992511597427,0.073640143375082304,0.43873599309430233,0.2238022647833765,0.11338954310497718,0.06871514412682006,0.047718830244456868,0.012283880917766506,0.008517366527882925,0.009342355963182062,0.001393886567017858,0.00022947908307383567,0.00036639881415246987,0.0018647133979090755,81.903123504357737
152,3,tier3_voxel_grid,3,20261059,64,64,64,0.44496047635630642,0.55503952364369358,13.002853079657495,0.69885267170018606,0.30114732829981394,18.985928372907296,1.7509288574413515,22.767070686242455,0.043281743341585861,0.25786558495822809,0.32074888530674889,0.16250760282325985,0.098481156585718474,0.068389663633950826,0.017605010009295971,0.012206917665519458,0.013389275860232856,0.0019976900727424521,0.00032888478661461176,0.00052511537955557191,0.0026724695765470282,99.085685180945561
153,3,tier3_voxel_grid,3,20261060,64,64,64,0.14970659830897354,0.85029340169102641,7.5740601888069943,0.33759954053001928,0.66240045946998072,403.37570689452832,1.2194718769561523,9.2363533946233343,0.095202062186603056,0.56719839728337762,0.1549463580666246,0.078503659308186605,0.047573965959547444,0.03303746262235005,0.0085045726099971172,0.0058968792165326536,0.0064680490774220046,0.0009650378083816848,0.00015887662356400034,0.00025367107838612069,0.0012910081590269632,72.023416067177521
154,3,tier3_voxel_grid,3,20261061,64,64,64,0.2695251853976543,0.73047481460234565,14.160503771766791,0.51645937343815984,0.48354062656184016,130.87116412586116,1.4351453337157778,20.322380911115783,0.069495822567097007,0.41404480399474314,0.23703675330238796,0.12009480414356091,0.07277859624116241,0.050540670817081093,0.013010285009934388,0.0090210387746074445,0.009894813744853426,0.0014763136853754753,0.00024304926876089105,0.00038806571240291356,0.0019749827380328741,84.004242534366028
155,3,tier3_voxel_grid,3,20261062,64,64,64,0.33122264137631902,0.66877735862368093,14.060135424517169,0.58909702452755208,0.41090297547244792,15.853268355278129,1.5462007544773744,21.739792001442506,0.059056134494364795,0.35184684097808311,0.27037488959589612,0.13698558961416948,0.083014573265547467,0.05764898523917289,0.014840122150528608,0.010289806659700878,0.011286474087095712,0.0016839504597124576,0.00027723303788150218,0.00044264538171867341,0.0022527550361282284,89.621662897028472
156,3,tier3_voxel_grid,3,20261063,64,64,64,0.10925814278437326,0.89074185721562671,1.4466145694274128,0.26202943538872475,0.7379705646112753,22.866091194860854,1.1466646570118719,1.6587817990808611,0.10606321082600206,0.63190735378527318,0.12026232812993605,0.060930976067616535,0.036924752385657268,0.025642178493547805,0.0066008631283128328,0.0045768899129356539,0.0050202060262364212,0.00074901853142937029,0.00012331282176386791,0.00019688797366136733,0.0010020219176275573,67.641937853221833
157,3,tier3_voxel_grid,3,20261064,64,64,64,0.34888705495125089,0.65111294504874917,7.2955744251914956,0.60801103182110772,0.39198896817889228,1027.3816647367121,1.5779966989122514,11.512392359620826,0.056337760023429585,0.33565120815546268,0.27905575611005368,0.14138375550738941,0.085679903726985807,0.059499908401031094,0.015316590655555367,0.010620179196155197,0.01164884640322319,0.0017380166830184255,0.0002861340974390693,0.00045685729865205141,0.0023250837416043677,91.165115318855626
158,3,tier3_voxel_grid,3,20261065,64,64,64,0.013168410049150054,0.98683158995084996,10.013404628239376,0.037191137851578279,0.96280886214842176,1151.1825387912368,0.97370313808846998,9.7500835094662897,0.13837760505391161,0.82443125709451015,0.017069428925787982,0.0086482357487820422,0.0052409133121746445,0.0036395216199796034,0.00093689325468449447,0.00064962069406807055,0.00071254274958880003,0.00010631191650071815,1.7502400622599889e-05,2.7945286982337692e-05,0.00014222194240698228,56.537317139439615
159,3,tier3_voxel_grid,3,20261066,64,64,64,0.21491957567903447,0.78508042432096548,7.1636307828943249,0.44210383974520473,0.55789616025479527,4066.0842982307754,1.3368552362222619,9.5767373224752603,0.080182409572514948,0.47771375068228034,0.20291016909633175,0.10280455109539038,0.062300538056429523,0.043264244547989474,0.011137172166670331,0.0077222644913847683,0.0084702405942238736,0.0012637662951644408,0.00020805705248627936,0.00033219523228835232,0.0016906411168455264,78.725367610028812
160,3,tier3_voxel_grid,3,20261067,64,64,64,0.018312325800545908,0.98168767419945413,14.968184690978665,0.051231773354208081,0.94876822664579197,11.036297207182745,0.98296218644098265,14.713159550896833,0.1363596453210178,0.81240858132477423,0.023513588573214964,0.011913172852186862,0.0072194963232884522,0.005013537028543011,0.0012905951700815052,0.000894869640652481,0.00098154643178169094,0.00014644746909202595,2.4110018505753666e-05,3.849536991072914e-05,0.00019591447695060355,57.15616090383832
161,3,tier3_voxel_grid,3,20261068,64,64,64,0.044195819515387161,0.9558041804846128,4.534374284827706,0.11804983874400389,0.88195016125599612,8936.4123465271568,1.0295524751276968,4.6683762680997445,0.12675636451786471,0.75519379673813147,0.0541807389755889,0.02745070182144279,0.016635387006511414,0.011552347283875187,0.0029738293589518668,0.0020619863389377108,0.0022617096853248704,0.00033744879356906247,5.5555051296802119e-05,8.8702223499727615e-05,0.00045143220500554762,60.228948769208124
162,3,tier3_voxel_grid,3,20261069,64,64,64,0.41380851647915234,0.58619148352084771,10.646241428365824,0.67142805666150474,0.32857194333849526,5739.2492234541851,1.6948553296624742,18.043839025739249,0.047223286359906358,0.28134865697858891,0.30816194808831687,0.15613042401467861,0.094616525430546897,0.065705893114446204,0.01691414819849044,0.011727889636662801,0.012863849327598629,0.0019192960371608571,0.00031597857758053647,0.00050450862262615037,0.0025675956133967056,96.602387457629888
163,3,tier3_voxel_grid,3,20261070,64,64,64,0.32737394648510304,0.6726260535148969,12.586719462262636,0.58487239898214849,0.41512760101785151,34.253432881645388,1.5392731036731855,19.374398731740694,0.059663309592356786,0.35546429142549474,0.26843593452081566,0.13600321693676493,0.082419246057538448,0.05723556373886346,0.014733698324700744,0.010216014774388438,0.011205534743047725,0.0016718742484380911,0.00027524490057117824,0.00043947101330514532,0.0022365997237146296,89.281625349365655
164,3,tier3_voxel_grid,3,20261071,64,64,64,0.32374358584154689,0.67625641415845306,4.9045772914724708,0.58085243339581549,0.41914756660418451,481.31027773929145,1.5327384545147842,7.5174342177798215,0.060241070383833743,0.35890649622035076,0.26659091119472472,0.13506843483272335,0.081852759190694652,0.056842170244923558,0.014632430150090718,0.010145797701580795,0.011128516466716164,0.0016603830634290297,0.00027335307761965002,0.00043645042564747491,0.002221227047665321,88.959636153440869
165,3,tier3_voxel_grid,3,20261072,64,64,64,0.19388890372888276,0.80611109627111721,9.3668746524197353,0.41046533817558273,0.58953466182441727,360.36945672083874,1.299000026711989,12.167570423701088,0.084729584247381848,0.50480507757703541,0.1883892056341134,0.095447496804546991,0.057842093017312399,0.040168103447226905,0.010340157059813478,0.0071696321564733104,0.0078640804656670282,0.0011733267460842087,0.00019316775999460637,0.00030842217620217756,0.0015696529081481944,76.612178368573794
166,3,tier3_voxel_grid,3,20261073,64,64,64,0.077565191973338873,0.92243480802666111,13.801967198211797,0.19576072168585021,0.80423927831414976,488.11998429127266,1.0896173455520097,15.038862861911447,0.11558753725538788,0.68865174105876192,0.089847310900055682,0.045521190511763183,0.027586275428804853,0.019157127748061799,0.0049314678247161636,0.0034193687861967816,0.0037505677682728947,0.00055958754424350709,9.2126317586425425e-05,0.00014709390095061226,0.00074860495519829247,64.087093200047775
167,3,tier3_voxel_grid,3,20261074,64,64,64,0.14934853336364828,0.85065146663635172,1.9997269063905787,0.33697017330792883,0.66302982669207111,687.0569452913544,1.2188273600545669,2.4373218661461151,0.095292516618750642,0.56773731007332051,0.1546575005675998,0.078357309494128335,0.047485276576994438,0.032975872798966695,0.0084887180290631001,0.0058858860069871503,0.0064559910690674587,0.00096323874442644393,0.00015858043909920336,0.00025319817412304644,0.0012886014074731333,71.985391045107505
168,3,tier3_voxel_grid,3,20261075,64,64,64,0.2722946427109012,0.7277053572890988,4.2244774322624217,0.51996006047497689,0.48003993952502311,582.60082947478406,1.440130356879622,6.0837981921539903,0.068992693953264891,0.4110472455717582,0.23864344597215364,0.12090883588676596,0.073271907238159323,0.05088324775587022,0.013098471880813258,0.0090821855658577595,0.0099618831950170125,0.0014863204980048298,0.00024469671572035844,0.00039069611602943373,0.0019883696505850518,84.264146065162208
169,3,tier3_voxel_grid,3,20261076,64,64,64,0.034249953821601335,0.96575004617839866,8.3748510979514457,0.093102733898291865,0.90689726610170818,2430.9066772303127,1.0116499168788824,8.4724174171155973,0.13034183278399114,0.77655543331771704,0.042730892112406917,0.02164963047976173,0.013119882468632363,0.0091110257033359728,0.0023453792602447471,0.0016262331864115469,0.0017837496198925252,0.00026613679075064242,4.3814775290024194e-05,6.9957058802856025e-05,0.00035603244276253155,59.056401177812788
170,3,tier3_voxel_grid,3,20261077,64,64,64,0.05327346694746856,0.9467265330525314,2.6513274479606528,0.14007373650151492,0.85992626349848511,108.61476431795171,1.0458922405054434,2.7730028048611466,0.12359102781870293,0.73633523567978221,0.06428893622787335,0.032572025634501248,0.019738958061636162,0.013707604064793495,0.0035286400596413431,0.0024466795904433615,0.0026836642038294326,0.00040040472647869522,6.5919646307620775e-05,0.00010525090092281405,0.00053565338508737928,61.290123677798192
171,3,tier3_voxel_grid,3,20261078,64,64,64,0.12891153404130318,0.87108846595869682,9.8733809599294187,0.29991073931443257,0.70008926068556743,577.63567969054748,1.1820407612743455,11.670738746226599,0.10061880299009794,0.59947045769546947,0.13764851909716408,0.069739699482538386,0.042262922753530288,0.029349239707454202,0.0075551425662876721,0.0052385657951479411,0.0057459716256905774,0.00085730330711867534,0.00014114001920160558,0.00022535184894514375,0.0011468831113539755,69.792564013701863
172,3,tier3_voxel_grid,3,20261079,64,64,64,0.17961504836508804,0.82038495163491199,9.1917369952151802,0.38792007680219498,0.61207992319780502,223.8569768093536,1.2733070870571586,11.703903858372961,0.087969852795806297,0.52411007040199875,0.17804172075311442,0.090204937780053673,0.054665052268255826,0.037961826066739243,0.0097722125298525721,0.006775832203383016,0.0074321371733348162,0.0011088804805738687,0.00018255780774541715,0.00029148174803658982,0.0014834379911055247,75.151974551475561
173,3,tier3_voxel_grid,3,20261080,64,64,64,0.15283316767685165,0.84716683232314838,14.114946381371141,0.3430669442556652,0.6569330557443348,61.838005968445188,1.2250997018183329,17.292216602999542,0.094416271503570182,0.56251678424076468,0.15745570477378756,0.079775021226228829,0.048344423402477091,0.033572502290780119,0.008642303638599599,0.0059923788115485059,0.0065727987330881175,0.00098066653613602841,0.00016144962067835694,0.00025777926584656414,0.0013119159564944059,72.354869686727511
174,3,tier3_voxel_grid,3,20261081,64,64,64,0.031320759863008099,0.96867924013699191,10.751899612942101,0.085586274476292287,0.9144137255237077,304.62157194180077,1.0063773677534145,10.820468430821627,0.13142211953060487,0.7829916059931028,0.039281100648929375,0.019901791697925487,0.012060675503726168,0.0083754656169186138,0.0021560298469601984,0.0014949425653463827,0.0016397422306833527,0.00024465077949598155,4.0277478727806495e-05,6.4309218274901839e-05,0.00032728888930401109,58.709113244095356
175,3,tier3_voxel_grid,3,20261082,64,64,64,0.029992830468054288,0.97000716953194566,2.0232607526299367,0.082152733048912879,0.91784726695108709,174.58586180715133,1.0039870948424976,2.0313276851417754,0.13191559778807954,0.78593166916300761,0.037705225460805375,0.019103373649096509,0.011576826554375129,0.0080394595418177769,0.0020695344615318384,0.0014349686120334424,0.001573959219169814,0.00023483590448500295,3.8661630945570985e-05,6.1729267617388121e-05,0.00031415874703502378,58.551380777176369
176,3,tier3_voxel_grid,3,20261083,64,64,64,0.35237396444336022,0.64762603555663978,10.298127021014023,0.61165488462870354,0.38834511537129646,9345.9761820261065,1.5842731359980484,16.315045990488127,0.055814055221254266,0.33253106015004219,0.28072815685142144,0.14223107828196305,0.086193389406373902,0.059856495530099148,0.015408384058868914,0.010683826675815512,0.011718658757687387,0.001748432739041449,0.00028784891917705549,0.00045959527652290969,0.0023390181317327254,91.46647660878476
177,3,tier3_voxel_grid,3,20261084,64,64,64,0.049286358090459573,0.95071364190954044,6.8734162072554827,0.13048567387559026,0.86951432612440971,2683.6027159342148,1.0387154445628273,7.1395235713847205,0.12496905122027589,0.7445452749041338,0.059888351492274047,0.03034246690752716,0.018387824217473873,0.012769317063195606,0.0032871042605601085,0.0022792041041412672,0.0024999670947500976,0.00037299697903738643,6.1407439288216863e-05,9.8046465211398459e-05,0.00049898785213109388,60.825095371975259
178,3,tier3_voxel_grid,3,20261085,64,64,64,0.06496078187617145,0.93503921812382851,14.859899875313561,0.16743577309265226,0.83256422690734777,15.738010234365538,1.0669294073771085,15.854464167651466,0.1196584787513519,0.71290574815599583,0.076847152131918589,0.038934652773023014,0.023594770766022562,0.016385250662688356,0.0042179254377594259,0.0029246145563588039,0.0032078917997907372,0.00047861987980300102,7.8796405501693146e-05,0.00012581063663222067,0.00064028804315383948,62.643604828653054
179,3,tier3_voxel_grid,3,20261086,64,64,64,0.15951768830334503,0.84048231169665499,14.737138321160256,0.3545892434616576,0.64541075653834246,83.239102979283928,1.2371318389460211,18.231783032058864,0.092760254165630454,0.55265050237271196,0.1627440363151148,0.082454357370745246,0.049968126649646824,0.034700073521309258,0.0089325653791150917,0.0061936397688585046,0.0067935537632403953,0.0010136033533953523,0.0001668720924941308,0.0002664370799552055,0.0013559781677827632,73.060051256669695
180,3,tier3_voxel_grid,3,20261087,64,64,64,0.22268687278221941,0.77731312721778056,4.9854347586416194,0.45334054760025333,0.54665945239974667,18.634676619375256,1.3508363710079947,6.7345065972605633,0.078567438228979061,0.46809201417076762,0.20806742421600688,0.10541747729728466,0.063883996245247543,0.044363867832951924,0.011420239488683136,0.0079185370008457018,0.0086855239970419079,0.0012958867414921726,0.00021334512308371684,0.0003406384540848776,0.0017336112035307605,79.494433046669045
181,3,tier3_voxel_grid,3,20261088,64,64,64,0.43429958412412817,0.56570041587587183,9.7640903311329552,0.68966725525200112,0.31033274474799888,139.02839488895515,1.7317392514234307,16.90885848086694,0.044601897298921063,0.26573084744907782,0.31653310105616289,0.16037167336577293,0.097186762971484972,0.067490779553418007,0.017373617392428046,0.01204647523344902,0.013213293024799653,0.001971433300756587,0.00032456206760549897,0.00051821349073137937,0.0026373437953920841,98.244715204468505
182,3,tier3_voxel_grid,3,20261089,64,64,64,0.19641496560382976,0.80358503439617024,12.429669321318809,0.41436264366763176,0.58563735633236824,14.141300129098678,1.3035469380868936,16.202657385237728,0.084169452510590603,0.50146790382177764,0.19017793227550037,0.09635375616167588,0.058391294827603996,0.040549493434663811,0.010438335266716352,0.0072377067152255585,0.0079387487047075898,0.0011844673037542108,0.00019500185827744785,0.00031135059750694622,0.0015845565219995542,76.868398247264111
183,3,tier3_voxel_grid,3,20261090,64,64,64,0.00089312034669996785,0.99910687965330003,5.8399513957449898,0.0025809807640444792,0.99741901923595555,197.55983467298392,0.95160761662405979,5.5573422289052408,0.14335187444069911,0.85406714479525647,0.0011845797212900709,0.00060016798086700706,0.00036370751813858163,0.00025257456034227587,6.501827069539601e-05,4.5082205390060726e-05,4.9448853584080674e-05,7.3778063089137829e-06,1.2146269767762271e-06,1.939339646852331e-06,9.8698808044638958e-06,55.049777263952471
184,3,tier3_voxel_grid,3,20261091,64,64,64,0.058584649901561592,0.94141535009843835,8.5676446845791787,0.15264335164299375,0.8473566483570063,73.775252032835539,1.0554523698228107,9.0427408861389011,0.12178448728079594,0.72557216107621036,0.070057949080833876,0.035494899235432392,0.021510247329170441,0.014937665544622456,0.0038452850541297774,0.0026662341021919042,0.0029244846963329247,0.0004363353258784754,7.1834992075099741e-05,0.00011469566445190991,0.00058372061787448988,61.906985836892261
185,3,tier3_voxel_grid,3,20261092,64,64,64,0.25330927921506979,0.74669072078493026,3.3964933786738589,0.49546370564585318,0.50453629435414682,9750.3365167888915,1.4059567025871256,4.7753226310393035,0.072513379155768165,0.43202291519837865,0.22740047757023729,0.11521257963363583,0.069819921643202332,0.04848603653401716,0.012481376762740928,0.0086543057013120789,0.0094925590217555065,0.00141629697682194,0.00023316856571527629,0.0003722896432709783,0.0018946935931438355,82.467445219098039
186,3,tier3_voxel_grid,3,20261093,64,64,64,0.26615765455232721,0.73384234544767279,12.166526511718528,0.51216979801126961,0.48783020198873039,4895.8913272643831,1.429083778194189,17.38698567486648,0.070112332445232795,0.4177178695434976,0.23506798850784694,0.11909732835505517,0.072174116403839764,0.050120893326835857,0.012902225011906033,0.0089461124043201338,0.0098126300299737484,0.0014640518130330097,0.00024103056559773666,0.0003848425408824503,0.0019585790519787323,83.68720949975463
187,3,tier3_voxel_grid,3,20261094,64,64,64,0.39538683220608167,0.60461316779391838,6.4857257704288127,0.65433965875377742,0.34566034124622258,56.58806224912616,1.6616962979709471,10.777306502376327,0.049679279101189473,0.29598106214503311,0.30031897230452659,0.15215677593042812,0.092208456808507019,0.064033623933433537,0.01648366917423991,0.011429405170991684,0.012536453750732115,0.0018704483697744112,0.00030793666212817697,0.00049166846200762943,0.0025022481870082105,95.096229505003805
188,3,tier3_voxel_grid,3,20261095,64,64,64,0.021008959037158909,0.97899104096284106,11.157941275532078,0.058487238480836035,0.94151276151916397,1707.9462298570963,0.98781612626688597,11.021994327909495,0.13531686941061058,0.80619589210855336,0.026843592801554361,0.013600321364086518,0.0082419244060191795,0.0057235562351817745,0.0014733697967644541,0.0010216014526813703,0.0011205534471492981,0.00016718742079219179,2.7524489390089782e-05,4.3947100265501201e-05,0.00022365996695129087,57.479508659224607
189,3,tier3_voxel_grid,3,20261096,64,64,64,0.10578743091799651,0.89421256908200353,3.3794576541705998,0.25509558275369809,0.74490441724630196,23.384115375385779,1.1404173756523937,3.8539922290976301,0.10705976368208062,0.63784465356422138,0.11707993276446453,0.059318613668963023,0.035947645400531074,0.02496363225826877,0.0064261903396324212,0.0044557757330117237,0.0048873607650475178,0.00072919791810731891,0.0001200497038899103,0.00019167790177401753,0.0009755063000077695,67.257868007178772
190,3,tier3_voxel_grid,3,20261097,64,64,64,0.11011983248641861,0.88988016751358134,12.523507739489226,0.263739243192466,0.736260756807534,116.69032649493974,1.1482156984755536,14.379688186461623,0.10581747242631985,0.63044328438121411,0.12104706999234402,0.061328565972794284,0.037165695658639364,0.025809500141316697,0.0066439354162467204,0.0046067552678656929,0.0050529641300247003,0.00075390606526038752,0.00012411746886254379,0.00019817271708467621,0.0010085603620268962,67.737093540159378
191,3,tier3_voxel_grid,3,20261098,64,64,64,0.062804520317349316,0.93719547968265071,3.8021594758317128,0.16246905942545545,0.83753094057454458,40.831037662220638,1.0630481365712285,4.0418785457295412,0.12037230884710072,0.71715863172744387,0.074567604615107183,0.037779718743791831,0.022894869733683838,0.015899208481237759,0.0040928074445612563,0.0028378605561827958,0.0031127348345220741,0.00046442238870237327,7.6459036509974278e-05,0.00012207866587771407,0.00062129492527863409,62.394977949957877
192,3,tier3_voxel_grid,3,20261099,64,64,64,0.13387732422773299,0.86612267577226698,13.115510845723868,0.30912600882774938,0.69087399117225057,6703.4666239511207,1.1909791836099195,15.620300399667258,0.09929435846604813,0.5915796327062024,0.14187800485845725,0.071882570818117747,0.043561523212068548,0.030251045206428257,0.0077872872207906214,0.0053995296731867296,0.0059225264141841471,0.00088364541493320603,0.00014547678726476546,0.00023227616925491606,0.0011821230530631574,70.329452892237711
193,3,tier3_voxel_grid,3,20261100,64,64,64,0.13012056893295648,0.86987943106704346,10.712821152574481,0.30216721875268526,0.69783278124731474,37.062710551184324,1.1842170240793215,12.686305184795758,0.10029449540133931,0.59753828584597546,0.13868416408193085,0.070264409595527322,0.042580902084353181,0.029570058595366003,0.007611986225480624,0.0052779799089262818,0.005789203378097285,0.00086375351723546332,0.00014220193366312511,0.00022704735946497151,0.0011555120726401411,69.923523224877442
194,3,tier3_voxel_grid,3,20261101,64,64,64,0.20059168213362435,0.79940831786637567,11.340353522651638,0.42074734216353926,0.57925265783646074,398.25874848579082,1.3110650278405238,14.867940906896651,0.083251825636152049,0.49600083220030866,0.19310828513599651,0.097838421083675811,0.059291015924467484,0.041174299492107963,0.010599174146609781,0.0073492287741869994,0.0080610727551231748,0.0012027181444810527,0.00019800654050512921,0.00031614803695275936,0.001608972129432559,77.290604054921886
195,3,tier3_voxel_grid,3,20261102,64,64,64,0.21283667606838161,0.78716332393161836,2.6274455657565956,0.43905049692819603,0.56094950307180391,1490.4667386332376,1.3331060169230868,3.5026634928480016,0.080621244613442403,0.48032825845836152,0.20150879174646441,0.10209454247428494,0.0618702660631349,0.042965444676900263,0.011060254479964669,0.0076689314987796828,0.0084117417847776252,0.0012550382286044626,0.00020662012873754398,0.00032990096149681895,0.0016789648850506727,78.518091893087757
196,3,tier3_voxel_grid,3,20261103,64,64,64,0.027828638056987258,0.97217136194301279,8.7728783719098153,0.076521749205160666,0.92347825079483936,6282.6820111059742,1.000091548502577,8.7736815157880539,0.13272489866702761,0.79075335212781173,0.035120801212029408,0.017793973652444204,0.010783317673169738,0.0074884119367974776,0.0019276826364679558,0.0013366117495071412,0.0014660755419634432,0.00021873957834938099,3.6011651922986275e-05,5.7498166645577313e-05,0.00029262540586335028,58.293926949576736
197,3,tier3_voxel_grid,3,20261104,64,64,64,0.28261108344636859,0.71738891655363135,4.5518167316029352,0.53278981696620364,0.46721018303379636,3722.2286333022903,1.4586999502034634,6.6397348397244933,0.067148765166901936,0.40006141786689442,0.24453185458810217,0.12389220141804902,0.075079855192189876,0.052138766646290823,0.013421670175090905,0.0093062839881705196,0.010207687719828707,0.0015229947187899828,0.00025073448576374852,0.00040033634883144322,0.0020374316850964112,85.225792214291772
198,3,tier3_voxel_grid,3,20261105,64,64,64,0.11261801588696521,0.88738198411303482,8.7279317317412666,0.26867025635025293,0.73132974364974701,600.61190053736709,1.1527124285965373,10.060795383120258,0.10510877330846867,0.62622097034127833,0.12331023222644591,0.062475198389341277,0.03786056583454761,0.026292048673921164,0.0067681540670642294,0.0046928856842784411,0.0051474371114034866,0.0007680015054479574,0.00012643803695345084,0.00020187786260504086,0.0010274169582443493,68.012518277184597
199,3,tier3_voxel_grid,3,20261106,64,64,64,0.17437193091551931,0.82562806908448072,9.5434181487846867,0.3794084905578135,0.62059150944218655,12.043682128961157,1.2638694756479347,12.061634891593487,0.089193161975864271,0.53139834746632231,0.17413520095197263,0.088225697329512381,0.053465613686034322,0.037128882953238004,0.0095577945744017168,0.0066271596194528984,0.0072690642098202996,0.0010845498712305211,0.00017855219778055149,0.00028508617279973095,0.0014508889915704347,74.610292920413713
200,3,tier3_voxel_grid,3,20261107,64,64,64,0.07309208130698841,0.92690791869301159,1.8635432785128079,0.18584466480384743,0.81415533519615257,26.803613335962165,1.0815657463525792,2.0155445768850373,0.11701270091647847,0.69714263427967404,0.085296188295339942,0.043215361688882639,0.026188921179398257,0.018186743256169598,0.0046816694226642641,0.0032461641969795214,0.0035605866371771341,0.00053124221597033311,8.7459754255184505e-05,0.00013964301153693995,0.00071068514547360264,63.576751304881803
201,3,tier3_voxel_grid,3,20261108,64,64,64,0.034713026192885091,0.96528697380711492,6.5186068378306281,0.094283834762343602,0.90571616523765641,13.135178822660546,1.0124834471471931,6.5999815217640183,0.13017208163678015,0.77554408360087623,0.043272976017814033,0.021924277594786101,0.013286321238699923,0.0092266081344852396,0.0023751327310056625,0.0016468635733099444,0.0018063782595585584,0.00026951300088272004,4.4370609332554171e-05,7.0844533736608609e-05,0.00036054906873225496,59.111222213215946
202,3,tier3_voxel_grid,3,20261109,64,64,64,0.099633925964197165,0.90036607403580282,4.0159098532428885,0.24261341810011428,0.75738658189988572,37.199334724115104,1.1293410667355548,4.5353319175751494,0.10885373558923288,0.64853284631065289,0.11135105662078154,0.056416075354321867,0.034188679510356056,0.023742128675824987,0.006111748336957646,0.0042377487261991602,0.0046482157311262895,0.00069351729839367115,0.00011417551291258293,0.00018229884822644265,0.00092777348501401876,66.573760523774368
203,3,tier3_voxel_grid,3,20261110,64,64,64,0.048484712766959155,0.9515152872330408,3.8238925054710777,0.12854188489220805,0.87145811510779192,1537.0634486875397,1.0372724829805264,3.9664184738006112,0.1252484180549874,0.74620969705280449,0.058996220468184819,0.029890468223290577,0.01811390870567315,0.012579098036879972,0.0032381376816313181,0.0022452517805112166,0.0024627261597626568,0.00036744060340507766,6.0492679066340298e-05,9.6585909172739452e-05,0.00049155464463017905,60.731395690494779
204,3,tier3_voxel_grid,3,20261111,64,64,64,0.26561399137232083,0.73438600862767922,10.893615058910747,0.51147386356199853,0.48852613643800147,6447.977947864616,1.4281051844701775,15.557228143252836,0.070212354107008698,0.41831378233099276,0.23474857898436727,0.11893549934065356,0.072076046478306927,0.050052789240203205,0.012884693515724695,0.00893395645948818,0.009799296664159662,0.0014620624647813875,0.00024070305414630378,0.00038431961824471361,0.0019559177419226038,83.63592347952887
205,3,tier3_voxel_grid,3,20261112,64,64,64,0.25279482919695678,0.74720517080304316,4.6051516340239136,0.49478334101563015,0.50521665898436985,246.21075181260352,1.405030692554522,6.4703793896712076,0.072611163079239302,0.43260549590513053,0.22708821404806276,0.11505437114480757,0.069724045790683406,0.048419456108566128,0.012464237490602343,0.0086424217158027165,0.0094795239571582139,0.0014143521353372033,0.00023284838152582953,0.00037177841973917643,0.0018920918233447644,82.418268608376067
206,3,tier3_voxel_grid,3,20261113,64,64,64,0.26232833072797851,0.73767166927202155,9.454843882101267,0.50724755808519995,0.49275244191480005,15.504055478144812,1.4221909953103613,13.446593831189681,0.070819770649478642,0.42193267126532141,0.232808852879649,0.11795273602065012,0.071480482537158774,0.049639203341948851,0.012778227370234587,0.0088601352306745245,0.0097183251344081876,0.001449981451375747,0.00023871412624892088,0.00038114398753678815,0.0019397560053144283,83.325360423640802
207,3,tier3_voxel_grid,3,20261114,64,64,64,0.3041983499165295,0.6958016500834705,10.459429469076374,0.55860674792090226,0.44139325207909774,3864.2930430866704,1.4975570298497531,15.663592129632995,0.063438283039242968,0.37795496903985476,0.25638092115261174,0.12989553764554729,0.078717934179177149,0.054665209336646932,0.014072032327618755,0.0097572304655928841,0.010702312730814342,0.0015967931440738236,0.000262884107811302,0.00041973509773263158,0.002136157733275342,87.205185450503862
208,3,tier3_voxel_grid,3,20261115,64,64,64,0.35683478119492218,0.64316521880507782,5.3775394415286444,0.61627459786564265,0.38372540213435735,103.851466991614,1.5923026061508598,8.5626700674250991,0.055150097005978782,0.32857530512837857,0.28284844333123149,0.14330532261738133,0.08684439171500255,0.060308580278649868,0.015524760658787362,0.010764519590653245,0.011807167562803729,0.0017616383196252625,0.00029002298742302081,0.00046306651240436014,0.002356684291680366,91.850432079063694
209,3,tier3_voxel_grid,3,20261116,64,64,64,0.32659021598964449,0.67340978401035545,2.33387502012509,0.58400745120193565,0.41599254879806435,1557.3846161748568,1.5378623887813601,3.5891786135667156,0.059787622326719733,0.35620492647134461,0.26803895380143616,0.13580208643240879,0.082297359054410338,0.057150920021889783,0.014711909162342504,0.010200906659666139,0.011188963261098903,0.0016694017708130601,0.00027483785030486672,0.00043882109465949253,0.0022332920929055535,89.212215794655762
210,3,tier3_voxel_grid,3,20261117,64,64,64,0.2368794025073106,0.76312059749268935,1.6820361177726144,0.47328279455771188,0.52671720544228817,6545.2472749713888,1.3763829245131589,2.3151257909166314,0.075701282253628932,0.45101592318865924,0.21722021670166095,0.11005474474892339,0.066694224530575025,0.046315414441778328,0.011922610691528774,0.0082668698849182806,0.0090675962943928042,0.0013528922168782411,0.00022273007917076088,0.00035562298659697387,0.0018098719812883071,80.883966534941422
211,3,tier3_voxel_grid,3,20261118,64,64,64,0.08301420244037086,0.91698579755962917,2.2005214448144708,0.20764394071292019,0.79235605928707975,5009.3506781966698,1.0994255643926676,2.4193095314233179,0.11387964750286966,0.67847641178421014,0.09530129199097126,0.048284453093581509,0.029260838897096672,0.020320018561904938,0.005230821606115133,0.0036269339600006941,0.0039782376393401788,0.00059355606099089123,9.7718640707269508e-05,0.00015602290891242042,0.00079404735329920953,64.705902215710083
212,3,tier3_voxel_grid,3,20261119,64,64,64,0.39792424525732772,0.60207575474267228,9.9630304807991035,0.65673381284172117,0.34326618715827883,791.50298787157988,1.6662636414631897,16.601035448945069,0.049335184523496833,0.293931002634782,0.30141780512875022,0.15271350019775431,0.092545837022066937,0.064267915650976781,0.016543981037367664,0.011471224059311873,0.012582323203384269,0.0018772921267603655,0.00030906336720955019,0.00049346742076319451,0.0025114036273759625,95.305381954849594
213,3,tier3_voxel_grid,3,20261120,64,64,64,0.16849859898640748,0.83150140101359249,11.491922405551481,0.36972159864804427,0.63027840135195579,221.00304466449086,1.2532974781755335,14.402797370266581,0.090585389400837157,0.53969301195111863,0.16968925703852014,0.085973157349612334,0.05210055298350591,0.036180924526241005,0.0093137691368004455,0.006457957873840816,0.0070834736364987156,0.0010568596174939265,0.00017399348103278175,0.00027780747712051555,0.00141384552737765,74.000094126697576
214,3,tier3_voxel_grid,3,20261121,64,64,64,0.39717038233462004,0.60282961766538001,5.9088763387083159,0.65602388359646069,0.34397611640353931,852.62135213613271,1.664906688202316,9.8377277360758892,0.049437217556821504,0.2945388988467178,0.30109197248435321,0.15254841690553375,0.092445794973150974,0.064198442034786474,0.016526096994028034,0.011458823666215921,0.012568721712124439,0.0018752627739896935,0.00030872926971261866,0.00049293398248617453,0.0025086888000793251,95.243299829020302
215,3,tier3_voxel_grid,3,20261122,64,64,64,0.004716196483599844,0.99528380351640011,7.9266574971568344,0.013531233275028158,0.98646876672497186,1482.4182103623411,0.9584891536704796,7.5976152358856162,0.14177807326709513,0.84469069345787673,0.0062103618767487866,0.0031464833316263165,0.0019067988961307385,0.0013241653494439265,0.00034086940909225973,0.00023635117556231841,0.00025924407587617996,3.8679411956348239e-05,6.3678897548800557e-06,1.0167319929943262e-05,5.1744538906459671e-05,55.514676897793549
216,3,tier3_voxel_grid,3,20261123,64,64,64,0.0042202201524443542,0.99577977984755561,11.372345317605932,0.012119516598406646,0.9878804834015934,5214.315303297848,0.95759639627439974,10.890116893327484,0.14198096916928868,0.84589951423230469,0.005562433395208179,0.0028182100026780911,0.0017078621291769774,0.0011860148742862619,0.00030530642532094771,0.00021169260311007981,0.00023219708187415138,3.4643980019670119e-05,5.7035263536192242e-06,9.1065611055324602e-06,4.6346019273134683e-05,55.454446377205223
217,3,tier3_voxel_grid,3,20261124,64,64,64,0.29993936180938047,0.70006063819061959,9.9516407411070862,0.55361991402253385,0.44638008597746615,74.391734249900225,1.4898908512568847,14.826858495170731,0.06415500487136036,0.38222508110610581,0.25409213915479778,0.12873592496133152,0.078015197837313546,0.054177198191067297,0.013946407479563319,0.0096701250236677517,0.010606770283259587,0.0015825381387249138,0.00026053727010292302,0.00041598800870891564,0.0021170876739962379,86.818156889332826
218,3,tier3_voxel_grid,3,20261125,64,64,64,0.13981833199167168,0.86018166800832829,13.685374042790102,0.31997091866907551,0.68002908133092443,26.686603965383011,1.2016729975850089,16.445344449071655,0.097735697438022642,0.58229338389290175,0.14685543842023357,0.074404390326742828,0.045089769876194959,0.031312327170743337,0.0080604846399862477,0.0055889586141979804,0.0061303033826710963,0.00091464589558830258,0.00015058047507115536,0.00024042499543557502,0.0012235948722104316,70.968339580562457
219,3,tier3_voxel_grid,3,20261126,64,64,64,0.25925148252692198,0.74074851747307802,13.765209859256224,0.50325785054958783,0.49674214945041217,95.764847158603317,1.4166526685484595,19.500521280244893,0.071393182668569963,0.4253489667818422,0.23097771693845806,0.11702498996796511,0.070918259584515614,0.049248770898305837,0.012677721435374618,0.0087904466777521516,0.0096418865702312759,0.0014385767598580799,0.00023683654294039282,0.00037814613566940989,0.0019244990385172574,83.033578729905827
220,3,tier3_voxel_grid,3,20261127,64,64,64,0.37275250011212219,0.62724749988787787,3.9934349661929529,0.63238627313765305,0.36761372686234695,112.62240898627735,1.62095450020182,6.4731763797137702,0.052834481596527511,0.31477924526581941,0.29024313765406967,0.14705184864775539,0.089114822207113212,0.061885267464736701,0.015930634766330241,0.011045943560916597,0.012115850170058591,0.0018076939978096816,0.00029760525060725933,0.0004751727671535263,0.0024182966511021313,93.206214313083677
221,3,tier3_voxel_grid,3,20261128,64,64,64,0.22537385690636896,0.77462614309363098,9.2032084251484676,0.45717376742867866,0.54282623257132134,2914.5044429392924,1.355672942431464,12.476540645531063,0.078016517064503021,0.46480971550681832,0.20982673778364624,0.10630883450408551,0.06442416721036992,0.044738986402740356,0.01151680329416031,0.0079854921699882755,0.0087589644227482853,0.0013068441084852116,0.00021514906222049016,0.00034351872165289951,0.0017482697485811231,79.759059386936087
222,3,tier3_voxel_grid,3,20261129,64,64,64,0.26780070005340406,0.73219929994659594,6.8911306383442215,0.51426725309396881,0.48573274690603119,26.388048637554164,1.4320412600961274,9.8683834028214896,0.069810880285346752,0.41592186662068442,0.23603064688635761,0.11958505976300654,0.072469686286871449,0.050326150104697411,0.012955062640236386,0.0089827488264709512,0.0098528150444180448,0.0014700474475442689,0.00024201764212365026,0.00038641856107447852,0.0019665998911679861,83.8420301120684
223,3,tier3_voxel_grid,3,20261130,64,64,64,0.093313969155082874,0.90668603084491717,1.4721925417894413,0.22953615007025285,0.77046384992974715,53.808422017622014,1.1179651444791492,1.6458599476827587,0.11073323743197906,0.6597306124977681,0.10534904888253951,0.05337515476394921,0.032345852641813014,0.022462388327065291,0.0057823149043002902,0.0040093269992819711,0.0043976691477898584,0.00065613555889442799,0.00010802126226767992,0.00017247263614608496,0.00087776494620550008,65.866943047089322
224,3,tier3_voxel_grid,3,20261131,64,64,64,0.32864601622906198,0.67135398377093802,4.9386892529855464,0.58627292219527694,0.41372707780472306,31.68178003211197,1.5415628292123114,7.613299777432835,0.0594620224463051,0.35426505535841796,0.26907872559488327,0.13632888739533258,0.082616605460226991,0.057372618822625787,0.014768979330531907,0.01024047782968408,0.01123236728216304,0.0016758776835436699,0.00027590399625293039,0.00044052336140141738,0.0022419554386312345,89.394164120946797
225,3,tier3_voxel_grid,3,20261132,64,64,64,0.18159788704833141,0.81840211295166854,4.9256712217993961,0.39110619391186674,0.60889380608813326,1210.6153236812675,1.2768761966869966,6.2894723358218041,0.087511935059077256,0.52138187102905598,0.17950403685029376,0.090945821051698461,0.055114034594122403,0.038273619218933567,0.0098524749741100998,0.0068314843755867037,0.0074931797973840581,0.0011179880861942372,0.00018405721597289704,0.00029387578495324561,0.0014956219626172866,75.356081338917306
226,3,tier3_voxel_grid,3,20261133,64,64,64,0.22340158412061206,0.77659841587938794,6.0387459088090782,0.45436282338384032,0.54563717661615962,314.67748222304795,1.3521228514171018,8.1651263372022882,0.078420513870262901,0.46721666274589674,0.2085366129754401,0.10565519204567482,0.064028053649038102,0.044463907655094358,0.011445991948580765,0.0079363931768711045,0.0087051097166448432,0.0012988089456521829,0.00021382621297084335,0.00034140658842541434,0.0017375204694477535,79.564892185428121
227,3,tier3_voxel_grid,3,20261134,64,64,64,0.26017483480484227,0.73982516519515773,14.046114862314905,0.50445842123553331,0.49554157876446669,63.840082586562119,1.418314702648716,19.921811224313874,0.071220633263646166,0.4243209455008205,0.23152873680980252,0.11730416449514869,0.071087442009513974,0.049366258644586956,0.012707965376335045,0.0088114171456467917,0.0096648882310315792,0.0014420086250251747,0.00023740153961258461,0.00037904824015718385,0.0019290901186727898,83.121238719840576
228,3,tier3_voxel_grid,3,20261135,64,64,64,0.014179905845551892,0.98582009415444816,3.9714109575271168,0.039973130184223174,0.96002686981577678,16.949591526115082,0.97552383052199332,3.8742060298638705,0.13797776926987995,0.82204910054589686,0.018346265912698133,0.0092951459250727661,0.0056329470463591901,0.0039117671555070647,0.0010069752688847773,0.00069821398522353691,0.00076584277159803869,0.00011426432004787746,1.8811625000979207e-05,3.0035665997593486e-05,0.00015286050783321588,56.659217648805125
229,3,tier3_voxel_grid,3,20261136,64,64,64,0.21648160327698543,0.7835183967230146,12.769714046786783,0.44438241720993166,0.55561758279006834,1161.2301057890961,1.3396668858985736,17.107163050874121,0.079854925993068926,0.47576265679699942,0.20395595630083396,0.10333439976970257,0.062621631404403064,0.043487225946912171,0.011194572503963001,0.0077620645932270664,0.0085138957213766638,0.0012702796731131659,0.0002091293664282844,0.00033390734718565386,0.0016993545827860283,78.880520417232177
230,3,tier3_voxel_grid,3,20261137,64,64,64,0.2733715203921831,0.72662847960781685,10.42401095183229,0.52131473482723922,0.47868526517276078,201.15452464436376,1.4420687367059295,15.032140304717565,0.068797996334803282,0.40988726883795751,0.23926519402583812,0.12122384488724203,0.073462805695602776,0.051015816073967032,0.013132597894058502,0.0091058477752922994,0.0099878373185937255,0.0014901928728484853,0.00024533423461857223,0.00039171401345684402,0.0019935500357207941,84.365006670275065
231,3,tier3_voxel_grid,3,20261138,64,64,64,0.00098376287603947014,0.99901623712396048,7.2036301345151772,0.0028424364199359569,0.99715756358006402,107.87999456210737,0.95177077317687098,6.8562046228077174,0.14331429729645748,0.85384326628360652,0.0013045787047386364,0.00066096553320395377,0.00040055141447145083,0.00027816058882251495,7.1604679570042492e-05,4.9649073048858011e-05,5.4458066603804157e-05,8.1251846754671922e-06,1.3376697740339901e-06,2.1357964846667893e-06,1.08697085425281e-05,55.060816489818549
232,3,tier3_voxel_grid,3,20261139,64,64,64,0.037172445736544088,0.9628275542634559,6.7050716991387658,0.1005243190960569,0.89947568090394314,547.88968176801438,1.0169104023257793,6.8184571591943994,0.12927518162845578,0.77020049927548739,0.046137139631788858,0.023375407697874443,0.014165719915597015,0.0098373014061547883,0.0025323386681176977,0.0017558666315214508,0.0019259393196061256,0.00028735160135946275,4.730742340163685e-05,7.5533611180551342e-05,0.00038441318945485833,59.402009237295609
233,3,tier3_voxel_grid,3,20261140,64,64,64,0.060114020139445133,0.93988597986055489,13.569205755945861,0.15622069303790756,0.84377930696209247,51.922430693749888,1.0582052362510013,14.359004582709137,0.12127034168643176,0.72250896527566066,0.071699823414645605,0.036326755788478902,0.022014360330865051,0.015287743872443346,0.0039354029482359977,0.0027287198214822521,0.0029930227626841681,0.00044656125715243617,7.3518513093129978e-05,0.00011738366588691899,0.00059740066293974075,62.084061723427119
234,3,tier3_voxel_grid,3,20261141,64,64,64,0.14856576404318103,0.851434235956819,8.717215878735221,0.33559198662953094,0.66440801337046906,9493.6563280418468,1.2174183752777257,10.612498792035025,0.095490593495035692,0.56891741987543343,0.15402496118019887,0.07803683305836609,0.047291064801643481,0.032841003566613153,0.0084539997096656147,0.0058618131057989924,0.0064295864742634134,0.00095929915893537988,0.00015793185514153274,0.00025216260961849257,0.001283331109285877,71.902216997219426
235,3,tier3_voxel_grid,3,20261142,64,64,64,0.12482946560684248,0.87517053439315751,6.9400927656521327,0.29223041193493404,0.70776958806506596,34.708220814595663,1.1746930380923164,8.1524786555264104,0.10172264130171618,0.6060469467633498,0.1341235179838795,0.067953755689401388,0.041180623788499696,0.028597643516507867,0.0073616651054921175,0.0051044128788577479,0.0055988247002437186,0.00083534887468571391,0.00013752560527199783,0.00021958087862433963,0.0011175129134699264,69.349257383230324
236,3,tier3_voxel_grid,3,20261143,64,64,64,0.32704637993639135,0.67295362006360859,4.3839083949198807,0.58451107992265949,0.41548892007734051,13.489957968077931,1.5386834838855046,6.7454474421302324,0.059715239386605723,0.35577368069073478,0.2682701017347876,0.13591919766261795,0.082368329576403207,0.057200205086112128,0.014724596226481132,0.01020970358436403,0.011198612253148261,0.0016708414077157715,0.00027507486138181558,0.00043919951946567467,0.0022352180101818451,89.252621897396565
237,3,tier3_voxel_grid,3,20261144,64,64,64,0.31032062394835441,0.68967937605164553,10.793703756881531,0.56568650205987825,0.43431349794012175,12.653040322999017,1.508577123107038,16.283134561225967,0.062420760807534427,0.3718927371325873,0.25963028019533801,0.13154182722887828,0.079715601361664501,0.055358033480822716,0.014250380565419437,0.0098808931192053417,0.010837953310049392,0.0016170308209599716,0.00026621588791828277,0.00042505479948436707,0.0021632312901379296,87.758560244649559
238,3,tier3_voxel_grid,3,20261145,64,64,64,0.21410622608176685,0.78589377391823312,1.8793158281951929,0.44091358297235494,0.55908641702764506,2772.5261978769799,1.3353912069471803,2.5096218320485182,0.080353476632760559,0.47873294039488451,0.20236388294965138,0.10252777491246559,0.062132809050916733,0.043147766120375831,0.011107188046628729,0.0077014741774668761,0.0084474365370576822,0.0012603639126088275,0.00020749690961123968,0.00033130087763771758,0.0016860894779343071,78.64448120871387
239,3,tier3_voxel_grid,3,20261146,64,64,64,0.22889939833211831,0.77110060166788164,11.984382321198398,0.46216196967427009,0.53783803032572997,3837.8615282452483,1.362018916997813,16.322955430006377,0.077299598569663619,0.46053843175606635,0.21211614780488242,0.10746876537672076,0.065127096377449165,0.045227131454664081,0.011642462612666434,0.0080726215129480125,0.0088545330863843176,0.0013211030252932518,0.00021749654388231269,0.00034726683884778869,0.0017673450405315354,80.105166933121041
240,3,tier3_voxel_grid,3,20261147,64,64,64,0.36367100566399679,0.63632899433600321,2.1058811673998656,0.62326461283666168,0.37673538716333832,968.1180436004388,1.6046078101951942,3.3791133685527974,0.05414547234057817,0.32258991482276017,0.28605661524073761,0.14493074471654208,0.087829413003141468,0.060992622555402234,0.015700848249939496,0.010886614762764977,0.011941088834774315,0.0017816194745687705,0.00029331253567155751,0.00046831878446862218,0.0023834146786504977,92.435429081217194
241,3,tier3_voxel_grid,3,20261148,64,64,64,0.42899276896552646,0.57100723103447359,13.451042104458258,0.68501859874740589,0.31498140125259411,2896.795531046936,1.7221869841379478,23.165209635389523,0.045270015322252062,0.26971138593034205,0.31439953063080356,0.15929069871188389,0.096531682025699214,0.067035862419130454,0.017256511673859241,0.011965276764151017,0.013124229697377485,0.0019581449850258523,0.00032237437846232241,0.00051472050698289455,0.0026195669540299065,97.822674821950443
242,3,tier3_voxel_grid,3,20261149,64,64,64,0.16812671906385138,0.83187328093614865,10.489703378292621,0.3691027524641714,0.63089724753582854,83.002230707513377,1.2526280943149326,13.139697152679597,0.090674331719699894,0.54022291581612869,0.16940522832733176,0.085829254043622474,0.052013346208166278,0.036120364290772124,0.0092981795945371367,0.0064471484361437702,0.0070716172000759026,0.0010550906282231697,0.00017370224783961794,0.00027734247832765079,0.0014114790091314809,73.961336884446212
243,3,tier3_voxel_grid,3,20261150,64,64,64,0.061905470925200309,0.93809452907479973,7.4818498471882675,0.16038746735711998,0.83961253264288005,48.517462519703798,1.0614298476653605,7.9414587435561437,0.12067148112982434,0.71894105151305565,0.07361222680427669,0.037295676039543244,0.022601535240262483,0.015695504056626737,0.0040403694262459468,0.0028015012146215025,0.0030728537386058049,0.00045847209906507876,7.5479425225742286e-05,0.00012051456509752447,0.00061333474754922174,62.291168202474829
244,3,tier3_voxel_grid,3,20261151,64,64,64,0.054538005730102451,0.94546199426989752,6.813625063229674,0.14308723129027134,0.85691276870972866,26.538657102075092,1.0481684103141844,7.1418265510023318,0.12315791984877827,0.73375484886095033,0.065672024729230602,0.033272768200240888,0.020163614737040685,0.014002504411191729,0.0036045539225589025,0.0024993165542290608,0.0027413995673243922,0.00040901888632602633,6.7337817305169163e-05,0.00010751523004949077,0.00054717723477438389,61.437261674778696
245,3,tier3_voxel_grid,3,20261152,64,64,64,0.10956393042545234,0.89043606957454768,3.9614835625609746,0.26263672374728841,0.73736327625271159,98.490843498162349,1.1472150747658143,4.5446736614069332,0.105975929630389,0.63138734662232254,0.12054105220434672,0.061072191776404716,0.037010330451470334,0.025701607681204688,0.0066161615138867645,0.0045874974691379944,0.0050318410269866295,0.00075075448233049972,0.00012359861576639186,0.00019734428794593751,0.0010043442378077237,67.6757147972952
246,3,tier3_voxel_grid,3,20261153,64,64,64,0.033351493170626273,0.96664850682937375,6.297654826079671,0.090805582171234384,0.90919441782876564,297.84936502948221,1.0100326877071273,6.3608372302370118,0.13067198590880386,0.77852243191996184,0.041676579972422342,0.021115462642101131,0.012796171666492719,0.0088862266286648985,0.0022875110130656504,0.0015861086463862834,0.0017397386295767035,0.00025957031774917033,4.2733720174735452e-05,6.8230987271762229e-05,0.00034724794732898285,58.949973184727924
247,3,tier3_voxel_grid,3,20261154,64,64,64,0.26748431701222675,0.73251568298777325,11.228287343204013,0.51386404320358758,0.48613595679641242,85.506185743401915,1.4314717706220081,16.072976364228932,0.069868830747955191,0.41626712604845723,0.23584558767699693,0.11949129941068354,0.072412866619494434,0.050286692018760688,0.012944905257366633,0.0089757059258237619,0.0098450899706356773,0.0014688948607003403,0.0002418278888263833,0.00038611559061560772,0.0019650579836835587,83.812238426325976
248,3,tier3_voxel_grid,3,20261155,64,64,64,0.26361355016829474,0.7363864498317052,10.09525710467908,0.5089048990636299,0.4910951009363701,644.66458353847065,1.4245043903029306,14.380738066852201,0.070581572929901054,0.42051352800646902,0.23356951430791734,0.1183381255603512,0.071714032272349182,0.049801390590608625,0.012819977950429254,0.0088890841432087888,0.0097500780294793067,0.0014547190073068191,0.00023949408210529975,0.00038238930757659561,0.0019460938122974698,83.446965659391367
249,3,tier3_voxel_grid,3,20261156,64,64,64,0.24406692551362008,0.75593307448637992,1.6493076144786332,0.48310239546915423,0.51689760453084577,100.07315514110884,1.3893204659245162,2.2914168234003069,0.074289981516659664,0.4426076230141861,0.22172706939614917,0.11233814419693207,0.068077986364977652,0.047276359760509666,0.012169979241916743,0.0084383896696858217,0.0092557294314112755,0.00138096182303909,0.00022735124967089435,0.00036300139934189712,0.0018474229355199328,81.579980330825933
250,3,tier3_voxel_grid,3,20261157,64,64,64,0.0040085293853965925,0.99599147061460336,10.629570080261459,0.011516171127548391,0.98848382887245156,89.025625613738413,0.95721535289371373,10.174787675485934,0.14206768368196068,0.84641614519049091,0.0052855189680774154,0.0026779111527002958,0.0016228396885439296,0.0011269715372883805,0.00029010736622930579,0.00020115391765479913,0.00022063762266983863,3.2919299974253134e-05,5.4195879006755421e-06,8.6532094925779227e-06,4.403877701691867e-05,55.428731557048494
251,3,tier3_voxel_grid,3,20261158,64,64,64,0.11133763867206214,0.88866236132793786,3.8328546082615236,0.26614781276642585,0.73385218723357415,2881.0015653569717,1.1504077496097118,4.4093456444713528,0.10547130601432134,0.62838088121925284,0.12215251901946428,0.061888642343032693,0.037505107278521528,0.026045202557108207,0.0067046104242630593,0.0046488259526775225,0.0050991097680972508,0.00076079102931969828,0.00012525095796898317,0.00019998250758449494,0.0010177709283881078,67.871439826338133
252,3,tier3_voxel_grid,3,20261159,64,64,64,0.27559407977403955,0.72440592022596051,8.2115797997408198,0.52409915384512495,0.47590084615487505,254.62606671576995,1.4460693435932712,11.874513810874973,0.06839781178072489,0.40750303437415014,0.24054314477623165,0.1218713193524269,0.073855181394236857,0.051288299084707924,0.01320274103962407,0.0091544834535604355,0.010041183833317997,0.0014981522131438487,0.00024664460101141318,0.00039380621587464646,0.0020041978809891758,84.572817857338578
253,3,tier3_voxel_grid,3,20261160,64,64,64,0.035309086954327509,0.96469091304567245,12.727699483684431,0.095801272913921487,0.90419872708607851,286.8792203742945,1.0135563565177894,12.90024071553654,0.12995399114604222,0.77424473594003629,0.043969426951394129,0.022277134851302782,0.013500156100132341,0.0093751045042841322,0.0024133589765776005,0.0016733687915468089,0.0018354507648734332,0.00027385064063736679,4.50847259738606e-05,7.1984731296388091e-05,0.00036635187590263867,59.181754443314389
254,3,tier3_voxel_grid,3,20261161,64,64,64,0.01235105883381424,0.98764894116618573,10.995557842479949,0.034935504159902014,0.96506449584009801,1585.4857886112093,0.97223190590086572,10.690232157637492,0.13870179108958705,0.82636270475051099,0.016034172109060961,0.0081237223013483802,0.0049230531625531638,0.003418785496756587,0.00088007090095054187,0.00061022135301543122,0.00066932720078934495,9.9864123974372588e-05,1.6440884175130493e-05,2.6250411953440237e-05,0.00013359621532465759,56.438738550564914
255,3,tier3_voxel_grid,3,20261162,64,64,64,0.10722600145008099,0.89277399854991901,9.3999135753696699,0.25797878307842131,0.74202121692157874,933.11986035972609,1.1430068026101456,10.744165160594989,0.10664538199999306,0.63537583492158567,0.11840322067294629,0.059989058230747606,0.036353941196691206,0.025245781999382891,0.0064988219151146621,0.0045061368325714814,0.0049425998248254759,0.00073743962755434009,0.00012140655743281351,0.0001938443281098695,0.00098653189304466504,67.417216511759563
256,3,tier3_voxel_grid,3,20261163,64,64,64,0.034409777860447417,0.96559022213955259,12.478967458302753,0.093510596999573439,0.90648940300042657,1304.7182048663221,1.0119376001488052,12.627936382089922,0.13028321354878877,0.77620618945163777,0.042918086982500998,0.021744472865794368,0.013177357858753043,0.0091509391520997688,0.0023556538635642363,0.0016333573650800426,0.0017915638442597061,0.00026730267892917072,4.400671841976372e-05,7.0263525667631875e-05,0.00035759214450470177,59.075324529527528
257,3,tier3_voxel_grid,3,20261164,64,64,64,0.03096108920000553,0.96903891079999449,11.914687354195982,0.084657908821375805,0.9153420911786242,1283.2200281216519,1.0057299605600099,11.982958042820373,0.13155554686077611,0.78378654431784811,0.038855013347514178,0.019685914327439245,0.01192985175913318,0.0082846158320639754,0.0021326431056498596,0.0014787267253389437,0.0016219557295276768,0.0002419970200874501,3.984058358140212e-05,6.3611647666690784e-05,0.00032373874337319629,58.666409251954853
258,3,tier3_voxel_grid,3,20261165,64,64,64,0.26969003353323784,0.73030996646676216,13.758622413666155,0.51666842758564024,0.48333157241435976,251.62962004181313,1.4354420603598281,19.749705305185856,0.069465776715430902,0.41386579569892884,0.23713270182986509,0.12014341651887694,0.072808055804052571,0.050561128838358574,0.013015551356487695,0.009024690340766188,0.0098988190005585112,0.0014769112725522848,0.00024314765105442615,0.00038822279493611013,0.0019757821781317907,84.019733738527151
259,3,tier3_voxel_grid,3,20261166,64,64,64,0.054265651343212755,0.94573434865678729,10.182481060796354,0.14243929588553686,0.85756070411446317,7731.949643781988,1.047678172417783,10.667963148453813,0.12325104295250287,0.73430966116196028,0.065374645085086489,0.033122100636573205,0.020072308757060883,0.013939097507017613,0.0035882315848936876,0.0024879990126949816,0.0027289858122871596,0.00040716674469699394,6.7032894528230031e-05,0.00010702837372087877,0.00054469947697672401,61.405585535512209
260,3,tier3_voxel_grid,3,20261167,64,64,64,0.092693492073434691,0.90730650792656531,11.824293540818294,0.22823789628224539,0.77176210371775467,3991.0859914394523,1.1168482857321822,13.205941971057026,0.11091982612782443,0.66084227758993019,0.10475319589061262,0.053073265511051258,0.0321629048764797,0.022335341320637841,0.0057496101986333949,0.0039866502925297431,0.0043727959823744141,0.00065242446382500052,0.00010741029526800932,0.00017149713292737297,0.00087280031790602449,65.797319872654882
261,3,tier3_voxel_grid,3,20261168,64,64,64,0.11650877206954856,0.88349122793045143,3.6263680384262225,0.27627383021764501,0.72372616978235493,302.88441547125234,1.1597157897251875,4.2055562735176455,0.10401596622807639,0.61971020355427853,0.12680000616746881,0.064243294315873806,0.038932048822262311,0.027036133772632684,0.0069596980068136454,0.0048256979405972801,0.0052931135209770431,0.00078973653580177933,0.00013001633016194915,0.0002075911606133904,0.0010564936444423109,68.44014887662378
262,3,tier3_voxel_grid,3,20261169,64,64,64,0.059299631220922133,0.94070036877907781,13.275077179439013,0.15431808041168005,0.84568191958831995,1203.3766296411952,1.0567393361976598,14.028296246573085,0.12154379053896436,0.72413812904935559,0.070826590895481933,0.035884332042373304,0.021746247322854888,0.015101554360973282,0.0038874736554323232,0.0026954867287028619,0.0029565707230207196,0.00044112258529840659,7.262313074299202e-05,0.00011595404961466797,0.0005901249171846631,61.989799619299838
263,3,tier3_voxel_grid,3,20261170,64,64,64,0.1388220154596452,0.86117798454035477,10.075726483423949,0.31816570067556144,0.68183429932443862,119.99743083017049,1.1998796278273614,12.089658943021016,0.097995148459262008,0.58383915086517657,0.14602690662433063,0.073984614227174242,0.044835381557898756,0.031135668689833435,0.0080150088449700251,0.0055574267215581048,0.006095717320856074,0.00090948562903883699,0.0001497309272928728,0.00023906856113943288,0.0012166915714689967,70.861458565510901
264,3,tier3_voxel_grid,3,20261171,64,64,64,0.030692380401117245,0.96930761959888279,5.2530354007459401,0.083963549416562505,0.91603645058343752,71.111580375856278,1.0052462847220109,5.2805943201130559,0.13165534215272046,0.78438110843071707,0.038536326714243826,0.019524451565768063,0.011832003786246671,0.0082166658791494023,0.0021151512868920557,0.0014665982919393626,0.0016086525398946252,0.00024001217414483351,3.9513813356527257e-05,6.308990851168482e-05,0.0003210834564154483,58.63449652453108
265,3,tier3_voxel_grid,3,20261172,64,64,64,0.046289443019854215,0.95371055698014584,13.960766199216199,0.12319111739768517,0.87680888260231482,7272.2537535830534,1.0333209974357376,14.425952853941213,0.12601744544993704,0.75079143715237784,0.056540405703638719,0.028646228294030386,0.01735988744651433,0.012055472380210968,0.0031033448717686643,0.0021517894802325676,0.0023602111305593781,0.00035214528360704854,5.7974571749988036e-05,9.2565361756122554e-05,0.00047109287361698338,60.474458703800067
266,3,tier3_voxel_grid,3,20261173,64,64,64,0.0075698551180115982,0.99243014488198844,3.7465649556720582,0.021602890756680992,0.97839710924331902,2670.0711805151723,0.96362573921242101,3.6102864249168385,0.14061799188953669,0.8377791173537823,0.0099149697929201645,0.0050234250122851059,0.0030442434485327082,0.0021140570712509521,0.00054420498540249773,0.00037733948725196813,0.00041388847096482997,6.175247252353003e-05,1.0166466273191619e-05,1.6232334279547229e-05,8.2611214996494944e-05,55.860743769926714
267,3,tier3_voxel_grid,3,20261174,64,64,64,0.092922800171920408,0.90707719982807955,8.8650399037361201,0.22871799092001172,0.77128200907998834,101.58096609374294,1.1172610403094567,9.9045637052330644,0.11085082557248567,0.66043118350750263,0.1049735425046288,0.053184904246754879,0.03223055901462988,0.022382323341482699,0.0057617044085370691,0.0039950361454457999,0.0043819940863588109,0.00065379682788781418,0.00010763623104659405,0.00017185787430841389,0.00087463623893094158,65.823055110447058
268,3,tier3_voxel_grid,3,20261175,64,64,64,0.091975770819227073,0.90802422918077297,5.6374904208103649,0.22673293129132074,0.77326706870867923,7561.6019011994722,1.1155563874746088,6.2889384482619226,0.11113612394073553,0.66213094476794365,0.10406246970065558,0.052723308699105326,0.031950827712108693,0.022188065573290675,0.0057116981682416232,0.0039603629440260694,0.0043439624495863645,0.00064812247895187848,0.00010670204858033685,0.00017036630765556764,0.00086704520911860328,65.716733808595734
269,3,tier3_voxel_grid,3,20261176,64,64,64,0.30159387690770839,0.69840612309229155,9.7810525232598753,0.55556326340592832,0.44443673659407168,7178.2148178975231,1.4928689784338751,14.601829888407046,0.063875701217198863,0.3805610353768728,0.25498406841789828,0.12918782142324986,0.078289051401414872,0.054367374198165126,0.013995362984395238,0.0097040696687683021,0.010644002795977582,0.001588093257748259,0.00026145182344607673,0.00041744823443372775,0.0021245192004309701,86.968710667241368
270,3,tier3_voxel_grid,3,20261177,64,64,64,0.077882662988878235,0.92211733701112175,6.9172959290224885,0.19645892942578114,0.80354107057421886,289.74358599363342,1.0901887933799808,7.5411585023132801,0.11548718886986706,0.68805388170435178,0.090167763784281707,0.045683548145472708,0.02768466570267791,0.019225454298727091,0.0049490565880532878,0.0034315644387855177,0.0037639446879245602,0.00056158339076059721,9.2454898863794234e-05,0.00014761853173076011,0.00075127495850318873,64.123232986655438
271,3,tier3_voxel_grid,3,20261178,64,64,64,0.1257341195829107,0.8742658804170893,14.023876704214748,0.29394077534475799,0.70605922465524196,106.21977951507748,1.1763214152492392,16.496586491982729,0.10147682304876079,0.60458240160648113,0.13490851485000843,0.068351474792357536,0.04142164535656722,0.028765019535841253,0.0074047513898676635,0.0051342879386053831,0.0056315934488551656,0.00084023799673238909,0.00013833051384264818,0.00022086603952805724,0.0011240534825522103,69.447654390821739
272,3,tier3_voxel_grid,3,20261179,64,64,64,0.0149983028082699,0.98500169719173014,10.950449783865476,0.042216439807214685,0.95778356019278532,2956.3538623286845,0.97699694505488588,10.698555985813506,0.13765535448411315,0.82012820570867218,0.019375866413790754,0.0098167935970145549,0.0059490705087115727,0.004131297246405841,0.0010634871632596457,0.00073739806074478323,0.00080882220431463016,0.00012067688387629527,1.9867341658501822e-05,3.1721280765684732e-05,0.00016143910667241728,56.757771166411381
273,3,tier3_voxel_grid,3,20261180,64,64,64,0.41441185193938235,0.58558814806061765,3.3867835862126583,0.67197642414169301,0.32802357585830699,1103.5978984217356,1.6959413334908882,5.743786271446548,0.0471444734391065,0.2808791024192005,0.30841362954441109,0.15625793856571385,0.09469380046414097,0.065759556309904307,0.016927962290313257,0.011737468016988401,0.012874355466821306,0.0019208635610693254,0.00031623664301980761,0.0005049206639750007,0.0025696926153356203,96.651237056383835
274,3,tier3_voxel_grid,3,20261181,64,64,64,0.11323915041577085,0.88676084958422918,6.1212489515301085,0.26989031017822518,0.73010968982177482,1219.9092086381982,1.1538304707483873,7.0628835593120574,0.10493342373142496,0.62517626609034982,0.12387019417720198,0.062758903426079218,0.038032493791527767,0.026411443038841229,0.0067988888137756878,0.0047141964658331953,0.0051708120485376785,0.00077148906372604493,0.00012701220252384898,0.00020279460665553615,0.0010320825435229648,68.080895052695837
275,3,tier3_voxel_grid,3,20261182,64,64,64,0.22858711182960836,0.77141288817039166,1.9798305015901327,0.46172200023847998,0.53827799976152002,80.452110035056947,1.361456801293295,2.6954537017978022,0.077362832217810248,0.46091516754370976,0.21191421725240214,0.10736645714893391,0.065065096616049437,0.04518407608270749,0.011631379208918366,0.0080649365302678019,0.0088461037387057382,0.0013198453602519926,0.0002172894912947412,0.00034693624739894194,0.0017656625615493787,80.074559797955899
276,3,tier3_voxel_grid,3,20261183,64,64,64,0.2993125299771851,0.70068747002281495,11.146510374019565,0.55288162323027112,0.44711837676972888,11.933791881681389,1.4887625539589331,16.594507252155111,0.064261114106207551,0.38285726266352132,0.25375328955424553,0.12856424662096658,0.077911159126347856,0.054104949116274385,0.013927808971875087,0.0096572292370745091,0.01059262541484458,0.0015804277136722167,0.00026018982547044826,0.00041543325966766459,0.002114264389832257,86.761050590910855
277,3,tier3_voxel_grid,3,20261184,64,64,64,0.13672500436104465,0.86327499563895538,9.4321669521591645,0.31434845563330566,0.6856515443666944,79.550837916729535,1.1961050078498803,11.281862126353719,0.098543773682416472,0.58710777068427789,0.1442749249237133,0.073096971714916539,0.044297461733083771,0.030762113411275042,0.0079188474651854194,0.0054907505853324726,0.0060225829551069573,0.00089857392642262205,0.0001479345059983477,0.00023620029696818176,0.0012020941153029709,70.636155295285562
278,3,tier3_voxel_grid,3,20261185,64,64,64,0.19809224455432328,0.80190775544567672,6.8545594834093224,0.41693542902885089,0.58306457097114905,124.30344227808909,1.3065660401977819,8.9559346415382723,0.083799684542513478,0.49926488642863559,0.19135875059409813,0.096952018425757,0.058753847463202079,0.040801265993575364,0.010503147084528883,0.0072826457708337318,0.0079880405430670636,0.0011918216832730022,0.0001962126284423114,0.00031328377915764354,0.0015943950629156479,77.038162527398811
279,3,tier3_voxel_grid,3,20261186,64,64,64,0.31497885433497019,0.68502114566502981,10.268154773957399,0.57100433955231289,0.42899566044768711,91.827092569207167,1.5169619378029462,15.576399963562988,0.061656466205356614,0.36733919424233052,0.26207098124294392,0.13277840978496522,0.08046498217967836,0.055878436610258903,0.014384343825593228,0.0099737802284022431,0.010939837435344175,0.0016322320094182621,0.00026871849815327784,0.00042905060341606136,0.0021835671341391811,88.177264430342973
280,3,tier3_voxel_grid,3,20261187,64,64,64,0.087856974988753875,0.91214302501124611,9.2505502811392155,0.21802852000705517,0.78197147999294481,65.3069707944329,1.108142554979757,10.25092842351032,0.11238714647934531,0.66958433351359947,0.10006744996368098,0.050699229706386559,0.030724216545857035,0.021336252617615414,0.0054924226986183692,0.0038083222691076336,0.0041771951628527815,0.00062324067379351659,0.00010260569384956514,0.00016382584437848677,0.00083375883091479767,65.253211689126104
281,3,tier3_voxel_grid,3,20261188,64,64,64,0.29386897712688537,0.70613102287311458,14.818859026649969,0.54642276641722487,0.45357723358277513,164.52075246185942,1.4789641588283935,21.916561375145918,0.065189399223132147,0.38838783435964297,0.25078890062503034,0.12706233730564076,0.077000987762728568,0.053472885932156537,0.013765101947280539,0.0095444118486277801,0.010468880569738341,0.0015619648893042462,0.00025715024383793453,0.00041058009792954519,0.002089565194950242,86.263567275201623
282,3,tier3_voxel_grid,3,20261189,64,64,64,0.039939783333634453,0.96006021666636554,4.4403132657596212,0.1074814619208357,0.89251853807916426,228.92923218948835,1.021891610000542,4.5375188720538633,0.12827528144062131,0.76424325663854298,0.049330224378161522,0.024993185877363006,0.015146108915540888,0.01051812681744276,0.0027075981670452165,0.0018773876231243391,0.002059230796124893,0.00030723879034580528,5.0581501796169147e-05,8.0761183232566538e-05,0.00041101787065852446,59.728451718899997
283,3,tier3_voxel_grid,3,20261190,64,64,64,0.23845421180454002,0.76154578819545993,3.6603588701242837,0.4754500605111498,0.5245499394888502,39.774150802078843,1.379217581248172,5.0484313073531064,0.075389796678514434,0.44916014281033578,0.21821491582334751,0.11055870961739392,0.066999632045443888,0.046527502905574773,0.011977206946716949,0.0083047256993470046,0.0091091188110664183,0.0013590874077324775,0.00022375000916387299,0.00035725146242574722,0.0018181597829371985,81.036905638526903
284,3,tier3_voxel_grid,3,20261191,64,64,64,0.0183649797560392,0.98163502024396077,12.303982826634794,0.051374128052733767,0.94862587194726622,1752.1678413349207,0.98305696356087069,12.095515997256699,0.13633918570226625,0.812286686245,0.023578924391076558,0.011946275280988855,0.0072395567107262143,0.005027467847359514,0.0012941812705486006,0.00089735616199606454,0.0009842737967983026,0.0001468543940127838,2.4177011588193068e-05,3.8602334718298631e-05,0.00019645885292038107,57.162481615290169
285,3,tier3_voxel_grid,3,20261192,64,64,64,0.39298124459088157,0.60701875540911843,14.622281858377034,0.65205770237787064,0.34794229762212936,202.41526832177132,1.6573662402635867,24.234476307692798,0.050007248307279727,0.29793504931484965,0.29927163429820536,0.15162614154150364,0.091886887309987786,0.063810311874547165,0.016426183717768977,0.011389546049427143,0.012492733887225403,0.0018639253331127785,0.00030686275804775307,0.00048995380820864162,0.0024935217998359586,94.897439397724227
286,3,tier3_voxel_grid,3,20261193,64,64,64,0.25677613889878037,0.74322386110121963,8.1831288415129855,0.50002539090613685,0.49997460909386315,316.60412371779637,1.4121970500178047,11.556190409900253,0.071857760884952451,0.42811684820891072,0.22949413124232901,0.11627333044207078,0.070462746745837815,0.048932442669656274,0.012596291562266809,0.0087339850366615832,0.0095799560723940982,0.0014293366827978424,0.00023531532560356792,0.00037571727713984408,0.0019121378493791772,82.798165741065915
287,3,tier3_voxel_grid,3,20261194,64,64,64,0.041417173285463564,0.95858282671453643,13.817176064217909,0.11116795193932115,0.88883204806067884,10.159214554240018,1.0245509119138345,14.156400336668465,0.12774544869824828,0.76108659936243062,0.051022194105124145,0.025850423289475181,0.015665602959799053,0.010878886420379926,0.0028004656572942184,0.0019417798504888456,0.0021298600343209973,0.00031777672603871187,5.2316388893526667e-05,8.3531198550065817e-05,0.00042511530895646843,59.902402321125713
288,3,tier3_voxel_grid,3,20261195,64,64,64,0.2786034382280469,0.7213965617719531,3.5283569257631555,0.52784481246425685,0.47215518753574315,76.255092973259607,1.4514861888104844,5.1213613469390395,0.067859475160195207,0.40429571237554796,0.24226227081735177,0.12274231552635374,0.074383013379324597,0.051654848921924457,0.013297099064071193,0.0092199091837871661,0.010112946679137568,0.0015088592839505152,0.00024840733325179711,0.00039662069026548754,0.0020185215848385267,84.853436419624032
289,3,tier3_voxel_grid,3,20261196,64,64,64,0.39872510115529086,0.60127489884470919,2.2992177572656955,0.65748673084399167,0.34251326915600833,3323.4657328391127,1.6677051820795237,3.8344173685212608,0.049226973024774565,0.29328629613123375,0.3017633681060915,0.15288857987423862,0.092651936975147772,0.064341596143309962,0.01656294802354789,0.011484375340597304,0.012596748313626761,0.001879444364105421,0.00030941769550583135,0.00049403316063734376,0.0025142828471832034,95.371281459620818
290,3,tier3_voxel_grid,3,20261197,64,64,64,0.16423652511195544,0.83576347488804459,8.3477263965923285,0.36258920128919508,0.63741079871080486,37.328586987602556,1.2456257452015198,10.398142913493716,0.091610477664574225,0.54580032104623066,0.16641573660273204,0.084314626382921282,0.051095467405998483,0.035482948720999129,0.0091340947476515333,0.0063333756967341196,0.0069468244690138164,0.001036471458479003,0.00017063692667103198,0.0002724482194430404,0.0013865706585515832,73.555032983350031
291,3,tier3_voxel_grid,3,20261198,64,64,64,0.044255799440349144,0.95574420055965081,5.0844799829833462,0.11819765415094428,0.8818023458490557,15.784282961639656,1.0296604389926283,5.2352878913278635,0.12673512007069909,0.75506722577835661,0.054248581067244575,0.027485074055269683,0.016656216907900021,0.011566812487157555,0.0029775530217839527,0.002064568242928758,0.002264541671722093,0.00033787132807883949,5.5624614225497336e-05,8.8813291463925022e-05,0.00045199746316937789,60.235988722981901
292,3,tier3_voxel_grid,3,20261199,64,64,64,0.25188991454390758,0.74811008545609248,5.1683167877105998,0.49358440483865346,0.50641559516134649,47.291437765749258,1.4034018461790336,7.253225321511148,0.072783477567924318,0.43363211759342218,0.22653794435905428,0.11477557669792571,0.069555093697971401,0.048302128315195127,0.012434034725054017,0.0086214797980120016,0.0094565536118158978,0.0014109249424600961,0.0002322841540645962,0.0003708775434155525,0.0018875069936847492,82.331703968328924
293,3,tier3_voxel_grid,3,20261200,64,64,64,0.072539334011923834,0.92746066598807619,10.290577432511686,0.18460906801044172,0.81539093198955825,13.576769677281908,1.0805708012214628,11.119697501280655,0.11719028437234971,0.69820064761720857,0.08472909266814671,0.042928042370972655,0.026014802933570898,0.018065827857960379,0.0046505431283876165,0.0032245819251564929,0.003536913913312918,0.00052771022768717481,8.6878274060292625e-05,0.00013871458855821913,0.00070596012262834048,63.51354025202982
294,3,tier3_voxel_grid,3,20261201,64,64,64,0.38920192578947127,0.61079807421052879,9.4099364405507124,0.64844843454690759,0.35155156545309241,6631.4197080329086,1.6505634664210482,15.531697310117124,0.050525982459074234,0.30102558299401816,0.29761510684909581,0.15078686097936458,0.091378275288005906,0.063457109228381561,0.016335261555110933,0.011326502668426412,0.012423584144226408,0.0018536081392209066,0.00030516421223332067,0.00048724181736461579,0.0024797196654770923,94.584134994414697
295,3,tier3_voxel_grid,3,20261202,64,64,64,0.20709856075603408,0.79290143924396594,9.2658127441597582,0.43054941674145653,0.56945058325854347,2816.6817677080621,1.3227774093608613,12.256607777342499,0.081843043833266099,0.48760753942527735,0.19760709385759984,0.10011774504830612,0.060672307977088967,0.042133529685315634,0.010846101185804291,0.0075204424250310637,0.0082488701061829046,0.0012307376511232011,0.00020261946299435143,0.00032351328047381902,0.0016464560615363018,77.944788467356716
296,3,tier3_voxel_grid,3,20261203,64,64,64,0.039194254538185133,0.96080574546181485,8.5211465326614899,0.10561387103241629,0.89438612896758374,1735.086155450449,1.0205496581687332,8.6962531811133701,0.12854369687022518,0.76584243209735858,0.048473065609329409,0.024558905905887413,0.01488293111259561,0.010335364530287007,0.0026605511174805281,0.0018447662579482603,0.002023449735807458,0.00030190022911706567,4.9702600912343498e-05,7.9357882167921523e-05,0.00040387605088327069,59.640585526826946
297,3,tier3_voxel_grid,3,20261204,64,64,64,0.072365339765988301,0.92763466023401175,12.825754281676012,0.18421965485216599,0.81578034514783404,178.56739004566504,1.080257611578779,13.855118687019626,0.11724625192970937,0.69853409321812465,0.084550365675321676,0.042837490239712617,0.025959927478743785,0.018027719919066303,0.0046407333031886697,0.0032177800131749914,0.0035294531702823825,0.00052659707919109743,8.6695013598323066e-05,0.0001384219849141429,0.00070447097497198662,63.493635913666893
298,3,tier3_voxel_grid,3,20261205,64,64,64,0.038043768797758219,0.96195623120224183,9.5236339574119988,0.10272218317577164,0.89727781682422836,4339.5407736503448,1.0184787838359648,9.6996191306438693,0.12895929840433765,0.76831851841989074,0.047145882221137768,0.023886487697120727,0.014475439267548455,0.010052384200013404,0.0025877057300025949,0.0017942569059634301,0.0019680480639212971,0.00029363425782066177,4.8341753079602235e-05,7.7185078331164309e-05,0.00039281800083253176,59.504878672077652
299,3,tier3_voxel_grid,3,20261206,64,64,64,0.41229204982019607,0.58770795017980393,3.3034471777179757,0.67004664247039347,0.32995335752960653,261.18965719943503,1.6921256896763528,5.5898478339054307,0.047421827103421028,0.28253153042618551,0.30752792738568735,0.15580919706972413,0.094421858839470421,0.065570708037970174,0.016879348573839464,0.011703760360241991,0.01283738289707468,0.001915347225733672,0.00031532847473358775,0.0005034706329801724,0.0025623129729377748,96.479472079110664
300,3,tier3_voxel_grid,3,20261207,64,64,64,0.2323592629259445,0.76764073707405545,1.2289614446816968,0.4670122614080679,0.53298773859193216,3466.6472632537698,1.3682466732667,1.6815224082587692,0.076602500962524786,0.45638523762940736,0.2143422617342223,0.10859662724885953,0.065810591424496051,0.045701780595510846,0.01176464778556386,0.0081573419615429618,0.0089474595309072136,0.0013349677210136531,0.00021977912392598327,0.00035091133058100645,0.0017858929514444569,80.443612141796734
301,3,tier3_voxel_grid,3,20261208,64,64,64,0.061172477017399661,0.9388275229826003,7.7808394141569543,0.15868564490443671,0.84131435509556329,159.47586321846651,1.0601104586313193,8.2485492398785745,0.12091607185233162,0.72039828324323163,0.072831149938160991,0.036899943006794667,0.022361717249675055,0.015528963854640294,0.003997498299717025,0.0027717753404816821,0.0030402486256730895,0.00045360739158528234,7.4678536087198916e-05,0.00011923582183822938,0.0006068268397831743,62.206469035201167
302,3,tier3_voxel_grid,3,20261209,64,64,64,0.043992418623230056,0.95600758137676989,6.2407086054714664,0.11754834369878617,0.8824516563012138,38.680771480693934,1.0291863535218142,6.4228521330573844,0.1268284408001174,0.75562321550109635,0.053950570324520983,0.027334086745152381,0.01656471715852343,0.011503271020958291,0.0029611960448812612,0.0020532266833271145,0.0022521015722348475,0.00033601525583796431,5.5319044341955024e-05,8.832540192963319e-05,0.00044951444707829683,60.205072435704736
303,3,tier3_voxel_grid,3,20261210,64,64,64,0.0018174871800379884,0.99818251281996206,2.1545821098039708,0.0052430916754499573,0.99475690832454999,18.123688051351056,0.95327147692406822,2.0539016699670061,0.14296926835262655,0.85178763997192342,0.0024063953370462884,0.0012192015485711634,0.00073884776175654526,0.00051308851007701565,0.00013208031558553218,9.1581517803004863e-05,0.00010045207473029006,1.4987525432282297e-05,2.4674343487678298e-06,3.9396401941205187e-06,2.0050009904946417e-05,55.162316455796898
304,3,tier3_voxel_grid,3,20261211,64,64,64,0.023229037217432913,0.97677096278256714,10.782251342700047,0.064407201316149645,0.93559279868385037,52.243861160382714,0.99181226699137914,10.693969147474174,0.13446603565599502,0.80112676302785535,0.029560648280307446,0.01497691904787176,0.0090761557262598307,0.006302883299994482,0.0016225013794152075,0.0011250059352567914,0.0012339736552906002,0.00018410980152565751,3.0310463877562047e-05,4.839533901038251e-05,0.00024629838733991897,57.7451570991621
305,3,tier3_voxel_grid,3,20261212,64,64,64,0.18624232004052127,0.81375767995947879,6.1337720080941649,0.39849981633443193,0.60150018366556801,1457.8888448317607,1.2852361760729383,7.8833456805861726,0.086449302792456342,0.51505088087311168,0.18289745043580288,0.092665095950008977,0.056155931573296715,0.038997158486924803,0.010038729963216097,0.0069606293925795152,0.0076348337599872066,0.0011391229644214769,0.00018753670461366963,0.00029943132620240538,0.001523895777378144,75.832564857297982
306,3,tier3_voxel_grid,3,20261213,64,64,64,0.37905437936773106,0.62094562063226899,3.4424916457528907,0.63860864748143653,0.36139135251856347,4485.4502512955305,1.6322978828619159,5.619171825132276,0.051940184407031006,0.30945116811153245,0.29309898941732382,0.14849876754700947,0.089991668854339013,0.062494188494315941,0.016087384489182972,0.011154630290429726,0.012235064261909834,0.0018254808303694295,0.00030053354199278531,0.00047984823681628593,0.0024420915177471888,93.73686132118489
307,3,tier3_voxel_grid,3,20261214,64,64,64,0.2249555730630497,0.7750444269369503,2.5227725617271801,0.45657884711643049,0.54342115288356951,6743.9644329801722,1.3549200315134895,3.4181550788367576,0.078102020689618315,0.46531913219395121,0.20955369020906128,0.10617049479712108,0.064340332029080557,0.044680767551054962,0.01150181647579932,0.0079751006474782574,0.0087475663806456955,0.0013051435119933077,0.00021486908870408302,0.00034307170067376881,0.0017459947248181244,79.717912773511415
308,3,tier3_voxel_grid,3,20261215,64,64,64,0.15514753517945312,0.84485246482054688,10.611790427648572,0.3470818141119465,0.6529181858880535,1418.0102690049523,1.2292655633230156,13.044708537909207,0.09383924308478761,0.55907894280326587,0.15929838933836252,0.08070861839543525,0.048910192187514155,0.033965397117006038,0.0087434434451254817,0.006062506876816069,0.0066497193806373421,0.00099214315485701525,0.00016333904554491162,0.00026079602459103362,0.0013272691460566696,72.599555984584029
309,3,tier3_voxel_grid,3,20261216,64,64,64,0.12760380710486735,0.8723961928951327,2.6907152905272484,0.29746069366530475,0.70253930633469519,350.37228150538073,1.1796868527887612,3.174201452832687,0.10097093046059354,0.60156837587410161,0.13652403400505367,0.069169978479285035,0.041917666394093452,0.029109478446437572,0.0074934227218586714,0.0051957706442860184,0.0056990313500148351,0.00085029978252869104,0.00013998701117410653,0.00022351089347188175,0.0011375139371008155,69.65073977098119
310,3,tier3_voxel_grid,3,20261217,64,64,64,0.14188224415428125,0.8581177558457187,4.5905703599461738,0.32369341543602542,0.67630658456397463,14.361185438999851,1.2053880394777061,5.5334186062599864,0.097200689704211363,0.57910589485976327,0.14856393398289974,0.075270000562792538,0.045614337931582025,0.031676610391054745,0.0081542591871769897,0.0056539797744287511,0.0062016224719725101,0.00092528675758724185,0.00015233230718749178,0.00024322206609413849,0.0012378300032492326,71.189413432183954
311,3,tier3_voxel_grid,3,20261218,64,64,64,0.014787614537286407,0.98521238546271361,2.1315731935970557,0.041639568605751867,0.95836043139424809,147.77003389704845,0.97661770616711541,2.0817321228580692,0.1377382640401229,0.82062216735412519,0.019111102748532643,0.009682650937361514,0.0058677787781056924,0.0040748446791828022,0.0010489550255329341,0.00072732180355206989,0.00079776996402853553,0.00011902788127663478,1.9595862175514872e-05,3.1287821823367368e-05,0.00015923310418015392,56.732406004264057
312,3,tier3_voxel_grid,3,20261219,64,64,64,0.097588700313019749,0.9024112996869802,2.9232123040037776,0.23841036084252626,0.76158963915747369,335.89826131009187,1.1256596605634355,3.2905421698797506,0.1094578108320715,0.65213182832540217,0.10942200063395667,0.055438718055539786,0.033596391669606637,0.023330817846345896,0.0060058678444219809,0.0041643335759615268,0.0045676896125936232,0.00068150274067834511,0.00011219752578415444,0.00017914068614666886,0.00091170065149094972,66.345490887371753
313,3,tier3_voxel_grid,3,20261220,64,64,64,0.16251099172215619,0.83748900827784378,12.245729640640603,0.35967654808812932,0.64032345191187068,1846.3202923987189,1.242519785099881,15.215561361480004,0.092029092397114945,0.54829435951475569,0.16507893085617295,0.083637333000885314,0.050685021159472418,0.035197916723885017,0.0090607212158116644,0.0062825001413368371,0.0068910211233681835,0.0010281455571542575,0.00016926621240562835,0.00027025966232202309,0.0013754324353149982,73.374304687746346
314,3,tier3_voxel_grid,3,20261221,64,64,64,0.017073172583907559,0.9829268274160925,13.42099140732477,0.047873668298722014,0.95212633170127803,8611.9258415632739,0.98073171065103337,13.162391861538442,0.1368422816503726,0.81528405005090543,0.021972336036153471,0.011132296388957387,0.0067462777420443445,0.0046849131504465872,0.0012060001252199432,0.00083621334071338723,0.00091720870113216879,0.00013684823107773853,2.252967158954871e-05,3.5972101871259496e-05,0.00018307280951617553,57.007328567951767
315,3,tier3_voxel_grid,3,20261222,64,64,64,0.044636533727663623,0.95536346627233637,2.8363775829184501,0.1191352189060432,0.88086478109395683,35.999571439934854,1.0303457607097943,2.9224496183323181,0.12660037061990567,0.75426441047405113,0.054678890433264835,0.02770309053715854,0.016788336974396321,0.011658562495181808,0.0030011715004222665,0.0020809447643831899,0.0022825044178790346,0.00034055138337469709,5.6065838530568568e-05,8.9517774242868891e-05,0.0004555827872090627,60.280667439699769
316,3,tier3_voxel_grid,3,20261223,64,64,64,0.052590891961847588,0.94740910803815237,2.699837298694681,0.13844164966532291,0.86155835033467709,5661.5884839157761,1.0446636055313256,2.8204217668023399,0.12382559594173444,0.73773275439294261,0.06353986556587124,0.032192508563036508,0.019508967098182468,0.013547888184367621,0.0034875256642176288,0.0024181717941092569,0.0026523951513344824,0.00039573936022548707,6.5151575221118865e-05,0.00010402455675449371,0.00052941215200259361,61.21063139205166
317,3,tier3_voxel_grid,3,20261224,64,64,64,0.071740386459120051,0.92825961354087994,8.1190148735639216,0.18281909496594326,0.81718090503405671,54.66098983165837,1.0791326956264162,8.7614944063400024,0.11744754434652159,0.69973336068753511,0.083907557769588983,0.042511811253372396,0.025762562908143775,0.017890661246478059,0.0046054513735144451,0.0031933163173073669,0.0035026199285494849,0.00052259353925444428,8.6035900657965077e-05,0.0001373696092618399,0.00069911511981448043,63.422116925663012
318,3,tier3_voxel_grid,3,20261225,64,64,64,0.27041407362698583,0.72958592637301423,8.644559822565796,0.51758560521331731,0.48241439478668269,42.70171155112746,1.4367453325285746,12.42003097683545,0.06933395736008785,0.41308043742659484,0.23755365421885721,0.12035669228310107,0.07293730295044816,0.050650883763809197,0.013038656256804202,0.0090407107585725229,0.0099163911509803256,0.0014795330506694013,0.00024357928103965954,0.00038891195890096387,0.0019792895401345625,84.087742449654129
319,3,tier3_voxel_grid,3,20261226,64,64,64,0.26652361086495496,0.73347638913504509,11.084501825801315,0.51263771630609445,0.48736228369390555,11.883394329705107,1.429742499556919,15.847983346764405,0.070045081908242213,0.41731720178566334,0.23528274660716789,0.11920613566665081,0.072240054671986978,0.050166683771785278,0.012914012483854711,0.0089542855720426244,0.0098215948481438168,0.0014653893706760993,0.00024125077110710697,0.00038519413300327625,0.001960368409675809,83.721715492403163
320,3,tier3_voxel_grid,3,20261227,64,64,64,0.22305257750010499,0.77694742249989501,4.3736586985399466,0.45386387056047439,0.54613612943952561,76.161675622466888,1.3514946395001888,5.9109762860801096,0.078492224777221328,0.46764390466230427,0.20830761111511106,0.10553916812456733,0.063957742046726787,0.044415080173793912,0.011433422676393318,0.0079276779264607581,0.0086955503098287597,0.00129738267493395,0.00021359140240276718,0.00034103167707165975,0.0017356124331840677,79.530492144063984
321,3,tier3_voxel_grid,3,20261228,64,64,64,0.19132968197208983,0.80867031802791023,1.7268271373732269,0.40648895013260528,0.59351104986739478,1524.1788765302588,1.2943934275497615,2.235193697130474,0.085301081951427091,0.50820996791596773,0.18656418287326565,0.09452284799811507,0.05728174702542637,0.039778974448012094,0.010239986660339788,0.0071001762562351483,0.0077878970888399348,0.0011619601287119054,0.00019129644492925797,0.000305434332553575,0.0015544468761764633,76.351923850059691
322,3,tier3_voxel_grid,3,20261229,64,64,64,0.01935921809083942,0.9806407819091606,12.928436748434219,0.054056997457068615,0.9459430025429314,19.538497645869487,0.98484659256351104,12.732526878868319,0.13595359614504524,0.80998940639788619,0.024810267427614531,0.012570135921781203,0.0076176222066547793,0.0052900132214651922,0.001361766248941889,0.00094421806472927254,0.0010356747286488267,0.00015452345187367078,2.5439588047138159e-05,4.0618233122361282e-05,0.00020671836418974585,57.28177952769402
323,3,tier3_voxel_grid,3,20261230,64,64,64,0.34089464166554689,0.65910535833445305,11.180727972302051,0.59954851385047425,0.40045148614952575,6108.5747244014901,1.5636103549979843,17.482302033907104,0.057554016972798452,0.34289746917672731,0.27517175692698481,0.13941592514063883,0.084487379764320122,0.05867176710466903,0.015103408793898602,0.010472363691838404,0.011486713535782999,0.0017138263367195252,0.00028215157933518471,0.00045049859313929421,0.0022927223831473984,90.470253516264705
324,3,tier3_voxel_grid,3,20261231,64,64,64,0.072016750438409272,0.92798324956159073,8.1762231024330916,0.18343880407643973,0.81656119592356025,142.34982383329236,1.0796301507891366,8.8272969809654604,0.11735847800541081,0.69920271791814947,0.084191982533856694,0.042655915219877258,0.025849891285668506,0.017951305927873695,0.0046210626540245424,0.0032041408278154241,0.0035144928977310298,0.00052436499522529295,8.632753995022524e-05,0.00013783525645466057,0.00070148493796239096,63.453748835937276
325,3,tier3_voxel_grid,3,20261232,64,64,64,0.10391161623977473,0.89608838376022526,2.3756574606887968,0.25131632673840498,0.74868367326159502,12.000493264257905,1.1370409092315945,2.7012197191244103,0.10760292901514049,0.64108074424645456,0.11534538669591328,0.05843980492948074,0.03541507892623523,0.024593794582691616,0.0063309859529695469,0.004389763154275539,0.0048149542287569723,0.00071839480819613276,0.00011827116048801157,0.00018883818242075204,0.00096105411697714339,67.049754924039803
326,3,tier3_voxel_grid,3,20261233,64,64,64,0.21315117329987884,0.78684882670012113,9.6470357298141032,0.43951262182584611,0.56048737817415395,3419.9739040326576,1.3336721119397819,12.865982515739709,0.080554826719832773,0.47993255145432118,0.20172089087950937,0.10220200261912399,0.061935387935384334,0.043010668180489757,0.011071896008684709,0.0076770034727525046,0.0084205956076033525,0.0012563592256583291,0.00020683760783508137,0.00033024820047988134,0.0016807320883247623,78.549416762788638
327,3,tier3_voxel_grid,3,20261234,64,64,64,0.12706794045378081,0.87293205954621922,9.0656957932254318,0.29645391317139191,0.70354608682860809,4498.4456881562128,1.1787222928168053,10.685937731370348,0.10111562779257674,0.60243045903603132,0.13606195704055482,0.068935866925791275,0.04177579256076136,0.029010954992038502,0.0074680606085116919,0.0051781851257724429,0.0056797425037249495,0.00084742187209124872,0.00013951321347493951,0.00022275440223617677,0.0011336639264344797,69.592571978630716
328,3,tier3_voxel_grid,3,20261235,64,64,64,0.0387785429084554,0.96122145709154461,10.742573146860154,0.10457035593280567,0.89542964406719427,19.829749402535924,1.0198013772352197,10.955290890218073,0.12869367380334096,0.76673597026385332,0.047994128748164396,0.024316252276281845,0.01473588069970343,0.010233246230466102,0.0026342636115190741,0.0018265390930256686,0.00200345709343977,0.00029891731177316045,4.9211515659668381e-05,7.8573788681849708e-05,0.00039988556409069359,59.591565666938607
329,3,tier3_voxel_grid,3,20261236,64,64,64,0.33564687859715125,0.66435312140284875,4.7421990042294953,0.593906878284155,0.406093121715845,394.83085648720953,1.5541643814748722,7.3701567822390883,0.05836484874735464,0.34772827296849035,0.2725824439108358,0.1381040482472522,0.083692369860080107,0.058119677122974819,0.014961288638054853,0.010373820774789258,0.011378625782871387,0.0016976995623345205,0.00027949658754002944,0.00044625948850152462,0.0022711483089204606,90.010883587762081
330,3,tier3_voxel_grid,3,20261237,64,64,64,0.21360783197696764,0.78639216802303236,5.4928547183801104,0.44018294199378566,0.55981705800621429,1400.9180444575234,1.3344940975585418,7.3301822004248436,0.080458486414809155,0.47935857159140516,0.20202854434549983,0.1023578754203983,0.062029848338978157,0.043076265655707123,0.011088782247721756,0.0076887120108048365,0.0084334382309582644,0.0012582753547643311,0.00020715306503274784,0.00033075187663891354,0.0016832954472813877,78.594883422612071
331,3,tier3_voxel_grid,3,20261238,64,64,64,0.27934934524713917,0.72065065475286083,3.9473550902965813,0.52876890111915642,0.47123109888084358,5612.0821650190046,1.4528288214448506,5.7348312436599143,0.067726662532528736,0.40350443634831484,0.24268639512564491,0.12295719834527258,0.074513234416186125,0.05174528015991741,0.013320378062174476,0.0092360503170800488,0.010130651237509879,0.0015115008174338682,0.00024884221561311117,0.00039731504715129586,0.0020220553751726798,84.922856456467201
332,3,tier3_voxel_grid,3,20261239,64,64,64,0.18420322220997223,0.81579677779002779,14.368702539273533,0.39526558923945948,0.60473441076054057,6886.7332755107936,1.2815657999779499,18.414437764389287,0.086914135031956205,0.51782027572858436,0.18141305354136511,0.091913025430036085,0.055700169668289071,0.038680657295618107,0.0099572555656999451,0.0069041368792664114,0.0075728693996537557,0.0011298778350512153,0.00018601465550222322,0.00029700113961613449,0.0015115278293613894,75.623644631474249
333,3,tier3_voxel_grid,3,20261240,64,64,64,0.30657811674536622,0.69342188325463372,14.484044967064335,0.56137103721694792,0.43862896278305208,227.55347701929389,1.501840610141659,21.752726930655125,0.063040991585558773,0.37558797119749332,0.25764963306611849,0.1305383312488364,0.079107473230877134,0.054935722454502761,0.014141668379244743,0.0098055145363376006,0.010755273581421382,0.0016046949429915614,0.00026418500102111012,0.0004218121747499706,0.0021467286008467349,87.420701944550231
334,3,tier3_voxel_grid,3,20261241,64,64,64,0.075738442681212687,0.92426155731878734,13.440129052799634,0.19172891420192645,0.8082710857980735,406.19580544142838,1.0863291968261828,14.600404599168071,0.116166999997784,0.69210408580028948,0.087996852557965022,0.04458365475381388,0.02701811982144086,0.018762575407020334,0.0048299013372655967,0.0033489448699802939,0.0036733226137451525,0.00054806250883618942,9.0228921757923357e-05,0.00014406441533375839,0.00073318699476742299,63.878934276274911
335,3,tier3_voxel_grid,3,20261242,64,64,64,0.017673748918301879,0.98232625108169813,6.7456660110120117,0.049503135523261001,0.95049686447673898,43.187860212751261,0.9818127480529435,6.6229808837190403,0.13660809002531588,0.81388877445142316,0.022720204388210059,0.011511204309413192,0.0069758995541792544,0.004844372675896577,0.0012470485292104992,0.00086467538007315554,0.00094842756464668125,0.00014150610909715209,2.3296509869116618e-05,3.7196477672822203e-05,0.00018930402499248866,57.079482123571367
336,3,tier3_voxel_grid,3,20261243,64,64,64,0.041665139445967822,0.95833486055403216,6.7705556521350836,0.11178482026592769,0.88821517973407227,2315.6882787386817,1.0249972510027421,6.9398009311995388,0.12765679064260993,0.76055838909146234,0.051305315049140474,0.025993866674717658,0.015752531018781091,0.010939253102903189,0.0028160053747541308,0.0019525547407887331,0.0021416785770966605,0.00031954006154868872,5.2606691293704569e-05,8.3994711188106896e-05,0.00042747426371524583,59.931576025961107
337,3,tier3_voxel_grid,3,20261244,64,64,64,0.00040773260554387167,0.99959226739445617,10.169069510003984,0.001179367479379134,0.99882063252062092,3119.6069399416579,0.95073391868997903,9.6680793046768727,0.14355331825490639,0.85526731426571456,0.00054128834258814027,0.00027424404267547197,0.00016619450438141564,0.00011541280227109409,2.9709804540913633e-05,2.0600109724340449e-05,2.2595429854447399e-05,3.3712552031019976e-06,5.5501829999760129e-07,8.8617247475496383e-07,4.509997365455949e-06,54.990648749068868
338,3,tier3_voxel_grid,3,20261245,64,64,64,0.047405821147387707,0.95259417885261233,11.254134672667622,0.12591729009941699,0.87408270990058301,8524.0072784900349,1.0353304780652979,11.651748630864214,0.1256256322206869,0.74845707767989611,0.057791623436135711,0.029280158460688904,0.017744055171116147,0.012322255411355312,0.0031720207166850132,0.002199407765258319,0.0024124417076527185,0.00035993812516488629,5.9257527033112863e-05,9.4613798101827895e-05,0.00048151798022502809,60.605183990673147
339,3,tier3_voxel_grid,3,20261246,64,64,64,0.43919993744657027,0.56080006255342973,5.0521039294277932,0.69391454825469456,0.30608545174530544,22.03437491202466,1.7405598874038266,8.7934894465572704,0.04399146437003891,0.26209398737526651,0.31848245969976774,0.16135931701701137,0.097785284439888445,0.067906419289190029,0.017480612241060331,0.012120663053120774,0.013294666653284107,0.0019835743075969376,0.00032656087237429557,0.0005214048913906444,0.0026535857900098696,98.632407349677109
340,3,tier3_voxel_grid,3,20261247,64,64,64,0.13106109734629673,0.86893890265370333,1.4770034482295848,0.30391684464450264,0.69608315535549736,432.53014873145355,1.1859099752233342,1.7515931226947261,0.10004303423374084,0.59604012112175653,0.13948718105135727,0.070671258593936429,0.042827456456105535,0.029741276837882753,0.0076560615829705395,0.005308540769708164,0.0058227243542148359,0.00086875487219428957,0.00014302531942293888,0.0002283620220561966,0.0011622027846536552,70.025291118250962
341,3,tier3_voxel_grid,3,20261248,64,64,64,0.14730114078747755,0.85269885921252242,14.192373471091759,0.33335866866455943,0.66664133133544057,1065.1114157649583,1.2151420534174595,17.245749842529918,0.095811572251532626,0.57082975908390798,0.15299994649998391,0.077517508795146656,0.046976349347127175,0.032622451258527273,0.0083977395181840369,0.0058228035553983207,0.0063867984711155259,0.00095291515654322048,0.00015688084062574745,0.00025048450254623773,0.0012747907193613138,71.767706199732459
342,3,tier3_voxel_grid,3,20261249,64,64,64,0.085982783445110053,0.91401721655488999,6.9924896677364501,0.2140290434386736,0.78597095656132643,10.877346882850572,1.104769010201198,7.7250858890673015,0.11296196253137764,0.67300899402994885,0.098231830378800594,0.049769212013108972,0.030160616957357972,0.02094486417724779,0.0053916706690854419,0.0037384630796784301,0.0041005694343708111,0.00061180805722014879,0.00010072351316824607,0.0001608206520950833,0.00081846450654009186,65.041694894801012
343,3,tier3_voxel_grid,3,20261250,64,64,64,0.086594829809948592,0.91340517019005141,6.7642373580948885,0.21533781783263725,0.78466218216736272,11.602736646165399,1.1058706936579075,7.4803718592631254,0.11277386178437322,0.67188832038298951,0.098832511960171079,0.05007354767355951,0.030345047268991104,0.021072940729288649,0.0054246404025338176,0.0037613235507287695,0.0041256441634363187,0.00061554922573842888,0.0001013394312361247,0.00016180406045920512,0.00082346936649422555,65.110810143178895
344,3,tier3_voxel_grid,3,20261251,64,64,64,0.33973716212401739,0.66026283787598261,9.8059166145836549,0.59831002638077546,0.40168997361922454,8773.268038822147,1.5615268918232312,15.312202492648597,0.057732015884819035,0.34395795773440552,0.27460333458067565,0.13912793363974385,0.084312854169195567,0.058550568825121059,0.015072209679717081,0.010450730928332454,0.011462985429627381,0.0017102860853566535,0.00028156873876850871,0.00044956799811682189,0.0022879863061203874,90.36914589180941
345,3,tier3_voxel_grid,3,20261252,64,64,64,0.0015615347174922803,0.99843846528250768,3.4952939965506626,0.0045068975311266411,0.99549310246887335,45.41336537599603,0.95281076249148611,3.3303537379853507,0.14307507625131879,0.85241802621755458,0.0020685080244220292,0.0010480107519252168,0.00063510450693259122,0.00044104461307499407,0.00011353462519264014,7.8722353533475359e-05,8.6347375865717719e-05,1.2883093706854552e-05,2.1209764129719234e-06,3.3864665665769198e-06,1.723474349357296e-05,55.131163397516225
346,3,tier3_voxel_grid,3,20261253,64,64,64,0.064165420516335628,0.93583457948366433,11.505226198989819,0.16560795672478759,0.83439204327521244,3748.1464591482472,1.065497756929404,12.258792707989064,0.11992117767468655,0.71447086560052586,0.076008248474139437,0.038509621763811633,0.023337197922384867,0.016206380706766485,0.0041718803602280958,0.0028926879360370535,0.0031728727770950808,0.00047339501516308177,7.7936222775835641e-05,0.00012443722199901325,0.00063329832438700805,62.551953247733991
347,3,tier3_voxel_grid,3,20261254,64,64,64,0.021884423807613938,0.97811557619238609,14.704436760717297,0.0608274250554399,0.93917257494456008,658.67955067601156,0.98939196285370512,14.548451549344264,0.13498053119613837,0.80419204374842168,0.027917656428424243,0.014144496303666919,0.0085716996073254576,0.0059525666964117289,0.0015323221478648528,0.0010624776859633385,0.0011653889394935655,0.00017387691011914525,2.8625796995245734e-05,4.5705508025987167e-05,0.00023260903114941085,57.584324476073135
348,3,tier3_voxel_grid,3,20261255,64,64,64,0.30970644826152149,0.69029355173847851,8.4571488465101332,0.56498094480675309,0.43501905519324691,4938.6060068339903,1.5074716068707388,12.748911761193645,0.062522165485819181,0.37249688970742773,0.2593064541421165,0.13137776057720335,0.079616175406611381,0.055288987707414805,0.014232606658262181,0.0098685690920591682,0.010824435581521148,0.0016150139656521275,0.00026588384791037393,0.00042452464630648534,0.0021605331816955571,87.703204580931924
349,3,tier3_voxel_grid,3,20261256,64,64,64,0.0055616775053675127,0.99443832249463249,14.180737253389591,0.015931705812681805,0.98406829418731823,953.90832553475809,0.96001101950966161,13.61366402802518,0.14143307058399041,0.84263522360332777,0.0073120946479618082,0.0037046768587228481,0.0022450694951187378,0.0015590753899439914,0.00040134044220660779,0.00027828042876842132,0.0003052345833222851,4.5541230409006087e-05,7.4975683413549299e-06,1.1971026345855051e-05,6.092414154088758e-05,55.617294188655542
350,3,tier3_voxel_grid,3,20261257,64,64,64,0.21764477211035785,0.78235522788964218,5.6044334078507525,0.44607296402505275,0.5539270359749473,133.49029565801087,1.341760589798644,7.5198078748050499,0.079611955836992501,0.47431508013795481,0.20473185804445868,0.10372751082373555,0.062859860450892063,0.04365266271595579,0.011237159582479828,0.0077915935148689984,0.0085462848050546682,0.0012751121488649689,0.00020992494917564726,0.00033517761797151075,0.0017058193715950177,78.995894553386549
351,3,tier3_voxel_grid,3,20261258,64,64,64,0.0086376226569803774,0.99136237734301957,1.3067058913684879,0.024601023642253691,0.97539897635774631,30.807079329532275,0.96554772078256479,1.2616868951439932,0.14018709177566241,0.83521188458208395,0.011291007719067644,0.0057205954001362143,0.0034667353500812304,0.0024074541030965537,0.00061973186194901931,0.00042970812339874825,0.00047132951669040236,7.032271993733793e-05,1.1577407855363673e-05,1.848512052752049e-05,9.4076319513653584e-05,55.99002405402598
352,3,tier3_voxel_grid,3,20261259,64,64,64,0.096440573332743446,0.90355942666725653,14.170170282171604,0.23603882287630201,0.76396117712369804,133.94171085323009,1.1235930319989382,15.921504591286443,0.10979865495696693,0.6541625221667311,0.10833354781702963,0.054887252824738192,0.033262198482317935,0.023098739340570648,0.0059461257108886995,0.0041229097253179785,0.004522253460842866,0.00067472363251419901,0.00011108146400238776,0.00017735872106347812,0.0009026316970159791,66.217151751811443
353,3,tier3_voxel_grid,3,20261260,64,64,64,0.37225228515725811,0.62774771484274194,7.6947870163883945,0.63188863618137336,0.36811136381862664,4750.9436463369693,1.6200541132830646,12.465971356737139,0.052906003383357186,0.31520536043526942,0.2900147397306192,0.14693613071160652,0.089044696034603923,0.061836568754078572,0.015918098642550407,0.011037251294865947,0.012106315973860034,0.0018062714885346276,0.00029737105929511992,0.00047479884453755926,0.002416393646821433,93.163946288413186
354,3,tier3_voxel_grid,3,20261261,64,64,64,0.21588146548986503,0.78411853451013491,4.4602856686437438,0.44350811019344011,0.55649188980655984,5825.8462326451108,1.338586637881757,5.9704787971820137,0.079980583863265453,0.47651130594329438,0.20355468001999313,0.10313109291672032,0.062498425513259188,0.043401666335863981,0.011172547570239723,0.0077467929999472784,0.0084971449263888405,0.0012677804418472611,0.00020871791164217771,0.00033325039604358247,0.0016960111614945982,78.820939348958049
355,3,tier3_voxel_grid,3,20261262,64,64,64,0.089925008048209784,0.9100749919517902,9.8482228016868767,0.22241348447025694,0.77758651552974301,1314.1022066221881,1.1118650144867777,10.949894388066593,0.11175692701988749,0.66582958850985552,0.10207999498301958,0.051718886770366145,0.031342138447583191,0.021765364870925723,0.0056028856708457871,0.0038849148076155154,0.0042612064304813242,0.00063577521838666465,0.00010466928773736452,0.00016712069087714872,0.00085052729241847497,65.486170576622271
356,3,tier3_voxel_grid,3,20261263,64,64,64,0.022279093134033288,0.97772090686596669,14.850449875898095,0.061879971325137118,0.93812002867486288,40.387761667155047,0.99010236764126003,14.70346558266456,0.13482925627778738,0.80329077239707547,0.028400738280165372,0.014389249995075055,0.0087200226776910448,0.0060555687857772027,0.0015588371607762096,0.0010808625990839905,0.00118555460950002,0.00017688564331746134,2.9121132377550583e-05,4.6496387500722831e-05,0.00023663405387248435,57.631551031770208
357,3,tier3_voxel_grid,3,20261264,64,64,64,0.096837405229184326,0.90316259477081573,6.6316378771852902,0.23685949331968184,0.76314050668031819,95.088528123599531,1.1243073294125316,7.4559990713291837,0.1096807058863279,0.65345980079399024,0.10871020679048377,0.055078087305111725,0.033377845996754904,0.023179050081088431,0.0059667994694004699,0.0041372444441199994,0.0045379766359865195,0.00067706954212307915,0.00011146767705498332,0.00017797536987776544,0.00090577000768018285,66.261526041755289
358,3,tier3_voxel_grid,3,20261265,64,64,64,0.19181785578612517,0.8081821442138748,12.453362812489292,0.40724963268554931,0.59275036731445074,443.5176456339243,1.2952721404150251,16.130493905497882,0.085191754509583856,0.50755861280486692,0.18691330950726062,0.094699733203243749,0.057388941146078808,0.039853414778620685,0.010259149245675402,0.0071134631615721406,0.0078024709596368445,0.0011641345612440552,0.00019165442727551963,0.00030600590668312467,0.0015573557882583296,76.40161982591242
359,3,tier3_voxel_grid,3,20261266,64,64,64,0.17820181584026315,0.82179818415973682,12.512761640276469,0.38563830549994638,0.61436169450005362,10.847552918638829,1.2707632685124737,15.900757880115227,0.088297795402588447,0.5260638990974652,0.17699446768911647,0.089674346427204982,0.054343508850008798,0.037738532119145476,0.009714731735628401,0.0067359763145154366,0.0073884208556430726,0.0011023579729505077,0.00018148399076190662,0.00028976723330128185,0.0014747123116700261,75.00625140975977
360,3,tier3_voxel_grid,3,20261267,64,64,64,0.2268307588518631,0.7731692411481369,8.4083874199928523,0.45924075314354734,0.5407592468564526,42.281681555190595,1.3582953659333536,11.421073667548599,0.077719444048093569,0.46303980280835905,0.21077541179010911,0.10678948072208744,0.064715443400745212,0.044941261450830459,0.011568873359387085,0.008021596381160314,0.0087985656764262721,0.0013127526454491585,0.00021612179965614482,0.00034507184727172074,0.0017561740704243882,79.902237280476555
361,3,tier3_voxel_grid,3,20261268,64,64,64,0.23920257003048179,0.76079742996951816,6.3401289863995549,0.47647683793230983,0.52352316206769012,252.64459816235626,1.3805646260548674,8.7529578032483268,0.075242225331750429,0.44828093673593972,0.21868617067666873,0.11079747115341242,0.067144323812516823,0.046627983257591224,0.012003072808734567,0.0083226605058498142,0.009128790777270003,0.0013620224799504564,0.00022423321755204065,0.00035802297928053697,0.0018220862634831766,81.109496445960232
362,3,tier3_voxel_grid,3,20261269,64,64,64,0.031472452236115028,0.96852754776388494,2.2808631058667546,0.0859774579570841,0.91402254204291589,40.275300064053667,1.006650414025007,2.2960317898551317,0.13136589753750041,0.7826566445054155,0.039460640157749076,0.019992755490870404,0.012115800429458916,0.0084137467994251144,0.0021658842688915859,0.0015017753996983212,0.001647236891215372,0.00024576898850890195,4.0461572315507009e-05,6.4603152132938223e-05,0.00032878480681795656,58.727119800386696
363,3,tier3_voxel_grid,3,20261270,64,64,64,0.039090894656243387,0.96090910534375662,2.1157397795178667,0.10535456107113046,0.8946454389288695,5089.9130286670525,1.0203636103812381,2.1588238800560551,0.12858096562918664,0.76606447329968286,0.048354051424509853,0.024498607302328765,0.014846389583979143,0.010309988479300284,0.0026540187614506926,0.001840236869315368,0.0020184816320202668,0.00030115898427906043,4.9580567893456906e-05,7.9163037597302822e-05,0.00040288442845626331,59.628399221036069
364,3,tier3_voxel_grid,3,20261271,64,64,64,0.21631947184529637,0.78368052815470368,5.1319663453963784,0.44414635607547226,0.55585364392452774,19.898854535470857,1.3393750493215333,6.8736276769817231,0.079888853365070789,0.47596479055945695,0.20384761251278219,0.10327950732865715,0.06258836606180955,0.043464125024161956,0.011188625816194243,0.0077579412937834732,0.0085093730404495558,0.0012696048857023623,0.00020901827446430032,0.0003337299716997472,0.0016984518657677001,78.864427778730629
365,3,tier3_voxel_grid,3,20261272,64,64,64,0.12694951813331459,0.87305048186668543,6.7361734977098999,0.29623120024922911,0.70376879975077089,279.49103887497841,1.1785091326399662,7.9386419860984212,0.10114763672186169,0.60262116302890922,0.1359597396141646,0.068884078409321287,0.041744408226051986,0.028989160324220185,0.0074624501796149443,0.0051742949806617795,0.0056754755603859175,0.0008467852409217724,0.00013940840326980193,0.00022258705654889632,0.0011328122540679192,69.579713232185682
366,3,tier3_voxel_grid,3,20261273,64,64,64,0.28609996728552162,0.71390003271447844,4.3613013474199196,0.53705507355748361,0.46294492644251639,911.97931062494001,1.464979941113939,6.3892189911233768,0.066535750460405857,0.39640917598211051,0.24648945788934162,0.12488402222970699,0.07568090805963075,0.052556164297330031,0.013529117549941771,0.0093807855793362257,0.010289405511615049,0.0015351870750549593,0.00025274174431864102,0.00040354124726644949,0.0020537423739410729,85.548696356548902
367,3,tier3_voxel_grid,3,20261274,64,64,64,0.026088108583907654,0.97391189141609236,6.4475294536270598,0.071961161610015645,0.92803883838998436,11.757680436481566,0.99695859545103371,6.4279199082172047,0.13338035917831384,0.79465847921167054,0.033027651329769092,0.016733478089410191,0.01014064725168061,0.0070421132185764452,0.0018127954885581259,0.0012569515871657887,0.0013786995214245259,0.00020570301008023637,3.3865408603321346e-05,5.4071357558341806e-05,0.000275185347188964,58.086522855239849
368,3,tier3_voxel_grid,3,20261275,64,64,64,0.35712348100857272,0.64287651899142728,1.5400422620122503,0.61657197657944784,0.38342802342055216,120.71704381735061,1.592822265815431,2.4530136052298741,0.055107356898540898,0.32832066652201125,0.28298492973935374,0.14337447353268595,0.08688629782893105,0.060337681734554095,0.015532252016329653,0.010769713929348506,0.011812865023506588,0.0017624883850660489,0.00029016293585391916,0.00046328996169846048,0.0023578214921197997,91.875220499719674
369,3,tier3_voxel_grid,3,20261276,64,64,64,0.10401934695999432,0.89598065304000563,5.5323594158252059,0.25153398222632778,0.74846601777367217,754.42282305783397,1.1372348245279897,6.2915917894817497,0.10757164695456783,0.64089437081910428,0.11544528293722305,0.058490417416226494,0.035445750575719977,0.024615094330420861,0.006336468978503579,0.0043935649607622449,0.0048191242770207962,0.00071901698254719232,0.00011837359063044322,0.00018900172797016644,0.00096188644930296399,67.061717316868922
370,3,tier3_voxel_grid,3,20261277,64,64,64,0.048894431991088991,0.951105568008911,1.4558963398959421,0.12953602651147816,0.87046397348852178,646.78607763451384,1.0380099775839602,1.5112349271399566,0.12510553721771298,0.74535843627080878,0.059452496632146787,0.030121640797935507,0.018254001489803939,0.012676384652070251,0.0032631814052466678,0.0022626165347515818,0.0024817728586214636,0.00037028238526288246,6.0960528825750848e-05,9.7332903603575613e-05,0.00049535632320975005,60.77929381547689
371,3,tier3_voxel_grid,3,20261278,64,64,64,0.17351724875802665,0.82648275124197335,6.6099595926974759,0.37800895013208458,0.62199104986791542,2511.0809811532577,1.2623310477644478,8.343957218330468,0.089394307872939158,0.53259674199497631,0.17349286094288002,0.087900255403267555,0.053268392776112145,0.036991924044967879,0.0095225383262665698,0.0066027137305863992,0.0072422504998690389,0.0010805492454504426,0.00017789356460518624,0.00028403456316636989,0.001445537034912948,74.521721459126539
372,3,tier3_voxel_grid,3,20261279,64,64,64,0.25810583434476186,0.74189416565523814,11.75071202317142,0.50176432227884848,0.49823567772115152,5854.0811137658293,1.4145905018205713,16.622445617607081,0.071607836763801336,0.42662784095735018,0.23029223980227093,0.11667769259205875,0.070707794063738463,0.049102614347433439,0.012640097510876247,0.0087643590953899245,0.0096132721528701236,0.001434307467172173,0.00023613367845047109,0.00037702390390794539,0.0019187876646799744,82.924698642233508
373,3,tier3_voxel_grid,3,20261280,64,64,64,0.42500394943530678,0.57499605056469316,5.9570747421112742,0.6814903884799598,0.3185096115200402,43.030491868086152,1.7150071089835521,10.216425531467197,0.045777099652413278,0.27273251186762693,0.31278020576271942,0.15847026685830853,0.096034492500802093,0.066690592059308454,0.017167631456914266,0.011903649222345136,0.013056632931311162,0.0019480594964654699,0.0003207139788846582,0.00051206942250004567,0.0026060747904005231,97.503943651449518
374,3,tier3_voxel_grid,3,20261281,64,64,64,0.036510884205524591,0.96348911579447538,2.1868963933407093,0.098851033689329557,0.90114896631067043,64.439625710688688,1.0157195915699442,2.2212735114498092,0.12951567092623595,0.77163329538443448,0.045369160269697936,0.022986310522893533,0.013929923318080096,0.0096735538370837856,0.0024901864269848461,0.0017266392163337206,0.0018938809462023735,0.00028256846783040031,4.6519963989629393e-05,7.4276310554768823e-05,0.00037801440967845737,59.32385185067384
375,3,tier3_voxel_grid,3,20261282,64,64,64,0.10000169957537446,0.89999830042462559,5.278846274000113,0.2433663091304292,0.75663369086957077,87.624928009428089,1.130003059235674,5.965112438854967,0.10874552796699613,0.64788816290257467,0.11169660721894047,0.056591148758886455,0.034294775662593757,0.023815806528684862,0.0061307146436791428,0.0042508995363632019,0.004662640324614724,0.00069566945863863076,0.00011452982851567961,0.00018286456783396163,0.00093065260167830334,66.61476075918911
376,3,tier3_voxel_grid,3,20261283,64,64,64,0.27259403161155382,0.72740596838844618,14.99390825714122,0.5203370470640869,0.4796629529359131,3147.756694068195,1.4406692569007968,21.601262666854364,0.068938512377472075,0.41072444055844104,0.23881646960521563,0.12099649840759991,0.073325031561519982,0.050920139631751613,0.013107968664532357,0.009088770421923454,0.0099691058581641984,0.0014873981248024635,0.00024487412815496268,0.00039097938239421163,0.0019898112780280886,84.292198151255988
377,3,tier3_voxel_grid,3,20261284,64,64,64,0.19519828850231485,0.80480171149768509,10.636513045575398,0.4124889070927516,0.58751109290724846,54.018723016149231,1.3013569193041667,13.841899849128581,0.084438751215585153,0.50307234169166326,0.18931795285195582,0.095918047103906584,0.058127250984740468,0.040366129731148261,0.010391133399296575,0.0072049780028335892,0.0079028498995567936,0.0011791111749073879,0.0001941200651920723,0.00030994267859563748,0.0015773912006183705,76.745072097549951
378,3,tier3_voxel_grid,3,20261285,64,64,64,0.26114598993211946,0.73885401006788054,14.944217801936645,0.50571811435243974,0.49428188564756026,12.914499572185196,1.4200627818778151,21.221727504806118,0.071039586616203146,0.42324229903135713,0.23210689180503685,0.11759708704808591,0.071264955869186575,0.049489532106985895,0.012739698688419017,0.0088334203099539252,0.0096890226148931505,0.0014456094933286809,0.00023799435970003703,0.00037999476902656425,0.0019339072878230888,83.213346946897758
379,3,tier3_voxel_grid,3,20261286,64,64,64,0.17952564869045617,0.82047435130954383,7.3893687487017221,0.38777600439454007,0.61222399560545993,664.7455996197001,1.2731461676428211,9.4077465037092249,0.087990559288558298,0.52423343631690167,0.17797559656695891,0.090171435924012958,0.054644749824103431,0.037947727153051926,0.0097685831580528511,0.0067733156786713945,0.0074293768988334015,0.0011084686455331181,0.00018249000629746195,0.00029137349254856952,0.0014828870464760351,75.142762411522966
380,3,tier3_voxel_grid,3,20261287,64,64,64,0.36581273066283165,0.6341872693371684,12.803368848179362,0.62543251685850521,0.37456748314149479,1197.6661078527775,1.6084629151930969,20.593743981835061,0.053833895060472911,0.32073358808102187,0.28705160721346151,0.14543485795815508,0.088134910433549193,0.061204773460519148,0.015755460578902761,0.010924481722387542,0.011982623576161731,0.0017878164893595405,0.0002943327659439701,0.00046994773973969655,0.0023917049203249783,92.61785675472828
381,3,tier3_voxel_grid,3,20261288,64,64,64,0.31869574091972996,0.68130425908027004,7.5163351793250861,0.57520555586758138,0.42479444413241862,5264.4973163572431,1.5236523336555139,11.452281636515703,0.061052655547940107,0.36374178858447853,0.26399919230175922,0.13375533900049685,0.081057010597896856,0.056289567285277543,0.014490177942391526,0.010047163222747468,0.011020328283374837,0.0016442413047480452,0.00027069561892181901,0.0004322073822184092,0.0021996329277487745,88.509912937171649
382,3,tier3_voxel_grid,3,20261289,64,64,64,0.15553965405583969,0.84446034594416031,12.417011006056441,0.34775935159754007,0.65224064840245988,1054.4293478610139,1.2299713773005114,15.27256812907485,0.093741865486515946,0.5584987829159439,0.15960935530022821,0.080866169474604552,0.049005669643512287,0.03403170087832158,0.0087605114978046381,0.0060743414803553575,0.0066627002801425139,0.000994079914869091,0.00016365789926100423,0.00026130512381654711,0.0013298601046242515,72.640956782497426
383,3,tier3_voxel_grid,3,20261290,64,64,64,0.29541529005570943,0.70458470994429057,14.860998377150995,0.54826617594182991,0.45173382405817009,9125.1888771925514,1.4817475221002769,22.020247521279725,0.064924459207333779,0.38680936485083633,0.25163496099529759,0.12749099426725236,0.077260757968088983,0.053653281833084633,0.013811539836761522,0.0095766108359135321,0.010504198340776221,0.0015672343274225028,0.00025801776480865372,0.00041196522920454529,0.0020966145432193685,86.405168716246891
384,3,tier3_voxel_grid,3,20261291,64,64,64,0.0079939160101670792,0.99200608398983292,10.211103111158929,0.022795021423041177,0.97720497857695887,749.77735565902015,0.96438904881830079,9.8474760167561506,0.14044665550803087,0.83675832306892794,0.010462115991051985,0.0053006369407606422,0.0032122365200034585,0.0022307188779258037,0.00057423631126493006,0.00039816253262345763,0.00043672842994288977,6.5160211656594804e-05,1.0727491015171582e-05,1.7128096967014106e-05,8.7170019829229588e-05,55.912100739834507
385,3,tier3_voxel_grid,3,20261292,64,64,64,0.11505422126971222,0.88494577873028779,3.8553698275182509,0.27344202335267992,0.72655797664732003,6606.9186967549012,1.1570975982854821,4.4610391679236816,0.1044229614971838,0.62213501515013625,0.12550030605595341,0.063584800524665475,0.038532995307004686,0.026759013391164984,0.0068883610995928183,0.0047762345348680221,0.005238859105370852,0.00078164173600899607,0.00012868366272826524,0.00020546335113803051,0.001045664584184353,68.280468993125325
386,3,tier3_voxel_grid,3,20261293,64,64,64,0.35037725176529755,0.64962274823470245,7.1559277111761865,0.60957184218873028,0.39042815781126972,1218.7940441485084,1.5806790531775354,11.311225039108862,0.056113435955480129,0.33431472185578959,0.27977211337083685,0.14174669831575984,0.085899850528992738,0.059652649172241723,0.015355909503800962,0.010647442000492349,0.011678749874189064,0.001742478303475921,0.00028686862533813644,0.00045803008593869713,0.0023310524076639574,91.294040460950782
387,3,tier3_voxel_grid,3,20261294,64,64,64,0.06749007834348654,0.93250992165651347,3.6912455956729855,0.1732158739185391,0.8267841260814609,1696.9302761781464,1.0714821410182758,3.9551037338759714,0.11882774635918052,0.70795637972228043,0.079500015849751221,0.040278727665097817,0.024409292964428935,0.016950890843029986,0.0043635337140316144,0.003025576057598183,0.0033186324001943661,0.00049514246103780283,8.1516559983048942e-05,0.00013015378356714028,0.0006623916198189708,62.934617275040452
388,3,tier3_voxel_grid,3,20261295,64,64,64,0.028036681404041974,0.97196331859595797,11.601295938474999,0.077064959545643741,0.92293504045435626,689.21346057700873,1.0004660265272756,11.606702450133103,0.13264682694489072,0.79028821350946554,0.035370115721728802,0.017920288988759584,0.010859865971210796,0.0075415704549980905,0.0019413668132173872,0.0013461000496451426,0.0014764828758599632,0.00022029236042854809,3.6267290377486267e-05,5.7906332938234278e-05,0.00029470268647969968,58.318696873731277
389,3,tier3_voxel_grid,3,20261296,64,64,64,0.013929130776035742,0.98607086922396425,3.038969876848201,0.039284373389662813,0.96071562661033716,38.178115531214111,0.97507243539686439,2.9632157589160846,0.13807675933887786,0.8226388672714593,0.018030150681192712,0.0091349859655494876,0.0055358885839946418,0.0038443654735603027,0.00098962458718428897,0.00068618341308261449,0.00075264692203429163,0.00011229548932468688,1.8487491402323483e-05,2.9518136623745423e-05,0.0001502266457137157,56.629005102192053
390,3,tier3_voxel_grid,3,20261297,64,64,64,0.29754099945283913,0.70245900054716093,3.357651505832572,0.55078902780715033,0.44921097219284967,266.36986836099243,1.4855737990151103,4.9880391032885001,0.064561867822113414,0.38464910437073624,0.25279286158917658,0.1280776452532377,0.077616274058464288,0.053900167904290162,0.013875093764705852,0.009620677699001207,0.010552533506322773,0.0015744459706349258,0.00025920503593314929,0.0004138608910063343,0.0021062621343773172,86.599458535721411
391,3,tier3_voxel_grid,3,20261298,64,64,64,0.37059044638416266,0.62940955361583728,4.8663115967986208,0.63023138331795092,0.36976861668204908,17.318069094242954,1.6170628034914929,7.8691314733823408,0.053144188438797382,0.31662442824325171,0.28925411874405133,0.14655076166171568,0.088811158716433872,0.06167439012834601,0.01587635028208767,0.011008303921443837,0.012074564766978988,0.0018015341844827898,0.00029659114490625862,0.00047355359070705097,0.0024100561767973617,93.023364962432851
392,3,tier3_voxel_grid,3,20261299,64,64,64,0.16083192194282683,0.83916807805717319,11.066329656713332,0.35682831130789644,0.6431716886921035,190.35383093758227,1.2394974594970884,13.716687495453462,0.092438449019981508,0.55073323967212195,0.16377168998932926,0.082975018681756191,0.050283652367871585,0.034919188512292025,0.0089889704176028592,0.0062327497529128762,0.006836451928014001,0.001020003791985286,0.00016792581294286914,0.00026811950746752784,0.0013645405457219364,73.198142688308153
393,3,tier3_voxel_grid,3,20261300,64,64,64,0.027877476201861994,0.97212252379813802,5.8140551261466058,0.076649304288400014,0.9233506957116,2146.6546390049507,1.0001794571633515,5.8150984999871138,0.13270656609072401,0.79064412962087605,0.035179344525120983,0.017823634654890855,0.010801292523427144,0.0075008944665076616,0.001930895915329296,0.0013388397647412149,0.0014685193620503174,0.00021910419815242927,3.6071680206530967e-05,5.7594011075543529e-05,0.0002931131868980307,58.299742085426146
394,3,tier3_voxel_grid,3,20261301,64,64,64,0.16530435081946843,0.83469564918053152,12.357864164732298,0.36438439736298966,0.63561560263701034,31.163720956852643,1.247547831475043,15.417026640374923,0.091352467021901529,0.54426313561510875,0.16723966868869777,0.084732072036867709,0.051348443452030219,0.035658626457688775,0.0091793180774427958,0.0063647325356698016,0.0069812185214780742,0.0010416030770882885,0.00017148175806621711,0.00027379712330481422,0.0013934356346551745,73.666718006138666
395,3,tier3_voxel_grid,3,20261302,64,64,64,0.01247598273510122,0.9875240172648988,8.8416509955204692,0.035280696909045367,0.96471930309095466,3373.0223826645879,0.972456768923182,8.5981233590502715,0.13865217901414162,0.82606712407681304,0.016192603483780241,0.0082039916463002762,0.0049716971508460576,0.0034525660301347586,0.00088876675638602373,0.00061625086343752909,0.00067594072768906806,0.00010085086718373704,1.6603334213944436e-05,2.6509788541420152e-05,0.00013491626053230616,56.453809656437542
396,3,tier3_voxel_grid,3,20261303,64,64,64,0.02118622288258639,0.97881377711741357,13.094719361593954,0.058961681414676295,0.94103831858532372,1640.977177509159,0.9881352011886555,12.939353150877624,0.13524868113409941,0.80578963745122434,0.027061345481530111,0.013710645881652207,0.0083087821154486062,0.0057699851807561002,0.0014853216328771747,0.0010298885868155019,0.0011296432704816909,0.00016854362929993018,2.7747765438641267e-05,4.4303594976575107e-05,0.00022547427539975276,57.500738049464651
397,3,tier3_voxel_grid,3,20261304,64,64,64,0.1772676245140978,0.82273237548590217,8.042999430350827,0.38412496070710805,0.615875039292892,64.572679574037991,1.269081724125376,10.207223584209045,0.088515297584263936,0.52735974170862809,0.17629989546374775,0.089322441019258389,0.054130250817884355,0.037590436325088322,0.0096766086071002969,0.0067095425953156828,0.007359426774739491,0.0010980320341772687,0.00018077180048286525,0.00028863011147651097,0.0014689251578370915,74.909809619546351
398,3,tier3_voxel_grid,3,20261305,64,64,64,0.16781104921499951,0.83218895078500044,6.125186649718108,0.36857692634978362,0.63142307365021644,1008.2271871870161,1.2520598885869991,7.669100514220629,0.090749904931834061,0.54067316871838234,0.16916389256818706,0.085706981145755257,0.051939247666363611,0.03606890699147406,0.0092849333491097207,0.0064379637877269641,0.0070615429295105142,0.0010535875394446067,0.00017345479051931309,0.00027694737447984659,0.0014094682072126209,73.928426478245967
399,3,tier3_voxel_grid,3,20261306,64,64,64,0.30088514934669169,0.69911485065330825,7.6018766437951131,0.55473176099523547,0.44526823900476453,934.39509444761268,1.491593268824045,11.338908032315512,0.063995207088729258,0.38127303191603529,0.25460243795104925,0.12899446813295662,0.078171877464153355,0.05428600344223776,0.013974416354503435,0.0096895457470934868,0.010628072091830556,0.0015857163846553059,0.000261060512796516,0.00041682344651822894,0.0021213394674409023,86.904251023450669
400,3,tier3_voxel_grid,3,20261307,64,64,64,0.28903050166903582,0.71096949833096423,1.8160467405924434,0.54060957590803771,0.45939042409196229,25.488419489339012,1.4702549030042644,2.6700516244409536,0.066024887357909456,0.39336553673405283,0.24812084990217714,0.12571056790894566,0.07618180262116632,0.052904007598192117,0.013618660098741553,0.0094428723671416588,0.010357506006103582,0.0015453477202764573,0.00025441451712816484,0.00040621208752581557,0.0020673350806391967,85.819025925076701
401,3,tier3_voxel_grid,3,20261308,64,64,64,0.11196630529954216,0.8880336947004579,3.7933683607970683,0.26738759704300125,0.7326124029569987,42.257235495175195,1.1515393495391759,4.3682129347547463,0.10529312072155909,0.62731928223543965,0.12272153655468378,0.062176935396723233,0.037679815617515065,0.026166527742067971,0.0067358422067006624,0.004670481367616902,0.0051228627196969962,0.00076433498764160248,0.00012583440882173256,0.00020091407702298199,0.0010225119645103115,67.940731347819209
402,3,tier3_voxel_grid,3,20261309,64,64,64,0.37482253679534555,0.6251774632046545,6.174385454443744,0.63443977703137622,0.36556022296862378,156.12758091833012,1.6246805662316219,10.031404056257953,0.052539346225475549,0.31302087674314821,0.29118562397709163,0.14752935987246793,0.089404198561667508,0.062086223182944197,0.015982365206903892,0.011081812283998843,0.012155193126344686,0.001813563996607638,0.00029857164340684091,0.00047671576258051366,0.0024261494173625003,93.380900596238035
403,3,tier3_voxel_grid,3,20261310,64,64,64,0.16709334923417254,0.83290665076582748,9.946759209851729,0.36737964185125793,0.63262035814874207,4449.8644003463314,1.2507680286215106,12.441088408079102,0.090921982036633917,0.54169837611210814,0.16861438094170522,0.08542857077167812,0.051770528325432844,0.035951740831217265,0.0092547721914951406,0.0064170507199409459,0.0070386042285752503,0.0010501650679369365,0.00017289134034911252,0.00027604773922145978,0.0014048896937056223,73.853563261281465
404,3,tier3_voxel_grid,3,20261311,64,64,64,0.13596196748576597,0.86403803251423406,7.4720952513663592,0.31295349424226671,0.68704650575773329,9582.0538337794787,1.1947315414743787,8.9271478777083146,0.098744261467711578,0.58830224429002176,0.14363468653107303,0.072772594573827232,0.04410088609311702,0.030625602606954287,0.0078837065689045527,0.0054663846788452521,0.0059958569746030041,0.00089458638994235364,0.00014727802774762951,0.00023515212800498855,0.0011967596692473526,70.55405870254387
405,3,tier3_voxel_grid,3,20261312,64,64,64,0.012997405745863489,0.9870025942541365,6.6044620942728205,0.036719783511336625,0.96328021648866335,150.96344910698892,0.97339533034255432,6.4287525619895707,0.13844534942904008,0.82483486705962328,0.016853093802035507,0.0085386294368727522,0.0051744908422200466,0.0035933949239148871,0.00092501922427163025,0.0006413875086548744,0.00070351210043343544,0.00010496453682489317,1.7280578087053006e-05,2.7591113029365602e-05,0.00014041944499217719,56.516698332694403
406,3,tier3_voxel_grid,3,20261313,64,64,64,0.32133747662854112,0.67866252337145894,14.387017911096576,0.57816916303490418,0.42183083696509582,24.210171453301875,1.528407457931374,21.989225472712263,0.060626717567664731,0.36120411939743108,0.26535938413316951,0.1344444809555527,0.081474637192631955,0.056579585633241052,0.014564835071078475,0.010098928795305761,0.011077107852962962,0.0016527128594224603,0.00027209031246783243,0.00043443422596608534,0.0022109660031053276,88.74556341215856
407,3,tier3_voxel_grid,3,20261314,64,64,64,0.31808333840885117,0.68191666159114883,6.7193520800374866,0.57451589463439789,0.42548410536560211,587.09369784942419,1.5225500091359323,10.230549570848622,0.061151775605407702,0.36433232976019442,0.26368266196462142,0.1335949687274719,0.080959824683545248,0.056222077095043239,0.014472804476702857,0.010035116852701989,0.011007115105726481,0.0016422698886615413,0.00027037105968823958,0.00043168917325263838,0.0021969956069822633,88.455192928568181
408,3,tier3_voxel_grid,3,20261315,64,64,64,0.18866459374169581,0.81133540625830425,4.2557283700485886,0.40231787681781561,0.59768212318218439,139.65615731667978,1.2895962687350524,5.4881714267645663,0.085900560371803214,0.51178156281038112,0.18464980639532114,0.093552928080748957,0.056693966308719694,0.039370793564483336,0.01013491188502594,0.0070273197721830612,0.0077079837487233297,0.0011500369979991548,0.00018933350966029614,0.000302300203093182,0.0015384963518575055,76.080184169750211
409,3,tier3_voxel_grid,3,20261316,64,64,64,0.022535664606541297,0.97746433539345867,11.122223143604334,0.062563413759540096,0.93743658624045989,3356.4565274872662,0.99056419629177428,11.017276029222199,0.13473103000361925,0.8027055562368407,0.02871441440659811,0.014548174180643841,0.0088163322492578536,0.006122450404886245,0.001576053966815128,0.0010928003448546161,0.0011986486415605233,0.00017883928279225394,2.9442765002428667e-05,4.700992368349623e-05,0.00023924759344559594,57.66224411507455
410,3,tier3_voxel_grid,3,20261317,64,64,64,0.35766246062592583,0.64233753937407423,14.353991669436798,0.61712664004826112,0.38287335995173888,1818.0634125413505,1.5937924291266665,22.877283250495609,0.055027639100499431,0.32784572085123942,0.28323950083358651,0.14350345212050647,0.086964460082774475,0.060391961054929152,0.01554622471231505,0.010779402282230385,0.011823491787192655,0.0017640739062355758,0.00029042396422795366,0.00046370673383047927,0.0023599425704323709,91.92147876637361
411,3,tier3_voxel_grid,3,20261318,64,64,64,0.24357298072585892,0.75642701927414113,7.218991081247383,0.48243342359830949,0.51756657640169057,7011.3506269380459,1.3884313653065459,10.023073643072081,0.074386128040622237,0.44318044836106835,0.22142003475127472,0.11218258492172362,0.067983715961168756,0.047210894229532521,0.01215312696824151,0.008426704682450839,0.0092429126399984508,0.0013790495480783614,0.00022703642699094568,0.00036249873628844406,0.0018448647325612908,81.532312939498709
412,3,tier3_voxel_grid,3,20261319,64,64,64,0.26074836278029279,0.73925163721970721,4.582068138510019,0.50520272411733969,0.49479727588266031,9630.4753374771135,1.4193470530045269,6.5035449090601336,0.07111365995433401,0.42368361592832632,0.23187034574876414,0.11747724085586794,0.071192327934142471,0.049439096061956601,0.012726715336397831,0.0088244179459074767,0.009679148284704734,0.0014441362358053995,0.00023775181357499789,0.00037960750666085651,0.0019319363935572009,83.175645552488632
413,3,tier3_voxel_grid,3,20261320,64,64,64,0.11919247352732149,0.88080752647267846,4.7880762077673822,0.28146520178643114,0.7185347982135688,34.463486090490015,1.1645464523491786,5.5759371613330133,0.10326984766511405,0.61526495054845476,0.1291826637880662,0.065450469137078734,0.039663608272577477,0.027544160957424579,0.0070904754254763067,0.0049163760590011504,0.0053925746933273537,0.00080457621785043093,0.00013245942467925804,0.00021149193850571079,0.0010763458724439292,68.734172489151916
414,3,tier3_voxel_grid,3,20261321,64,64,64,0.18360143091938014,0.81639856908061992,13.98863291892583,0.3943075404755661,0.60569245952443396,8303.9602338623081,1.2804825756548841,17.912200709916846,0.087051828502264117,0.51864063102216984,0.18097334273316185,0.091690245702186812,0.055565163029330102,0.038586902724217255,0.0099331210681717266,0.0068874025619288983,0.0075545142016173565,0.0011271392256384806,0.00018556379128428595,0.00029628126522678619,0.001507864172802526,75.561904342877682
415,3,tier3_voxel_grid,3,20261322,64,64,64,0.2944490536243779,0.7055509463756221,12.850861799678334,0.54711510696857368,0.45288489303142632,128.7031627564221,1.4800082965238803,19.019382081005737,0.065089894086501426,0.38779499894492492,0.25110666067531034,0.12722333061351968,0.077098551242141392,0.053540638320240995,0.013782542908487261,0.0095565050185462044,0.010482145080280576,0.0015639439642972941,0.00025747606397673577,0.00041110032012533186,0.0020922127616477952,86.316713495005061
416,3,tier3_voxel_grid,3,20261323,64,64,64,0.10219240727388541,0.89780759272611455,14.599708589104747,0.24783282224357087,0.75216717775642916,41.860107363098614,1.1339463330929935,16.55528601884161,0.10810358810557932,0.64406358965084987,0.11374658021076267,0.057629768726138585,0.034924189264486913,0.02425289912601478,0.006243231932726934,0.0043289164919132752,0.0047482139778708679,0.00070843711234765887,0.00011663179974883411,0.00018622068969436934,0.00094773291186597104,66.858686830836191
417,3,tier3_voxel_grid,3,20261324,64,64,64,0.067840517951744325,0.93215948204825572,8.6243309057413065,0.17401284766221489,0.82598715233778508,4156.8165785770907,1.0721129323131398,9.2462566965931483,0.11871320304505416,0.70727394929273091,0.079865798868482274,0.040464051836904658,0.02452160117934167,0.017028882626509152,0.0043836105217805559,0.0030394968641781497,0.0033339015717086958,0.0004974206329622289,8.1891621208741313e-05,0.00013075262676664898,0.00066543931237210744,62.974884253615606
418,3,tier3_voxel_grid,3,20261325,64,64,64,0.26895494965288907,0.73104505034711087,1.5961949563340436,0.51573555491829914,0.48426444508170086,3967.2672482237117,1.4341189093752003,2.2891333699279741,0.069599851806138799,0.41466459327556204,0.23670454596769339,0.11992649111092203,0.07267659693876205,0.050469837997647399,0.012992051077657846,0.0090083957763983612,0.0098809461498257315,0.0014742446297216203,0.00024270863487753914,0.00038752183777500192,0.0019722147970181203,83.950635680221311
419,3,tier3_voxel_grid,3,20261326,64,64,64,0.21816073261250865,0.78183926738749132,11.287015117323111,0.44682117175411984,0.55317882824588016,2466.077072872888,1.3426893187025155,15.154954638063561,0.079504421312019277,0.47367440693386087,0.20507525917146921,0.103901495197536,0.062965296640104362,0.04372588226134972,0.011256007910736502,0.0078046625214211341,0.0085606196714591506,0.001277250921761222,0.00021027706078555064,0.00033573981856334595,0.0017086805789336182,79.047028479176774
420,3,tier3_voxel_grid,3,20261327,64,64,64,0.22241144665871632,0.77758855334128363,13.160921032372523,0.45294607635004647,0.54705392364995353,49.585206551204067,1.3503406039856893,17.771726055861873,0.078624132749576262,0.46842979090037729,0.20788637573624419,0.10532574898336429,0.063828408012515062,0.044325264909607184,0.011410302243553378,0.0079116467387522985,0.008677966346335499,0.0012947591342976498,0.00021315948224952749,0.00034034204980874853,0.0017321027133186022,79.467266650700068
421,3,tier3_voxel_grid,3,20261328,64,64,64,0.13770249337157678,0.86229750662842319,8.4578126420120157,0.31613079821936774,0.68386920178063226,6674.0217565120893,1.1978644880688383,10.131313410605872,0.098287610379251059,0.58558159140138122,0.14509295770925501,0.073511428484990995,0.044548626486994418,0.030936533306736992,0.0079637469988614942,0.00552188291133028,0.0060567307483809932,0.00090366880297470002,0.00014877328845540701,0.00023753954276558434,0.0012089099386218499,70.741234940243629
422,3,tier3_voxel_grid,3,20261329,64,64,64,0.079167249205218476,0.92083275079478155,3.6490768155258535,0.1992766373995131,0.80072336260048693,2864.1959143762183,1.0925010485693931,3.9866202472722567,0.11508221993317043,0.68564114266731646,0.091460992998810914,0.046338763453089946,0.028081732425623729,0.019501194963885343,0.0050200383258209094,0.0034807815780105067,0.0038179289837305583,0.00056963788847514047,9.378093126405483e-05,0.00014973574735004558,0.00076205010345194147,64.269356353168092
423,3,tier3_voxel_grid,3,20261330,64,64,64,0.25377606116115725,0.74622393883884275,13.306059060621472,0.4960802537933453,0.5039197462066547,91.461545404050668,1.406796910090083,18.718922771958439,0.072424767117175146,0.43149497908947954,0.22768345156326064,0.11535594856607521,0.069906804583075896,0.048546371883839236,0.012496908414471479,0.0086650749990167791,0.0095043714302389774,0.0014180593970908879,0.00023345871743700079,0.00037275291532758642,0.0018970513235115833,82.51204266128191
424,3,tier3_voxel_grid,3,20261331,64,64,64,0.32279265816458658,0.67720734183541342,6.3536230997708198,0.57979378207202437,0.42020621792797563,90.728534253852786,1.5310267846962557,9.7275671456139765,0.060393222737777065,0.35981299519019855,0.26610502733710362,0.13482226150346294,0.081703575806256395,0.056738570715478283,0.014605761342906573,0.010127306150973179,0.011108233830349394,0.0016573568787613972,0.00027285486915766153,0.00043565495885708954,0.0022171786787178,88.875095256236051
425,3,tier3_voxel_grid,3,20261332,64,64,64,0.027441501917457277,0.97255849808254269,9.1450032008201561,0.075509836116192261,0.92449016388380778,8390.6080239252587,0.99939470345142289,9.1394677619459728,0.13287033367004752,0.79161983021376026,0.034656368566269746,0.017558668591717067,0.010640720563075856,0.0073893862070782516,0.0019021912263593186,0.0013189365795294008,0.0014466883605968521,0.0002158469962442108,3.5535438789925975e-05,5.6737818796440293e-05,0.0002887557677351899,58.247822147040644
426,3,tier3_voxel_grid,3,20261333,64,64,64,0.10273040981934022,0.89726959018065977,1.3465826503409106,0.24892497878914047,0.75107502121085956,357.50543980666743,1.1349147376748123,1.528256495369108,0.10794662028666806,0.64312840092419155,0.11424784179100343,0.057883733187197965,0.035078094149072515,0.024359777473643346,0.0062707447801339479,0.0043479932810127457,0.0047691385387452143,0.00071155907263673838,0.00011714577599445045,0.00018704133218768002,0.00095190940751241479,66.918512834636871
427,3,tier3_voxel_grid,3,20261334,64,64,64,0.38582544689302173,0.61417455310697822,7.5575190858112444,0.64519862446494591,0.35480137553505409,232.66641687092127,1.6444858044074391,12.428232853154878,0.050993054329412493,0.30380832120564161,0.29612355790972933,0.15003116687181309,0.090920317454379979,0.06313908308727964,0.016253394601834417,0.011269737965785195,0.012361321230392379,0.0018443184654428283,0.0003036348296629661,0.00048479992177806653,0.0024672921268480003,94.303195111973039
428,3,tier3_voxel_grid,3,20261335,64,64,64,0.10798666286244191,0.89201333713755804,13.862016819012771,0.2594980361774934,0.74050196382250655,359.10133200080867,1.1443759931523954,15.863359264352948,0.1064270306598826,0.63407493316262398,0.11910050460382213,0.060342337525811862,0.03656803181750698,0.025394455979790814,0.006537093881580424,0.0045326737526469821,0.0049717071026090772,0.00074178245538758839,0.00012212152820066695,0.00019498588941465689,0.00099234164072219372,67.501384713336819
429,3,tier3_voxel_grid,3,20261336,64,64,64,0.052764105073600465,0.94723589492639948,11.319593550377089,0.13885617829991354,0.86114382170008641,617.82308475645038,1.0449753891324809,11.828696675126819,0.12376601871728625,0.7373778029828002,0.063730119682163314,0.032288900917872954,0.019567381784174966,0.013588453921660039,0.0034979681810121252,0.0024254124002017221,0.0026603370802491945,0.00039692430201897634,6.5346655195845611e-05,0.00010433603207698213,0.0005309973432874118,61.230808327250507
430,3,tier3_voxel_grid,3,20261337,64,64,64,0.056255496686774868,0.94374450331322512,7.3050230328264689,0.14715924840875219,0.85284075159124784,92.234033649664624,1.0512598940361948,7.6794777394211158,0.12257267806430139,0.73026807352694645,0.067540937884452909,0.034219654099624686,0.020737436619254049,0.014400991663686726,0.0037071333431318763,0.0025704428154722974,0.0028194150957966376,0.00042065886210781225,6.9254136059227183e-05,0.00011057492904087589,0.00056274896012508476,61.636834365214213
431,3,tier3_voxel_grid,3,20261338,64,64,64,0.050259750609584021,0.94974024939041601,12.225006654897522,0.13283865895731076,0.86716134104268927,1109.795129265138,1.0404675510972512,12.719722736368823,0.12463087356826559,0.74253046747442364,0.060968289185392058,0.030889617946070133,0.018719402963124267,0.012999579985254812,0.0033463790227422937,0.0023203038900101265,0.0025450477929143079,0.00037972305325790638,6.2514769957249493e-05,9.9814489724018963e-05,0.00050798585886356986,60.93877899895287
432,3,tier3_voxel_grid,3,20261339,64,64,64,0.33057536221136091,0.66942463778863903,11.769783362163006,0.58838917077154007,0.41161082922845993,235.80541415793039,1.5450356519804496,18.184734910628165,0.059157869232521226,0.35245295999593873,0.27005000952832953,0.13682098894553485,0.082914823691125711,0.057579714730185756,0.014822290391469303,0.010277442519348024,0.011272912360008241,0.0016819270397863402,0.00027689991712382658,0.00044211350295679676,0.0022500481456716398,89.564569422970436
433,3,tier3_voxel_grid,3,20261340,64,64,64,0.27999430174554729,0.72000569825445271,11.711035097359128,0.52956654847947193,0.47043345152052807,386.25548102178345,1.453989743141985,17.02772491313597,0.067612022404319141,0.40282142911620894,0.24305248731080697,0.12314267915642527,0.074625637556035782,0.051823337863464242,0.013340471839204877,0.0092499828897778143,0.010145933314804467,0.0015137809149104579,0.00024921759384734308,0.00039791439650392065,0.0020251056436907501,84.982838135323533
434,3,tier3_voxel_grid,3,20261341,64,64,64,0.035208936311043944,0.96479106368895606,10.970281630936915,0.095546536230905477,0.90445346376909452,90.021536286980307,1.013376085359879,11.11702105445424,0.12999060262055284,0.77446286114854168,0.043852511741031767,0.022217899694331328,0.013464259030286139,0.009350175993923987,0.002406941827390317,0.0016689192847453268,0.0018305702802466459,0.00027312246864428217,4.4964845170610877e-05,7.1793323070583857e-05,0.00036537774206447997,59.169906130284538
435,3,tier3_voxel_grid,3,20261342,64,64,64,0.055085494013628555,0.9449145059863715,3.1100099546434996,0.14438788255309887,0.85561211744690113,211.1845315724174,1.0491538892245313,3.2628790394412359,0.12297098658109024,0.73264113086581095,0.066268978078081395,0.033575214949592119,0.020346900350539609,0.014129786034303286,0.0036373190237424971,0.002522035137873112,0.002766318665814194,0.00041273683464484621,6.7949912572680084e-05,0.00010849253472214446,0.00055215103121297759,61.500913607277063
436,3,tier3_voxel_grid,3,20261343,64,64,64,0.31148861315631393,0.68851138684368607,6.5808426240903186,0.56702542405085643,0.43297457594914357,1928.4795173819487,1.5106795036813649,9.9415440691659338,0.062228327162862578,0.37074624878628099,0.26024479846722803,0.13185317325634907,0.079904280022545612,0.055489060274170054,0.01428410975614499,0.0099042801808368885,0.010863605635093703,0.0016208581672346113,0.00026684599364890148,0.0004260608606442641,0.002168351436960226,87.863734207425409
437,3,tier3_voxel_grid,3,20261344,64,64,64,0.011097631307836102,0.98890236869216386,4.0807102629282426,0.031463143821783217,0.96853685617821683,57.278384754063651,0.96997573635410494,3.9581899421315754,0.13920084851039319,0.82933600766782367,0.014440480401300301,0.0073162775028425041,0.0044337339168409283,0.00307898060631797,0.00079259761654605794,0.00054956934656418335,0.00060280046012439737,8.9938284012183175e-05,1.4806767951359122e-05,2.3641292906261125e-05,0.00012031762637706871,56.287435159704977
438,3,tier3_voxel_grid,3,20261345,64,64,64,0.33206425412374135,0.6679357458762587,14.308973608006315,0.59001580455735403,0.40998419544264597,24.03669008548955,1.5477156574227344,22.14622249476005,0.058924084837269144,0.35106011060537684,0.27079657743130803,0.13719923799273512,0.083144046219786355,0.057738896975560589,0.014863267417443956,0.010305855066798229,0.011304076937842441,0.0016865768183412428,0.00027766542196799643,0.00044333574972271034,0.0022562685258473289,89.69584055685867
439,3,tier3_voxel_grid,3,20261346,64,64,64,0.4033968803732883,0.59660311962671164,2.4464190305860765,0.66185305201809619,0.33814694798190381,111.24889586091679,1.6761143846719189,4.1004781281004536,0.048599433031405008,0.2895475149504988,0.30376735650908082,0.1539039017237408,0.093267231695570621,0.064768883965918317,0.016672941347014626,0.011560642235225953,0.012680402395612645,0.0018919256163308625,0.00031147251573588448,0.0004973139986357496,0.0025309800152298525,95.754627912312188
440,3,tier3_voxel_grid,3,20261347,64,64,64,0.37767015854523173,0.62232984145476822,11.262033436830567,0.63724931319449996,0.36275068680550004,69.500680000129165,1.629806285381417,18.354932881522139,0.052135551764446286,0.31061513504105376,0.29247510261692938,0.148182674949312,0.089800113726648853,0.062361164155404103,0.016053141086107357,0.011130886685529163,0.012209020858927931,0.0018215951349710769,0.00029989383009784552,0.00047882683793075111,0.0024368933126414439,93.62059836947644
441,3,tier3_voxel_grid,3,20261348,64,64,64,0.4168430214785947,0.58315697852140524,5.1553246026833932,0.67417899916885171,0.32582100083114829,42.485670125541979,1.7003174386614703,8.7656883239030901,0.046827913144335563,0.27899308768681275,0.30942453429354361,0.15677011402442839,0.095004183674973805,0.065975100116683297,0.016983448027106704,0.01177594057794069,0.01291655446789222,0.0019271596839066621,0.00031727318970145287,0.0005065756709145496,0.0025781154417602848,96.847773544492583
442,3,tier3_voxel_grid,3,20261349,64,64,64,0.12267412543837158,0.87732587456162836,4.8791847678494591,0.28813629697503895,0.71186370302496105,5694.5487657895183,1.1708134257890688,5.7126150331036678,0.10231105905028313,0.6095526439746779,0.13224446269385781,0.067001731271727233,0.040603687915214043,0.028196993771111928,0.0072585290114813286,0.0050329006327830108,0.0055203858005709438,0.0008236457316009901,0.00013559888712454479,0.0002165045753945342,0.0011018566841725736,69.114475271990798
443,3,tier3_voxel_grid,3,20261350,64,64,64,0.32439088574082653,0.67560911425917347,13.850501175749208,0.58157170964508864,0.41842829035491136,603.95811230503534,1.5339035943334876,21.245333536801905,0.060137693972731256,0.35829059638218008,0.26692103378640164,0.13523569162914184,0.081954118403875773,0.056912558558139856,0.014650549656648654,0.010158361359572229,0.011142297036657754,0.0016624391348742983,0.00027369157387978972,0.00043699088722963281,0.0022239776186671299,89.017135939494977
444,3,tier3_voxel_grid,3,20261351,64,64,64,0.2010319824252042,0.79896801757479574,6.4269927793783124,0.42141613922170845,0.5785838607782916,2570.8269275099469,1.3118575683653675,8.4312991194570071,0.083155704236760233,0.49542815654153138,0.19341523954797912,0.097993939708844569,0.059385261693964783,0.041239747915931393,0.010616022016525785,0.0073609107079544581,0.008073886197310573,0.0012046299197348176,0.00019832128091705226,0.00031665056865259785,0.0016115296638932817,77.335007603787759
445,3,tier3_voxel_grid,3,20261352,64,64,64,0.073421122333449065,0.92657887766655089,14.497347340197445,0.18657911566337629,0.81342088433662374,1823.1040448125648,1.0821580202002081,15.688420695822821,0.11690714356759346,0.69651374076903028,0.085633275501336231,0.043386147111056317,0.026292418773427358,0.018258616555468357,0.0047001711974401766,0.0032589929111487433,0.0035746579365542879,0.00053334166446700778,8.7805391789383844e-05,0.00014019487526657003,0.00071349374542183563,63.614364363656108
446,3,tier3_voxel_grid,3,20261353,64,64,64,0.29886902722774689,0.70113097277225311,4.1464706240365485,0.55235858349632372,0.44764141650367628,125.8339378589492,1.4879642490099443,6.169800048136338,0.064336286851886457,0.38330512965178981,0.25351323264607539,0.12844262165366363,0.077837453236644219,0.054053764491931701,0.013914632919004027,0.0096480932585963006,0.01058260452837269,0.0015789325898407306,0.00025994367943959492,0.00041504024949608404,0.0021122642432593046,86.72062377537361
447,3,tier3_voxel_grid,3,20261354,64,64,64,0.042789499734587108,0.95721050026541288,8.0017643462457606,0.11457517700936432,0.88542482299063563,7922.6635756995911,1.0270210995222568,8.2179808169993134,0.12725575270186934,0.75816907028876623,0.052585991007476698,0.026642721868036772,0.016145743451827763,0.011212317178966742,0.0028862980993683155,0.0020012941338022733,0.0021951388523438623,0.00032751637500000899,5.3919852020286867e-05,8.6091375191494693e-05,0.00043814481533008807,60.063778778784339
448,3,tier3_voxel_grid,3,20261355,64,64,64,0.3804585110109257,0.61954148898907424,7.8414999865677002,0.63998330133243608,0.36001669866756392,3274.5380496243097,1.6348253198196661,12.819482723406448,0.051742615278663209,0.30827408338890072,0.29372990736075544,0.14881842247727428,0.090185382789526661,0.062628712004477616,0.016122013812051965,0.011178641483428269,0.012261401171488481,0.0018294103171737342,0.00030118046337802531,0.0004808811467670614,0.0024473483061145311,93.85462757941346
449,3,tier3_voxel_grid,3,20261356,64,64,64,0.1879145796214147,0.81208542037858533,5.019213479233426,0.40113844433009471,0.59886155566990529,81.990437127129113,1.2882462433185464,6.4659829090362724,0.08607007173526264,0.51279148393464269,0.18410848821618231,0.093278668921368324,0.056527762643470841,0.039255374400501392,0.010105200442840134,0.0070067185269526155,0.0076853870733780139,0.0011466655569678744,0.0001887784607669339,0.00030141398177139324,0.0015339861058948521,76.003578185799441
450,3,tier3_voxel_grid,3,20261357,64,64,64,0.06079563506555774,0.93920436493444226,12.379248994788103,0.15780906546617937,0.84219093453382066,262.68253921314226,1.0594321431180038,13.114974292739754,0.1210420563213932,0.72114887821242746,0.072428830695365751,0.036696107736552658,0.022238191132634071,0.015443181864589355,0.0039754161207265389,0.0027564640546221568,0.003023454293494775,0.00045110166453766782,7.4266011884063717e-05,0.00011857716320663073,0.00060347472856569801,62.162901973908411
451,3,tier3_voxel_grid,3,20261358,64,64,64,0.19952602970383876,0.80047397029616119,14.679831231561508,0.41912531068037706,0.58087468931962294,269.12377083475548,1.3091468534669097,19.218054866224019,0.083484948575487258,0.49738974074413567,0.19236382952864939,0.097461242232243117,0.059062441944644745,0.041015567627683283,0.010558313058639706,0.0073208966155394956,0.0080299963525257492,0.001198081521738085,0.00019724320153566635,0.00031492924834047625,0.0016027693488373206,77.183052381016097
452,3,tier3_voxel_grid,3,20261359,64,64,64,0.1423777028992784,0.85762229710072158,10.515142397191505,0.32458361799981533,0.67541638200018461,4391.5693611692832,1.206279865218701,12.684204553639617,0.097072747281127261,0.57834363471905736,0.14897250576289761,0.07547700368451872,0.045739783796823294,0.031763725539023714,0.0081766845504623511,0.0056695290165535341,0.0062186778087848773,0.00092783142672342271,0.0001527512425254988,0.00024389096109317832,0.0012412342104090978,71.242416815721526
453,3,tier3_voxel_grid,3,20261360,64,64,64,0.30113192331216748,0.69886807668783257,14.130475010798605,0.55502144565429556,0.44497855434570444,7400.2523922085929,1.4920374619619012,21.083198071428018,0.063953572792538688,0.38102498155316578,0.25473539305767845,0.12906182991237716,0.078212699344679296,0.054314351958592196,0.013981713888774694,0.0096946056930954216,0.010633622142606203,0.0015865444564235975,0.00026119684035329379,0.00041704111452731541,0.0021224472451878873,86.926700778454162
454,3,tier3_voxel_grid,3,20261361,64,64,64,0.045523525828988373,0.95447647417101167,13.911558662070417,0.12131462232872602,0.87868537767127397,3097.965276062896,1.0319423464921791,14.355926489100547,0.12628714061348031,0.75239823705779363,0.055679160227982201,0.028209877790247747,0.017095454881251453,0.011871838730697012,0.0030560735142863352,0.0021190125849953915,0.002324259475588186,0.00034678126952709948,5.7091480498670962e-05,9.1155370122301653e-05,0.00046391700352961074,60.384696153523521
455,3,tier3_voxel_grid,3,20261362,64,64,64,0.12620720241270111,0.87379279758729889,13.893792324989498,0.29483331434533433,0.70516668565466567,8744.2134964309989,1.1771729643428619,16.35539669717199,0.10134854482639238,0.60381814082827334,0.13531815897261185,0.068559021217066862,0.041547420468595879,0.028852363327317498,0.0074272356110420719,0.0051498779914655873,0.0056486935493179138,0.00084278934463902168,0.00013875054872358473,0.00022153669011728023,0.001127466624436778,69.499075776339794
456,3,tier3_voxel_grid,3,20261363,64,64,64,0.23602706101940302,0.76397293898059693,14.24224090650522,0.4721060674969037,0.52789393250309624,28.041831780560997,1.3748487098349256,19.580926535466901,0.075870404785502388,0.45202352771759385,0.2166801402186645,0.10978111469559045,0.066528402109588686,0.04620026003064636,0.01189296740257441,0.0082463158956044402,0.0090450514521572718,0.0013495285093860956,0.00022217630346957337,0.00035473879812321975,0.0018053720810986735,80.801087305121499
457,3,tier3_voxel_grid,3,20261364,64,64,64,0.44171489441072287,0.55828510558927713,9.4378250152398575,0.69607766943796856,0.30392233056203144,11.5446842883321,1.7450868099393011,16.469823948610259,0.043680574492981773,0.26024175606904965,0.31947525651720082,0.16186231808196383,0.098090107880636879,0.068118102146127069,0.017535104084083857,0.012158446470504765,0.013336109760558074,0.0019897576505087597,0.00032757885181057913,0.00052303025285405016,0.0026618577417198345,98.83062807549932
458,3,tier3_voxel_grid,3,20261365,64,64,64,0.36475417605133126,0.63524582394866869,10.146905440184316,0.62436232353599874,0.37563767646400126,6407.618713353565,1.6065575168923962,16.301587208124463,0.053987706263023204,0.32164997020097807,0.28656042598291465,0.14518600071192767,0.087984100569841656,0.061100044432051019,0.015728501013721776,0.010905788566729651,0.011962119807343106,0.0017847573115630454,0.00029382912573944371,0.00046914360033306217,0.0023876124138336396,92.527741598874101
459,3,tier3_voxel_grid,3,20261366,64,64,64,0.023114904675920533,0.97688509532407952,10.129200181857081,0.064104023930815532,0.93589597606918451,85.731801108207378,0.99160682841665693,10.044184066728725,0.13450960916485891,0.80138636690432563,0.029421500485165512,0.014906419739339379,0.009033432473180324,0.0062732143865824779,0.0016148639457764205,0.0011197103106842798,0.0012281650981923681,0.00018324316041875793,3.0167786552684103e-05,4.8167532615387871e-05,0.00024513901230793783,57.731512594124951
460,3,tier3_voxel_grid,3,20261367,64,64,64,0.37550687598639482,0.62449312401360513,7.2679766206620462,0.63511658051986319,0.36488341948013681,140.25901947398782,1.6259123767755106,11.817093141649471,0.052442074119338121,0.31244134536079871,0.29149625306000804,0.14768674027172843,0.089499572584013726,0.062152455115364658,0.015999414769238902,0.011093634066749703,0.012168159963243906,0.0018154986584682825,0.00029889015169893852,0.00047722431028324587,0.002428737569065322,93.438568799765974
461,3,tier3_voxel_grid,3,20261368,64,64,64,0.05130336438270261,0.94869663561729745,8.7560602653633239,0.13535260315454642,0.86464739684545355,385.4066478905886,1.0423460558888646,9.1268448827266671,0.12426956241822444,0.74037783442722915,0.062122101471785721,0.031474197588772679,0.019073663799722938,0.013245594352811281,0.0034097085549131779,0.0023642151621194665,0.0025932122969894392,0.00038690923364987414,6.3697849072991356e-05,0.00010170345833610329,0.00051759938637274347,61.060553408819111
462,3,tier3_voxel_grid,3,20261369,64,64,64,0.17887468558693356,0.82112531441306646,4.7734125612994589,0.38672584306220809,0.61327415693779197,169.90025147890918,1.2719744340564803,6.0716587411769734,0.088141491436985006,0.52513266550080695,0.17749360931788927,0.089927236813662895,0.054496762835146158,0.037844958453456284,0.0097421282248233605,0.006754972423449801,0.0074092569216969691,0.0011054667297455262,0.00018199579328278653,0.00029058440510717717,0.0014788711439478305,75.075659197057334
463,3,tier3_voxel_grid,3,20261370,64,64,64,0.042327489571488928,0.95767251042851109,2.9782455957067135,0.11342992541906148,0.88657007458093851,1077.2711976028263,1.02618948122868,3.0562443028298736,0.12742035149035233,0.75914972309058615,0.052060360662397318,0.026376410958590207,0.015984356501814012,0.011100242954729306,0.0028574477185557292,0.0019812899291462029,0.0021731970467346344,0.00032424264102804816,5.3380888888071243e-05,8.5230837272872421e-05,0.00043376527990507434,60.009471387729924
464,3,tier3_voxel_grid,3,20261371,64,64,64,0.052061038450339325,0.94793896154966073,14.644236625765643,0.13717208197591857,0.86282791802408143,494.68709919784038,1.0437098692106106,15.284334293367094,0.12400806179058588,0.73881985623349555,0.062957178487910687,0.031897289827841527,0.019330061730170888,0.013423648397135121,0.0034555435987773313,0.002395996149824089,0.0026280715811386086,0.00039211026517798947,6.4554108093166503e-05,0.00010307060816691635,0.00052455722168223598,61.148891202667663
465,3,tier3_voxel_grid,3,20261372,64,64,64,0.24174510630328752,0.75825489369671251,12.646546261737571,0.47995038086194453,0.52004961913805547,403.80204150984696,1.3851411913459177,17.517252155394441,0.074742997945556416,0.44530662119249909,0.22028040515249175,0.11160519094566182,0.067633809707059303,0.046967903876336051,0.012090575884161275,0.0083833331687253008,0.0091953401751339245,0.0013719517003838483,0.00022586789031136539,0.00036063298692272025,0.0018353693747571093,81.355705908984632
466,3,tier3_voxel_grid,3,20261373,64,64,64,0.30523653452274546,0.69476346547725454,13.92137048427354,0.55981462445931263,0.44018537554068737,2153.3269105213108,1.4994257621409419,20.874061548428266,0.063264683616598399,0.376920691924089,0.25693529415420702,0.13017641103805502,0.078888146132758172,0.05478341203303537,0.014102460312528615,0.0097783285454193757,0.010725454363997964,0.0016002458932262459,0.00026345254266699978,0.00042064269181162474,0.0021407767516061636,87.299270747334972
467,3,tier3_voxel_grid,3,20261374,64,64,64,0.19012961422410665,0.80987038577589332,11.191410906406764,0.40461458225003122,0.59538541774996878,33.371727728700961,1.2922333056033919,14.461913909951866,0.085570471389743857,0.50981494636022495,0.18570391370161352,0.094086992139304396,0.057017614219732227,0.039595548964778751,0.010192768889456062,0.0070674365167392511,0.0077519861885034019,0.0011566021952542341,0.00019041435474621848,0.00030402593927993961,0.0015472791406232035,76.229652563529655
468,3,tier3_voxel_grid,3,20261375,64,64,64,0.13193236583135254,0.86806763416864752,12.002232607411054,0.30553317792580781,0.69446682207419219,6856.007020192802,1.1874782584964345,14.252390274717598,0.099810730256047017,0.59465609181814516,0.14022902138374316,0.071047112414841671,0.04305522745479639,0.029899451076753295,0.0076967791258061536,0.0053367733973905193,0.0058536915853092241,0.00087337520646653486,0.0001437859767801282,0.00022957652906013489,0.0011683837748605605,70.119481002613753
469,3,tier3_voxel_grid,3,20261376,64,64,64,0.068302440389058416,0.93169755961094158,1.3724533301674453,0.17506192524776612,0.82493807475223391,58.154632045037658,1.0729443927003051,1.4725661048460208,0.11856242665577127,0.70637564809646269,0.080347288715758997,0.040707998938357082,0.024669435448504428,0.017131545270736039,0.0044100381540155813,0.0030578211895047041,0.0033540007854064267,0.00050041945082908163,8.2385324204863224e-05,0.00013154089988461499,0.00066945107056429177,63.027941196275776
470,3,tier3_voxel_grid,3,20261377,64,64,64,0.06318348180268131,0.9368165181973187,11.240253154327849,0.16334458114782829,0.83665541885217176,32.532369076881395,1.0637302672448263,11.956597491752666,0.12024647639594911,0.71640894245622266,0.074969438403378677,0.03798330805822682,0.023018246799160934,0.015984886963301265,0.0041148629783094946,0.0028531533668311095,0.0031295089019860466,0.00046692509223929978,7.6871062944871527e-05,0.00012273652974540805,0.00062464299170435895,62.438709566901032
471,3,tier3_voxel_grid,3,20261378,64,64,64,0.21990349600419984,0.78009650399580011,2.2231950980547399,0.44934076354683083,0.55065923645316917,320.92860095384339,1.3458262928075597,2.9920344170029498,0.07914229847362865,0.47151693797954053,0.2062316635062684,0.1044873881030185,0.063320353326467738,0.043972449302124079,0.011319479713201108,0.0078486724405497487,0.0086088923774727266,0.0012844532459641428,0.0002114627976978611,0.00033763303075832221,0.0017183157033081966,79.219544430517459
472,3,tier3_voxel_grid,3,20261379,64,64,64,0.20393997096424524,0.79606002903575479,1.0975736935219103,0.4258130353889627,0.57418696461103735,21.687133698532289,1.3170919477356413,1.4456054737841746,0.082523769919145312,0.49166319469189207,0.19543326080133613,0.099016371309864196,0.0600048649915884,0.041670027804796048,0.010726785563935609,0.0074377116585281101,0.0081581260637318392,0.0012171985714405258,0.00020039048994535287,0.00031995438059069498,0.0016283437532057488,77.627773922265447
473,3,tier3_voxel_grid,3,20261380,64,64,64,0.17991575134597126,0.82008424865402874,1.4575964976926308,0.38840440878257987,0.61159559121742013,362.27146155414761,1.2738483524227482,1.8567568970829258,0.087900243237635914,0.52369534797978423,0.17826401215889659,0.09031756184559743,0.054733303525682821,0.03800922275357612,0.0097844134839417275,0.0067842920703145579,0.0074414164603088927,0.0011102649572000691,0.00018278573764605273,0.00029184567334160718,0.0014852901160739796,75.182954219912418
474,3,tier3_voxel_grid,3,20261381,64,64,64,0.23298616238595787,0.76701383761404207,11.281073563992916,0.46788637398662919,0.53211362601337076,16.876283094984792,1.3693750922947241,15.44802115287637,0.076476871037495925,0.4556367549758748,0.21474344877486715,0.10879988888824636,0.06593376991577006,0.045787321178879556,0.011786667821142153,0.0081726101585592719,0.0089642066006705504,0.0013374663964732505,0.00022019048720828694,0.00035156813562311757,0.0017892356291893941,80.504807170259127
475,3,tier3_voxel_grid,3,20261382,64,64,64,0.16980566106331682,0.83019433893668315,1.6683459361442785,0.37189144849021605,0.62810855150978395,10.419457986449375,1.2556501899139703,2.0948588915617639,0.090273532461946568,0.53783501904783737,0.17068514207458424,0.086477723062268058,0.052406324615679178,0.03639326584917147,0.0093684304835148658,0.00649585882126868,0.0071250456577395312,0.0010630621944669855,0.00017501462702138086,0.00027943789447397379,0.0014221432100276596,74.13620096934774
476,3,tier3_voxel_grid,3,20261383,64,64,64,0.35817989785479587,0.64182010214520413,12.836721214790526,0.61765849931663719,0.38234150068336281,4509.6063258893946,1.5947238161386326,20.471025042358491,0.054951198786458932,0.32739030189690388,0.28348360559898245,0.14362712793694551,0.087039408806606461,0.06044400875816873,0.015559622940757845,0.010788692312249036,0.011833681646588604,0.0017655942409549755,0.00029067426079126693,0.00046410637096845283,0.0023619764436238143,91.965863961063306
477,3,tier3_voxel_grid,3,20261384,64,64,64,0.20316868223973747,0.7968313177602625,6.0156192705864564,0.42465025120831384,0.5753497487916861,842.72320619372215,1.3157036280315275,7.9147720991669717,0.082690888540959517,0.49265886025072658,0.19489958361171034,0.098745983462110332,0.059841007378092712,0.041556237842742975,0.010697493514312085,0.0074174012106601531,0.0081358483522898165,0.0012138747200645655,0.00019984327585772382,0.00031908066874685646,0.0016238971717262587,77.550207704626004
478,3,tier3_voxel_grid,3,20261385,64,64,64,0.18656588225534074,0.81343411774465924,7.9700790152652123,0.39901132318861815,0.60098867681138191,118.45750784566428,1.2858185880596134,10.248075746131869,0.086375787584782621,0.51461288922659931,0.18313221415632763,0.092784039120819561,0.056228012268758933,0.039047214504624714,0.010051615487808661,0.0069695639252889763,0.0076446336887167309,0.001140585121190888,0.00018777742319342646,0.00029981567060968626,0.0015258518212789025,75.865676497063319
479,3,tier3_voxel_grid,3,20261386,64,64,64,0.057784005777449639,0.94221599422255031,13.875186280354646,0.15076311743190124,0.84923688256809871,5012.3987676868828,1.0540112103994093,14.624601885873878,0.12205471984439202,0.72718216272370673,0.069194987469974822,0.035057679250785886,0.021245287850214817,0.014753665982974031,0.003797919502781774,0.0026333918950484998,0.0028884614033648677,0.00043096062335527797,7.0950141158244493e-05,0.00011328286324016211,0.00057653044900284056,61.814186036565786
480,3,tier3_voxel_grid,3,20261387,64,64,64,0.058954600823333106,0.94104539917666685,3.7044606359364205,0.15351041176624997,0.84648958823374998,25.68578223889428,1.0561182814819996,3.9123486006428876,0.1216598709545334,0.72482971727921663,0.070455899291644072,0.035696520933166213,0.021632432000168251,0.015022515975308572,0.0038671274291634892,0.0026813791133856006,0.0029410966485337248,0.00043881384169567309,7.2243036424312018e-05,0.00011534717030451475,0.00058703632645553034,61.94984268967336
481,3,tier3_voxel_grid,3,20261388,64,64,64,0.21923495166058707,0.78076504833941296,1.2607422675321094,0.44837560868749021,0.55162439131250984,1370.4489440338393,1.3446229129890566,1.6952229402974535,0.079281013252015392,0.47234337806049448,0.20578869124928501,0.10426295596031367,0.063184345308352916,0.043877999328820839,0.011295166203863189,0.0078318140004528039,0.0085904010341855686,0.0012816943235771493,0.00021100858930341929,0.00033690781687445806,0.0017146248724611609,79.153401677466164
482,3,tier3_voxel_grid,3,20261389,64,64,64,0.30038941034430799,0.69961058965569201,9.6154838112345757,0.55414929785427591,0.44585070214572409,8067.6680562572574,1.4907009386197543,14.333810742690435,0.06407892033405431,0.38177178181166976,0.25433510778152935,0.12885902515247838,0.078089797726730734,0.054229003648286214,0.013959743348529671,0.0096793718150290989,0.010616912715915526,0.001584051397338877,0.00026078640170903983,0.00041638578581272144,0.0021191120809162323,86.859134873679096
483,3,tier3_voxel_grid,3,20261390,64,64,64,0.12090721952121038,0.87909278047878958,11.096782572318313,0.28475972764368557,0.71524027235631449,1624.6672354904272,1.1676329951381785,12.956969471313172,0.10279634911743994,0.61244392323887453,0.13069473570124615,0.066216561220835329,0.040127867378913357,0.027866562980533166,0.0071734688274357559,0.0049739218158036409,0.0054556943139823545,0.000813993712933363,0.00013400985079542848,0.00021396743336470447,0.0010889444078422987,68.921636509857535
484,3,tier3_voxel_grid,3,20261391,64,64,64,0.19919722287637839,0.80080277712362158,11.034601389594201,0.41862387321673061,0.58137612678326933,6971.1463207518518,1.3085550011774811,14.439382834353474,0.083557016581954149,0.4978191102013152,0.19213368730550476,0.097344640545674876,0.058991780210956052,0.040966496999694103,0.010545681195123958,0.0073121379657109875,0.0080203893426375513,0.0011966481486055324,0.00019700722167909554,0.00031455247003696704,0.0016008518111066915,77.149843781236882
485,3,tier3_voxel_grid,3,20261392,64,64,64,0.2096604514658722,0.7903395485341278,7.3831545954536697,0.43436123315297209,0.56563876684702796,2234.2116747730493,1.3273888126385698,9.8003168119862458,0.081295198828231857,0.48434356801879608,0.19935658400695153,0.10100412521471622,0.061209462808285667,0.042506553718526685,0.010942125811302352,0.0075870237389126377,0.0083219004651256256,0.0012416338358453342,0.00020441332953859096,0.00032637746559149129,0.0016610327581759166,78.201165713343471
486,3,tier3_voxel_grid,3,20261393,64,64,64,0.20029097887838807,0.79970902112161191,9.6618401925829716,0.42029012208289235,0.57970987791710771,5526.6053559618194,1.3105237619810983,12.662071156844016,0.083317538595629084,0.49639233932147864,0.19289843714206872,0.097732101479734365,0.0592265852308754,0.041129555973497586,0.010587656176625267,0.0073412424730601809,0.0080523129033882937,0.0012014111679849271,0.00019779136964759547,0.00031580448343152115,0.0016072236825784565,77.260267194205156
487,3,tier3_voxel_grid,3,20261394,64,64,64,0.19608039795267959,0.80391960204732038,1.8536222175397397,0.41384802257379882,0.58615197742620118,1532.3519726553982,1.3029447163148231,2.4151672743871693,0.084243415305569364,0.50190856212063184,0.18994173922811505,0.096234088821608887,0.058318775278668487,0.04049913265773418,0.010425371290366541,0.0072287177858335085,0.0079288891104499614,0.0011829962448429343,0.000194759674115483,0.00031096391307121541,0.0015825885689925605,76.834500637261471
488,3,tier3_voxel_grid,3,20261395,64,64,64,0.34686627639456957,0.65313372360543043,12.07257020907312,0.60588600174914709,0.39411399825085291,677.84513048521342,1.5743592975102254,19.006563153499233,0.056643175338541345,0.33747082291231156,0.27808044177782615,0.14088961195338179,0.085380448022313482,0.059291953137041255,0.01526305837729147,0.010583061119376484,0.011608133081235665,0.0017319422246226276,0.00028513404393699693,0.00045526055871244456,0.0023169574534086797,90.989969593497619
489,3,tier3_voxel_grid,3,20261396,64,64,64,0.12981432377762381,0.87018567622237619,9.7898659743751519,0.30159644350289405,0.69840355649710595,963.07975568796928,1.1836657827997228,11.587929372063135,0.10037652882998258,0.59802702766712335,0.13842219824485988,0.070131684457096125,0.042500469385121753,0.029514202577460485,0.0075976076527248153,0.0052680101302277653,0.0057782679297787489,0.00086212194008558846,0.00014193332297616042,0.00022661848099877653,0.0011533293815639202,69.890366320256064
490,3,tier3_voxel_grid,3,20261397,64,64,64,0.069472637651591881,0.93052736234840816,6.4325910828759252,0.1777123116631163,0.8222876883368837,874.55147234246272,1.0750507477728655,6.9153618537628301,0.11818150564533809,0.70410618269154557,0.081563723198705959,0.041324306152102225,0.025042923495631388,0.017390911862273595,0.0044768048435629305,0.0031041157091711759,0.0034047793776453379,0.00050799565514979424,8.3632613949836352e-05,0.00013353239068779048,0.00067958636423625404,63.162250190091456
491,3,tier3_voxel_grid,3,20261398,64,64,64,0.041841895369936537,0.95815810463006346,2.7780219547779228,0.1122242101875488,0.8877757898124512,826.00678394585248,1.0253154116658858,2.8483487241799947,0.12759364028387407,0.7601821495285771,0.051506979624925987,0.026096040145262792,0.015814449116007625,0.01098225176365197,0.0028270741797846739,0.0019602296010468177,0.0021500968218984996,0.00032079607003235116,5.2813471157994717e-05,8.432486719209503e-05,0.00042915452658798703,59.952367794265783
492,3,tier3_voxel_grid,3,20261399,64,64,64,0.23783751536607239,0.76216248463392766,13.175924436766172,0.47460241971667949,0.52539758028332051,15.596510386438101,1.3781075276589303,18.157840650172712,0.075511622004076004,0.44988595827924449,0.21782587840390766,0.11036160359041193,0.066880183913972074,0.046444552848769229,0.011955853769895526,0.0082899198871822441,0.0090928789126055037,0.0013566644026143241,0.00022335110368192499,0.00035661454818682449,0.0018149183354522072,80.977044058758253
493,3,tier3_voxel_grid,3,20261400,64,64,64,0.18466722594594479,0.81533277405405524,4.3928724985797611,0.39600317583739986,0.60399682416260014,25.343485799746468,1.2824010067027005,5.633424114495293,0.086808127005903041,0.51718869715669713,0.18175157994140165,0.092084540020678271,0.055804109145361658,0.038752837458013896,0.0099758363338150208,0.0069170203656389317,0.007587000776452542,0.0011319862471445806,0.00018636176873609446,0.00029755535952830895,0.0015143484206288863,75.671223054681548
494,3,tier3_voxel_grid,3,20261401,64,64,64,0.089301072251424043,0.91069892774857597,9.8611324047759368,0.22109361503962915,0.77890638496037079,52.56840281299597,1.1107419300525634,10.9531732397847,0.11194662237685232,0.66695976258351852,0.10147422116864124,0.051411971127203179,0.031156144641829923,0.021636202559530721,0.0055696364389574175,0.0038618605386381748,0.0042359191322827346,0.00063200233439315173,0.00010404814827030759,0.00016612894574245278,0.00084548000413983693,65.415933746422439
495,3,tier3_voxel_grid,3,20261402,64,64,64,0.34761581421451027,0.65238418578548973,4.4715255543551482,0.60667535268608186,0.39332464731391814,696.72595550694007,1.5757084655861184,7.045820670082068,0.056529727595698222,0.3367949197182199,0.27844272619540122,0.14107316355694866,0.085491682043973935,0.059369198953294317,0.015282943156599497,0.01059684877775793,0.011623256207858965,0.001734198606538988,0.00028550551781836059,0.00045585367416243295,0.0023199759957275422,91.054976455237949
496,3,tier3_voxel_grid,3,20261403,64,64,64,0.056094294606212618,0.94390570539378738,2.2142969498651537,0.14677807145249128,0.85322192854750867,51.271891361458493,1.0509697302911827,2.3271590681843692,0.12262746189147911,0.73059446665602956,0.067365991019718366,0.03413101717238403,0.020683721796321379,0.014363689718828624,0.0036975309986005738,0.0025637847659155141,0.0028121121496599006,0.00041956925702749093,6.9074751609544401e-05,0.00011028851404931861,0.0005612913083765269,61.618115868815394
497,3,tier3_voxel_grid,3,20261404,64,64,64,0.12240901934115017,0.87759098065884977,8.2163260069031239,0.28763084759282198,0.71236915240717802,35.680956327898599,1.1703362348140702,9.6158640429239259,0.1023837036610017,0.60998544874617633,0.13201247914068534,0.066884196674266594,0.040532460828630587,0.028147530537109104,0.0072457960825057927,0.0050240719064395889,0.0055107019265787007,0.0008222008902860501,0.00013536101923200243,0.00021612478254986596,0.0010999238045383396,69.085562994576577
498,3,tier3_voxel_grid,3,20261405,64,64,64,0.0074156662708799092,0.99258433372912014,1.6960037479405838,0.021168962852684898,0.97883103714731512,96.003605131852908,0.96334819928758386,1.6338421565635548,0.14068035723169511,0.83815067991561998,0.0097158120918103778,0.0049225216512019006,0.0029830950497487579,0.0020715929230872465,0.00053327377571765961,0.00036976003250943239,0.00040557487262668284,6.0512077371301402e-05,9.9622568712805028e-06,1.5906282415922936e-05,8.0951839324333401e-05,55.842065877542069
499,3,tier3_voxel_grid,3,20261406,64,64,64,0.020890899907196194,0.97910910009280383,4.9794433891998624,0.058171085637076576,0.94182891436292338,204.49134942071154,0.98760361983295319,4.9177163159270529,0.1353623077889537,0.80646660657396962,0.026698489725714782,0.013526804809245119,0.008197372672911327,0.0056926175445003394,0.0014654054944096932,0.0010160791846987602,0.0011144962940317544,0.00016628368897141896,2.7375705726854337e-05,4.370954415779622e-05,0.00022245097270872689,57.465367938383785
500,3,tier3_voxel_grid,3,20261407,64,64,64,0.19252630954796379,0.80747369045203621,2.6737293609062687,0.40835172608416354,0.59164827391583641,132.81837894737163,1.2965473571863348,3.4666167367145309,0.085033358538128337,0.50661491537770809,0.18741913175481595,0.094956008328958619,0.057544246315474473,0.03996126554585186,0.010286912415366918,0.0071327135185091286,0.0078235859000747032,0.0011672849263078254,0.00019217307987128178,0.0003068340156920107,0.0015615702832407188,76.473696467263906
501,3,tier3_voxel_grid,3,20261408,64,64,64,0.036946921816230736,0.96305307818376928,5.0280325701698683,0.099954342618112701,0.90004565738188735,1782.3314700883252,1.0165044592692152,5.1110175289285245,0.12935710025535643,0.77068855712653095,0.045875540403003054,0.02324286830173675,0.014085399777966233,0.0097815235559949899,0.0025179802174662052,0.0017459108050371351,0.0019150191749088572,0.00028572230752144144,4.7039188622097442e-05,7.5105332908644235e-05,0.00038223355294728442,59.375370771840437
502,3,tier3_voxel_grid,3,20261409,64,64,64,0.041290306306715381,0.95870969369328463,14.899791984464253,0.11085213558325499,0.88914786441674498,2175.54970302211,1.0243225513520877,15.26219294014181,0.12779083871563113,0.76135702570111385,0.050877245465343716,0.025776984979749857,0.0156210986439775,0.010847980658355837,0.0027925098315031861,0.001936263459964724,0.0021238093279507177,0.00031687395607750077,5.216776358367197e-05,8.3293895278001233e-05,0.00042390760147026905,59.887473694360445
503,3,tier3_voxel_grid,3,20261410,64,64,64,0.37451853579023464,0.62548146420976536,12.146378097467379,0.63413879425438047,0.36586120574561953,2246.9987595754355,1.6241333644224225,19.727337924986518,0.052582604319039633,0.31327860142657987,0.29104748343026787,0.14745937088686145,0.089361784569146299,0.062056769033719476,0.01597478305831062,0.01107655499283247,0.012149426615614219,0.0018127036288505712,0.00029842999887946711,0.00047648960520631732,0.0024249984346916766,93.355269869012218
504,3,tier3_voxel_grid,3,20261411,64,64,64,0.011573957390621975,0.98842604260937805,6.3888163001606806,0.032784607426577031,0.96721539257342293,783.80968278237515,0.97083312330311955,6.2024744828948739,0.13901092403422119,0.82820446853920171,0.015046985885753672,0.0076235638470597798,0.0046199523709672058,0.0032082989234626866,0.00082588700776025661,0.00057265146111409946,0.00062811830100893901,9.3715724997512321e-05,1.5428657647543958e-05,2.4634235897681605e-05,0.00012537101090765072,56.344951935610474
505,3,tier3_voxel_grid,3,20261412,64,64,64,0.10982176655408156,0.8901782334459184,7.9041225260241177,0.26314832867931975,0.7368516713206803,4366.041974932662,1.1476791797973467,9.071396857685091,0.10590240032669077,0.63094927099398956,0.12077586093916527,0.061191157753732531,0.037082424967899423,0.025751673296794269,0.006629049509188128,0.0045964337149813229,0.0050416428347836275,0.0007522169194581974,0.00012383938050224494,0.00019772870604855785,0.0010063006567661559,67.704187323237832
506,3,tier3_voxel_grid,3,20261413,64,64,64,0.15007198333145175,0.84992801666854823,6.5612253845117934,0.33824108874161446,0.66175891125838548,5169.1286501024715,1.2201295699966133,8.0055451070552373,0.095109857068290088,0.56664905419009537,0.15524080621295433,0.078652841626840761,0.047664371866889384,0.033100244476341127,0.0085207340459391191,0.0059080851924336276,0.0064803404606141,0.00096687169203898179,0.00015917854048471574,0.00025415313540082084,0.0012934614916774705,72.062204491146304
507,3,tier3_voxel_grid,3,20261414,64,64,64,0.19647483417202755,0.80352516582797251,13.557725680695754,0.4144546814025174,0.5855453185974826,813.72734015039441,1.3036547015096496,17.674592825417133,0.084156224587761091,0.50138909400972154,0.19022017437038843,0.096375158142767495,0.058404264632182429,0.040558500239653406,0.010440653817262854,0.0072393143459857532,0.007940512050076131,0.0011847303962152461,0.00019504517185701066,0.00031141975432932818,0.0015849084817992896,76.874462774296774
508,3,tier3_voxel_grid,3,20261415,64,64,64,0.12820322031702411,0.87179677968297586,10.448057196164136,0.29858491573500051,0.70141508426499954,293.28147696976475,1.1807657965706433,12.336708577844387,0.10080935409412127,0.60060573017087826,0.13704001253714526,0.069431399292262386,0.042076089899026871,0.02921949472355834,0.0075217433416275205,0.0052154075245588651,0.0057205702523169446,0.00085351340302287242,0.00014051607767191332,0.00022435562988448903,0.0011418130539250174,69.715769287198512
509,3,tier3_voxel_grid,3,20261416,64,64,64,0.36842683693434403,0.63157316306565603,12.531534887356525,0.62806453455504008,0.37193546544495992,25.436253268333708,1.6131683064818192,20.215474911854759,0.053455614054112727,0.31847985139084722,0.28825961109819642,0.14604689380458277,0.088505809991360471,0.061462342490779434,0.015821764536472833,0.010970455394116703,0.012033050243233326,0.0017953401861794417,0.00029557141124582587,0.00047192542835373653,0.002401769970519049,92.839976024345376
510,3,tier3_voxel_grid,3,20261417,64,64,64,0.28958058191277525,0.71041941808722475,3.1344555567631067,0.54127393777411303,0.45872606222588697,12.328195722205187,1.4712450474429954,4.6115522143178973,0.065929403396833827,0.39279665882905312,0.24842576871641814,0.12586505519737576,0.076275423390767677,0.052969021994490523,0.013635396240385822,0.0094544768310404134,0.010370234474715228,0.0015472468174085304,0.00025472717030873793,0.00040671128663829467,0.002069875654563862,85.869677341918816
511,3,tier3_voxel_grid,3,20261418,64,64,64,0.27479568307118546,0.72520431692881449,9.6547530701657749,0.52310069857197738,0.47689930142802262,6471.9887516151657,1.4446322295281337,13.947567453297177,0.068541312588500297,0.40835798883952235,0.24008488879631013,0.12163914370291452,0.073714480737173529,0.051190590335712258,0.013177588649443128,0.009137043352369487,0.010022054489426739,0.0014952981005847714,0.00024617472121735802,0.00039305598017982881,0.0020003797066455932,84.498221968825547
512,3,tier3_voxel_grid,3,20261419,64,64,64,0.11536643424056352,0.88463356575943652,3.671366028844167,0.27405093793982216,0.72594906206017784,44.706415879696522,1.1576595816330142,4.250192060973399,0.10433544657541302,0.62161361548476479,0.12577977651229114,0.063726394388276042,0.038618802538245282,0.026818601721413694,0.0069037004519850263,0.0047868704965400239,0.0052505252629355533,0.00078338233553038408,0.00012897022204494009,0.00020592088736489536,0.0010479931231951495,68.314762591600683
513,3,tier3_voxel_grid,3,20261420,64,64,64,0.40992748019094527,0.59007251980905473,3.3664830874237412,0.66788374002810136,0.33211625997189864,1635.0027740835856,1.6878694643437016,5.6821840054920409,0.047732685542407331,0.2843835744294913,0.3065352309626993,0.15530624686967359,0.094117066223337473,0.065359046587007197,0.01682486224118648,0.011665980763624897,0.012795943980645891,0.001909164508099116,0.0003143105982382874,0.00050184543587795233,0.0025540418577111529,96.287433544747756
514,3,tier3_voxel_grid,3,20261421,64,64,64,0.23272162982017186,0.76727837017982814,7.9592991014267689,0.46751770073100496,0.53248229926899504,182.41688315055538,1.3688989336763093,10.89547605275391,0.076529857797554293,0.45595244147144076,0.21457424067053782,0.10871415950718701,0.065881817093542502,0.045751242845113393,0.011777380461133019,0.008166170512180106,0.0089571432121743257,0.001336412533573858,0.00022001698708456056,0.00035129111586716801,0.0017878257926111846,80.478989526562557
515,3,tier3_voxel_grid,3,20261422,64,64,64,0.06740440887447742,0.93259559112552259,5.5230074397907893,0.17302090067900663,0.82697909932099334,62.014955811567006,1.0713279359740593,5.9169521608404398,0.11885576846304431,0.70812333085794898,0.079410529965562582,0.040233389591632314,0.024381817659675922,0.016931810778219175,0.0043586220839091127,0.0030221704438281702,0.0033148969197488061,0.00049458512453350522,8.1424804259881713e-05,0.00013000728137744244,0.00066164602625971077,62.924771515213251
516,3,tier3_voxel_grid,3,20261423,64,64,64,0.13294479173806517,0.86705520826193483,4.5437374301269582,0.30740602464593192,0.69259397535406808,66.948094323536722,1.1893006251285172,5.4038697660698336,0.099541559443487651,0.59305241591058044,0.1410885923951393,0.071482614550366669,0.043319145900807168,0.030082727699157315,0.0077439585766243763,0.0053694865666155511,0.0058895733417868353,0.00087872879163843976,0.00014466735109384642,0.0002309837793377861,0.0011755456933646297,70.228829619732366
517,3,tier3_voxel_grid,3,20261424,64,64,64,0.40211420997591885,0.59788579002408115,8.5465709974498481,0.66065861650654256,0.33934138349345744,1463.0577005697764,1.6738055779566539,14.305298207934118,0.048771100671762331,0.29057028282169511,0.30321915246777759,0.15362615383842854,0.093098913829147242,0.064651996607286821,0.016642851959096563,0.011539778930932021,0.012657518278245615,0.0018885112887328057,0.000310910406318192,0.00049641650409590875,0.0025264123964812415,95.649560252748316
518,3,tier3_voxel_grid,3,20261425,64,64,64,0.17471982673949335,0.82528017326050662,2.6684640255488752,0.37997719410475067,0.62002280589524927,311.98951092837024,1.264495688131088,3.3742612542394781,0.089111426298197946,0.53091137959705137,0.17439621595003554,0.088357940724826306,0.053545754444343965,0.037184536234476588,0.0095721209582614129,0.0066370932115455807,0.007279959966509774,0.0010861755263593565,0.00017881983351016295,0.00028551349459586572,0.0014530637602860877,74.646323832683606
519,3,tier3_voxel_grid,3,20261426,64,64,64,0.091642664610979321,0.90835733538902064,9.2086859693739704,0.22603326740244092,0.7739667325975591,23.45663205317021,1.1149567962997626,10.267287006543777,0.11123668160809005,0.66273005098946902,0.10374134849509216,0.052560612460014984,0.031852232240146751,0.022119596524011801,0.0056940727226138547,0.0039481418567626908,0.0043305576316654939,0.0006461224699919482,0.00010637278202943939,0.00016984058273034611,0.00086436963738144312,65.679313832422167
520,3,tier3_voxel_grid,3,20261427,64,64,64,0.1379495000181466,0.86205049998185346,13.712010923384886,0.31658035897379266,0.68341964102620734,2559.8849146244847,1.1983091000326638,16.431227469239399,0.098222998239740067,0.58519664278646721,0.14529929034086483,0.073615967028640372,0.044611977841069669,0.030980527284327933,0.0079750720204317532,0.0055297354263697703,0.0060653438555503284,0.0009049538850707939,0.00014898485478229771,0.00023787734109669584,0.0012106290955882064,70.767772004522385
521,3,tier3_voxel_grid,3,20261428,64,64,64,0.19529018762967876,0.80470981237032124,5.0981863230321469,0.41263065597235637,0.58736934402764363,20.28047568135981,1.3015223377334217,6.6354033813533571,0.08441837866683749,0.50295096536080608,0.18938301062016341,0.095951008658695255,0.058147226001183126,0.040380001264576151,0.010394704238395147,0.0072074539422877599,0.0079055656577255232,0.0011795163680776736,0.00019418677317203646,0.00031004918819305257,0.0015779332598872173,76.754392601909913
522,3,tier3_voxel_grid,3,20261429,64,64,64,0.30619403000657697,0.69380596999342303,13.319242562662712,0.56092595740746121,0.43907404259253879,2449.3203946509625,1.5011492540118385,19.994171036943857,0.063104959711025754,0.37596908288151304,0.25744535703120242,0.1304348346810566,0.079044753324112579,0.054892166981806337,0.014130456238520023,0.0097977402903355482,0.010746746324403762,0.0016034226698029555,0.00026397554345716692,0.00042147774338474088,0.0021450265793790412,87.385954143577194
523,3,tier3_voxel_grid,3,20261430,64,64,64,0.38971819839350508,0.61028180160649492,13.231386397687009,0.64894323088566386,0.35105676911433614,306.80587052974374,1.6514927571083091,21.851538802281496,0.050454868933806352,0.30060190018052979,0.29784220102865133,0.15090191837293709,0.091448001165416598,0.06350552995644794,0.016347726120031568,0.011335145317174831,0.012433063917206491,0.0018550225285106519,0.00030539706673167097,0.00048761360555081042,0.0024816118070048565,94.627005601097565
524,3,tier3_voxel_grid,3,20261431,64,64,64,0.1662340698375088,0.83376593016249123,1.041513148102492,0.36594291391418471,0.63405708608581524,91.155459746913309,1.249221325707516,1.3010804356144035,0.091128472627718227,0.54292861345809706,0.16795497316812658,0.085094481452973852,0.05156806701323987,0.035811142756216857,0.0092185791414617548,0.0063919552737248825,0.0070110780453544333,0.0010460581406068307,0.00017221520647978347,0.00027496818702606093,0.0013993955289737881,73.763860910590424
525,3,tier3_voxel_grid,3,20261432,64,64,64,0.15743882381488739,0.84256117618511261,11.441898341783016,0.35102993100981877,0.64897006899018117,226.10195955988141,1.2333898828667973,14.112321655545557,0.093271808589449293,0.55569826040073189,0.16111043663435759,0.081626693175314582,0.049466554256635473,0.034351759504340287,0.0088429016575922292,0.0061314689626143885,0.0067253611123137104,0.001003428958363666,0.00016519705601846009,0.00026376262540306485,0.0013423670668652797,72.841246221452266
526,3,tier3_voxel_grid,3,20261433,64,64,64,0.15417189788498367,0.84582810211501636,14.654714974006204,0.34539264105901935,0.65460735894098065,243.34375314317677,1.2275094161929705,17.98880062221674,0.094082015799887148,0.56052534314109348,0.15852311810344188,0.080315826788991199,0.048672156729309503,0.033800094784215098,0.0087008909734695196,0.0060330019507924887,0.0066173566167857124,0.00098731460604319001,0.00016254410929931418,0.00025952678604513962,0.0013208096106262785,72.496475672681825
527,3,tier3_voxel_grid,3,20261434,64,64,64,0.094148994526995808,0.90585100547300423,14.717066085868789,0.23127922457079561,0.76872077542920436,15.684252659649562,1.1194681901485926,16.475287335444765,0.11048271784881129,0.65823805758039311,0.1061490589929617,0.053780480335555637,0.03259148380239927,0.022632965450983301,0.0058262252237018721,0.0040397734263682801,0.0044310646062001788,0.00066111818651651809,0.00010884156489851871,0.0001737823760455109,0.00088443060516480917,65.960575686451946
528,3,tier3_voxel_grid,3,20261435,64,64,64,0.32600620832582455,0.67399379167417539,2.7863412056168677,0.58336189083470336,0.41663810916529664,1902.4389028579017,1.5368111749864841,4.2820803021173148,0.059880404083356244,0.35675770508194038,0.26774266421627335,0.135651971147736,0.082206387760766608,0.057087745538685737,0.014695646654968697,0.010189630603109389,0.011176595009260819,0.0016675564182957142,0.00027453404523661458,0.00043833602292550242,0.0022308234174448793,89.160457738157419
529,3,tier3_voxel_grid,3,20261436,64,64,64,0.14450734744374702,0.85549265255625295,11.718801316702441,0.32839506017245501,0.67160493982754499,217.60075608765425,1.2101132253987446,14.181076459161845,0.096524956062759723,0.57507998376478531,0.15072182414972032,0.076363296827347063,0.046276885890899816,0.032136712949249871,0.0082726997483951719,0.0057361037935735769,0.0062917009977077228,0.00093872654167317384,0.00015454493295039614,0.0002467548650091076,0.001255809475928749,71.46994678066072
530,3,tier3_voxel_grid,3,20261437,64,64,64,0.1230433782381456,0.8769566217618544,12.702178268388359,0.28883962550588221,0.71116037449411773,2832.0532368835793,1.1714780808286622,14.880323420195134,0.10220997469025032,0.60895039980386745,0.1325672658416566,0.067165279667795438,0.040702799802428649,0.028265821441944911,0.0072762467742183527,0.0050451857306519615,0.0055338608291444526,0.00082565621604333179,0.00013592987828069735,0.00021703305391852339,0.0011045462697992885,69.154733241910563
531,3,tier3_voxel_grid,3,20261438,64,64,64,0.095847681471800797,0.90415231852819922,6.3349064569872624,0.23481074358373233,0.76518925641626767,1088.0211584607396,1.1225258266492415,7.1110961073752446,0.10997515797641659,0.65521409843985112,0.10776990245927243,0.054601681587775099,0.033089139590209822,0.022978559604360536,0.0059151887922599131,0.0041014587623064806,0.0044987247643202468,0.00067121313321920665,0.00011050352159415457,0.0001764359467078,0.00089793542170662772,66.150822469781303
532,3,tier3_voxel_grid,3,20261439,64,64,64,0.32506364367196061,0.67493635632803939,1.6048754024934966,0.58231811761826302,0.41768188238173698,465.98938478605839,1.5351145586095292,2.4636675951220943,0.060030418113750747,0.35765146426798622,0.26726360888852913,0.13540925749697152,0.082059300974479929,0.0569856019795736,0.014669352646707753,0.010171398929638692,0.011156597421648479,0.0016645727631175713,0.00027404283851241635,0.00043755173549137478,0.0022268319435925078,89.076856418640162
533,3,tier3_voxel_grid,3,20261440,64,64,64,0.41140931437414513,0.58859068562585493,4.7681960240342178,0.66924046691427241,0.33075953308572759,1948.587396466939,1.6905367658734611,8.0608106855215027,0.047537692927983662,0.28322184015774393,0.30715792105751766,0.15562173315581904,0.094308253920446811,0.065491815765899575,0.016859039960437111,0.011689678824839711,0.012821937428595007,0.00191304275016884,0.00031494908307281932,0.00050286487557194644,0.0025592300919038543,96.407835101307725
534,3,tier3_voxel_grid,3,20261441,64,64,64,0.050556014119206988,0.94944398588079304,1.4323413862650916,0.13355324552451889,0.86644675447548114,53.398552827361662,1.0410008254145726,1.4910685653774134,0.12452817117149569,0.74191858330398541,0.061296259377349074,0.031055784227962114,0.018820101314105841,0.013069509366578936,0.0033643803900943021,0.0023327856329353907,0.0025587385135222578,0.00038176571911472263,6.2851059221340246e-05,0.00010035142749597012,0.00051071849613892992,60.973360222009141
535,3,tier3_voxel_grid,3,20261442,64,64,64,0.1126924350712655,0.88730756492873453,5.4214220646077385,0.26881655785313502,0.73118344214686504,2700.6655514471613,1.1528463831282778,6.2500668185948713,0.10508774644386397,0.62609569570300105,0.12337737948919296,0.06250921858771151,0.037881182399093327,0.026306365726679801,0.0067718395926791609,0.004695441144781552,0.0051502400930048724,0.00076841971242028509,0.00012650688742867292,0.00020198779302718343,0.00102797642711567,68.020712784204306
536,3,tier3_voxel_grid,3,20261443,64,64,64,0.15699359506796159,0.84300640493203838,12.279987067534268,0.3502648260564869,0.6497351739435131,18.771281843118725,1.2325884711223309,15.136170484974059,0.093381771631148663,0.55635340231236441,0.16075928027356579,0.081448779607964719,0.049358736938673056,0.034276886398001957,0.008823627666224635,0.0061181048108424826,0.0067107025130165674,0.0010012418842752766,0.0001648369924607117,0.00026318772829779757,0.0013394412431638829,72.794325781889285
537,3,tier3_voxel_grid,3,20261444,64,64,64,0.17586166754246174,0.8241383324575382,13.294092616526587,0.38183980363982634,0.61816019636017372,1841.8037970428823,1.266551001576431,16.837646318511585,0.088843726802745437,0.52931646955742828,0.17525108845225235,0.088791062358037645,0.053808230283258027,0.037366811046813379,0.0096190425210403632,0.0066696275670090378,0.0073156455893812677,0.0010914998482490672,0.00017969639013546625,0.00028691305268955603,0.0014601865309601498,74.764493376779143
538,3,tier3_voxel_grid,3,20261445,64,64,64,0.24529893129664468,0.75470106870335529,10.577538825949912,0.48476723169728042,0.51523276830271958,72.109318060723879,1.3915380763339604,14.719048030210118,0.074050706558657059,0.44118206174406249,0.22249117088136014,0.11272527664341454,0.068312592318293675,0.04743928049367388,0.012211918637224047,0.0084674695023691099,0.0092876259275157559,0.0013857208043528174,0.00022813473284239528,0.000364252351285321,0.001853789404948713,81.69876767410598
539,3,tier3_voxel_grid,3,20261446,64,64,64,0.15065848415881025,0.84934151584118978,7.2106691046208136,0.33926943037285556,0.66073056962714438,707.81980699715484,1.2211852714858584,8.8055629081210594,0.094962060908841739,0.56576850871830264,0.15571277898388566,0.078891966896219495,0.047809284059846288,0.033200877901824459,0.0085466393124481975,0.0059260473211238526,0.0065000423954235526,0.0009698112355955949,0.0001596624850007106,0.00025492582759742964,0.0012973939538902894,72.124436575899566
540,3,tier3_voxel_grid,3,20261447,64,64,64,0.34121543377086716,0.65878456622913284,5.9353920179787201,0.59989117316683926,0.40010882683316074,4039.9884037437737,1.5641877807875608,9.2840676687063368,0.057504769009456905,0.34260405782370384,0.27532902554484195,0.13949560537417369,0.084535666745477966,0.058705299716528742,0.015112040828859145,0.010478348950579728,0.011493278524798107,0.0017148058380398389,0.000282312837123425,0.00045075606611501241,0.0022940327403016153,90.498253821406664
541,3,tier3_voxel_grid,3,20261448,64,64,64,0.28143918771243265,0.7185608122875673,5.5445022746192993,0.53134889049491252,0.46865110950508748,2538.0831646675319,1.4565905378823787,8.0760695504777971,0.067355859183165057,0.40129525032192243,0.2438705198344534,0.12355713579381034,0.074876802229535383,0.051997757703085221,0.013385371358506253,0.0092811152058085277,0.010180081097146,0.0015188757898313982,0.00025005637603586409,0.00039925364187256028,0.0020319214648275262,85.117069205547622
542,3,tier3_voxel_grid,3,20261449,64,64,64,0.30854617513744192,0.69145382486255813,1.7805322633882072,0.56364520967044462,0.43635479032955538,141.77805311032776,1.5053831152473955,2.6803832054578356,0.062714141106750096,0.37364064922280527,0.2586933985248378,0.1310671556045126,0.079427945831991864,0.055158272779397222,0.014198957748560986,0.0098452376954828464,0.010798844313231753,0.0016111957290914445,0.00026525524193508345,0.00042352097973770496,0.002155425221665262,87.598533184668909
543,3,tier3_voxel_grid,3,20261450,64,64,64,0.015861881007668784,0.98413811899233117,8.4908395446554596,0.04457627203175725,0.95542372796824271,389.29279971447056,0.97855138581380385,8.3087228031452476,0.13731619274142562,0.81810753522681712,0.020458946705508799,0.010365536834902631,0.0062816141423444162,0.0043622302292853302,0.0011229344138972653,0.00077861744622606088,0.00085403408647199356,0.00012742253084769135,2.0977894639184887e-05,3.3494450196751536e-05,0.00017046329743712092,56.86169204232867
544,3,tier3_voxel_grid,3,20261451,64,64,64,0.12832397428231684,0.87167602571768321,7.6580056440933655,0.29881114575455942,0.70118885424544053,3281.2099939233581,1.1809831537081703,9.0439756566763503,0.10077683967767934,0.60041201456776117,0.13714384418798509,0.069484005656456058,0.042107969857253784,0.029241633574231825,0.0075274423707934936,0.0052193591031018879,0.0057249045795112171,0.00085416008791445292,0.00014062254304683623,0.00022452561830608084,0.0011426781759586813,69.728865094425217
545,3,tier3_voxel_grid,3,20261452,64,64,64,0.13646770932402097,0.86353229067597903,6.2228227945571906,0.31387843461181703,0.68612156538818292,39.097888708385121,1.1956418767832377,7.4402675249738719,0.098611326429213428,0.58751023895896948,0.14405920174654285,0.072987675446086614,0.044231227152191077,0.030716117193671278,0.0079070070228104104,0.0054825406891086852,0.0060135778509245418,0.00089723035807605801,0.00014771331093160981,0.00023584712486611673,0.0012002967166077495,70.608479335942178
546,3,tier3_voxel_grid,3,20261453,64,64,64,0.33076142282961263,0.66923857717038737,12.748371827854621,0.58859275288505863,0.41140724711494137,43.500159936584247,1.5453705610933028,19.700958524637752,0.059128609837008753,0.35227863727793263,0.27014344658398337,0.13686832888224154,0.082943512144087753,0.057599637258680288,0.01482741889035232,0.010280998505035034,0.011276812777347246,0.0016825089849997346,0.00027699572424122693,0.00044226647382339005,0.0022508266602666886,89.580984872054131
547,3,tier3_voxel_grid,3,20261454,64,64,64,0.22434891278953001,0.77565108721047005,6.104420645357175,0.45571482534400964,0.54428517465599036,4145.7095793206618,1.353828043021154,8.2643358560818339,0.078226200335529808,0.46605897432046056,0.20915713449480677,0.10596957962185014,0.064218575517430918,0.044596214453125872,0.011480050640784749,0.0079600087074109781,0.0087310126400238757,0.0013026736813876677,0.00021446247422329169,0.00034242247782703455,0.0017426906351383192,79.658204204049568
548,3,tier3_voxel_grid,3,20261455,64,64,64,0.19207519811840806,0.80792480188159188,1.7449364974538435,0.40765021354845066,0.59234978645154934,7102.6618779391047,1.2957353566131344,2.2609759147956296,0.085134181898219391,0.50721560455332992,0.18709716208514124,0.094792882215049917,0.05744539033527437,0.039892615588149494,0.010269240399915041,0.0071204601407779625,0.0078101456640415189,0.0011652796329387827,0.00019184294333470086,0.00030630690170021943,0.0015588876421273952,76.427807304289146
549,3,tier3_voxel_grid,3,20261456,64,64,64,0.015276128478618091,0.98472387152138185,9.1125701024888244,0.042976451050684442,0.95702354894931552,3360.4277220471627,0.97749703126151255,8.9075102223452429,0.13754612352476081,0.81947742542455471,0.019724684940262815,0.0099935226992937561,0.0060561700295490087,0.0042056718827257781,0.001082632837434306,0.00075067324026342785,0.00082338321353412518,0.00012284939745137898,2.0225008081991565e-05,3.2292350475714167e-05,0.00016434545161213865,56.791212261452948
550,3,tier3_voxel_grid,3,20261457,64,64,64,0.10627391826562792,0.89372608173437207,3.1068503785221977,0.25607207061627862,0.74392792938372132,6389.84823393642,1.1412930528781302,3.5458267533391736,0.10691942009250603,0.63700850929121533,0.1175281064727746,0.059545681129902849,0.036085250446620247,0.025059191278315227,0.0064507893420986534,0.0044728321276176156,0.0049060692366549195,0.00073198923620371376,0.00012050924567220791,0.00019241163123568349,0.00097924046918289082,67.311780256384722
551,3,tier3_voxel_grid,3,20261458,64,64,64,0.10287896834511033,0.89712103165488966,10.229406311103475,0.24922622742821826,0.75077377257178179,28.261545277500304,1.1351821430211986,11.612239378073015,0.10790332398265574,0.64287044858912601,0.11438610435920583,0.057953783995004428,0.035120545606436307,0.024389257640109036,0.0062783336261397144,0.0043532552160141912,0.0047749101431111525,0.0007124202003680652,0.00011728754563831546,0.00018726768932968691,0.00095306140686150938,66.935027135151003
552,3,tier3_voxel_grid,3,20261459,64,64,64,0.15633905445784235,0.84366094554215765,7.4192362315709044,0.34913822017642948,0.65086177982357052,30.144050549451912,1.2314102980241162,9.1361238990300482,0.093543690605569121,0.55731808921800141,0.16024220765605784,0.081186804475996896,0.049199977511146784,0.034166636841399825,0.0087952469951646101,0.0060984262923560418,0.0066891179394366288,0.00099802144959194265,0.00016430680412565099,0.00026234120069867342,0.0013351330104545657,72.72530910786142
553,3,tier3_voxel_grid,3,20261460,64,64,64,0.077427540837928369,0.92257245916207165,5.1996722430963098,0.19545776060055015,0.80454223939944991,15.948560834628433,1.0893695735082709,5.6643647338446215,0.11563107967700086,0.6889111597224491,0.089708262379049233,0.045450741500527282,0.027543582656366524,0.019127480001752923,0.0049238358399572597,0.0034140769397549313,0.0037447633552538683,0.00055872152143635544,9.1983742053804176e-05,0.00014686625708268389,0.00074744640731527106,64.071420147309126
554,3,tier3_voxel_grid,3,20261461,64,64,64,0.27177222592033362,0.72822777407966632,6.2566928841077303,0.51930156395203853,0.48069843604796147,3021.1007508280873,1.4391900066566006,9.0045698735273092,0.069087334930682989,0.4116111011172785,0.238341219144864,0.12075571249503615,0.073179113002961108,0.05081880734155754,0.013081883494810221,0.0090706835523947735,0.0099492671001580255,0.0014844381671215421,0.00024438682280987392,0.00039020132411465494,0.0019858515062105963,84.215175984480368
555,3,tier3_voxel_grid,3,20261462,64,64,64,0.15337197924520532,0.84662802075479471,10.026724026879513,0.34400408898143814,0.65599591101856181,17.439927601339168,1.2260695626413696,12.293461142361878,0.094281582420576077,0.56171432859798576,0.15788582136106696,0.079992940036660395,0.048476484279139115,0.03366421119476988,0.0086659115361515295,0.006008747996315812,0.0065907534319287328,0.00098334539076621111,0.00016189064731479094,0.00025848343301698582,0.0013154996743077135,72.411885931043301
556,3,tier3_voxel_grid,3,20261463,64,64,64,0.36762801422156705,0.6323719857784329,13.954194997439267,0.62726186901490799,0.37273813098509201,27.630478087845166,1.6117304255988207,22.490400642111723,0.053570975409278208,0.31916715557581382,0.28789121574435861,0.1458602460917274,0.088392699697954283,0.061383793708578105,0.015801544344949826,0.010956435168455255,0.012017672022936642,0.0017930457440943118,0.00029519367142228476,0.00047132230835887808,0.0023987005120723538,92.772163924488694
557,3,tier3_voxel_grid,3,20261464,64,64,64,0.16569833107567453,0.83430166892432545,4.0368901137757138,0.36504534878760631,0.63495465121239369,6162.3081754982541,1.2482569959362142,5.0390763263462741,0.091257473219090723,0.54369717799330297,0.16754302222982675,0.084885766278796779,0.051441583627891418,0.035723307108473074,0.0091959683056199674,0.0063762774291043142,0.006993881649649104,0.0010434924253772625,0.00017179280627000924,0.00027429375982386902,0.0013959631667737342,73.707894613459828
558,3,tier3_voxel_grid,3,20261465,64,64,64,0.098309782848321287,0.90169021715167874,10.494045508691157,0.23989536131915148,0.76010463868084854,780.80619438379028,1.1269576091269782,11.826344436544289,0.10924438237546094,0.65086025630538757,0.11010356381149844,0.055784032422101004,0.033805655467815499,0.023476139868004026,0.0060432769426675293,0.0041902722026356158,0.0045961406464656704,0.00068574765642425599,0.00011289637703657836,0.00018025651015436158,0.00091737941434848268,66.426022545015556
559,3,tier3_voxel_grid,3,20261466,64,64,64,0.042903528043172531,0.95709647195682745,2.9932152543475148,0.11485755020191586,0.8851424497980841,349.09617050343985,1.0272263504777106,3.07470958191761,0.12721516923026574,0.75792728056781833,0.05271559040720579,0.026708383476672346,0.016185535012649341,0.01123995019582402,0.002893411448265062,0.0020062263698113893,0.00220054882317707,0.00032832354673507078,5.4052738751551798e-05,8.6303549390989831e-05,0.00043922463343322357,60.077178910310998
560,3,tier3_voxel_grid,3,20261467,64,64,64,0.27675740351800987,0.72324259648199019,12.38904880467371,0.52555043055953266,0.47444956944046734,12.147902407618494,1.4481633263324176,17.941366127070943,0.068189230198330522,0.40626033924213684,0.24120922992875091,0.12220879176892042,0.074059692895943052,0.05143032090183379,0.013239300592328144,0.0091798330244786692,0.010068988755679478,0.0015023007285643038,0.00024732758163360287,0.00039489669996891534,0.0020097476814313346,84.681399620416443
561,3,tier3_voxel_grid,3,20261468,64,64,64,0.16923494548719428,0.83076505451280569,13.195980021156885,0.37094500617957726,0.62905499382042274,418.33415387113581,1.2546229018769497,16.555978747254102,0.090409557820059328,0.53864543600036341,0.17025075822168145,0.086257642239312579,0.052272953538815996,0.036300647084309266,0.0093445883676773738,0.0064793272348142349,0.0071069128270355867,0.0010603567624282314,0.00017456922487872292,0.00027872674113178303,0.0014185239374920255,74.076793272766281
562,3,tier3_voxel_grid,3,20261469,64,64,64,0.27913016249957256,0.72086983750042744,12.204639833921517,0.52849753743626315,0.47150246256373685,1249.7832830545519,1.4524342924992306,17.726437422389726,0.067765663686354422,0.40373679887738245,0.24256184870502523,0.12289409683133976,0.074474994297161215,0.051718724532748679,0.013313542057180931,0.0092313103850906186,0.010125452197203047,0.0015107251166926808,0.00024871451003143801,0.00039711114545769083,0.0020210176583318074,84.902463116039186
563,3,tier3_voxel_grid,3,20261470,64,64,64,0.40037394256524972,0.59962605743475028,4.1229790495162195,0.65903278402198995,0.34096721597801005,16.450295076644263,1.6706730966174494,6.8881501759441308,0.049004769901737237,0.29196244607627281,0.30247295233399679,0.15324809112169877,0.092869804218528099,0.064492892777185978,0.016601895118945473,0.011511380379877508,0.012626369052493579,0.0018838638007201587,0.00031014527857180685,0.00049519485942487579,0.0025201950805468858,95.506788213239375
564,3,tier3_voxel_grid,3,20261471,64,64,64,0.32189263803099805,0.6781073619690019,4.4883638995008592,0.57878962249840571,0.42121037750159429,188.21059007497766,1.5294067484557965,6.8645340374219881,0.06053754338370386,0.36067283411789042,0.26564415328317076,0.13458875940528278,0.081562071308654616,0.05664030374411861,0.014580465253959129,0.010109766412292083,0.011088995198112123,0.0016544864602985371,0.00027238230488128384,0.00043490043697145045,0.0022133386906642871,88.795003654468843
565,3,tier3_voxel_grid,3,20261472,64,64,64,0.06721019507507664,0.93278980492492336,14.463117822006726,0.17257868589085873,0.82742131410914133,113.34687094322261,1.0709783511351378,15.48968607728599,0.11891932481956433,0.70850198928957697,0.079207568875037548,0.040130559241166486,0.024319501486955046,0.016888535676269835,0.0043474821168075165,0.0030144462413918198,0.0033064245535008785,0.00049332104108920237,8.1216694994327906e-05,0.00012967500277892403,0.00065995496086713047,62.902448170646899
566,3,tier3_voxel_grid,3,20261473,64,64,64,0.17416083788317008,0.82583916211682995,1.2803674880007976,0.37906314304495764,0.62093685695504242,578.31476440722258,1.263489508189706,1.6177308877162169,0.089242796294386931,0.5316940606606555,0.17397669854613293,0.088145391996603442,0.053416947888696373,0.037095087274695952,0.0095490948202665259,0.006621127405760179,0.0072624477178120156,0.0010835626856247195,0.00017838967490888932,0.00028482667992285507,0.0014495683545337355,74.588424256219113
567,3,tier3_voxel_grid,3,20261474,64,64,64,0.13216770923235971,0.86783229076764035,12.172147604193817,0.30596904301868838,0.69403095698131168,2720.9687431447028,1.1879018766182474,14.459316981496141,0.099748086495638724,0.59428287048567296,0.14042906818666295,0.071148466239856087,0.043116648839017176,0.029942104798058193,0.0077077591358048238,0.0053443866891722093,0.0058620422981314653,0.000874621139127827,0.00014399109783621008,0.00022990403652050731,0.0011700505585009069,70.144909343495698
568,3,tier3_voxel_grid,3,20261475,64,64,64,0.033429859794866131,0.96657014020513388,2.2462432944487114,0.091006239918130491,0.9089937600818695,886.77284252939614,1.0101737476307591,2.2690960068437174,0.13064314681150987,0.77835061327035959,0.041768674846279677,0.021162122561647078,0.012824448022572373,0.0089058629788878792,0.0022925658433404703,0.0015896135519185904,0.0017435830191533345,0.00026014390357809479,4.2828151065455159e-05,6.8381760779811891e-05,0.00034801527890771704,58.959259501225695
569,3,tier3_voxel_grid,3,20261476,64,64,64,0.33628024187750216,0.66371975812249784,11.682817834133225,0.59459141511255398,0.40540858488744602,97.595972815514855,1.5553044353795038,18.170338395158172,0.058266465183794906,0.34714211970365111,0.27289662232576012,0.13826322691756726,0.083788833651829292,0.058186665839388196,0.014978533013305472,0.010385777636430716,0.011391740782359942,0.0016996563301654173,0.00027981873519411244,0.00044677384700800353,0.0022737660335454112,90.06645808737747
570,3,tier3_voxel_grid,3,20261477,64,64,64,0.43363514873022696,0.56636485126977298,11.725980600060705,0.68908803452403589,0.31091196547596411,328.12554562583614,1.7305432677144084,20.292316784784813,0.044685144535506073,0.26622682094045802,0.3162672590405784,0.16023698435932157,0.097105140149510688,0.06743409706172919,0.017359026067065273,0.012036357936881731,0.013202195770078105,0.0019697775819691528,0.00032428948241947379,0.00051777826636331345,0.0026351288081189772,98.191999031529349
571,3,tier3_voxel_grid,3,20261478,64,64,64,0.42941768804475483,0.57058231195524511,7.3384203881933789,0.68539271716642403,0.31460728283357597,855.97210884047399,1.7229518384805587,12.643744899380998,0.045216245967953886,0.2693910368656221,0.31457123787430719,0.15937769428320905,0.096584402171299141,0.067072473616128059,0.017265936204634024,0.011971811521651476,0.013131397409428211,0.0019592144130783839,0.00032255044111671283,0.00051500161821499944,0.002620997613356742,97.856552021760905
572,3,tier3_voxel_grid,3,20261479,64,64,64,0.34424708433505496,0.65575291566494509,12.411522672257558,0.60311703067456601,0.39688296932543399,62.327978059681378,1.5696447518030989,19.48168142439425,0.057041139670640541,0.33984182965479343,0.27680958109204268,0.14024572967341223,0.084990249222166192,0.059020981860731993,0.015193304385559771,0.010534695271617206,0.011555082532718228,0.0017240270427088999,0.00028383094745059421,0.00045317996382358247,0.0023063686823345795,90.762413653856868
573,3,tier3_voxel_grid,3,20261480,64,64,64,0.17123515475070489,0.82876484524929506,11.622923776181867,0.37425525627425504,0.62574474372574496,132.29995126808589,1.2582232785512688,14.624233260019043,0.089933799340636042,0.5358109443851089,0.17177004700878928,0.087027390756296619,0.052739428478546506,0.036624587879968681,0.0094279778836797914,0.0065371476481779047,0.0071703337073996485,0.0010698192056873301,0.00017612705092720968,0.00028121405112612233,0.0014311826036559055,74.284852183163949
574,3,tier3_voxel_grid,3,20261481,64,64,64,0.35858100201646514,0.64141899798353486,6.4626887671011737,0.6180703558227475,0.3819296441772525,20.559322063209503,1.5954458036296373,10.310869673635962,0.054892005607852075,0.32703763856940044,0.2836726333019457,0.14372289892878035,0.087097446940696183,0.06048431300119296,0.015569998143151829,0.010795886244051381,0.011841572380356177,0.001766771544393838,0.00029086808324428609,0.00046441583846322878,0.0023635514164715319,92.000253943133799
575,3,tier3_voxel_grid,3,20261482,64,64,64,0.22734667892523003,0.77265332107476992,5.3954847070707252,0.45997080458771794,0.540029195412282,50.149868610784658,1.3592240220654142,7.3336724245371041,0.077614518995591394,0.4624146764166906,0.21111047981863168,0.10695924312686038,0.064818321036476473,0.045012704223712535,0.01158726430715388,0.008034348250376043,0.0088125526876719779,0.0013148395180929489,0.00021646536679576756,0.00034562040529650164,0.0017589658466497171,79.952888373955105
576,3,tier3_voxel_grid,3,20261483,64,64,64,0.04967041209147656,0.9503295879085234,8.0743783335209969,0.13141499642349638,0.86858500357650359,163.72300359126672,1.0394067417646577,8.3925632754202066,0.12483548636274551,0.74374951721375804,0.060314877974037569,0.030558566788983457,0.018518782805836034,0.012860260489517673,0.0033105151072525146,0.0022954366582780389,0.002517771928960401,0.00037565347375151728,6.1844784754924007e-05,9.8744754825554263e-05,0.00050254165729869259,60.869961348893135
577,3,tier3_voxel_grid,3,20261484,64,64,64,0.42601047664382352,0.57398952335617648,10.388858446477579,0.68238347064951255,0.31761652935048745,3676.9250281165773,1.7168188579588823,17.835788093578127,0.045648743364267677,0.27196778598621979,0.31319009918084784,0.15867793958873558,0.096160344155299837,0.066777989005255015,0.017190129361223407,0.011919248762782967,0.013073743438315315,0.0019506123970359412,0.00032113426938458305,0.00051274048122448054,0.0026094900094075276,97.584493872416942
578,3,tier3_voxel_grid,3,20261485,64,64,64,0.15908595959463748,0.84091404040536255,10.586578317566566,0.35385183494315231,0.64614816505684769,370.0228890226594,1.2363547272703475,13.088766148541186,0.09286623659760497,0.55328192845924273,0.16240559164729826,0.082282884189778208,0.049864212267232165,0.034627910785751996,0.0089139890970531769,0.0061807593930142688,0.0067794257982546815,0.0010114954503470748,0.00016652506306564426,0.00026588299385127694,0.0013531582575055405,73.014648276171442
579,3,tier3_voxel_grid,3,20261486,64,64,64,0.25006050010355213,0.74993949989644793,14.428651368622642,0.49115206338108458,0.50884793661891536,34.075439037370906,1.400108900186394,20.201683198895157,0.073133060542078368,0.43571487607683701,0.22542158487043332,0.11420997253624236,0.069212332183774108,0.048064099584874391,0.012372760872294252,0.0085789938877346046,0.0094099525296701576,0.0014039720258010183,0.0002311394777492002,0.00036904989080803984,0.0018782055217030902,82.156454547602237
580,3,tier3_voxel_grid,3,20261487,64,64,64,0.31918781435079868,0.68081218564920132,13.149706802398713,0.57575898505754186,0.42424101494245814,4206.7396581515159,1.5245380658314376,20.047228574779432,0.060973115143936378,0.36326789979852175,0.26425319690525334,0.13388403057546658,0.081134998919216439,0.056343725819227947,0.014504119545283288,0.010056830016378101,0.011030931399587383,0.0016458232976966595,0.00027095606643589036,0.00043262322691774505,0.0022017492860784125,88.553856089815781
581,3,tier3_voxel_grid,3,20261488,64,64,64,0.0013398385201321241,0.99866016147986791,14.291053857256228,0.0038686587893078414,0.99613134121069213,39.33044672766551,0.95241170933623776,13.610967032405638,0.14316680572330187,0.85296453548739026,0.0017755788087406644,0.0008995980003368493,0.00054516496456922701,0.0003785866235176908,9.7456559109405837e-05,6.7574184415980452e-05,7.411939860391516e-05,1.105867026225472e-05,1.8206169510819271e-06,2.9068962755427722e-06,1.4794066525228845e-05,55.104174570345698
582,3,tier3_voxel_grid,3,20261489,64,64,64,0.039408836522295515,0.96059116347770446,7.5823893825881807,0.10615191397127546,0.89384808602872456,23.935788149679695,1.0209359057401319,7.7411335719870245,0.12846636782162321,0.76538171820710132,0.048720008462772892,0.024684019641229182,0.014958751228991133,0.010388017366999616,0.0026741051206454619,0.0018541642986528765,0.002033758067770345,0.00030343824003294762,4.9955807552744109e-05,7.9762165693616393e-05,0.00040593357093464139,59.66588155923084
583,3,tier3_voxel_grid,3,20261490,64,64,64,0.29561279421181386,0.70438720578818614,7.0531376990828472,0.54850112836768494,0.45149887163231506,112.09775888552421,1.4821030295812649,10.453476751864519,0.064890691182059396,0.38660818045025569,0.25174279592495419,0.12754562889490614,0.077293867073309305,0.053676274257704132,0.01381745859471493,0.0095807147694518396,0.010508699780022565,0.0015679059455584905,0.00025812833500688155,0.00041214177161080128,0.0020975130204456283,86.423238588868941
584,3,tier3_voxel_grid,3,20261491,64,64,64,0.44040742678375444,0.55959257321624556,8.7290447855131958,0.69495451556009769,0.30504548443990231,84.197824968361843,1.7427333682107582,15.212397620319967,0.043841997335912389,0.26120348710398994,0.31895976824772249,0.16160114566081477,0.097931834903519449,0.068008190402168378,0.017506810373459854,0.012138828248427252,0.013314591323678212,0.0019865470834710373,0.00032705028801105859,0.00052218631907693144,0.0026575627097482342,98.727641103485453
585,3,tier3_voxel_grid,3,20261492,64,64,64,0.057743356994980427,0.94225664300501955,12.623932979896416,0.15066752059335667,0.84933247940664336,2023.2768270506122,1.0539380425909646,13.304843214631552,0.12206845929163705,0.72726402011500635,0.069151111871234655,0.03503544965405047,0.021231816502666121,0.014744310884399927,0.0037955112937735152,0.0026317220971290634,0.002886629869345651,0.00043068735709605137,7.0905152640465371e-05,0.00011321103212011428,0.00057616487890062881,61.809472778444558
586,3,tier3_voxel_grid,3,20261493,64,64,64,0.15388967653847685,0.84611032346152315,6.964906334915451,0.34490311449696698,0.65509688550303302,354.27105767088904,1.2270014177692583,8.5459499475713478,0.094152371937984924,0.56094451356504804,0.1582984425667163,0.080201994802166401,0.048603173460070419,0.033752189756053444,0.0086885591610951288,0.006024451349671482,0.0066079778071372001,0.00098591528055878321,0.00016231373479346718,0.00025915895755017327,0.0013189376211541429,72.466639052003629
587,3,tier3_voxel_grid,3,20261494,64,64,64,0.080613404990433346,0.91938659500956665,4.6944214093977603,0.20243450632371568,0.79756549367628438,69.154428596008458,1.0951041289827799,5.1408802686166482,0.11462836210532468,0.6829371315709597,0.09291034416880592,0.047073078037097697,0.028526734064159336,0.019810223751027152,0.0050995891614546629,0.00353594033681222,0.0038784304025113459,0.00057866474586062348,9.5267045704694526e-05,0.00015210855868191781,0.00077412605160010178,64.433648441633238
588,3,tier3_voxel_grid,3,20261495,64,64,64,0.11219265988183288,0.88780734011816709,14.541545634119053,0.26783339121738042,0.73216660878261952,109.65295854408907,1.1519467877872993,16.751086782685871,0.10522904992555507,0.62693755885706448,0.12292614045805084,0.062280598079237831,0.037742636191392571,0.026210153122452645,0.006747072343208458,0.0046782680914898688,0.0051314036631881707,0.00076560930286240171,0.0001260442025706182,0.00020124904515941806,0.0010242167177675779,67.965669788924757
589,3,tier3_voxel_grid,3,20261496,64,64,64,0.10054233731686944,0.89945766268313054,8.1113087949552209,0.24447148036222266,0.75552851963777734,5947.651191942753,1.1309762071703651,9.173697256106081,0.10858668964067578,0.64694182999710159,0.11220384208406367,0.056848139588085198,0.034450514555123844,0.023923958492411915,0.0061585553480015221,0.0042702036540679866,0.00468381423307139,0.00069882862177535188,0.00011504992956052033,0.00018369498951560913,0.00093487886654562875,66.67500608150381
590,3,tier3_voxel_grid,3,20261497,64,64,64,0.25597278993665423,0.74402721006334582,7.6305844246437324,0.49897193863786765,0.50102806136213229,1806.084959542377,1.4107510218859778,10.764854774653372,0.072009166015973389,0.42901889534615889,0.2290106335689937,0.11602836607441848,0.070314296003659779,0.0488293519193468,0.012569753726070124,0.0087155842983886195,0.0095597730444160704,0.0014263253597770551,0.00023481956385221697,0.00037492571690104576,0.001908109362043721,82.72163553225127
591,3,tier3_voxel_grid,3,20261498,64,64,64,0.073954839548585546,0.9260451604514145,14.833099699343597,0.18776871515370977,0.81223128484629026,453.89536697763486,1.0831187111874538,16.066007829268045,0.11673617097384481,0.69549511387244545,0.086179259978375819,0.04366277045288823,0.026460055155780749,0.018375030661470271,0.0047301387596781859,0.0032797717442583272,0.0035974494008846991,0.00053674216816201002,8.8365225342832744e-05,0.00014108873603749025,0.00071804287083114082,63.675349746426257
592,3,tier3_voxel_grid,3,20261499,64,64,64,0.032073187989863479,0.96792681201013653,2.5986810028582275,0.08752455004916368,0.91247544995083629,45.636031618288477,1.0077317383817543,2.6187733245099625,0.1311435450988013,0.78133190485203496,0.040170701210809338,0.020352508322063031,0.012333814074884285,0.008565145101345692,0.002204857535889481,0.0015287985857770797,0.0016768775345739266,0.00025019139488884296,4.1189644301464918e-05,6.5765631556767798e-05,0.00033470101307376225,58.798406457246635
593,3,tier3_voxel_grid,3,20261500,64,64,64,0.25053757122836728,0.74946242877163272,12.36363524377713,0.49178746675095397,0.50821253324904603,892.0862726649342,1.400967628211061,17.321052743541131,0.0730417385777484,0.43517079467129766,0.22571321274975434,0.11435772596503313,0.06930187217023645,0.048126280105171358,0.012388767511661141,0.0085900925311747436,0.0094221261842131181,0.001405788344254931,0.00023143850286590369,0.00036952733061080699,0.0018806353559780028,82.202187577897789
594,3,tier3_voxel_grid,3,20261501,64,64,64,0.31591122863531862,0.68408877136468138,5.3282334313741977,0.57206168527837609,0.42793831472162391,77.536696828895543,1.5186402115435733,8.0916695453756518,0.061504501495600897,0.36643381322602303,0.26255626587696207,0.13302427951725074,0.080613981581455482,0.055981908374020402,0.014410979743068285,0.0099922489740258986,0.010960095057843431,0.001635254461997966,0.00026921609219215898,0.00042984508918501803,0.0021876105103745777,88.260828833921209
595,3,tier3_voxel_grid,3,20261502,64,64,64,0.083169375931076414,0.91683062406892357,14.142807345250125,0.20797923939538773,0.79202076060461224,64.066042907667338,1.0997048766759374,15.55291420745983,0.11383145743059088,0.67818930317402137,0.09545518233581983,0.048362421723199878,0.029308088629963456,0.020352830862750946,0.0052392682171105293,0.0036327906499383326,0.0039846616064178296,0.00059451452173160712,9.7876434531491731e-05,0.00015627485113434836,0.0007953295627894742,64.723477995832809
596,3,tier3_voxel_grid,3,20261503,64,64,64,0.25657643774180211,0.74342356225819795,6.8440068434472128,0.49976371915543494,0.50023628084456506,3299.6657675243323,1.4118375879352438,9.6626261136648139,0.071895369086949684,0.42834091175761541,0.22937403307893542,0.116212482640159,0.070425872397783543,0.048906835494156073,0.012589699709682128,0.0087294143944567828,0.009574942719227035,0.0014285886867181786,0.00023519218111063309,0.0003755206579291677,0.001911137195276945,82.779147334099193
597,3,tier3_voxel_grid,3,20261504,64,64,64,0.37400736685315988,0.62599263314684017,7.1944617889804618,0.63363224289671405,0.36636775710328595,183.07211424107922,1.6232132603356877,11.678145776851499,0.052655407308777678,0.31371234979450829,0.29081499410898237,0.14734158004170239,0.089290402194014656,0.062007197960491908,0.015962022369136686,0.01106770701819234,0.012139721628941318,0.0018112556375077284,0.00029819161238983665,0.0004761089843412668,0.0024230613410135072,93.312154453277969
598,3,tier3_voxel_grid,3,20261505,64,64,64,0.12176207578882328,0.87823792421117675,13.53550856485449,0.28639565770260089,0.71360434229739911,6559.373068664011,1.1691717364198819,15.825334052097109,0.10256122863559967,0.61104311366179942,0.1314455702677941,0.066596971975528552,0.040358399922923491,0.028026654958411282,0.0072146800386509117,0.0050024967420282847,0.0054870369985478666,0.00081867006514712139,0.00013477973052849703,0.00021519666531673201,0.0010952003377240201,69.014976386662397
599,3,tier3_voxel_grid,3,20261506,64,64,64,0.16547731958425668,0.83452268041574329,6.0746282149374053,0.36467466672666099,0.63532533327333907,3603.7634471905849,1.2478591752516619,7.5802805542522655,0.091310748690315219,0.54401458458302387,0.16737289215425277,0.084799569780488693,0.051389347728157848,0.035687032193187258,0.0091866303411855862,0.0063698026947557485,0.0069867797745738289,0.0010424328202512027,0.00017161836078893341,0.00027401523065883888,0.0013945456483602492,73.684797736122547
600,3,tier3_voxel_grid,3,20261507,64,64,64,0.031135799233215605,0.96886420076678437,5.2129702030379583,0.085109011694166709,0.91489098830583326,3497.2754593120435,1.006044438619788,5.2444796814570047,0.13149071308366436,0.78340027522216893,0.039062053757411085,0.019790811467355146,0.011993420425964645,0.0083287607212284183,0.0021440069751924706,0.0014866061766880261,0.0016305983820490543,0.00024328651037238758,4.0052875639609665e-05,6.3950604739986233e-05,0.00032546379752587451,58.687154384684526
601,3,tier3_voxel_grid,3,20261508,64,64,64,0.063042262051882764,0.93695773794811721,1.9641936222838572,0.16301844983368921,0.83698155016631082,21.117126608329865,1.0634760716933889,2.0888729174716443,0.12029334890819723,0.71668820125811361,0.074819755559326226,0.037907471161249089,0.022972288916597361,0.015952971780348314,0.0041066473052752978,0.002847456804077535,0.0031232605719609999,0.00046599283667951048,7.6717583346091393e-05,0.00012249147585101218,0.00062339583897776834,62.422414783047614
602,3,tier3_voxel_grid,3,20261509,64,64,64,0.063695102669923134,0.93630489733007682,10.239308674841107,0.16452480854020674,0.83547519145979332,36.406751523631122,1.0646511848058615,10.901292112262521,0.12007685078655046,0.71539834067324282,0.075511121415898205,0.038257752060644613,0.023184562481052523,0.016100383916586095,0.0041445944451800705,0.0028737684967272362,0.0031521208068613815,0.00047029880552796358,7.7426485925733557e-05,0.00012362334835569244,0.00062915627744721144,62.49772580006136
603,3,tier3_voxel_grid,3,20261510,64,64,64,0.28112583551917047,0.71887416448082953,13.356524026152663,0.53096289496698146,0.46903710503301854,224.44920668937789,1.4560265039345068,19.447452982516303,0.067411335549052917,0.40162576948396561,0.24369336141418713,0.12346737838071785,0.074822408381494301,0.051959984213209034,0.013375647627871814,0.009274372989860136,0.010172685832287512,0.0015177724107280533,0.0002498747239338138,0.00039896360622361136,0.002030445386468164,85.087975544794787
604,3,tier3_voxel_grid,3,20261511,64,64,64,0.25758918964381472,0.74241081035618528,6.9757328744413245,0.50108937103074047,0.49891062896925953,152.17401530479404,1.4136605413588665,9.8613183116575645,0.071704842660727686,0.42720578630853184,0.22998246083277746,0.11652074290324128,0.07061268105602693,0.049036563675100564,0.012623094608891454,0.0087525696658756185,0.0096003408029317443,0.0014323780999928929,0.00023581604183520391,0.00037651674797196038,0.0019162065960953286,82.875555688865845
605,3,tier3_voxel_grid,3,20261512,64,64,64,0.027518727076849703,0.97248127292315034,3.1509058826664318,0.075711803213580509,0.92428819678641949,662.30020280462918,0.99953370873832936,3.149436642786998,0.13284130638920807,0.79144689039721139,0.034749064386117322,0.017605632980886372,0.010669181430649941,0.0074091506902301931,0.0019072790408802508,0.0013224643555955126,0.0014505578359399782,0.00021642432488844644,3.5630485869829256e-05,5.6889576145732174e-05,0.00028952810637692463,58.257020273070303
606,3,tier3_voxel_grid,3,20261513,64,64,64,0.26248054899796325,0.73751945100203675,8.4153408538960601,0.50744413095162277,0.49255586904837723,4112.8612521684317,1.4224649881963338,11.970527728405385,0.070791518642726772,0.42176435040565047,0.23289907293652204,0.11799844606311838,0.071508183258673641,0.04965843994611252,0.012783179297044155,0.0088635687852603,0.0097220912620081135,0.0014505433604586272,0.0002388066347673049,0.00038129169168036795,0.0019405077159772945,83.339771469181755
607,3,tier3_voxel_grid,3,20261514,64,64,64,0.42823805433149442,0.57176194566850558,12.12074308257348,0.68435329314888271,0.31564670685111729,1073.4850636080712,1.7208284977966901,20.857720110964543,0.045365634919216684,0.2702810719319006,0.31409417867644168,0.1591359919727684,0.096437928266890349,0.066970755669254131,0.017239751758364112,0.011953655815999206,0.01311148314785323,0.0019562431902079599,0.00032206128115488638,0.00051422059875325435,0.0026170227711954414,97.762468022695089
608,3,tier3_voxel_grid,3,20261515,64,64,64,0.16394598990327636,0.83605401009672364,2.2904498587185547,0.36209980317677304,0.63790019682322696,9182.6625548048814,1.2451027818258973,2.851845490723206,0.091680815341528873,0.54621938148169813,0.16619112001988531,0.084200824265112328,0.051026502237667741,0.035435056262907487,0.0091217661710908116,0.006324827339253475,0.006937448120323964,0.0010350725001714875,0.00017040661261444844,0.00027208048746466353,0.0013846991602813033,73.524624893592645
609,3,tier3_voxel_grid,3,20261516,64,64,64,0.4306812020831442,0.5693187979168558,7.2395051451674108,0.68650321367402245,0.31349678632597755,540.77049352728056,1.7252261637496595,12.489783689043094,0.045056642277976101,0.26844014404800143,0.31508091685440276,0.15963592342463079,0.096740891492841874,0.067181146710897185,0.017293911059597367,0.01199120865639108,0.01315267334452035,0.0019623887986661894,0.00032307304827230868,0.00051583604128969983,0.0026252442425127821,97.957200486971672
610,3,tier3_voxel_grid,3,20261517,64,64,64,0.30742501210363371,0.69257498789636629,11.392962341676185,0.56235097333868378,0.43764902666131622,20.945891380410274,1.5033650217865406,17.127781079007256,0.062900152402453377,0.37474887425886283,0.25809938940453803,0.13076620055020974,0.07924556419991341,0.055031618920899937,0.014166354247855161,0.0098226311619725813,0.010774048118016353,0.0016074961180340076,0.00026464616557745214,0.00042254849522114184,0.0021504759564459162,87.497270675019479
611,3,tier3_voxel_grid,3,20261518,64,64,64,0.23203920807720302,0.76796079192279698,5.7209784119836602,0.46656543914269061,0.53343456085730945,255.74645642525883,1.3676705745389655,7.824413831642711,0.076666719518666562,0.4567678413386429,0.21413718597311612,0.10849272549935648,0.065747625973744395,0.045658054606227627,0.01175339175010333,0.0081495372799191348,0.0089388988902830945,0.0013336904669657393,0.00021956884635053128,0.00035057558994069861,0.0017841842666834191,80.412354677717715
612,3,tier3_voxel_grid,3,20261519,64,64,64,0.39411192719819499,0.60588807280180501,5.5733280307935829,0.65313175869153306,0.34686824130846694,652.32123275491506,1.6594014689567509,9.248388721276708,0.049852881904745801,0.29701535940372115,0.29976458850631588,0.15187589706780913,0.092038241539986423,0.063915418935004686,0.016453240596734,0.011408306680272429,0.012513311666856788,0.0018669955533784459,0.00030736821620200403,0.00049076085025291215,0.0024976290787203305,94.99093656407139
613,3,tier3_voxel_grid,3,20261520,64,64,64,0.096704617535643161,0.90329538246435681,12.995820979867201,0.23658499709235864,0.76341500290764142,28.500995803137794,1.1240683115641577,14.608190546229382,0.10972015725827369,0.65369484564936775,0.10858422264174949,0.055014257365422432,0.033339164444777088,0.023152187903385437,0.0059598845515283199,0.0041324497957168126,0.0045327175794513527,0.00067628488691528728,0.00011133849727674755,0.00017776911440156224,0.00090472031173409234,66.246679408760357
614,3,tier3_voxel_grid,3,20261521,64,64,64,0.082390333526368667,0.91760966647363129,3.5372266908294741,0.20629416440044315,0.79370583559955687,32.03799062770743,1.0983026003474634,3.8849452725564642,0.11407364116123951,0.67963219443831735,0.094681791965898446,0.04797058305806369,0.029070630663276295,0.020187929565569269,0.0051968189808784607,0.003603357305033931,0.0039523773570100049,0.00058969768733210803,9.7083426859654833e-05,0.00015500869185445718,0.00078888569866682049,64.635213611592761
615,3,tier3_voxel_grid,3,20261522,64,64,64,0.028311188909749156,0.97168881109025085,14.21015136730149,0.07778108876432345,0.92221891123567656,1447.8276866850231,1.0009601400375483,14.223795102568857,0.13254390283390061,0.78967500840177596,0.035698793936649688,0.018086813990883722,0.010960781710072936,0.0076116508000653839,0.0019594070419713732,0.0013586087381917986,0.0014902031520336932,0.00022233943599810532,3.6604305623776989e-05,5.844442985294302e-05,0.0002974412229800208,58.351373298351405
616,3,tier3_voxel_grid,3,20261523,64,64,64,0.090287386134266914,0.9097126138657331,12.214818919766335,0.22317883324225701,0.77682116675774293,30.587123861397952,1.1125172950416804,13.589197304042385,0.11164692893588149,0.66517423782186147,0.10243126324803557,0.051896857034054021,0.031449990124066962,0.021840261837338407,0.0056221658043235393,0.0038982832181883513,0.0042758697010855124,0.00063796298943759376,0.00010502946603782466,0.00016769577118688476,0.0008534540485023314,65.526944647127792
617,3,tier3_voxel_grid,3,20261524,64,64,64,0.43197036068520922,0.56802963931479078,12.751545942706134,0.68763323549698707,0.31236676450301293,17.558516243425913,1.7275466492333766,22.028890465867441,0.044894232354607121,0.26747253214840583,0.31559955726999483,0.15989869288237815,0.096900132289363297,0.06729173055138471,0.017322377782713151,0.012010946841436021,0.013174323363942822,0.0019656189979186684,0.00032360484417316915,0.00051668513561601691,0.0026295655380661927,98.05975807083631
618,3,tier3_voxel_grid,3,20261525,64,64,64,0.13836392607306131,0.86163607392693864,3.5774025182135882,0.31733387998155443,0.68266612001844562,5242.6650116437586,1.1990550669315103,4.2895026159175478,0.098114700075367961,0.58455141994307769,0.14564513007659455,0.07379118692491754,0.044718162768681784,0.031054266786727736,0.0079940541971065416,0.005542897240402204,0.0060797805187383768,0.0009071078461240534,0.00014933946685703506,0.00023844353406699857,0.0012135106213375939,70.812281171415449
619,3,tier3_voxel_grid,3,20261526,64,64,64,0.1104954569698383,0.88950454303016169,14.941322337473409,0.26448313122619177,0.73551686877380829,1298.5965876569758,1.1488918225457088,17.165963051542732,0.10571055874014383,0.6298063100336645,0.12138848853057482,0.061501545866876374,0.037270523123566081,0.025882296961688093,0.0066626749257454486,0.0046197488219404947,0.0050672162356486927,0.00075603249018567332,0.00012446754759464889,0.0001987316718729958,0.001011405050498435,67.778548657656046
620,3,tier3_voxel_grid,3,20261527,64,64,64,0.23311776449937857,0.7668822355006214,7.9478971824122988,0.46806968948919858,0.53193031051080142,5420.2515690110367,1.3696119760988814,10.88553516583444,0.076450524416466506,0.45547978609433493,0.21482758416633033,0.10884251613156851,0.065959602431612363,0.045805260418532327,0.011791285777670447,0.008175812145669422,0.0089677187312422017,0.0013379904090076401,0.00022027675672171531,0.00035170587823126409,0.0017899366426123438,80.517648559448261
621,3,tier3_voxel_grid,3,20261528,64,64,64,0.28172588278990973,0.71827411721009027,1.2750834498406185,0.53170178730187645,0.46829821269812355,6641.7122944772518,1.4571065890218375,1.8579324963154609,0.067305139858802099,0.40099307283932145,0.24403248710172681,0.12363919660070997,0.07492653186084762,0.052032292154913305,0.013394261289203282,0.0092872792836485012,0.010186842225621249,0.0015198845553073307,0.00025022245165631345,0.00039951880726182891,0.0020332709709801997,85.143679597331712
622,3,tier3_voxel_grid,3,20261529,64,64,64,0.23539965183520845,0.76460034816479161,11.407292621054433,0.4712381983739129,0.5287618016260871,17.658057087788286,1.3737193733033752,15.670418870483113,0.075995137383488384,0.4527666642425987,0.21628181870532717,0.1095793048772228,0.066406103435693309,0.046115330431314307,0.011871104647782557,0.0082311567535451827,0.0090284240003797277,0.0013470476810203392,0.00022176787839962286,0.00035408668439112915,0.0018020532788367105,80.740033457390041
623,3,tier3_voxel_grid,3,20261530,64,64,64,0.24045579960467145,0.75954420039532855,2.8682268541564921,0.4781918390309039,0.5218081609690961,11.094823096042884,1.3828204392884087,3.9662427184434912,0.074995740537085465,0.44681242043201064,0.21947329607941726,0.11119626868064195,0.067385998915975229,0.046795813120757319,0.012046275922537149,0.00835261657249242,0.0091616483790787125,0.0013669248589612839,0.0002250403086503443,0.00035931162492688689,0.0018286445674653121,81.23093482693244
624,3,tier3_voxel_grid,3,20261531,64,64,64,0.020605773316858991,0.97939422668314102,4.8268008697192215,0.057406978208196922,0.94259302179180304,230.24371624832224,0.98709039197034609,4.7644887624539534,0.1354721274636255,0.80712089432817757,0.02634779119368871,0.013349123201096458,0.0080896959244362351,0.0056178420558209438,0.001446156631983687,0.0010027324567693187,0.0010998568062449607,0.00016409946633481079,2.7016111610849388e-05,4.3135396588808302e-05,0.0002195289636221386,57.431210583984509
625,3,tier3_voxel_grid,3,20261532,64,64,64,0.20371518592645801,0.79628481407354201,8.1418811487816036,0.42547440576632939,0.57452559423367067,2485.1825748898627,1.3166873346676242,10.720311788969823,0.082572438723538893,0.4919531555101318,0.19527784167168291,0.098937628120566223,0.059957145868171469,0.041636889538425766,0.010718255042214343,0.0074317967867819175,0.0081516382793740093,0.0012162305891133989,0.00020023112855819497,0.00031969993551232782,0.0016270488059288021,77.605174252131604
626,3,tier3_voxel_grid,3,20261533,64,64,64,0.056472329370492777,0.94352767062950726,2.6842253601487549,0.14767163722520438,0.85232836277479562,35.562230648069381,1.0516501928668871,2.8228661176986276,0.12249903609852342,0.72982932667627221,0.067776106394749722,0.034338802357400562,0.020809641599372444,0.014451133990139756,0.0037200410855038795,0.0025793927534899174,0.0028292319219876088,0.00042212353999123586,6.9495269696382236e-05,0.00011095993615142573,0.00056470837672143261,61.662008270257843
627,3,tier3_voxel_grid,3,20261534,64,64,64,0.084234475291064995,0.91576552470893502,1.2460577440541145,0.21027611592277126,0.78972388407722871,867.96387827954652,1.1016220555239169,1.3726846933063883,0.11350134385825145,0.67622254021897721,0.096509368168798321,0.048896525567344931,0.029631760651422593,0.020577603006405088,0.005297129531651016,0.0036729103830280326,0.0040286673241998246,0.00060108020806704941,9.8957360135955503e-05,0.00015800071588139867,0.00080411300583703947,64.844047655210574
628,3,tier3_voxel_grid,3,20261535,64,64,64,0.31625035212911956,0.68374964787088044,4.4315535340195353,0.57244568406809171,0.42755431593190829,378.22092120621073,1.519250633832415,6.7326405154214575,0.061449312106560711,0.36610500382534755,0.26273250786436236,0.13311357261911713,0.080668094052467013,0.056019486463262887,0.0144206531732636,0.0099989563127820258,0.010967452067315813,0.0016363521333688054,0.00026939680461572125,0.00043013362449206616,0.0021890789530442595,88.29120293857315
629,3,tier3_voxel_grid,3,20261536,64,64,64,0.14305761406948653,0.85694238593051342,14.876905352706398,0.32580309025650339,0.67419690974349655,1156.3982754288945,1.2075037053250757,17.963918337163427,0.096897481289148713,0.57729942845434778,0.14953220079281518,0.075760573485663965,0.045911629799745009,0.031883062991426861,0.0082074046466348704,0.0056908296397543603,0.0062420416036301834,0.00093131732256359159,0.00015332513440452329,0.00024480726815310605,0.0012458975717117217,71.315110305179743
630,3,tier3_voxel_grid,3,20261537,64,64,64,0.27790579975415303,0.72209420024584703,1.8378732339921735,0.52697897415332284,0.47302102584667716,10.541248165348058,1.4502304395574754,2.6653397079833887,0.067983915884144944,0.40503710996253223,0.24186488137557954,0.12254097794256785,0.074261000884087852,0.051570118057689351,0.013275287468082955,0.0092047855140907891,0.010096358135564787,0.001506384260718301,0.00024799986389571451,0.00039597010247825943,0.0020152105485673902,84.788460218304337
631,3,tier3_voxel_grid,3,20261538,64,64,64,0.34968969561829394,0.65031030438170601,9.8851358772267162,0.60885236465324277,0.39114763534675723,196.62828766208162,1.5794414521129292,15.612993364260578,0.05621684129600503,0.33493079405075221,0.2794418983958416,0.14157939471328118,0.08579846295089294,0.059582241161173423,0.015337784926580835,0.010634874826617889,0.011664965447817126,0.0017404216566483317,0.00028653003435134497,0.00045748947311080297,0.0023283010669272589,91.234580821835905
632,3,tier3_voxel_grid,3,20261539,64,64,64,0.43530052902378136,0.56469947097621864,5.436545186630827,0.69053831884770589,0.30946168115229411,4918.9239310441371,1.7335409522428065,9.4244737197430499,0.044476705582307333,0.26498497556998679,0.31693288872052694,0.16057422601038143,0.097309511805164076,0.06757602176358099,0.017395560620152722,0.012061690173628516,0.013229981679285761,0.0019739232606126944,0.00032497199601588074,0.0005188680047787576,0.0026406748135780708,98.324062571025138
633,3,tier3_voxel_grid,3,20261540,64,64,64,0.0026601653942205481,0.99733983460577946,12.88082060676749,0.0076618605942859333,0.99233813940571403,1047.0237983301643,0.95478829770959706,12.298456780238231,0.1426216360620175,0.84971650334369653,0.003516525506032867,0.0017816496219643381,0.0010796966563612525,0.00074978903289967642,0.00019301225839786441,0.00013383035541897532,0.00014679312143139756,2.1901644606587427e-05,3.6057233357815333e-06,5.757094444931013e-06,2.929957939226154e-05,55.264836507695506
634,3,tier3_voxel_grid,3,20261541,64,64,64,0.024431645788093863,0.97556835421190613,5.7240779402773967,0.067594148011013266,0.93240585198898673,1039.4099438616217,0.99397696241856892,5.6896016037240651,0.13400799868894256,0.7983978533000442,0.031023345128017389,0.015717995226986636,0.0095252549558923812,0.006614757635325862,0.0017027847220053849,0.0011806725978939334,0.0012950321733121103,0.00019321977853869484,3.1810262513435369e-05,5.0789999274362493e-05,0.00025848553125306983,57.888847509097836
635,3,tier3_voxel_grid,3,20261542,64,64,64,0.023500073662496564,0.97649992633750349,5.9798495784052328,0.065126669290091768,0.93487333070990819,2258.6888382513634,0.99230013259249372,5.9338055295346805,0.13436263168968238,0.80051069902022576,0.02989085886688848,0.015144220426957853,0.0091775419569625465,0.0063732903753707512,0.0016406257157675381,0.0011375729421189437,0.0012477578984734703,0.00018616642102129978,3.0649050364625682e-05,4.8935944653765921e-05,0.00024904969151248876,57.777554071180411
636,3,tier3_voxel_grid,3,20261543,64,64,64,0.038412364330388971,0.96158763566961103,1.3191743123313526,0.10364990884044847,0.89635009115955155,389.02540782322001,1.0191422557947001,1.344426284455797,0.12882596305536864,0.76752412810418291,0.047571675789461157,0.024102216247571095,0.014606172825780918,0.010143171355477053,0.0026110763491243366,0.0018104615672081936,0.0019858223035428705,0.00029628618779904264,4.8778347042278012e-05,7.7882168053015172e-05,0.00039636569938850775,59.548371757546064
637,3,tier3_voxel_grid,3,20261544,64,64,64,0.20074359202455225,0.79925640797544772,8.0916663610268262,0.4209781780452288,0.57902182195477114,3168.8451169172722,1.311338465644194,10.610913350373657,0.083218649252214907,0.49580317270255625,0.19321423071614374,0.097892098471339936,0.059323544933128157,0.041196889072061905,0.010604989203448245,0.0073532608037064351,0.0080654953257500595,0.001203377995359439,0.00019811517342987393,0.00031632148620256123,0.0016098548646584112,77.305926162602219
638,3,tier3_voxel_grid,3,20261545,64,64,64,0.40871673881027204,0.59128326118972796,8.8012662972696845,0.66677203112211569,0.33322796887788431,725.57118581551561,1.6856901298584896,14.836207727563682,0.047892463481700634,0.28533550539618369,0.30602499553423196,0.15504773580337189,0.09396040605262973,0.065250254847033937,0.016796856844326958,0.011646562451821958,0.012774644817286742,0.0019059866568363255,0.00031378742051982328,0.00050101010181147199,0.0025497905922448635,96.188923006435402
639,3,tier3_voxel_grid,3,20261546,64,64,64,0.0023318039045860223,0.99766819609541402,12.230568376325696,0.0067202674893293637,0.99327973251067059,2399.3505462915882,0.95419724702825492,11.670374674280813,0.14275696447861352,0.85052276803205706,0.0030843672685998027,0.001562696408336148,0.00094700892150053142,0.00065764481089739825,0.00016929230037421384,0.00011738347044297187,0.00012875319636437954,1.9210074159044727e-05,3.1626032620640723e-06,5.0495847784182119e-06,2.5698850614390553e-05,55.224896492500108
640,3,tier3_voxel_grid,3,20261547,64,64,64,0.14529195933418065,0.8547080406658194,14.27672207303249,0.32979320644100013,0.67020679355899992,78.531796799609367,1.2115255268015253,17.296613230529651,0.096324010537887209,0.57388278302111273,0.15136352428952324,0.076688414563457014,0.046473910338509568,0.032273535425415327,0.0083079208758930663,0.005760525330580744,0.0063184879970862367,0.00094272318221562098,0.00015520291002597603,0.00024780542707778387,0.0012611561012155343,71.553653234878865
641,3,tier3_voxel_grid,3,20261548,64,64,64,0.10512421300567543,0.89487578699432457,4.8419764479257781,0.25376193925008511,0.74623806074991483,149.24784653367746,1.1392235834102158,5.5160937597938728,0.10725143868766153,0.63898662206225332,0.11646783713329269,0.059008495073772281,0.035759710575313457,0.024833122017250728,0.0063925941208860301,0.0044324808711574326,0.0048618095702218046,0.00072538566053768905,0.000119422082251091,0.0001906758068505084,0.00097040633855138077,67.184329904289726
642,3,tier3_voxel_grid,3,20261549,64,64,64,0.17330935526207822,0.82669064473792175,3.507379350060059,0.37766800897106884,0.62233199102893111,831.69314968780975,1.2619568394717406,4.4261613594302398,0.089443308898148222,0.53288868213078289,0.17333638089811615,0.087820974700733134,0.053220347914549521,0.036958559571646045,0.0095139495738795175,0.0065967584830072768,0.0072357184288878379,0.0010795746555256542,0.00017773311539245589,0.00028377838120639067,0.001444233248124825,74.500165740845276
643,3,tier3_voxel_grid,3,20261550,64,64,64,0.33594831565990052,0.66405168434009942,2.2652343338767444,0.59423279561265663,0.40576720438734337,5306.1459541130498,1.5547069681878209,3.5217756034564713,0.058318006989725828,0.34744919739761754,0.27273202854297968,0.13817983538511133,0.083738297588143426,0.058151571365311294,0.014969498920511835,0.010379513599837929,0.011384870013158611,0.0016986312062103298,0.00027964996643572358,0.0004465043816078835,0.0022723946433485325,90.037337735258944
644,3,tier3_voxel_grid,3,20261551,64,64,64,0.040850050181718549,0.9591499498182815,14.824751281265039,0.10975509079935876,0.89024490920064125,278.34061876276462,1.0235300903270934,15.173579017989899,0.12794850908594088,0.76229640011470035,0.050373740355017321,0.025521883832912973,0.015466504916974077,0.010740623948136047,0.0027648738429991247,0.0019171012876003691,0.0021027911136153824,0.00031373802262129501,5.1651486900089119e-05,8.2469579780024174e-05,0.00041971241280204849,59.835655091171198
645,3,tier3_voxel_grid,3,20261552,64,64,64,0.43680594453351052,0.56319405546648948,10.08970722150265,0.69184498952613127,0.30815501047386873,70.273759512075912,1.7362507001603187,17.518261227746599,0.044288907187233148,0.26386610328663557,0.31753260477018924,0.16087807248364991,0.097493645664701187,0.067703892446196332,0.017428477358263729,0.012084513898904808,0.013255016103393137,0.0019776584156007745,0.00032558692406102084,0.00051984983241860363,0.0026456716287525227,98.443248192212323
646,3,tier3_voxel_grid,3,20261553,64,64,64,0.31472273012234642,0.68527726987765358,6.2803747169711119,0.57071347581843135,0.42928652418156865,111.05875979688187,1.5165009142202235,9.5241939999322689,0.06169826996150584,0.3675882542200628,0.26193748498229191,0.13271077382955518,0.080423994145888911,0.055849972709741673,0.014377016588889865,0.0099686996874024658,0.010934264794745688,0.0016314005672313384,0.00026858161571592686,0.00042883204945440225,0.0021824548475139782,88.154295095516815
647,3,tier3_voxel_grid,3,20261554,64,64,64,0.12051454933175203,0.87948545066824801,8.2290876522504952,0.28400683251777448,0.71599316748222552,51.008983145359842,1.1669261887971536,9.6027378913183874,0.10290455732830731,0.61308861015391825,0.13034918322335212,0.066041486863901891,0.040021770649531052,0.027792884726878596,0.0071545024175408509,0.0049607709341014808,0.0054412696420266422,0.00081184154098102625,0.00013365553326491657,0.00021340171067976929,0.0010860652755161205,68.878735626710153
648,3,tier3_voxel_grid,3,20261555,64,64,64,0.32306870699705853,0.67693129300294141,10.036305454934954,0.5801013462212562,0.4198986537787438,205.87200936093552,1.5315236725947052,15.370839389624255,0.060349018750833927,0.35954963502790988,0.2662461885031423,0.13489378088749054,0.081746917234810937,0.056768668917236108,0.014613509284847689,0.010132678399515071,0.011114126433190511,0.0016582360595566242,0.00027299961092325329,0.00043588606145067145,0.0022183548290924692,88.899645551429927
649,3,tier3_voxel_grid,3,20261556,64,64,64,0.280446463175548,0.719553536824452,14.627323986121374,0.53012499821905157,0.46987500178094843,113.80204729032147,1.4548036337159864,21.279884086550382,0.067531760432764806,0.40234324134818361,0.24330879617063325,0.12327253818415936,0.074704333364860542,0.05187798770797783,0.013354539916287661,0.0092597373777656682,0.010156632619422014,0.0015153772592417598,0.00024948040406596873,0.00039833401362615134,0.0020272412010113317,85.02486583574786
650,3,tier3_voxel_grid,3,20261557,64,64,64,0.12428269723944248,0.87571730276055748,10.548448664625912,0.29119437579725921,0.70880562420274074,9828.1994520484532,1.1737088550309964,12.380807604511322,0.10187154333732981,0.6069340808654109,0.13364801370414589,0.06771284117910524,0.041034627298489008,0.028496257107272539,0.0073355660043333791,0.0050863163495845146,0.0055789753468531806,0.00083238733616544148,0.00013703803966931471,0.00021880240480331975,0.0011135510268373643,69.289744489059245
651,3,tier3_voxel_grid,3,20261558,64,64,64,0.19707548972101294,0.80292451027898704,9.9042781186560145,0.41537724563121836,0.58462275436878164,6310.4245670756764,1.3047358814978232,12.922467041744257,0.084023631054927189,0.50059912331385448,0.19064359902047928,0.096589686479465336,0.058534270849438561,0.040648782297426869,0.010463894413082549,0.0072554288519996015,0.0079581874020595595,0.0011873675720833151,0.0001954793368130613,0.00031211296576678335,0.0015884364426034111,76.935287162431877
652,3,tier3_voxel_grid,3,20261559,64,64,64,0.06215399979511995,0.93784600020488007,14.322863647280156,0.16096352713472015,0.83903647286527983,15.007225958423785,1.061877199631216,15.209122340473597,0.12058868819394054,0.7184477846713393,0.07387661805441785,0.037429630014868195,0.022682712626366709,0.015751877217978869,0.0040548811231475718,0.0028115632986062075,0.0030838904328714342,0.00046011878218674216,7.5750522847179964e-05,0.00012094741433887498,0.00061553764709049922,62.319873410541078
653,3,tier3_voxel_grid,3,20261560,64,64,64,0.44268974146763818,0.55731025853236182,3.6076042696124491,0.69691312285271201,0.30308687714728799,94.877993765459678,1.7468415346417487,6.3019129787099359,0.043560500772006315,0.2595263763752817,0.3198587003564477,0.1620565901184006,0.098207838586820292,0.068199859546978298,0.017556150244919268,0.012173039404695515,0.013352116161751561,0.001992145817658227,0.00032797202182932697,0.0005236580095397572,0.0026650525836714183,98.907325914628132
654,3,tier3_voxel_grid,3,20261561,64,64,64,0.0091593652917177602,0.99084063470828221,4.0653294748858029,0.026061662769759811,0.97393833723024015,13.884187178613461,0.96648685752509189,3.9290875089865116,0.13997716460085294,0.83396117262938718,0.011961389891097175,0.006060244903977146,0.0036725661874753364,0.0025503921251802493,0.00065652726604636014,0.00045522122836424316,0.00049931381295538013,7.4497998079695783e-05,1.226479449238134e-05,1.9582639505258827e-05,9.9661922586584162e-05,56.053152658205796
655,3,tier3_voxel_grid,3,20261562,64,64,64,0.17530107517331328,0.82469892482668672,4.8632998384647195,0.38092610230871282,0.61907389769128718,329.83902889505475,1.2655419353119639,6.1547098895730024,0.088975046534942245,0.53009885115634492,0.17483173156155754,0.088578594953921633,0.053679473010794489,0.037277396311451882,0.0095960251931669106,0.0066536678699635303,0.0072981400411140226,0.0010888880072237243,0.00017926639611887089,0.00028622650080141509,0.001456692462598773,74.706494453874072
656,3,tier3_voxel_grid,3,20261563,64,64,64,0.076930237382973554,0.92306976261702645,14.342256959009399,0.19436207916250672,0.8056379208374933,49.816770683016372,1.0884744272893523,15.611179929494483,0.11578855410339962,0.68984936673409369,0.089205382996691382,0.045195957379116969,0.027389181049793983,0.019020256708443543,0.0048962341959128486,0.0033949385810658314,0.0037237712611788618,0.00055558948514272222,9.1468106969986253e-05,0.00014604296599786851,0.00074325643219271117,64.014780049931986
657,3,tier3_voxel_grid,3,20261564,64,64,64,0.070600887337587084,0.92939911266241293,14.692285053218562,0.18025787524520553,0.81974212475479447,2164.0237504136517,1.0770815972076566,15.824789851750829,0.11781565006813044,0.70192647468666403,0.082732047674659109,0.041916238403792869,0.025401640083373332,0.017640020500170602,0.0045409309092656683,0.0031485792797021606,0.0034535496755930249,0.00051527222044517025,8.4830573361614222e-05,0.00013544511799172941,0.00068932080685024481,63.291607192972137
658,3,tier3_voxel_grid,3,20261565,64,64,64,0.050864913070590545,0.94913508692940951,3.6023684643951586,0.13429752952363902,0.86570247047636095,146.91703512246528,1.041556843527063,3.7520715269968545,0.12442120057605643,0.74128126990030452,0.061637859649819451,0.031228856197798714,0.018924984577817595,0.013142344936090494,0.0033831298744776001,0.0023457861033706253,0.0025729982054231741,0.00038389327591825618,6.3201324297433871e-05,0.00010091067981126037,0.00051356469881440976,61.009406501837681
659,3,tier3_voxel_grid,3,20261566,64,64,64,0.40289998818039924,0.59710001181960082,6.7965360282637324,0.66139073170531149,0.33860926829468851,5515.3047243248748,1.6752199787247184,11.385692940669752,0.04866587901062893,0.2899433892840596,0.30355516768733737,0.15379639613807228,0.093202082285745308,0.064723641339020185,0.016661294895532548,0.011552566847920743,0.012671544828840232,0.0018906040606773223,0.00031125494467466511,0.00049696661281845912,0.0025292120646723606,95.713942270184887
660,3,tier3_voxel_grid,3,20261567,64,64,64,0.41066206326031757,0.58933793673968249,9.1026440960880901,0.66855683975592883,0.33144316024407117,1996.6252343108679,1.6891917138685717,15.376110981406677,0.047635945751197506,0.28380721449287366,0.30684416014926974,0.155462766015496,0.094211918317889415,0.065424916069721256,0.016841818500961274,0.011677737852480672,0.012808839857419752,0.0019110885826554532,0.00031462736351560737,0.00050235120058826957,0.0025566158459313379,96.347142510182152
661,3,tier3_voxel_grid,3,20261568,64,64,64,0.35946619309923883,0.64053380690076112,6.9617441370855095,0.61897795838109637,0.38102204161890363,10.474822177152724,1.5970391475786299,11.118177922351567,0.054761562408477203,0.32626047921042645,0.28408919106967051,0.14393394815567206,0.087225344784241529,0.060573130911165014,0.015592861834987365,0.010811739413326424,0.011858961082606713,0.0017693659519052213,0.00029129520713723375,0.00046509780775548818,0.0023670221626287766,92.076098395816103
662,3,tier3_voxel_grid,3,20261569,64,64,64,0.1673910863952475,0.83260891360475253,1.9029263225812874,0.3678766342577266,0.63212336574227335,2704.1163543714279,1.2513039555114456,2.3811392344928137,0.090850552886320879,0.54127281285595241,0.16884248303938043,0.085544138827531868,0.051840563669054381,0.036000376466285136,0.0092672920782248258,0.0064257317275865089,0.007048126075883154,0.0010515857347481764,0.00017312522833175822,0.00027642117752502111,0.0014067902331753093,73.884626746391291
663,3,tier3_voxel_grid,3,20261570,64,64,64,0.13911222122138642,0.86088777877861355,5.4785944159857323,0.31869207893100637,0.68130792106899363,28.618812519509657,1.2004019981984955,6.5765156842683927,0.09791949589185793,0.58338842517713574,0.14626849579687101,0.074107015517080654,0.044909557906501217,0.03118718002160888,0.008028268999550588,0.0055666210142686183,0.0061058021698584168,0.00091099029612818445,0.00014997864445448773,0.00023946407986403804,0.0012187044848202618,70.892601589375118
664,3,tier3_voxel_grid,3,20261571,64,64,64,0.33361136491766219,0.66638863508233781,11.114162464487677,0.59170008591056211,0.40829991408943789,1352.2263321068199,1.5505004568517919,17.232513978713182,0.058682015171049172,0.34961789891838874,0.27156960354748522,0.13759089210850728,0.08338139234779951,0.057903720607028732,0.01490569666080588,0.010335274549096496,0.011336345981916475,0.0016913913840934541,0.00027845805614667274,0.00044460131266306019,0.0022627093550192968,89.832030927490095
665,3,tier3_voxel_grid,3,20261572,64,64,64,0.13268912002621608,0.86731087997378387,3.3449648069899895,0.30693360954647286,0.69306639045352714,21.643620293296298,1.1888404160471888,3.9766293528051837,0.099609456273922481,0.59345693417960466,0.14087177042007989,0.071372761574969384,0.043252573950427267,0.030036497197284864,0.0077320578243037395,0.0053612348528329938,0.0058805223696100986,0.00087737837975247377,0.00014444502935784858,0.00023062880833415994,0.0011737391395201199,70.20122568076232
666,3,tier3_voxel_grid,3,20261573,64,64,64,0.20674680520853891,0.79325319479146106,1.1227734722606282,0.43002396644094459,0.56997603355905535,23.785623273256036,1.3221442493753701,1.4844684897006062,0.081918563032370106,0.48805747052668524,0.19736593058385393,0.09999555954026304,0.060598262394352856,0.042082109163131827,0.010832864407618418,0.0075112643409864441,0.0082388030358127202,0.001229235636619202,0.00020237218253459441,0.00032311845901120714,0.0016444466967603334,77.909534724464223
667,3,tier3_voxel_grid,3,20261574,64,64,64,0.34807216170814176,0.6519278382918583,2.6198336980733252,0.60715527825793858,0.39284472174206142,606.31513706018427,1.5765298910746552,4.1302461346572503,0.056460751338988792,0.33638397040307261,0.27866299521408971,0.14118476297893595,0.085559312357637224,0.05941616442936349,0.015295033107512471,0.010605231677585701,0.011632451072719876,0.0017355704873221309,0.00028573137403338652,0.00045621428850795855,0.0023218112702306413,91.094530513937542
668,3,tier3_voxel_grid,3,20261575,64,64,64,0.14123043717186518,0.85876956282813488,1.5775849439236871,0.32252028993882748,0.67747971006117247,901.61570843863217,1.2042147869093573,1.8997511170784733,0.097369294609205362,0.58011041545196707,0.14802551049138507,0.074997207998521886,0.045449023036951683,0.031561808428634548,0.0081247066263059175,0.0056334886939256486,0.0061791466318752786,0.0009219333452662558,0.00015178022640646041,0.00024234058382230467,0.0012333438757323901,71.119644556143598
669,3,tier3_voxel_grid,3,20261576,64,64,64,0.13729883729788001,0.86270116270211994,12.273344702965584,0.31539541127087395,0.68460458872912611,1934.750342129671,1.1971379071361838,14.692886191269187,0.098393302265482152,0.58621128646364395,0.14475544087122866,0.073340425389508079,0.044444996980864716,0.030864568401850912,0.007945221642784021,0.0055090378464173534,0.0060426415145322567,0.00090156667864131743,0.00014842721039141945,0.00023698697566207873,0.0012060977589931192,70.697854374407186
670,3,tier3_voxel_grid,3,20261577,64,64,64,0.24561952673024792,0.75438047326975211,5.3022245232705245,0.48519958957637355,0.51480041042362645,3645.1921372348593,1.3921151481144463,7.3813070775487954,0.073988566864905597,0.44081184355872083,0.22268960799606033,0.11282581491898876,0.06837351947177861,0.047481590999332718,0.012222810295934479,0.0084750215333562542,0.0092959094458422153,0.0013869567115445793,0.00022833820337998478,0.00036457722343789003,0.0018554427767176807,81.729654112833401
671,3,tier3_voxel_grid,3,20261578,64,64,64,0.047743564333391907,0.95225643566660811,11.206549943990238,0.12673996823973596,0.87326003176026401,880.96011647033549,1.0359384158001053,11.609295595562005,0.12550739459818153,0.74775263716208251,0.058169203872126006,0.029471459800573727,0.017859985606867787,0.01240276262492658,0.0031927450517004454,0.0022137775526695409,0.0024282033481399993,0.00036228977383209276,5.9644684921445847e-05,9.5231955492361566e-05,0.00048466396848596442,60.644707225068018
672,3,tier3_voxel_grid,3,20261579,64,64,64,0.43009122057080029,0.56990877942919971,10.246723394261711,0.68598504632495683,0.31401495367504317,190.88474748940413,1.7241641970274406,17.667033613229535,0.045131114750758324,0.26888383892428486,0.31484309620014267,0.15951543145662689,0.096667872211514974,0.067130438897728947,0.017280857748454406,0.011982157784264319,0.013142745807774261,0.0019609076026843105,0.00032282919521868362,0.00051544669221056428,0.0026232627283367411,97.910220142546436
673,3,tier3_voxel_grid,3,20261580,64,64,64,0.042569223181204228,0.95743077681879574,14.231178631973098,0.11402937700058796,0.88597062299941198,157.68219833663545,1.0266246017261675,14.610078095143328,0.1273341966184369,0.75863642638097506,0.05233548793078454,0.026515804343587197,0.016068830222036392,0.011158905236044908,0.0028725486854979999,0.0019917605997130869,0.0021846819031499133,0.00032595619028098565,5.3662994850400176e-05,8.5681263031412713e-05,0.00043605763161111432,60.037888954876308
674,3,tier3_voxel_grid,3,20261581,64,64,64,0.0069832858242153658,0.99301671417578463,6.3758714113505892,0.019950796017653528,0.98004920398234652,144.2403957737167,0.96256991448358753,6.1372219991820876,0.14085543560479152,0.83919376837755499,0.0091567162046852779,0.0046392554060888354,0.0028114330046765169,0.0019523832191375554,0.00050258656481876485,0.00034848221121711606,0.00038223608827555277,5.7029913115756766e-05,9.3889793325031073e-06,1.4990956245124613e-05,7.6293470060523013e-05,55.789676154599732
675,3,tier3_voxel_grid,3,20261582,64,64,64,0.065041875651580441,0.93495812434841952,10.254988661574428,0.16762185880753905,0.8323781411924609,574.43953861972454,1.0670753761728449,10.942845883697792,0.11963173398759543,0.71274640720486548,0.076932558953754504,0.038977924187257346,0.023620993655578879,0.016403460995085356,0.0042226131795479764,0.0029278649309976046,0.0032114570046918021,0.00047915181106743211,7.8883978695745157e-05,0.00012595046076792143,0.00064099965009447701,62.652945717487711
676,3,tier3_voxel_grid,3,20261583,64,64,64,0.14573975097150665,0.8542602490284934,9.4697158823237046,0.33058969272352695,0.66941030727647299,10.231901183643011,1.2123315517487121,11.480435350236922,0.096209537283051941,0.57320076999342107,0.15172908358066978,0.076873625383557562,0.04658614986120764,0.032351479505987484,0.0083279854038600821,0.0057744376226363317,0.0063337478293620424,0.00094499996071860414,0.00015557774184915988,0.00024840390400074152,0.0012642019296775068,71.601396767161418
677,3,tier3_voxel_grid,3,20261584,64,64,64,0.27543930019362395,0.72456069980637605,12.811192088482768,0.52390574541228052,0.47609425458771948,56.384202189321115,1.4457907403485231,18.522302894354642,0.068425608986158293,0.40766864560156119,0.24045437708347481,0.12182634515105355,0.07382792659944068,0.051269372151747906,0.013197868829022335,0.0091511051723988206,0.010037478332908663,0.0014975993496836031,0.00024655358169684038,0.000393660889475056,0.0020034582713782303,84.558361279561481
678,3,tier3_voxel_grid,3,20261585,64,64,64,0.069143553373220007,0.93085644662678002,7.4017306509473784,0.17696801706936396,0.82303198293063606,1330.807352152789,1.0744583960717959,7.9528516433723704,0.11828847776346776,0.70474350516716833,0.08122211806367069,0.04115123171864439,0.024938038738941678,0.017318075255972221,0.0044580550922870329,0.0030911150536786208,0.0033905194827625073,0.00050586806806120579,8.3282343887837267e-05,0.00013297313041173175,0.00067674012104603724,63.124494324422969
679,3,tier3_voxel_grid,3,20261586,64,64,64,0.25496906741851494,0.74503093258148501,14.747792157674125,0.49765269271068802,0.50234730728931198,755.9138660538872,1.4089443213533268,20.778818013054085,0.072198771761264199,0.43014853552804777,0.22840514592084765,0.11572159541753776,0.070128390060975793,0.048700250623946756,0.012536520201046578,0.0086925409201977968,0.0095344976918821465,0.0014225542580857343,0.00023419871781009321,0.00037393444026459429,0.0019030644580930874,82.625927866477284
680,3,tier3_voxel_grid,3,20261587,64,64,64,0.24131603579100355,0.75868396420899642,3.1813417958392676,0.47936580739373047,0.52063419260626953,437.25550901951766,1.3843688644238064,4.4041505292499998,0.074827014493066182,0.44580717811320336,0.22001210641671759,0.11146925724054708,0.067551432585828602,0.046910697565936993,0.012075849716292388,0.0083731223753994687,0.0091841403675872926,0.0013702806806374418,0.00022559278608963234,0.00036019374052491724,0.0018331339181690163,81.314201496807726
681,3,tier3_voxel_grid,3,20261588,64,64,64,0.012715538839161083,0.9872844611608389,3.8753278154321364,0.035942197754701574,0.96405780224529847,292.35821913817597,0.97288796991048987,3.7702598110934247,0.1385571062469895,0.825500695998309,0.016496209189912143,0.0083578136477696612,0.0050649147502066878,0.0035173004472157459,0.00090543082519555299,0.00062780535365497645,0.0006886143821844006,0.00010274178600824868,1.6914640978987987e-05,2.7006837893464574e-05,0.00013744589368170157,56.482705852680169
682,3,tier3_voxel_grid,3,20261589,64,64,64,0.20518047730316716,0.79481952269683287,5.681180580897081,0.4276780723657968,0.5723219276342032,14.645577911725226,1.3193248591457007,7.495322769673332,0.082255721544917199,0.49006620608928597,0.19628924741425138,0.0994500574078864,0.060267682901559198,0.041852540166379015,0.010773768277137509,0.0074702884143183924,0.0081938581938124384,0.0012225298322409673,0.00020126818894114005,0.00032135576265537652,0.0016354758066149438,77.752400144614171
683,3,tier3_voxel_grid,3,20261590,64,64,64,0.20442240297900074,0.79557759702099928,4.0768613322493445,0.4265390978577136,0.5734609021422864,591.51742013700061,1.3179603253622014,5.3731414879079242,0.082419418173440465,0.49104148396884595,0.19576649802993307,0.09918520613882692,0.060107180507535579,0.041741080216879285,0.010745076024210501,0.0074503938519788464,0.0081720366504399299,0.0012192740414855724,0.00020073217984620576,0.0003204999413137178,0.0016311202752639514,77.676259694980715
684,3,tier3_voxel_grid,3,20261591,64,64,64,0.25452915683931782,0.74547084316068224,1.5837765926391056,0.49707342784319819,0.50292657215680181,9802.8463934108695,1.4081524823107721,2.2301989403504532,0.072282025341706163,0.43064454681509562,0.22813928364676817,0.11558689614710857,0.070046761018933076,0.048643563812767777,0.01252192776375163,0.0086824228526417649,0.0095233995914941281,0.0014208984131242239,0.00023392611185170967,0.00037349918273024859,0.0019008493020268411,82.583949989175949
685,3,tier3_voxel_grid,3,20261592,64,64,64,0.13939814647789411,0.86060185352210583,11.430188547307619,0.31921024531863224,0.68078975468136771,16.25736836840434,1.2009166636602093,13.726703895239801,0.097845023557256522,0.58294473112411116,0.14650631600986394,0.074227507261516307,0.044982577052343632,0.031237887740690699,0.0080413222864736261,0.0055756718696018323,0.0061157296881843388,0.00091247148936176073,0.00015022249705565273,0.00023985342822075123,0.0012206859953196785,70.923276523683228
686,3,tier3_voxel_grid,3,20261593,64,64,64,0.16478334905768383,0.83521665094231623,10.938778067753299,0.36350919663722231,0.63649080336277764,105.22263344802691,1.2466100283038308,13.636390436651265,0.091478253338515697,0.54501255002426197,0.16683798222661902,0.084528557365330978,0.051225111620861082,0.035572979388326063,0.0091572706300175853,0.0063494453318958593,0.0069644506039685554,0.0010391012911292125,0.00017106988269449005,0.00027313950063281303,0.001390088795746632,73.61224082373711
687,3,tier3_voxel_grid,3,20261594,64,64,64,0.24312903544713929,0.75687096455286074,10.1628524454761,0.48183143684360319,0.51816856315639681,186.13095107409742,1.3876322638048508,14.102301945630664,0.074472647274776926,0.44369591588161988,0.22114374392724206,0.11204260202060559,0.06789888498855684,0.047151983856382917,0.012137962136981317,0.0084161897298034426,0.0092313792123543091,0.0013773287519613865,0.00022675312795899843,0.00036204640560991066,0.001842562686146382,81.489450003107521
688,3,tier3_voxel_grid,3,20261595,64,64,64,0.090470840881163236,0.90952915911883681,8.3693792188748617,0.22356595075768326,0.77643404924231674,143.54734819300981,1.1128475135860938,9.3138428539840135,0.11159129131478653,0.66484275792753023,0.10260893662124256,0.051986875348343023,0.031504542080720455,0.021878145124816444,0.0056319177992859007,0.0039050450319855173,0.0042832864620342258,0.00063906957577383879,0.00010521164615476691,0.00016798664989319507,0.00085493441743332251,65.547581277551117
689,3,tier3_voxel_grid,3,20261596,64,64,64,0.15840054175105966,0.84159945824894034,10.90293607191651,0.35267921003595581,0.64732078996404419,47.532527651899123,1.2351209751519074,13.466445033164428,0.093034769556392172,0.55428602040765196,0.16186739790905127,0.082010208030129636,0.049698967914912545,0.034513157811027213,0.0088844491466969436,0.0061602770563583013,0.0067569595489308616,0.0010081434689767268,0.00016597321786564803,0.00026500188772096657,0.0013486740442856639,72.94252566530858
690,3,tier3_voxel_grid,3,20261597,64,64,64,0.25537817707534949,0.74462182292465051,11.687977712609781,0.49819081556787492,0.50180918443212508,37.621926034004076,1.4096807187356291,16.47631682247777,0.072121431226574759,0.4296877532055503,0.22865212545400285,0.11584672773667608,0.070204221439329181,0.048752911281460191,0.01255007621745839,0.0087019403568424827,0.0095448075549954166,0.0014240924974504101,0.00023445196206059853,0.00037433878384063269,0.001905122283758657,82.664949534218565
691,3,tier3_voxel_grid,3,20261598,64,64,64,0.069637430665733899,0.93036256933426609,3.9040155632747662,0.17808471824785946,0.82191528175214057,1273.3229109261804,1.0753473751983211,4.1981728887009151,0.11812798232068977,0.7037872994314508,0.081734644770267914,0.041410903662297008,0.025095402412391367,0.017427355539313124,0.0044861862510003252,0.0031106205659201637,0.0034119142927672369,0.00050906018987576939,8.3807871003457055e-05,0.00013381221565378888,0.00068101047736929916,63.181152591372211
692,3,tier3_voxel_grid,3,20261599,64,64,64,0.10190386566138207,0.8980961343386179,12.918885747380124,0.24724630779578061,0.75275369220421939,19.116007785493291,1.1334269581904877,14.642613375863498,0.10818788361614788,0.64456580858807155,0.11347739063338384,0.057493383675624683,0.034841538623641401,0.024195502871517758,0.0062284568690517475,0.0043186717953359616,0.0047369769832145102,0.00070676054425638981,0.00011635578208900518,0.00018577998485150605,0.00094549003281377904,66.82658821640571
693,3,tier3_voxel_grid,3,20261600,64,64,64,0.014341692992089318,0.98565830700791068,5.367710017066015,0.040417142402041972,0.95958285759795803,168.88832681415388,0.97581504738576064,5.2378922046562959,0.13791395458169839,0.82166890301625961,0.018550051960451921,0.0093983942405817134,0.0056955165098808869,0.0039552181537727184,0.0010181605155833878,0.00070596958351324909,0.00077434957469178171,0.00011553354149558984,1.9020580149074089e-05,3.0369295178290468e-05,0.00015455844674335713,56.678705853615533
694,3,tier3_voxel_grid,3,20261601,64,64,64,0.23675802508243171,0.76324197491756829,4.1576530072695261,0.47311538331924258,0.52688461668075748,7597.1442830711239,1.376164445148377,5.7216142438685482,0.075725343068967499,0.45115927361178998,0.21714338081006135,0.11001581580130539,0.066670633217187344,0.04629903159207182,0.011918393384150166,0.0082639456989102265,0.0090643888726503717,0.001352413667131351,0.00022265129431141861,0.00035549719439556928,0.0018092317870675525,80.872168575196412
695,3,tier3_voxel_grid,3,20261602,64,64,64,0.0094596009458282164,0.99054039905417179,4.1802075626702333,0.02690089834407677,0.97309910165592328,33.986174167857996,0.96702728170249075,4.0423747562811903,0.13985654729723684,0.83324255435868644,0.012346569609044102,0.0062553964243318681,0.0037908298692976346,0.0026325196478490121,0.00067766870441285148,0.00046988022585042147,0.00051539267631425334,7.6896976638977227e-05,1.2659744420965194e-05,2.0213238092042295e-05,0.00010287122782464189,56.089467499343492
696,3,tier3_voxel_grid,3,20261603,64,64,64,0.08378863028918139,0.91621136971081862,2.9533103169984729,0.20931562901053544,0.79068437098946454,60.433452006716905,1.1008195345205265,3.2510616884529275,0.11363938774611539,0.67704498324334916,0.096068538335949763,0.048673178885030866,0.029496410432652866,0.020483609838012652,0.005272933613987037,0.0036561334783509025,0.004010265413827525,0.00059833462913851132,9.8505348508943621e-05,0.00015727900947617047,0.00080044002560019343,64.793592528192917
697,3,tier3_voxel_grid,3,20261604,64,64,64,0.075228813407263145,0.92477118659273683,5.8453755212889655,0.19059975637470078,0.80940024362529917,2363.5910584410503,1.0854118641330737,6.3446399411200929,0.11632928574524867,0.69307095788005046,0.08747860868613877,0.044321086205188105,0.026859000777762501,0.018652076117083107,0.00480145637932901,0.0033292217764206919,0.0036516891475645271,0.00054483477933989883,8.9697532459292117e-05,0.00014321597021072659,0.00072886900320413806,63.820798515311921
698,3,tier3_voxel_grid,3,20261605,64,64,64,0.11883356871945978,0.88116643128054017,9.7462658147373258,0.28077342986185094,0.71922657013814906,1836.2087020582467,1.1639004236950277,11.343682911217137,0.10336927107710191,0.61585729906104714,0.12886516471754567,0.065289608054741502,0.039566124923103477,0.02747646421510784,0.0070730487887192975,0.0049042928213337252,0.0053793210770708188,0.00080259876829303885,0.00013213387214005399,0.00021097214357402932,0.0010737004802214849,68.694895698624123
699,3,tier3_voxel_grid,3,20261606,64,64,64,0.18593201332634676,0.81406798667365321,14.612717064576238,0.3980088289079276,0.60199117109207245,238.51904790828928,1.284677623987424,18.772630638520287,0.086519868890113219,0.51547130220195925,0.18267210441348927,0.09255092426128457,0.056086742441467885,0.038949110498690827,0.010026361349761393,0.0069520532744177816,0.0076254269617254521,0.0011377194630148315,0.00018730564261514639,0.00029906240001915338,0.0015220182014412764,75.800799521032999
700,3,tier3_voxel_grid,3,20261607,64,64,64,0.16282380539300337,0.83717619460699666,3.0743602985215843,0.36020564915375769,0.63979435084624225,942.72736025132735,1.243082849707406,3.8216845609135226,0.091953048499752221,0.54784130234649009,0.16532176970316775,0.083760367439055697,0.050759581201958989,0.035249694509635845,0.0090740499615309233,0.0062917419935989904,0.0069011581385253354,0.0010296580074733092,0.00016951521094010259,0.00027065722695638982,0.0013774557609143273,73.407091252375665
701,3,tier3_voxel_grid,3,20261608,64,64,64,0.22594400448311289,0.77405599551688709,8.5979221986441097,0.45798361835314294,0.54201638164685706,322.53680651186716,1.3566992080696032,11.664794237944525,0.077900123005636548,0.46411625864122052,0.21019843097708371,0.10649715306922559,0.064538290056189801,0.044818238346047687,0.011537204494883411,0.0079996379033546935,0.0087744803073866555,0.0013091590901941142,0.00021553018353442048,0.00034412724071965629,0.0017513666845231494,79.815116443715866
702,3,tier3_voxel_grid,3,20261609,64,64,64,0.12305934657943192,0.87694065342056804,3.7653398583075313,0.2888700229532738,0.7111299770467262,51.679335817816721,1.1715068238429776,4.4111213380952234,0.10220560588338205,0.60892437116334419,0.13258121720474331,0.067172348133736237,0.040707083360176373,0.028268796133588264,0.0072770125255522981,0.0050457166853904592,0.0055344432119914444,0.00082574310800404092,0.00013594418352471207,0.00021705589445097169,0.0011046625121156569,69.156473870768423
703,3,tier3_voxel_grid,3,20261610,64,64,64,0.04600346386563655,0.95399653613436342,8.2038133388550687,0.1224910552903733,0.8775089447096267,184.89854787348978,1.0328062349581457,8.4729495668023187,0.12611806035036768,0.75139088435925905,0.056219101729770384,0.028483439455275747,0.017261235858273015,0.011986964361309849,0.0030857093944993697,0.0021395614372547592,0.0023467986831957714,0.00035014413632849877,5.7645117794807316e-05,9.2039337611005942e-05,0.00046841577906008225,60.440950224505272
704,3,tier3_voxel_grid,3,20261611,64,64,64,0.14052453115122288,0.85947546884877712,2.6410061501092357,0.32124721560446939,0.67875278439553055,13.994962868546981,1.2029441560722012,3.1769829144246478,0.097552264442959266,0.58120051995257127,0.14744121398627968,0.074701173846160374,0.045269623518363361,0.031437225481422013,0.008092636223907046,0.0056112517987818005,0.0061547558780818733,0.00091829422637525529,0.00015118110902771263,0.00024138400035434349,0.0012284755357159203,71.04403418918892
705,3,tier3_voxel_grid,3,20261612,64,64,64,0.13421259123514581,0.86578740876485416,2.0926750949104274,0.30974319867035005,0.69025680132964995,277.920690157487,1.1915826642232625,2.4935953649470357,0.099205654201224375,0.59105114712842555,0.14216127336704751,0.072026088967034441,0.043648496578549925,0.030311443352479643,0.0078028350376576393,0.005410310179433192,0.0059343511168651998,0.00088540966950572027,0.00014576724097254139,0.00023273992347891669,0.0011844832373253014,70.365606715932387
706,3,tier3_voxel_grid,3,20261613,64,64,64,0.08492201640146102,0.91507798359853898,3.9016563385462346,0.2117545504908028,0.78824544950919717,1168.0251325890808,1.1028596295226298,4.3029792640537208,0.11328885907254163,0.67495659043665557,0.097187917824395134,0.049240313131320816,0.029840099192708896,0.020722282488800859,0.0053343732260980343,0.0036987343224313307,0.0040569925622282064,0.00060530635497805802,9.9653121427456038e-05,0.000159111606289031,0.00080976666012495617,64.921813412777695
707,3,tier3_voxel_grid,3,20261614,64,64,64,0.37116291875385682,0.62883708124614324,3.5570271066713546,0.63080296775430955,0.36919703224569045,7304.8973334146294,1.6180932537569421,5.7556015647354934,0.053062038711578524,0.31613499353411195,0.28951645596939912,0.14668367496422585,0.088891705444891042,0.061730325333180909,0.015890749239308184,0.011018287834271341,0.012085515718453786,0.0018031680747152901,0.00029686013640188634,0.00047398307719311722,0.0024122419622689692,93.071819764118473
708,3,tier3_voxel_grid,3,20261615,64,64,64,0.18233552361425159,0.81766447638574835,3.0684662046772777,0.39228692172256724,0.60771307827743271,33.831556931276964,1.2782039425056531,3.9221256002638545,0.08734223752814603,0.52037084074928663,0.18004594953728614,0.091220381418816887,0.055280420794131938,0.038389165143113281,0.0098822190471706869,0.006852108246331228,0.0075158012897436101,0.0011213632299427886,0.00018461287445400073,0.00029476297957605418,0.0015001371620005891,75.431906859353859
709,3,tier3_voxel_grid,3,20261616,64,64,64,0.081282946618924712,0.91871705338107534,6.0836060437537132,0.20389145873705408,0.79610854126294595,198.58643985996949,1.0963093039140646,6.6695139071150296,0.11441896479547295,0.68168957646747297,0.093579034268231845,0.047411870251404004,0.028732045375922447,0.019952800991572685,0.0051362916924151437,0.0035613890456351171,0.0039063440652436663,0.00058282948542655159,9.5952697349128697e-05,0.00015320330747591371,0.00077969755637756944,64.509637080623378
710,3,tier3_voxel_grid,3,20261617,64,64,64,0.11108398587282568,0.88891601412717436,2.7434469331985398,0.26564689693387222,0.73435310306612778,16.750137654533287,1.1499511745710862,3.154830023205105,0.10554329905049643,0.62880980401563136,0.12192261620671092,0.061772161953873604,0.037434519052219173,0.025996182975893869,0.0066919917013146769,0.0046400764142226414,0.0050895127521074545,0.00075935914728433678,0.00012501522359552721,0.00019960612123270943,0.0010158553854172933,67.843470326868598
711,3,tier3_voxel_grid,3,20261618,64,64,64,0.435714484482145,0.564285515517855,10.530000422366133,0.69089803096741564,0.30910196903258436,55.83883545412629,1.734286072067861,18.262033071378276,0.044425006741975477,0.26467696229060889,0.31709798397751088,0.16065787161502409,0.097360201839017321,0.067611223161340772,0.01740462223746406,0.012067973295102324,0.013236873381923666,0.0019749515078523322,0.00032514127896853174,0.00051913829116946792,0.0026420503820421661,98.356854175941109
712,3,tier3_voxel_grid,3,20261619,64,64,64,0.074975966355691065,0.92502403364430896,9.2943972386889993,0.19003882826196908,0.80996117173803095,4211.8266344625872,1.084956739440244,10.084018923150424,0.11640990391558212,0.6935512678224488,0.087221162339889274,0.044190650869319038,0.026779955720713681,0.018597183739181452,0.0047873258687950622,0.0033194239984831288,0.0036409423599463972,0.00054323135050904077,8.94335559015248e-05,0.00014279449084783901,0.00072672396838262352,63.791944844716994
713,3,tier3_voxel_grid,3,20261620,64,64,64,0.33154464443262599,0.66845535556737401,12.864120124662564,0.58944876453064154,0.41055123546935846,671.63187863709675,1.5467803599787266,19.897968357235143,0.059005581429117174,0.3515456540402413,0.27053632593073085,0.137067381423851,0.083064139881981011,0.057683406486271183,0.014848982939827724,0.010295950531551488,0.01129321305243584,0.0016849559184318882,0.00027739856910223635,0.0004429096778896787,0.0022541001185686005,89.650051065571816
714,3,tier3_voxel_grid,3,20261621,64,64,64,0.33674246138327457,0.66325753861672543,4.6328424946976661,0.59509034725989529,0.40490965274010471,27.001200935570463,1.5561364304898941,7.2093349827207227,0.058194757248453063,0.34671489549165163,0.27312561469651847,0.13837924603077839,0.083859142340509604,0.058235491297334616,0.0149911017646369,0.010394492525691221,0.011401299793045326,0.001701082541780651,0.00028005353603191178,0.00044714874282586768,0.002275673990742294,90.106992624788433
715,3,tier3_voxel_grid,3,20261622,64,64,64,0.012020975339542066,0.98797902466045795,3.0166604057226092,0.034022640632101489,0.96597735936789852,221.82549618933763,0.9716377556111756,2.9311011460574146,0.1388329904103289,0.8271443689575696,0.015615199740726341,0.0079114497157020455,0.0047944139519395679,0.0033294527487567871,0.00085707467843492693,0.00059427628994998267,0.00065183770394485103,9.7254677833429577e-05,1.6011284434431875e-05,2.5564489587690075e-05,0.0001301053507914346,56.398908952630983
716,3,tier3_voxel_grid,3,20261623,64,64,64,0.34271518537618767,0.65728481462381239,2.0474791532971839,0.60148980691084863,0.39851019308915137,53.541130968251061,1.5668873336771378,3.2081691512693484,0.057275008859180805,0.34123518422997057,0.27606274240988204,0.13986734343578733,0.084760943554800294,0.058861741880169183,0.01515231249727248,0.010506272418973957,0.011523906651533238,0.0017193755776855203,0.00028306516495883895,0.00045195727375039796,0.0023001460460353013,90.629036516560291
717,3,tier3_voxel_grid,3,20261624,64,64,64,0.0057412551500828947,0.99425874484991705,2.8850143254980027,0.016440579423592713,0.98355942057640733,2282.4514800895577,0.96033425927014893,2.7705780952608929,0.14135993383346668,0.84219948674294065,0.0075456498021041069,0.0038230077086972261,0.0023167791183166253,0.001608873718678608,0.00041415963196767447,0.00028716896639886764,0.00031498406190394809,4.6995859978245889e-05,7.7370476990442711e-06,1.2353392143626423e-05,6.2870115704738907e-05,55.63908061969687
718,3,tier3_voxel_grid,3,20261625,64,64,64,0.11224349501923506,0.88775650498076497,4.7930441709711467,0.26793346515043892,0.73206653484956108,409.07621921783834,1.1520382910346232,5.5217704155790619,0.10521466701765987,0.62685186783190117,0.12297207088627499,0.062303868756484963,0.037756738443656568,0.026219946349119071,0.0067495933360650472,0.004680016091191062,0.0051333209735890577,0.00076589536702256994,0.00012609129803930913,0.00020132424035215274,0.0010245994086441165,67.971269759548136
719,3,tier3_voxel_grid,3,20261626,64,64,64,0.053944034814848107,0.94605596518515189,4.3107580441409521,0.14167338382325675,0.85832661617674322,59.691856201529284,1.0470992626667266,4.5137915695546518,0.12336112199417654,0.73496549418256663,0.065023118289572246,0.032943999388263236,0.019964377702647376,0.013864145417065534,0.003568937261399327,0.0024746207630840359,0.002714311749638734,0.00040497736346491208,6.667245113956024e-05,0.00010645287015685582,0.00054177056682492588,61.368169920969564
720,3,tier3_voxel_grid,3,20261627,64,64,64,0.23910486786443971,0.76089513213556026,13.903816649849336,0.47634290038714744,0.52365709961285256,41.611611007556647,1.3803887621559914,19.192672254529388,0.075261475213481907,0.44839562439937064,0.21862469803722523,0.1107663260061249,0.067125449556336689,0.046614876140694428,0.011999698747335519,0.0083203210076231836,0.0091262246759830756,0.0013616396156999879,0.00022417018563881459,0.00035792233909167774,0.0018215740753939002,81.100022496792036
721,3,tier3_voxel_grid,3,20261628,64,64,64,0.094938481767825378,0.90506151823217462,8.0986990421014049,0.23292294119103904,0.76707705880896093,768.17349470838758,1.1208892671820856,9.0777448344293017,0.11024647826041671,0.65683058054854426,0.10690346731828243,0.054162701737137553,0.032823113615685851,0.022793819421097632,0.0058676325885495036,0.004068484361106418,0.0044625564730209014,0.00066581679683544773,0.00010961510903993049,0.00017501745879166546,0.00089071631149169263,66.049033676478118
722,3,tier3_voxel_grid,3,20261629,64,64,64,0.37203056346266417,0.62796943653733583,12.630325064131981,0.63166788021642062,0.36833211978357938,2946.7574117945096,1.6196550142327955,20.456769321511516,0.052937731053232767,0.31539438873034664,0.28991342047900759,0.1468847972558924,0.089013587471050967,0.061814965593928121,0.015912537511957391,0.011033395332089423,0.012102086523745243,0.001805640451382531,0.00029726717004726065,0.00047463296930087557,0.0024155494580187452,93.145203902466875
723,3,tier3_voxel_grid,3,20261630,64,64,64,0.234990682783392,0.76500931721660803,1.1726432208728719,0.4706717197996973,0.52932828020030276,23.631171681770269,1.3729832290101056,1.6100194758708462,0.07607655328180013,0.45325172691850263,0.21602182489177021,0.10944757886561214,0.066326276216840369,0.046059894885718988,0.011856834313886781,0.0082212620252358412,0.0090175708718073892,0.0013454283860387822,0.00022150128975719928,0.00035366103443148079,0.0017998870185980914,80.700215060607206
724,3,tier3_voxel_grid,3,20261631,64,64,64,0.0055137469457619244,0.9944862530542381,3.8699749929685696,0.015795825857896545,0.98420417414210348,713.33928168505281,0.95992474450237131,3.7148847563559202,0.141452599634311,0.84275157450779248,0.0072497305105723451,0.0036730800335004949,0.0022259215178039881,0.0015457781890049829,0.00039791744897652189,0.00027590700231156472,0.00030263126752745568,4.5152813725846203e-05,7.4336223170433484e-06,1.1868926637403672e-05,6.0404525518897211e-05,55.611478690395536
725,3,tier3_voxel_grid,3,20261632,64,64,64,0.062691217737592259,0.93730878226240777,3.8133859579525087,0.16220707615261803,0.83779292384738202,542.44058451792057,1.0628441919276659,4.0530351169883421,0.12040996182193785,0.71738296202544416,0.07444736347397056,0.037718798502126269,0.022857951486448161,0.015873570820207596,0.0040862077443278005,0.0028332844725949785,0.0031077155129213526,0.00046367350212789878,7.633574541261879e-05,0.00012188181259042743,0.00062029307989036522,62.381900045129846
726,3,tier3_voxel_grid,3,20261633,64,64,64,0.24056970696083629,0.75943029303916365,2.4069372635590049,0.47834743992987877,0.52165256007012117,332.98951275698613,1.3830254725295055,3.3288555462825675,0.074973377137047423,0.44667918293307374,0.21954471143907742,0.11123245131270949,0.067407925935957194,0.046811040211634923,0.01205019571206481,0.0083553344663195219,0.0091646295272446148,0.0013673696485196262,0.00022511353548416592,0.00035942854288174798,0.0018292395979852384,81.241964734605304
727,3,tier3_voxel_grid,3,20261634,64,64,64,0.1238336490233599,0.87616635097664008,1.8029691317573571,0.29034220294107921,0.70965779705892085,21.863303931801362,1.1729005682420477,2.1147035191610755,0.10199402002358197,0.60766377703533891,0.13325689622720555,0.06751468128982277,0.040914540516416055,0.028412863543289518,0.0073140986589682955,0.0050714313755214225,0.0055626486188974332,0.00082995137602106682,0.00013663700136852137,0.0002181620851895573,0.0011102922483790096,69.240844125617372
728,3,tier3_voxel_grid,3,20261635,64,64,64,0.35198899845050036,0.64801100154949964,10.123086372487405,0.61125401002344193,0.38874598997655807,50.392226257188838,1.5835801972109007,16.030719114126587,0.055871670050099173,0.33287431992645888,0.28054416945609156,0.14213786096482051,0.086136898823493305,0.059817265974967684,0.01539828550487622,0.010676824565787484,0.011710978425490685,0.0017472868276758998,0.00028766026488073586,0.00045929406078886375,0.0023374851545689326,91.433258574559773
729,3,tier3_voxel_grid,3,20261636,64,64,64,0.40013640189329186,0.5998635981067082,7.4532144866076226,0.6588103903199668,0.3411896096800332,9039.4249225416006,1.6702455234079252,12.44869813125548,0.049036732951803448,0.29215287672822976,0.30237088141846369,0.15319637683503681,0.092838464867790071,0.06447112934822366,0.016596292731620263,0.011507495810611539,0.012622108225073798,0.001883228082050455,0.00031004061859382268,0.00049502775359845815,0.0025193446289041572,95.487280534161997
730,3,tier3_voxel_grid,3,20261637,64,64,64,0.2507500382614169,0.74924996173858305,4.620258263502401,0.49207019754504666,0.50792980245495334,14.274401854256032,1.4013500688705505,6.4745992357588191,0.073001103710642751,0.43492869874431056,0.22584297627605882,0.11442347072849027,0.069341714123672654,0.048153948116885358,0.012395889869006972,0.0085950310134396829,0.0094275430063125165,0.0014065965382040841,0.00023157155788686875,0.00036973977351081172,0.0018817165415785781,82.222547879508895
731,3,tier3_voxel_grid,3,20261638,64,64,64,0.070421744700244052,0.92957825529975591,9.3807840803182305,0.17985433385117042,0.82014566614882956,6002.9979848741996,1.0767591404604393,10.10084500316843,0.11787364817537893,0.70227201797345062,0.082546836316738703,0.041822400965316656,0.025344773701052568,0.017600529973314211,0.0045307651753866383,0.0031415305886531137,0.0034458182505523018,0.00051411868598869699,8.4640664056489121e-05,0.00013514189844220748,0.00068777763166882563,63.271077001177247
732,3,tier3_voxel_grid,3,20261639,64,64,64,0.42141919765570901,0.57858080234429099,8.9607030783987653,0.67829428661348357,0.32170571338651643,119.53164205985978,1.7085545557802762,15.309850067592556,0.046236452426550022,0.27546926095996643,0.31131330701207849,0.15772706178271456,0.09558410313960726,0.066377821799653611,0.017087117483614061,0.011847822645564979,0.012995399009913186,0.0019389233491361622,0.00031920987176319965,0.00050966788307310195,0.0025938526363649336,97.21638982632318
733,3,tier3_voxel_grid,3,20261640,64,64,64,0.44459911071991959,0.55540088928008036,1.2644793717856553,0.69854461722869654,0.30145538277130346,527.38272164924206,1.7502783992958555,2.2131909307916255,0.043326017799026714,0.25812936497227673,0.3206074990999771,0.16243596942221847,0.098437746061766571,0.068359517449298135,0.017597249715497868,0.012201536852477964,0.013383373863337407,0.001996809490347222,0.00032873981410005439,0.00052488390853561227,0.0026712915511400825,99.057328591729231
734,3,tier3_voxel_grid,3,20261641,64,64,64,0.20998790821530103,0.790012091784699,8.1596491999039955,0.43484654527072464,0.56515345472927536,138.4692909127032,1.3279782347875417,10.835836540974086,0.081225448401954739,0.48392800632732064,0.19957932526143696,0.10111697719635804,0.061277852185040942,0.042554046321523868,0.010954351456329765,0.0075955007259849942,0.0083311985304919556,0.001243021114221844,0.00020464172069849056,0.00032674212736819529,0.0016628886312695516,78.233887150028309
735,3,tier3_voxel_grid,3,20261642,64,64,64,0.43775297386876061,0.56224702613123934,6.6225154069032381,0.69266490424290406,0.30733509575709594,7065.0410239232042,1.737955352963769,11.509636101512516,0.044171066731753431,0.26316402902534253,0.31790891689161482,0.16106873123124846,0.097609186683401156,0.067784129231371948,0.017449132079036901,0.01209883541736741,0.013270724799616659,0.0019800021649438336,0.0003259727814635717,0.00052046591338264123,0.0026488070494565855,98.518132022240295
736,3,tier3_voxel_grid,3,20261643,64,64,64,0.095561949840124949,0.904438050159875,4.3212079476616978,0.2342180626362253,0.76578193736377465,3614.1025320225203,1.122011509712225,4.8484450531363663,0.11006033975371567,0.65572159761005899,0.10749788267462605,0.05446386261116009,0.033005619976476622,0.022920559896720229,0.0059002583864165813,0.004091106354966405,0.0044873696260706213,0.00066951893801457511,0.00011022460193791689,0.0001759906083792674,0.00089566896145691838,66.118843092808447
737,3,tier3_voxel_grid,3,20261644,64,64,64,0.058989785831429782,0.94101021416857022,1.9104167135331942,0.15359281851706402,0.84640718148293592,5140.8537382834384,1.0561816144965737,2.0177470088607272,0.12164802722389668,0.72475915425903925,0.070493721102357132,0.035715683374798822,0.02164404462248376,0.015030580293007507,0.0038692033626637301,0.0026828185189470373,0.0029426754744638177,0.00043904940371710418,7.2281817597733231e-05,0.00011540909044016563,0.000587351456587203,61.953917934435182
738,3,tier3_voxel_grid,3,20261645,64,64,64,0.19099000295260193,0.80900999704739807,11.472724662040239,0.40595904562137325,0.5940409543786267,162.09587444453203,1.2937820053146836,14.843204719677646,0.085377241322257894,0.50866371305636882,0.18632097527289518,0.094399626730839889,0.05720707376272114,0.039727118037142108,0.010226637674778188,0.007090920370121899,0.0077777446805172958,0.0011604453817209348,0.00019104706828785705,0.00030503616421307647,0.0015524204781356612,76.317330081515664
739,3,tier3_voxel_grid,3,20261646,64,64,64,0.35977208097945024,0.64022791902054976,8.2713234329145742,0.61929116991231226,0.38070883008768774,7644.8781046548802,1.5975897457630104,13.214181500313625,0.054716546763868147,0.32599228332381958,0.28423294418612965,0.14400678075283543,0.087269482032475962,0.060603781765248485,0.015600752041844081,0.010817210305158521,0.01186496188329601,0.0017702612759011305,0.0002914426065989237,0.00046533315377154548,0.0023682199090524422,92.102291223055076
740,3,tier3_voxel_grid,3,20261647,64,64,64,0.0012195681407005236,0.99878043185929943,10.563351794388057,0.0035221898904104466,0.99647781010958958,462.55957643052949,0.95219522265326095,10.058373113822059,0.14321660121058905,0.85326120889900048,0.00161656172600642,0.00081903190609032854,0.00049634114337471658,0.00034468120623199503,8.8728555797693291e-05,6.1522383380127651e-05,6.7481422028619896e-05,1.0068279142825377e-05,1.6575663475759651e-06,2.6465607932356248e-06,1.3469141216908256e-05,55.089531072151154
741,3,tier3_voxel_grid,3,20261648,64,64,64,0.43819543457456223,0.56180456542543777,5.9448929113177105,0.69304742482082826,0.30695257517917174,2058.2275392493566,1.738751782234212,10.336693144745203,0.044116089795480873,0.26283648538369087,0.3180844804316062,0.16115768059735419,0.097663090847264725,0.067821562662932933,0.017458768271149804,0.012105516936075391,0.013278053488119177,0.0019810956108045753,0.00032615279823068263,0.00052075333796667525,0.0026502698393238958,98.553093663528315
742,3,tier3_voxel_grid,3,20261649,64,64,64,0.12377737511040043,0.87622262488959957,13.658750790844875,0.29023532735039032,0.70976467264960963,457.00662654499672,1.1727992751987206,16.01897302762282,0.10200938048489434,0.60775529216471524,0.13320784407649033,0.067489828990122874,0.0408994797858672,0.028402404706979842,0.0073114063234875565,0.0050695645707014318,0.0055606009959514157,0.00082964586913072578,0.00013658670499381838,0.00021808177925578546,0.0011098835474093235,69.234714506640998
743,3,tier3_voxel_grid,3,20261650,64,64,64,0.076543365867699137,0.92345663413230084,11.941898515589282,0.19350845926646582,0.80649154073353424,38.96629205006996,1.0877780585618582,12.990135182830445,0.11591123876230164,0.69058030197123266,0.088813601379165788,0.044997461002634118,0.027268890353269678,0.018936721537261527,0.004874730397726925,0.0033800283314372932,0.003707416809474371,0.00055314938859409241,9.1066387682462601e-05,0.00014540155908356826,0.00073999212013598728,63.970699355490915
744,3,tier3_voxel_grid,3,20261651,64,64,64,0.086947171855259381,0.91305282814474065,7.467122468779757,0.21609006935603925,0.78390993064396075,14.740186248964433,1.1065049093394668,8.2624076703438405,0.11266574607387358,0.67124418457008717,0.099177769047068237,0.050248472370478532,0.030451053302977878,0.021146556000055848,0.0054435905992423475,0.0037744631905724437,0.0041400565046506785,0.00061769955793484111,0.00010169344588294961,0.00016236929954353382,0.00082634603763195207,65.150580217309169
745,3,tier3_voxel_grid,3,20261652,64,64,64,0.4279166515528669,0.57208334844713304,1.4864881724917591,0.68406964707477924,0.31593035292522076,158.25581544840981,1.7202499727951603,2.5571312382892764,0.045406401332946822,0.27052395159227394,0.31396399506868788,0.1590700343748091,0.096397957333716769,0.066942998088315317,0.017232606343921406,0.011948701346462294,0.013106048789959735,0.0019554323799050814,0.00032192779539696743,0.00051400746811514726,0.0026159380854895052,97.736814267280764
746,3,tier3_voxel_grid,3,20261653,64,64,64,0.23059842459308927,0.76940157540691079,8.2578954544674072,0.46454931943078076,0.53545068056921918,180.88654473885939,1.3650771642675608,11.272664509802349,0.076956481929674622,0.45849419863954455,0.21321185767943326,0.10802390739984187,0.065463517735936394,0.045460757300905964,0.011702603065813461,0.0081143215494458697,0.0089002721752641182,0.001327927331905893,0.00021862004679936429,0.00034906068485323087,0.0017764744605813009,80.271516453325091
747,3,tier3_voxel_grid,3,20261654,64,64,64,0.13065455818755767,0.86934544181244233,11.966100779739566,0.30316119008898917,0.69683880991101077,1245.9221344699915,1.1851782047376038,14.18196183984098,0.10015163903761301,0.59668717087339773,0.13914036209197883,0.070495542573447839,0.042720970872491486,0.029667328546679542,0.0076370256594460294,0.0052953416888199319,0.0058082468145150921,0.00086659481233460653,0.00014266970328622185,0.00022779422594580039,0.0011593131000437705,69.98131394325442
748,3,tier3_voxel_grid,3,20261655,64,64,64,0.20280961278822243,0.7971903872117776,12.71906473461301,0.42410808554677731,0.57589191445322263,25.088587283027294,1.3150573030188004,16.726298966821719,0.082768810118891908,0.49312310433433071,0.19465074857303707,0.098619911050059531,0.059764606294471924,0.041503181556736143,0.010683835654387437,0.007407931158016085,0.0081254610333337373,0.0012123249242296315,0.00019958812903619072,0.00031867328742219596,0.0016218238860473474,77.514076356535952
749,3,tier3_voxel_grid,3,20261656,64,64,64,0.18762698239462186,0.81237301760537817,6.6688151114892991,0.40068552821053022,0.59931447178946984,86.95793805419116,1.2877285683103192,8.5876237358443372,0.086135166117314546,0.51317930567215531,0.18390061558956081,0.093173350138381669,0.056463938456918737,0.039211052067160294,0.010093790895247069,0.0069988074034715245,0.007676709680971912,0.0011453708834658933,0.00018856531538254996,0.00030107366223100523,0.0015322541177387231,75.97418773241688
750,3,tier3_voxel_grid,3,20261657,64,64,64,0.14074205518473015,0.85925794481526985,14.91101688076126,0.32163979841427282,0.67836020158572718,81.515888028920855,1.2033356993325142,17.942958925969773,0.097495841334342762,0.58086436025138444,0.14762139573807681,0.074792463031870385,0.045324945635213901,0.031475643602147815,0.0081025258967607709,0.0056181090753298175,0.0061622773482733744,0.00091941643540962258,0.00015136586114909559,0.0002416789856631574,0.0012299768043780585,71.067339055463421
751,3,tier3_voxel_grid,3,20261658,64,64,64,0.081309468437268329,0.91869053156273162,10.393183151402811,0.20394910544149486,0.7960508945585052,6352.666255332214,1.096357043187083,11.394639549173796,0.11441067964853115,0.68164021490997406,0.093605492085365172,0.047425275119309197,0.02874016885366901,0.01995844229321745,0.0051377438880634962,0.0035623959654099034,0.00390744851495023,0.00058299427015708353,9.597982627752345e-05,0.00015324662300192997,0.00077991800207384381,64.512646152962333
752,3,tier3_voxel_grid,3,20261659,64,64,64,0.16596738316073023,0.83403261683926977,9.1581752226191693,0.36549628610868035,0.63450371389131965,70.775437498354151,1.2487412896893144,11.436191538694185,0.091192663235538637,0.543311050655781,0.1677499866572873,0.084990624922168648,0.051505128965450189,0.035767435796760436,0.0092073280046989746,0.0063841539887478076,0.0070025211303752005,0.0010447814424279481,0.00017200502041846084,0.00027463259250220092,0.0013976875878431538,73.736005075503385
753,3,tier3_voxel_grid,3,20261660,64,64,64,0.15529735901613295,0.84470264098386705,12.886661743866286,0.34734078474299462,0.65265921525700543,351.5819545426213,1.2295352462290392,15.844604820314974,0.093802023095324941,0.5588571921616805,0.15941724778249464,0.08076883809288718,0.048946685898277692,0.033990739961164258,0.0087499672529841883,0.0060670303383395137,0.0066546809832171341,0.00099288342970996549,0.00016346091887269688,0.00026099061419013431,0.0013282594708571909,72.615376636791495
754,3,tier3_voxel_grid,3,20261661,64,64,64,0.37689881586960799,0.62310118413039195,7.8090551546158258,0.63649003345474087,0.36350996654525913,5927.5603133563027,1.6284178685652944,12.716404950388329,0.05224467759002227,0.31126528895523686,0.2921266198250253,0.14800611594714017,0.089693117288098131,0.062286861103975723,0.016034013839464952,0.011117624283246594,0.012194473864543568,0.0018194247124199818,0.00029953650792494184,0.00047825631786997425,0.0024339897650315335,93.555740164454889
755,3,tier3_voxel_grid,3,20261662,64,64,64,0.20636248181370795,0.79363751818629202,8.5774854046068434,0.42944929087186962,0.57055070912813033,38.281120921609485,1.3214524672646744,11.334739250844446,0.082001157025900814,0.4885495521022295,0.19710217463691682,0.099861927441663098,0.060517280068612622,0.04202587146030947,0.010818387580734362,0.0075012264350870252,0.0082277928615140921,0.0012275929102966484,0.00020210173633103615,0.00032268664985915513,0.0016422490905452763,77.871002496143447
756,3,tier3_voxel_grid,3,20261663,64,64,64,0.39095637111932685,0.60904362888067309,8.0772479738951439,0.65012763114745664,0.34987236885254336,550.48070870947743,1.6537214680147883,13.357518376909351,0.050284643587846824,0.29958772526469651,0.29838579924199554,0.15117733271292799,0.091614904881128251,0.063621435266382448,0.016377562706923549,0.01135583333492763,0.012455755769833304,0.0018584081700642298,0.00030595445349305858,0.00048850355964013799,0.0024861410501404594,94.72972924767322
757,3,tier3_voxel_grid,3,20261664,64,64,64,0.22458263740902562,0.77541736259097438,13.388950566260302,0.45604786719546148,0.54395213280453847,430.83908015500054,1.3542487473362463,18.131969532504939,0.078178334621369472,0.465773798183169,0.20930998903330886,0.1060470234596015,0.064265507221423171,0.044628805900678629,0.011488440399264258,0.0079658259770938062,0.0087373933686132697,0.0013036256909132727,0.00021461920596759767,0.00034267272427426863,0.0017439642143228368,79.68121218748999
758,3,tier3_voxel_grid,3,20261665,64,64,64,0.04230857486597888,0.95769142513402117,7.2265554979947479,0.11338299924201464,0.88661700075798533,5557.6042682633124,1.026155434758762,7.4155691988531229,0.12742709585286222,0.75918990490512306,0.05203882319164134,0.026365498986939601,0.015977743742963884,0.011095650762993023,0.0028562655869705444,0.0019804702657138882,0.0021722979909608075,0.00032410850122743736,5.335880511226318e-05,8.5195577112514027e-05,0.00043358583037933062,60.007247567604843
759,3,tier3_voxel_grid,3,20261666,64,64,64,0.22816862474030244,0.77183137525969758,14.269981486441889,0.46113183858430179,0.53886816141569827,4352.143480293521,1.3607035245325443,19.417214103615635,0.077447651915167018,0.46142050950053126,0.21164335373510612,0.10722922399582112,0.064981932016943578,0.045126322912900314,0.011616512267358804,0.0080546281276335611,0.0088347968674438743,0.0013181583665183964,0.00021701175723495673,0.00034649280205833961,0.0017634057352826939,80.033528590342272
760,3,tier3_voxel_grid,3,20261667,64,64,64,0.066596259090731164,0.93340374090926881,2.1627445901956972,0.17117888469354337,0.82882111530645663,245.08794633410466,1.0698732663633161,2.3138626190222622,0.11912050819546707,0.70970060711098959,0.078565109180925408,0.039805056676439313,0.024122243829534467,0.016751551248914209,0.0043122192994960963,0.0029899957976063595,0.0032796058474426431,0.00048931966988618927,8.0557939098093107e-05,0.00012862319720273252,0.00065460200699784296,62.831854795040165
761,3,tier3_voxel_grid,3,20261668,64,64,64,0.23641209653659859,0.76358790346340144,7.0134314081842914,0.47263796554556786,0.52736203445443208,704.38943607633064,1.3755417737658775,9.647267879399136,0.075793958897849512,0.45156807555658257,0.21692426278285362,0.10990479952979805,0.066603356298274394,0.046252311528921668,0.011906366607943227,0.0082556066030016056,0.0090552420545424034,0.0013510489549600423,0.00022242661828315212,0.00035513846440056207,0.0018074061025890994,80.838536036557258
762,3,tier3_voxel_grid,3,20261669,64,64,64,0.16877233542804534,0.83122766457195463,4.7250450649232096,0.37017670183686258,0.62982329816313742,12.519887029764373,1.2537902037704816,5.9242152147747795,0.090519980687023952,0.53930331747611349,0.16989813345328419,0.08607898470242499,0.052164685368221046,0.036225460885995202,0.0093252337795196559,0.0064659071990422279,0.0070921929308317196,0.0010581605427950546,0.0001742076556667257,0.00027814944001686089,0.0014155858790648626,74.028613624478723
763,3,tier3_voxel_grid,3,20261670,64,64,64,0.017149037308051042,0.98285096269194894,2.2759384255946533,0.048079700584005576,0.95192029941599443,3472.0312950827088,0.98086826715449194,2.2323957796633502,0.1368126701092639,0.81510762930673053,0.022066897634782166,0.011180206075993675,0.0067753114691378692,0.0047050754525438197,0.0012111903471244126,0.00083981212375413411,0.00092115606116309576,0.00013743718017622891,2.2626631774327504e-05,3.612691378808908e-05,0.00018386069376775496,57.016445015978171
764,3,tier3_voxel_grid,3,20261671,64,64,64,0.27025936931722427,0.72974063068277573,1.5449684612940042,0.5173897733734687,0.4826102266265313,343.08501501366004,1.4364668647710037,2.21929600176508,0.069362102864410566,0.41324812376212072,0.23746377426721274,0.12031115455513783,0.072909706653166109,0.050631719676443719,0.013033722997420238,0.0090372901475594698,0.0099126392206634936,0.0014789732598318838,0.00024348712125338547,0.00038876481156208196,0.0019785406632177129,84.073215423180329
765,3,tier3_voxel_grid,3,20261672,64,64,64,0.1415301741271093,0.85846982587289067,2.3249644462255579,0.32306004179544573,0.67693995820455433,346.66791587474955,1.2047543134287968,2.8010109451588345,0.097291719950123437,0.5796482382544309,0.14827323767819164,0.075122719116802433,0.045525083971196575,0.031614628499895235,0.0081383036793374001,0.0056429165844387105,0.0061894877048896428,0.00092347624117175109,0.00015203423727509869,0.00024274615142264649,0.0012354079308245568,71.151733740003678
766,3,tier3_voxel_grid,3,20261673,64,64,64,0.20918752815963607,0.79081247184036396,3.2492879981807454,0.43365956895899815,0.56634043104100185,15.069618311238987,1.3265375506873449,4.3103025425844717,0.081396043985075897,0.48494438705592596,0.19903454473144977,0.10084096383497618,0.061110585456655563,0.042437888919559651,0.010924449975381136,0.0075747677121540281,0.0083084573234810371,0.001239628108956875,0.00020408312163060826,0.00032585023764422909,0.0016583495371090416,78.153889078716347
767,3,tier3_voxel_grid,3,20261674,64,64,64,0.01913268243469424,0.98086731756530576,3.5689393048878784,0.053446567911041951,0.94655343208895804,21.430283162681121,0.98443882838244956,3.5134024278718967,0.13604132880097949,0.81051210328797851,0.024530101658239961,0.012428189777430135,0.0075316014899269607,0.0052302766374675586,0.0013463887327600809,0.00093355564114459941,0.0010239795460789385,0.00015277852179958315,2.5152315780581865e-05,4.0159558560849062e-05,0.00020438403185269851,57.254606530150504
768,3,tier3_voxel_grid,3,20261675,64,64,64,0.053179172395684725,0.9468208276043153,5.3545960600552753,0.13984849962201518,0.86015150037798482,125.01340135013737,1.0457225103122325,5.5994216336289924,0.12362339949825461,0.7365281008797302,0.064185560393516514,0.032519650209984589,0.019707218055055195,0.013685562402722614,0.0035229660489683799,0.0024427453591602459,0.0026793489041451899,0.00039976088050598473,6.5813648311116314e-05,0.00010508165874308442,0.0005347920609022473,61.27914510481223
769,3,tier3_voxel_grid,3,20261676,64,64,64,0.086150303944683759,0.91384969605531619,13.017309257733348,0.21438752165598099,0.78561247834401904,4407.6160905219531,1.1050705471004307,14.385045063218893,0.112910441030979,0.67270203731304001,0.098396359317823423,0.049852570692438702,0.030211133111736163,0.020979944825422328,0.0054007012027864256,0.0037447246484764826,0.0041074374967475869,0.00061283277731496815,0.00010089221543809402,0.00016109001133597425,0.00081983535646083132,65.060616090019494
770,3,tier3_voxel_grid,3,20261677,64,64,64,0.16700370404536571,0.83299629595463431,10.977379912104977,0.36722991979805458,0.63277008020194536,7034.4578716626593,1.2506066672816583,13.728384507362229,0.090943500512377692,0.54182657968956771,0.16854566376623248,0.085393755176144004,0.051749429742622845,0.035937089043692076,0.0092510004977576828,0.0064144355124012521,0.0070357357128581627,0.001049737083225041,0.00017282088013981047,0.00027593523861013002,0.0014043171443710815,73.844208588586639
771,3,tier3_voxel_grid,3,20261678,64,64,64,0.13571556532433288,0.86428443467566707,1.1476467421728431,0.31250234377883473,0.68749765622116521,484.64647014653104,1.1942880175837991,1.3706207525961103,0.098809102084684464,0.58868855413648069,0.14342762427873965,0.072667686367428624,0.044037310719891538,0.030581453060573714,0.0078723415004916426,0.0054585043962264886,0.0059872134102954269,0.0008932967636182264,0.00014706571329294491,0.00023481313517225685,0.0011950344331041842,70.527534625533576
772,3,tier3_voxel_grid,3,20261679,64,64,64,0.29831981470337415,0.7016801852966259,4.6477043201048165,0.55171009784173664,0.44828990215826336,325.84226991516448,1.4869756664660736,6.9110232289251092,0.064429489039071711,0.38386041311919167,0.25321560045653224,0.12829182613772772,0.077746069716370034,0.053990303740353324,0.013898296719827574,0.0096367661058023423,0.010570180231131977,0.0015770788753069751,0.00025963849771135935,0.00041455297971171534,0.0021097843812613601,86.670535453860666
773,3,tier3_voxel_grid,3,20261680,64,64,64,0.020597498289308434,0.97940250171069154,7.59008704123264,0.057384790193151389,0.94261520980684865,86.669450680955194,0.98707549692075514,7.4919889378964921,0.13547531638772417,0.80713989341912451,0.026337607672352645,0.013343963714294062,0.0080865692262457427,0.0056156707385360324,0.0014455976869545257,0.0010023448968675111,0.0010994317074133101,0.00016403604126800453,2.700566978113455e-05,4.3118724594246308e-05,0.00021944411484417099,57.430219135449114
774,3,tier3_voxel_grid,3,20261681,64,64,64,0.0085049699245038253,0.99149503007549622,7.0629027798926503,0.024229203917144785,0.97577079608285522,8984.0992447818699,0.96530894586410676,6.8178832371988438,0.140240530755189,0.83553026532766617,0.011120355495511566,0.0056341343552598292,0.0034143391326051987,0.0023710678560914405,0.0006103652382709972,0.00042321351737573847,0.00046420584517656597,6.9259862766179336e-05,1.140242698184988e-05,1.8205736525736812e-05,9.2654450579681866e-05,55.973969295696634
775,3,tier3_voxel_grid,3,20261682,64,64,64,0.41125839545414583,0.58874160454585422,4.0987970557312847,0.66910248551650719,0.33089751448349281,1673.4154121439424,1.6902651118174625,6.9280536637227259,0.047557524003615986,0.28333999047987679,0.3070945924314446,0.15558964767186365,0.094288809811281182,0.065478312917927411,0.016855564029118364,0.011687268692303771,0.012819293851381851,0.001912648326451652,0.00031488414809525045,0.00050276119684681132,0.0025587024397926302,96.395581036119822
776,3,tier3_voxel_grid,3,20261683,64,64,64,0.3901614510980394,0.60983854890196065,8.9839793537579062,0.64936760079762978,0.35063239920237022,39.887711812401996,1.6522906119764709,14.84414474440463,0.050393877293218675,0.30023852190915157,0.29803697194637513,0.15100059916775488,0.091507802667854743,0.063547058760316008,0.016358416551434839,0.011342557821676659,0.012441194394556274,0.0018562356018730854,0.00030559677807798815,0.00048793247557366064,0.0024832346321364712,94.663794592800272
777,3,tier3_voxel_grid,3,20261684,64,64,64,0.22652962832437171,0.77347037167562827,13.36315047073672,0.45881417756538234,0.54118582243461766,1957.5949630705084,1.3577533309838692,18.143862064081443,0.077780752693247968,0.46340506974136969,0.21057962854889659,0.10669028703300575,0.064655331079493422,0.04489951680065378,0.011558127364376367,0.0080141453501037779,0.0087903929408518419,0.0013115332671276858,0.00021592105030841964,0.00034475131991923555,0.0017545428106454559,79.872661031225817
778,3,tier3_voxel_grid,3,20261685,64,64,64,0.10018673755035716,0.89981326244964288,6.3253350019721468,0.24374477780405943,0.75625522219594055,12.831089287920671,1.1303361275906429,7.1497546718427483,0.10869113338183618,0.64756408881410432,0.11187031107685817,0.05667915591602548,0.034348108838840888,0.023852843441232664,0.0061402487630397452,0.0042575102801223168,0.0046698913829291517,0.00069675132201666681,0.00011470793842926751,0.00018314894783170811,0.00093209989673334289,66.635383755347874
779,3,tier3_voxel_grid,3,20261686,64,64,64,0.22760435286245326,0.77239564713754671,1.9392173316740036,0.46033505205375624,0.53966494794624376,24.4265268528465,1.3596878351524158,2.6367302155938703,0.077562168322494282,0.46210277962374946,0.21127765664064105,0.10704394335759189,0.064869650183793898,0.045048349450082313,0.011596440175752716,0.0080407105911208913,0.0088195312827345287,0.0013158807297479836,0.00021663678411302769,0.00034589409953010249,0.001760358758647826,79.978175800557295
780,3,tier3_voxel_grid,3,20261687,64,64,64,0.059548932082415074,0.94045106791758493,7.8677436885109566,0.15490106885751578,0.84509893114248424,5327.7549127289849,1.0571880777483471,8.3176848262735881,0.121460001795341,0.72363892934714324,0.071094162161530902,0.036019897174543347,0.021828401085367287,0.0151586055612158,0.0039021598945208464,0.0027056698363111548,0.0029677401632199432,0.00044278907421363997,7.2897489042490264e-05,0.00011639210503236678,0.00059235431251799435,62.018662583106227
781,3,tier3_voxel_grid,3,20261688,64,64,64,0.15963859207309181,0.84036140792690817,6.1679781069585937,0.35479558553124385,0.64520441446875609,10.811033259770037,1.2373494657315653,7.6319444152892082,0.092730598101448083,0.55247381636730797,0.16283874009388216,0.08250233909342862,0.049997204031029238,0.034720266138872281,0.0089377634048900638,0.0061972439629273983,0.0067975070584099483,0.0010141931880210092,0.00016696919846549441,0.00026659212464284396,0.0013567672366747651,73.072762652413047
782,3,tier3_voxel_grid,3,20261689,64,64,64,0.24751118635621031,0.75248881364378972,10.829282887196189,0.48774341924088144,0.51225658075911862,3596.0203645621809,1.3955201354411784,15.112482321470861,0.073622960491222869,0.43863362026789576,0.22385713666460808,0.11341734397441065,0.068731991718737798,0.047730529956201154,0.01228689268199255,0.0085194548174048201,0.0093446465237683497,0.001394228320387645,0.00022953534679843982,0.00036648864788240565,0.0018651705886895175,81.91169091528252
783,3,tier3_voxel_grid,3,20261690,64,64,64,0.21863434940571766,0.78136565059428231,11.303778272606399,0.4475070652206084,0.55249293477939165,7116.930743931347,1.3435418289302918,15.187098934200096,0.079405842768607224,0.47308709201078442,0.20539006023573381,0.1040609893334889,0.063061951607037592,0.043793003738252366,0.011273286461469469,0.0078166430795727892,0.008573760662694406,0.0012792115675803611,0.00021059984688267988,0.0003362551964427974,0.0017113034914531962,79.093942202808023
784,3,tier3_voxel_grid,3,20261691,64,64,64,0.14470307221349082,0.85529692778650923,9.1364761007688493,0.32874413911833283,0.67125586088166722,1596.4212924173958,1.2104655299842835,11.059389385505906,0.096474785452159484,0.57478107542950774,0.15088203915255058,0.076444469848482799,0.046326077515575353,0.0321708737855134,0.0082814935021934682,0.0057422011845168356,0.0062983889800144752,0.00093972439368551135,0.00015470921185963658,0.00024701716167131185,0.0012571443822694546,71.49083380975766
785,3,tier3_voxel_grid,3,20261692,64,64,64,0.066943887368228525,0.93305611263177146,13.4432417617552,0.17197184745931368,0.82802815254068629,26.242105571550464,1.0704989972628114,14.390976825920491,0.11900654135039734,0.70902161119028895,0.078929051301360909,0.039989448156091151,0.024233986824109401,0.016829150518433127,0.004332195065481827,0.0030038465441020864,0.0032947981728750726,0.00049158637631714554,8.0931112730497248e-05,0.00012921902656789456,0.00065763436124455449,62.871831704674435
786,3,tier3_voxel_grid,3,20261693,64,64,64,0.35155015772657583,0.64844984227342417,14.524101808564666,0.61079660620685028,0.38920339379314972,1319.2849012593713,1.5827902839078365,22.98860722508439,0.055937409416624354,0.33326598437652538,0.28033423713380407,0.14203149863586828,0.08607244223813737,0.059772504475973216,0.015386762906343691,0.010668835055329657,0.011702215053570006,0.0017459793259653939,0.00028744500755582575,0.00045895036920909864,0.0023357360050936019,91.395375689368947
787,3,tier3_voxel_grid,3,20261694,64,64,64,0.09346116956244957,0.90653883043755046,4.3315170023743637,0.22984376390753261,0.77015623609246742,1888.9798721076234,1.1182301052124091,4.843632713294423,0.11068902630372954,0.65946720978873785,0.10549023285365086,0.053446685702179704,0.032389201072324666,0.022492491391291301,0.0057900640979481202,0.0040147001157291229,0.004403562702601266,0.00065701488172434147,0.00010816602741680259,0.00017270377607508705,0.00087894128659131421,65.883454246931194
788,3,tier3_voxel_grid,3,20261695,64,64,64,0.030402436161425326,0.96959756383857465,3.1964580029876952,0.083213566510962469,0.91678643348903754,16.124021383407975,1.0047243850905656,3.2115593015196295,0.13176313181107149,0.78502330167796608,0.038192110843415006,0.019350054401554642,0.011726317442108752,0.0081432726151293659,0.0020962582396239272,0.0014534982782312741,0.0015942836629908451,0.00023786832685639315,3.91608663365598e-05,6.2526374058598675e-05,0.00031821546065710009,58.600053452828462
789,3,tier3_voxel_grid,3,20261696,64,64,64,0.39365243395207777,0.60634756604792228,5.5507599686139599,0.65269559550370038,0.34730440449629962,1717.7387527121623,1.6585743811137399,9.2063482796548204,0.049915568508201329,0.29738883598809829,0.29956440488825969,0.15177447392532903,0.091976778148720587,0.063872736042152864,0.016442253077334813,0.011400688181641449,0.012504955242851478,0.0018657487686043258,0.00030716295486042471,0.00049043311880506678,0.002495961155140591,94.952953744727949
790,3,tier3_voxel_grid,3,20261697,64,64,64,0.3697398710774758,0.63026012892252425,7.8836858726519923,0.62938078076912407,0.37061921923087593,9940.0607527806533,1.6155317679394565,12.736344975724791,0.053266439436048037,0.3173527797948279,0.2888637219831553,0.14635296692362174,0.088691293219462342,0.061591150234508403,0.015854922494812282,0.010993446376069718,0.012058268124446376,0.0017991027131062736,0.00029619084560270986,0.00047291445101657587,0.0024068034033223134,92.951318393979463
791,3,tier3_voxel_grid,3,20261698,64,64,64,0.028662408049226196,0.97133759195077385,3.3123253730112188,0.078696311284787102,0.92130368871521284,11.007789525584464,1.0015923344886073,3.3175997029401536,0.13241236447208021,0.78889132424313269,0.036118848999946759,0.018299635124540657,0.011089753346010566,0.0077012143988886544,0.0019824626905879787,0.0013745950059780394,0.0015077378446752385,0.00022495562538610975,3.7035015522353016e-05,5.9132124757280823e-05,0.00030094110849345721,58.393169904342493
792,3,tier3_voxel_grid,3,20261699,64,64,64,0.13743981292121368,0.86256018707878634,13.703860359847965,0.31565234428381106,0.68434765571618894,8048.8239291056298,1.1973916632581847,16.40888814933626,0.098356375128241025,0.58599128058794792,0.1448733641200553,0.07340017126973343,0.044481203553871793,0.030889711844872283,0.0079516941203857348,0.0055135257166960012,0.0060475640785105081,0.00090230112890542756,0.00014854812480236172,0.00023718003420227231,0.0012070802917759078,70.713006865804829
793,3,tier3_voxel_grid,3,20261700,64,64,64,0.4202029640537841,0.5797970359462159,5.9868573128807157,0.67720442231493427,0.32279557768506573,2463.3432309443297,1.7063653352968113,10.21576578606787,0.04639309079725476,0.27640248688781099,0.31081309749288916,0.15747363034897757,0.095430521274660673,0.06627116777112553,0.017059662380898271,0.011828785895334613,0.012974518366060176,0.0019358079412998416,0.00031869697426451047,0.00050884896296594343,0.0025896849064579253,97.118589037739866
794,3,tier3_voxel_grid,3,20261701,64,64,64,0.081945157616216749,0.91805484238378321,1.6239277277861857,0.20532931194667089,0.79467068805332908,356.37357957625261,1.0975012837091902,1.7822627658962871,0.11421231247704508,0.68045837557628397,0.094238958502473269,0.047746221235193051,0.028934665259651389,0.020093509185649502,0.005172513089531104,0.0035865041470801683,0.0039338918074927507,0.00058693962937996077,9.6629360779315642e-05,0.0001542837051970475,0.00078519602424332571,64.584746812587127
795,3,tier3_voxel_grid,3,20261702,64,64,64,0.01645987681739473,0.98354012318260531,13.238218987415834,0.046205979711713877,0.95379402028828608,274.10075977548195,0.97962777827131042,12.968527054911251,0.13708196655743812,0.81671205373084799,0.021206925418175426,0.010744500669623472,0.0065112698390570002,0.0045217132856822514,0.0011639888752733129,0.00080708368564058207,0.00088525755685723748,0.0001320810962156981,2.1744846078696122e-05,3.4719006675648699e-05,0.00017669543243454942,56.933609121745747
796,3,tier3_voxel_grid,3,20261703,64,64,64,0.032868041755306276,0.96713195824469378,13.490351337715254,0.089566464322607536,0.91043353567739249,18.399911508800795,1.0091624751595512,13.613956346740688,0.13085007542066182,0.77958346025673064,0.041107868304276547,0.020827324556135205,0.012621557239417693,0.0087649666602880871,0.0022562960188170036,0.0015644648719992369,0.0017159984460295185,0.00025602826443035326,4.215058294747902e-05,6.7299918584834574e-05,0.00034250945968157163,58.892670938646326
797,3,tier3_voxel_grid,3,20261704,64,64,64,0.19907172804056097,0.80092827195943905,6.4996099640306699,0.41843237128127503,0.58156762871872503,335.72070818082966,1.3083291104730097,8.5036289226617576,0.08358453978020601,0.497983088938519,0.19204579462823698,0.097300109671390328,0.05896479407660217,0.040947756636408102,0.010540857011677262,0.0073087929854976233,0.0080167203686958115,0.0011961007349218444,0.00019691709957506842,0.00031440857617264547,0.00160011949209715,77.137166212619391
798,3,tier3_voxel_grid,3,20261705,64,64,64,0.43599016886899022,0.56400983113100978,4.1957782327134954,0.69113741917353455,0.30886258082646545,36.600310111661479,1.7347823039641821,7.2787618294694818,0.044390601193851451,0.26447197963261398,0.31720785477485847,0.1607135377161866,0.097393936027017514,0.067634649671043559,0.017410652738505974,0.012072154708782951,0.013241459806014474,0.0019756358057913129,0.00032525393667490627,0.00051931816660503213,0.0026429658220536931,98.378684920719323
799,3,tier3_voxel_grid,3,20261706,64,64,64,0.25584855596813127,0.74415144403186873,7.092898081412919,0.49880883458338166,0.50119116541661834,137.68590666445542,1.4105274007426363,10.004727094507796,0.072032607790682435,0.42915855762593591,0.22893577452389893,0.11599043869719206,0.070291311651477908,0.04881339057030238,0.012565644922272041,0.0087127353463209694,0.0095566481437497786,0.0014258591222370627,0.00023474280598274341,0.00037480316110216746,0.0019074856388455756,82.709794853698384
800,3,tier3_voxel_grid,3,20261707,64,64,64,0.081561628977393386,0.91843837102260661,12.689099845739303,0.20449694027598714,0.79550305972401292,127.20197471288927,1.096810932159308,13.917543430067857,0.11433194328107293,0.68117111644294004,0.093856929075751314,0.047552665811656167,0.028817368827717176,0.020012053364012586,0.0051515445618467333,0.0035719650419688887,0.0039179444492463914,0.00058456027148280675,9.6237641050133123e-05,0.00015365826412272343,0.00078201296713220365,64.541251662555794
801,3,tier3_voxel_grid,3,20261708,64,64,64,0.422309862341465,0.57769013765853505,7.0023362793819128,0.6790906394074403,0.3209093605925597,7473.1803953879198,1.710157752214637,11.975099671798777,0.046121998357068532,0.27478736223549116,0.31167880503664941,0.15791224156207015,0.095696323851317974,0.066455752817045521,0.017107178648829945,0.011861732605964624,0.01301065628468959,0.0019411997460583028,0.00031958464076576096,0.00051026625969322905,0.0025968979543557341,97.287933610368697
802,3,tier3_voxel_grid,3,20261709,64,64,64,0.29028871596020855,0.70971128403979145,5.0454784775544921,0.54212787441908961,0.45787212558091039,422.02718711529724,1.4725196887283754,7.4295663972542583,0.065806673213881464,0.39206545236702894,0.24881769571060489,0.12606362522902559,0.076395758723025384,0.053052588162696729,0.013656908017890433,0.0094693926133489204,0.010386594994993326,0.0015496878193929265,0.00025512903866044967,0.00040735293155660392,0.0020731411778943326,85.934839983575472
803,3,tier3_voxel_grid,3,20261710,64,64,64,0.065271477027708136,0.93472852297229192,9.2793018525538535,0.16814844857763536,0.83185155142236467,288.4368999178032,1.0674886586498744,9.9055494877900081,0.11955605102070914,0.71229550040165557,0.0771742452041074,0.039100374661691986,0.023695199810474344,0.016454993025666782,0.0042358786624583939,0.0029370629182521031,0.0032215459060904949,0.00048065708277737621,7.9131795397583367e-05,0.00012634613842387355,0.0006430133722950083,62.679388867083496
804,3,tier3_voxel_grid,3,20261711,64,64,64,0.21880168682915702,0.78119831317084298,14.380108816323959,0.44774919579910144,0.55225080420089856,12.218721586343438,1.3438430362924827,19.324609093945089,0.07937104307899133,0.47287976112190722,0.20550118968589587,0.10411729313180648,0.063096072245593285,0.043816698616284878,0.011279386046447168,0.0078208723944994656,0.0085783996277308469,0.0012799037046681196,0.0002107137951680128,0.00033643713248708275,0.001712229418520199,79.110512239231454
805,3,tier3_voxel_grid,3,20261712,64,64,64,0.072783971924743382,0.9272160280752566,5.5909986541297787,0.18515620573588756,0.81484379426411246,116.13008055141141,1.081011149464538,6.0439318817555172,0.11711164819536969,0.69773214606874279,0.084980209709910437,0.043055270961170448,0.026091904672171252,0.018119370709722901,0.0046643262410850372,0.0032341388252538602,0.00354739649173923,0.00052927423630702727,8.7135760768677504e-05,0.00013912570587378678,0.00070805242188488892,63.541520545407721
806,3,tier3_voxel_grid,3,20261713,64,64,64,0.3106798097120132,0.68932019028798686,2.8567045064854257,0.56609865109965585,0.43390134890034415,344.94695265443244,1.5092236574816238,4.3114060236221716,0.062361525585163884,0.37153982331518026,0.25981944216100283,0.13163766624498624,0.079773680719112242,0.055398366351167003,0.014260763137117924,0.0098880921607175515,0.010845849648451715,0.001618208960614573,0.00026640984803962122,0.00042536448678788665,0.002164807381658234,87.79091737925242
807,3,tier3_voxel_grid,3,20261714,64,64,64,0.41816972612111752,0.58183027387888253,11.740818846366775,0.67537618342882866,0.32462381657117134,1411.9071284948498,1.7027055070180115,19.991156906609564,0.046655850446102619,0.27796796612506874,0.3099739999140444,0.1570485010895494,0.095172888890454943,0.066092256467604152,0.017013606659581543,0.011796851894851652,0.012939491248363221,0.0019305818688796137,0.00031783659269871552,0.00050747523085405198,0.0025826935719469031,96.954818762592296
808,3,tier3_voxel_grid,3,20261715,64,64,64,0.058421803763350308,0.94157819623664973,2.2329307377369227,0.15226133954699614,0.84773866045300383,1577.1128063818037,1.0551592467740305,2.3560975153290715,0.12183939113661194,0.72589926931639193,0.06988261891622731,0.035406068109096377,0.021456414819734575,0.014900281873060009,0.0038356616713395987,0.0026595614651799705,0.0029171657498047324,0.00043524333352766223,7.1655214603017219e-05,0.00011440862193936349,0.00058225977248351087,61.888116399272036
809,3,tier3_voxel_grid,3,20261716,64,64,64,0.17762553990757332,0.82237446009242665,7.7322094274279998,0.38470524001365336,0.61529475998634664,5629.7006313127404,1.2697259718336318,9.8177871296621859,0.088431898205779916,0.52686286178056674,0.1765662233298031,0.089457376182123557,0.054212022812992151,0.037647222409187893,0.0096912265994377432,0.0067196783821629608,0.0073705443107037133,0.0010996907789414308,0.00018104488384311875,0.00028906613125670791,0.001471144193200968,74.946769969860938
810,3,tier3_voxel_grid,3,20261717,64,64,64,0.29597476275075163,0.70402523724924837,12.602936820043432,0.54893143640385245,0.45106856359614755,6498.7173333525971,1.4827545729513529,18.687062202536382,0.064828846097514325,0.38623971749863323,0.25194029223358744,0.12764569051055835,0.077354505366337228,0.053718384165906796,0.01382829861520935,0.0095882309956623352,0.010516944025533003,0.001569135993216435,0.00025833084087454775,0.00041246510351878153,0.002099158553448176,86.45634591496048
811,3,tier3_voxel_grid,3,20261718,64,64,64,0.17616971877181398,0.82383028122818602,14.222323675693236,0.38234127229114601,0.61765872770885399,239.93083024779656,1.2671054937892652,18.021184463920033,0.088771654313898163,0.52888707339495578,0.17548124498944603,0.088907671296826876,0.053878896411861776,0.037415884726825631,0.0096316751702142621,0.0066783867615952241,0.0073252531967922018,0.0010929333105324634,0.00017993238466916666,0.00028728985442737052,0.0014621041879549833,74.796350422519893
812,3,tier3_voxel_grid,3,20261719,64,64,64,0.33378613603324531,0.66621386396675475,7.2571831300483973,0.59188997239473062,0.40811002760526938,20.659782444347382,1.5508150448598415,11.254548781382089,0.058654724150012334,0.34945530345525705,0.27165675478922502,0.13763504733406534,0.083408150835443867,0.057922302882387748,0.014910480148928325,0.010338591312088046,0.011339984005525194,0.0016919341799640751,0.00027854741800841513,0.00044474399268310509,0.0022634354964114491,89.847402147540123
813,3,tier3_voxel_grid,3,20261720,64,64,64,0.074298877629968257,0.92570112237003177,8.4222762057757308,0.18853442188357528,0.81146557811642472,264.04577416316891,1.0837379797339428,9.127540600008647,0.11662612144312484,0.69483945667329983,0.08653069253350755,0.043840823954255488,0.026567957275091775,0.018449962657609537,0.0047494279105812975,0.0032931464073109313,0.0036121195295818736,0.00053893096244559346,8.8725572100681622e-05,0.00014166408531547667,0.00072097099577505001,63.714645342384706
814,3,tier3_voxel_grid,3,20261721,64,64,64,0.065911823765020819,0.9340881762349792,3.9381108840579646,0.1696149290459566,0.83038507095404346,209.42920744592041,1.0686412827770373,4.2084278668579156,0.11934528431192355,0.71103978664211986,0.077847308346863694,0.039441382480856844,0.023901853799904321,0.016598502680871013,0.0042728212175471847,0.0029626780544028163,0.0032496421162491076,0.00048484905855720529,7.9821931009034874e-05,0.00012744804656405408,0.00064862131313131422,62.753108006390988
815,3,tier3_voxel_grid,3,20261722,64,64,64,0.0088432764802449573,0.99115672351975503,7.9759986820112712,0.025177098777728668,0.97482290122227133,48.216029823420065,0.96591789766444081,7.7041598787026775,0.14010429663250154,0.83471860458976976,0.01155540601793514,0.0058545529467023179,0.0035479149003916411,0.0024638287673690233,0.00063424394573553507,0.00043977047564072816,0.00048236650519662154,7.1969446959919652e-05,1.1848512704320955e-05,1.8917981308722807e-05,9.6279277784696102e-05,56.014910536679452
816,3,tier3_voxel_grid,3,20261723,64,64,64,0.035515856003331972,0.96448414399666804,5.4652255362207214,0.096326910702724353,0.90367308929727563,118.76414104303575,1.0139285408059975,5.5413481531159512,0.12987844500059226,0.77379464429668332,0.044210676275695138,0.022399363956907916,0.013574228103406694,0.0094265433740563058,0.0024266004778379811,0.00168255015046498,0.0018455214273203871,0.00027535319108193352,4.533209466687344e-05,7.2379693637026295e-05,0.00036836195764911267,59.206212948736884
817,3,tier3_voxel_grid,3,20261724,64,64,64,0.21780168103200159,0.78219831896799841,6.3786113170626422,0.44630061130510751,0.55369938869489244,165.35583080680095,1.3420430258576028,8.560370832720297,0.079579237727875035,0.47412015096701737,0.20483634016819877,0.10378044675038935,0.062891940127111717,0.043674940259622118,0.011242894314285608,0.0077955698488188238,0.0085506462854566378,0.0012757628850356495,0.00021003208152293022,0.00033534867131753277,0.0017066899133483316,79.011447765060623
818,3,tier3_voxel_grid,3,20261725,64,64,64,0.12024136412288909,0.87975863587711089,9.3381689007429447,0.2834824964241493,0.71651750357585064,2017.3795176362814,1.1664344554212005,10.892361956369287,0.10297991639045519,0.61353758718539542,0.13010853133152028,0.065919560447792694,0.039947882078976947,0.027741573240886955,0.0071412937076792303,0.0049516123120011014,0.0054312239186784794,0.00081034271146883841,0.00013340877715844462,0.0002130077264281976,0.0010840601715581008,68.848879296112315
819,3,tier3_voxel_grid,3,20261726,64,64,64,0.011317180969151549,0.98868281903084843,9.3150555285769681,0.032072526947661419,0.96792747305233862,195.40928715041107,0.9703709257444727,9.0390590566264013,0.13911326624891385,0.82881420680342477,0.014720165900498091,0.0074579803180388603,0.0045196071737812005,0.0031386147877279467,0.00080794877203993617,0.00056021349224120434,0.00061447559439426337,9.1680222864762835e-05,1.5093547765527133e-05,2.4099181191444035e-05,0.00012264795711817988,56.313948803132718
820,3,tier3_voxel_grid,3,20261727,64,64,64,0.11802722817619914,0.88197277182380085,1.3278521193229174,0.27921644260706557,0.72078355739293443,507.94791716382008,1.1624490107171583,1.5435603824856075,0.10359304567649218,0.61719051171644224,0.12815056213157533,0.064927554253350173,0.039346716867801279,0.027324097573397696,0.0070338262496708924,0.0048770967956260607,0.00534949085289142,0.00079814807631141665,0.00013140114342370524,0.0002098022289605948,0.0010677464340569875,68.606603666807729
821,3,tier3_voxel_grid,3,20261728,64,64,64,0.13245274394605325,0.86754725605394678,9.0304721004625179,0.30649652227243601,0.69350347772756393,6060.8281049681509,1.188414939102896,10.731947951341564,0.09967227568965345,0.59383120203791051,0.14067116267884022,0.071271123550240248,0.04319098033846993,0.029993723873434876,0.0077210470259681842,0.0053536002131115293,0.0058721482410933699,0.00087612895345187572,0.00014423933313506123,0.00023030038253127021,0.0011720676821594183,70.175698842643868
822,3,tier3_voxel_grid,3,20261729,64,64,64,0.05824927721312257,0.94175072278687744,7.1242772187099179,0.15185638707279137,0.84814361292720863,5405.2685362965231,1.0548486989836205,7.5150345553548039,0.12189759204828207,0.72624602087892653,0.069696759921959756,0.035311902545301269,0.02139934959034236,0.014860653258016979,0.0038254603905112372,0.0026524881266763913,0.0029094072899648058,0.00043408576545872534,7.1464641234035331e-05,0.00011410434210928618,0.00058071120121651288,61.868122214057124
823,3,tier3_voxel_grid,3,20261730,64,64,64,0.41626727868314295,0.58373272131685705,4.2728398131966987,0.67365841665679138,0.32634158334320862,2209.3869440122639,1.6992811016296574,7.260755944855946,0.046902732731154813,0.27943885061205381,0.30918560516410731,0.15664906044685414,0.094930824052893131,0.065924155955867675,0.016970333874858863,0.011766847519961288,0.012906580659185114,0.0019256715841132446,0.00031702820005581308,0.00050618450709064163,0.0025761246918041044,96.801274491496656
824,3,tier3_voxel_grid,3,20261731,64,64,64,0.044483064468676982,0.955516935531323,7.5639156769109741,0.11875744829214192,0.88124255170785804,71.657810670924036,1.0300695160436186,7.7913589607104274,0.12665466487795266,0.75458788682990541,0.054505506960299502,0.027615245703235512,0.016735102167565599,0.011621593894700327,0.0029916549660964123,0.002074346213691344,0.0022752667336485254,0.00033947151542008453,5.5888057128603075e-05,8.9233918764687625e-05,0.0004541381615913219,60.262659826300769
825,3,tier3_voxel_grid,3,20261732,64,64,64,0.24463195878853311,0.75536804121146695,12.059529789109309,0.48386659654604758,0.51613340345395242,9991.1148111886359,1.3903375258193595,16.766816809535101,0.07418014838263122,0.44195325507132122,0.22207781090933168,0.11251584758150776,0.068185676310175136,0.047351144413575796,0.012189230463458317,0.0084517380333728968,0.0092703707133946715,0.0013831463133711865,0.00022771088785828695,0.00036357561727766511,0.0018503453027241582,81.634478314612565
826,3,tier3_voxel_grid,3,20261733,64,64,64,0.062180993607873242,0.93781900639212679,5.8965150869295853,0.16102606629803107,0.83897393370196893,957.17135518548196,1.0619257884941717,6.2616614330554796,0.12057969988901186,0.71839423381295708,0.073905321338718383,0.037444172549974349,0.022691525541283064,0.015757997295236897,0.0040564565662139672,0.0028126556753664618,0.0030850886169001232,0.00046029755214894308,7.5779954199757518e-05,0.00012099440604085876,0.00061577680194825277,62.322990816374393
827,3,tier3_voxel_grid,3,20261734,64,64,64,0.10794620225443349,0.89205379774556648,2.2111414918095802,0.25941731660251793,0.74058268339748201,31.865694555627179,1.1443031640579804,2.5302162052575854,0.10643863190484948,0.63414405149263253,0.11906345714769261,0.060323567411363757,0.036556656949205547,0.025386556768977442,0.0065350604502394062,0.0045312638171260602,0.004970160601178328,0.00074155171620587761,0.00012208354102358879,0.00019492523701685223,0.00099203296248844106,67.496909247252944
828,3,tier3_voxel_grid,3,20261735,64,64,64,0.01880194331360965,0.98119805668639037,1.1977198474015234,0.052554440029741765,0.94744555997025826,87.994390687581728,0.98384349796449733,1.1783688842490188,0.1361695479361261,0.81127601203413213,0.024120646224976817,0.012220738952280992,0.0074058843121431704,0.0051429730780890755,0.0013239148682162823,0.00091797276933894127,0.001006887322225414,0.00015022834908899686,2.4732474375152952e-05,3.948921688516891e-05,0.00020097246212175108,57.214924929190886
829,3,tier3_voxel_grid,3,20261736,64,64,64,0.2119066551069223,0.7880933448930777,9.0938414202228159,0.4376816169741406,0.56231838302585935,13.765204902806106,1.3314319791924603,12.107831280589638,0.080817983901057419,0.48150039912480191,0.20088052381938637,0.10177623017629348,0.061677365775904949,0.042831486199807582,0.011025770609088078,0.0076450211589186605,0.0083855154969395881,0.0012511252466474217,0.00020597592458719671,0.000328872390031404,0.0016737301765358463,78.425400096058837
830,3,tier3_voxel_grid,3,20261737,64,64,64,0.23031061929340635,0.76968938070659365,6.5350484367418691,0.46414566889837827,0.53585433110162173,5887.0552518704289,1.3645591147281313,8.9174599095459435,0.077014495722597096,0.45883983537902462,0.21302659623082693,0.10793004458289152,0.065406635974018357,0.045421256093778124,0.011692434582596656,0.0081072709520678948,0.008892538659248047,0.0013267734854743184,0.00021843008613298649,0.00034875738329753292,0.0017749308680458694,80.243358195683228
831,3,tier3_voxel_grid,3,20261738,64,64,64,0.074742715458469694,0.92525728454153033,4.5940491748909267,0.18952095573526617,0.81047904426473383,2903.7265605054131,1.0845368878252455,4.9824157946523426,0.1164843340156629,0.69399471024907089,0.086983476998761744,0.044070227457789726,0.026706977985263954,0.01854650477730482,0.004774279984611828,0.0033103782760430652,0.0036310204716840373,0.00054175099728520095,8.9189841593294582e-05,0.00014240536329716453,0.00072474358163132722,63.7653213689102
832,3,tier3_voxel_grid,3,20261739,64,64,64,0.079117554069046386,0.92088244593095359,4.233512304210123,0.19916785415203783,0.80083214584796214,7986.5846384238603,1.0924115973242836,4.6247379385341887,0.11509785456829626,0.6857342912796659,0.091411065300483804,0.046313467556700898,0.028066402871252203,0.01949054944444311,0.0050172979339783959,0.0034788814519909725,0.0038158448121041197,0.00056932692849407133,9.3729737133185868e-05,0.00014965400800983773,0.00076163410744722079,64.263706729638784
833,3,tier3_voxel_grid,3,20261740,64,64,64,0.40475862214004865,0.59524137785995135,8.6300130663083401,0.66311752369560006,0.33688247630439994,7221.6089898797054,1.6785655198520875,14.486042368978167,0.048417699595756057,0.2884647767086439,0.30434770469616673,0.15419793545856098,0.093445418942057795,0.064892625057855133,0.016704795037270643,0.011582728867047965,0.012704628331626257,0.0018955401442846129,0.00031206758464622338,0.00049826411809834588,0.0025358154579853522,95.866021453652792
834,3,tier3_voxel_grid,3,20261741,64,64,64,0.023608037541200354,0.97639196245879967,4.1084620348151741,0.065413063104505315,0.93458693689549466,9108.4735960873713,0.9924944675741606,4.0776258397925389,0.13432147036296552,0.80026546653252917,0.030022303591151198,0.015210816970304434,0.0092179000971322408,0.0064013168499450507,0.0016478403493713344,0.001142575406664089,0.0012532449001565553,0.00018698508581735317,3.0783829227689904e-05,4.9151139934041897e-05,0.00025014488480132519,57.790456894729289
835,3,tier3_voxel_grid,3,20261742,64,64,64,0.066646919741789906,0.93335308025821007,9.9968356325406234,0.17129450267414884,0.82870549732585119,59.17331153933663,1.0699644555352219,10.696258794646434,0.11910389125321993,0.70960160607263123,0.07861817378223887,0.039831941886487594,0.024138536523135298,0.016762865614765324,0.0043151318671777253,0.0029920153064771937,0.0032818209653057021,0.00048965016714468037,8.0612349700527711e-05,0.0001287100721367889,0.00065504413957911825,62.837681516667885
836,3,tier3_voxel_grid,3,20261743,64,64,64,0.21683750992179138,0.7831624900782086,11.971030790349346,0.44490025187455323,0.55509974812544671,136.48181831936063,1.3403075178592245,16.044862564829483,0.079780501334633241,0.47531924679081344,0.20419362426459303,0.1034548143769784,0.062694603804391236,0.04353790120360871,0.011207617434351039,0.007771109654327011,0.0085238168842417077,0.0012717599181071785,0.00020937306291836347,0.0003342964462868968,0.0017013348247496398,78.915837195988175
837,3,tier3_voxel_grid,3,20261744,64,64,64,0.11432163590615589,0.88567836409384415,12.186748856573745,0.27201092406323324,0.72798907593676676,2050.2484592721871,1.1557789446310807,14.085187731934832,0.10462864312315689,0.62336043281360987,0.12484348163438173,0.06325202006270593,0.038331327174477077,0.026618966135147578,0.0068523098425321404,0.0047512374047075853,0.0052114407610677977,0.00077755089832688316,0.0001280101777385192,0.00020438802828817826,0.0010401919438598052,68.199960722179569
838,3,tier3_voxel_grid,3,20261745,64,64,64,0.24890479892709627,0.75109520107290373,9.9858278332976891,0.4896095676516769,0.51039043234832304,7442.3199280591734,1.3980286380687734,13.96047328577442,0.073354752378571267,0.43703567996975179,0.22471363338676184,0.11385128851956496,0.068994966250134571,0.047913151082618032,0.012333903393665097,0.008552050986704425,0.0093803999477446633,0.0013995627582534123,0.00023041356884255466,0.00036789086507456125,0.0018723068923127682,82.045573453698992
839,3,tier3_voxel_grid,3,20261746,64,64,64,0.13338071034009871,0.86661928965990132,9.7432174792487967,0.3082106467723163,0.69178935322768376,1665.5962622221421,1.1900852786121776,11.595259688370843,0.099425916882227877,0.59236343634545585,0.14145788575349916,0.071669717237717298,0.04343253191309502,0.030161467952724622,0.0077642280571062006,0.0053835409681315871,0.0059049890482006035,0.000881028826680556,0.00014504601170009054,0.00023158836950450498,0.0011786226339566251,70.275878143716625
840,3,tier3_voxel_grid,3,20261747,64,64,64,0.17164859516926667,0.82835140483073333,7.2518100709426339,0.37493711908720756,0.6250628809127925,2662.3418160495235,1.2589674713046799,9.1297929873964598,0.089835800094117749,0.53522708081867476,0.17208299814433345,0.087185947624824664,0.052835515452484792,0.036691314917455531,0.0094451548969947605,0.0065490578025694463,0.0071833974755887934,0.0010717683297696544,0.00017644794017156607,0.00028172640038702919,0.0014337901026278434,74.327805480245772
841,3,tier3_voxel_grid,3,20261748,64,64,64,0.27485448627532244,0.72514551372467762,12.707489179998824,0.52317430417447586,0.47682569582552414,19.395367535187461,1.4447380752955805,18.358993459750916,0.068530733783721154,0.40829496204180299,0.24011867118837896,0.12165625957082311,0.07372485311630117,0.051197793373777771,0.013179442870541794,0.0091383290275422434,0.010023464694691194,0.0014955085042755115,0.00024620936051094824,0.00039311128716434582,0.0020006611804687696,84.503718174362504
842,3,tier3_voxel_grid,3,20261749,64,64,64,0.1277733242820917,0.87222667571790824,12.434141285841745,0.29777883801520266,0.70222116198479734,19.603870493789433,1.179991983707765,14.672187041583021,0.10092520585737159,0.6012959561274257,0.13667005111241928,0.069243958128712271,0.041962498766935259,0.029140612025742103,0.0075014371928497133,0.00520132769807177,0.00570512665827744,0.0008512092071259297,0.00014013673205357926,0.00022374994599012378,0.0011387305470251705,69.669134332340832
843,3,tier3_voxel_grid,3,20261750,64,64,64,0.15585901557547277,0.84414098442452723,14.788774664771811,0.34831059822651611,0.65168940177348389,218.13310165439069,1.2305462280358508,18.198270881007105,0.093662638766332323,0.55802676300715159,0.15986235818471747,0.080994353528078031,0.049083350401966666,0.034085645827037742,0.0087743981191394371,0.0060839701510119852,0.0066732615808018179,0.00099565566890557353,0.00016391731964713761,0.00026171932854742298,0.0013319681166627953,72.674663723464164
844,3,tier3_voxel_grid,3,20261751,64,64,64,0.36111037887903763,0.63888962112096237,8.5815553748553004,0.62065897497305511,0.37934102502694489,3206.8881647168319,1.5999986819822678,13.730477289126327,0.054519961962951516,0.32482106306399339,0.28486071877484648,0.14432484310066918,0.087462230847527411,0.060737635053372069,0.015635208834756612,0.010841101869768768,0.011891167577318404,0.0017741711852453208,0.00029208630489721934,0.0004663609175659982,0.0023734505070876323,92.216791055819243
845,3,tier3_voxel_grid,3,20261752,64,64,64,0.37609963360364063,0.62390036639635937,6.5105343648929885,0.63570198260827881,0.36429801739172119,154.61279683755706,1.6269793404865531,10.592504907208635,0.052357938480196042,0.31194007891152514,0.29176493210341609,0.14782286665991939,0.089582066473025565,0.062209742514466905,0.016014161811131074,0.011103859333653423,0.012179375646274615,0.0018171720468489058,0.00029916564587493405,0.00047766417930328287,0.0024309761943646026,93.488486747646945
846,3,tier3_voxel_grid,3,20261753,64,64,64,0.091006736243382805,0.90899326375661715,14.766550959336785,0.22469545715872433,0.7753045428412757,22.96072619932831,1.1138121252380888,16.447163506455443,0.11142895546931003,0.66387558737196573,0.10312734047623445,0.052249524952529491,0.031663710244841346,0.02198867852615791,0.0056603715382513896,0.0039247742141129069,0.0043049266065193935,0.00064229830167821195,0.00010574319949458957,0.00016883535693333585,0.00085925374197128805,65.607843031472214
847,3,tier3_voxel_grid,3,20261754,64,64,64,0.06861673686200577,0.93138326313799424,6.3999214333090935,0.17577479870805768,0.82422520129194232,10.952174325208063,1.0735101263516102,6.8703804665120236,0.11845997047155883,0.70576523082038345,0.080674472651676432,0.040873766863185168,0.024769892391307523,0.017201307007561489,0.0044279963659707017,0.0030702730094491603,0.0033676586847030863,0.00050245721972145977,8.2720807269270536e-05,0.00013207655043420133,0.00067217715677917616,63.064028724146446
848,3,tier3_voxel_grid,3,20261755,64,64,64,0.070882403017643397,0.92911759698235663,8.1350762478380254,0.18089153686814302,0.81910846313185703,13.805754179837301,1.077588325431758,8.7662631911674467,0.11772457843258172,0.70138388469927526,0.083022876153177189,0.042063586815718014,0.025490934625753848,0.017702030573259413,0.00455689367175634,0.0031596474999039652,0.0034656899601123816,0.00051708356006635321,8.5128778800449642e-05,0.00013592124905212747,0.00069174398054292884,63.323862712175369
849,3,tier3_voxel_grid,3,20261756,64,64,64,0.2257096067743434,0.77429039322565663,3.0610526784608418,0.45765082273510732,0.54234917726489273,61.011552902841785,1.356277292193818,4.1516362380055041,0.07794795333043586,0.46440122393445687,0.21004568945109053,0.10641976648932532,0.064491393051001183,0.04478567099487632,0.011528820939344712,0.0079938249346513997,0.0087681042963683176,0.0013082077845336742,0.00021537356766922297,0.000343877179291324,0.0017500940469552845,79.79207436626406
850,3,tier3_voxel_grid,3,20261757,64,64,64,0.064495454639523206,0.93550454536047678,2.4135957810217974,0.16636700254674539,0.83363299745325459,59.801560799647227,1.0660918183511416,2.5731147149541718,0.11981208546843668,0.7138209119848179,0.076356623905970297,0.038686126371942096,0.023444161397627943,0.016280660867018515,0.0041910017141760913,0.0029059462524579577,0.0031874152898625071,0.00047556476905354441,7.8293434865442407e-05,0.000125007566294797,0.00063620097747618112,62.589992071541019
851,3,tier3_voxel_grid,3,20261758,64,64,64,0.0053272534976599754,0.99467274650234005,6.5444666501413078,0.015266896826769528,0.98473310317323048,799.12452051825858,0.95958905629578806,6.2799985767683548,0.14152861880639001,0.84320448436684048,0.0070069706213847826,0.0035500855993474889,0.0021513857181333258,0.0014940172385359736,0.00038459303703066155,0.00026666815499033644,0.00029249754836885804,4.3640855172268505e-05,7.1847047431671899e-06,1.1471491269141418e-05,5.8381857793523077e-05,55.588848936018231
852,3,tier3_voxel_grid,3,20261759,64,64,64,0.15867218295348309,0.84132781704651693,11.005099624771953,0.35314421871272433,0.64685578128727572,186.66915456824694,1.2356099293162695,13.598010369482976,0.092967937197914574,0.55388784408936109,0.16208082059565074,0.082118338754120182,0.049764496164520791,0.034558663520998525,0.0088961633215730359,0.0061683994015405219,0.006765868621905439,0.0010094727093945383,0.00016619205408911254,0.00026535129356526833,0.0013504522753661446,72.971114832919525
853,3,tier3_voxel_grid,3,20261760,64,64,64,0.021541538543004279,0.97845846145699578,14.001044048640843,0.059911754251741639,0.94008824574825833,1232.0926839552342,0.98877476937740771,13.843879100237777,0.13511213398648955,0.80497611176176875,0.027497395618832389,0.013931570928534219,0.0084426648000597206,0.0058629592286288503,0.0015092552064090666,0.0010464835879766029,0.0011478456582207754,0.00017125943930087117,2.8194876131552265e-05,4.5017476283242039e-05,0.00022910743136434801,57.543281544463483
854,3,tier3_voxel_grid,3,20261761,64,64,64,0.15615764785740827,0.84384235214259173,6.6583638373281788,0.34882559856440659,0.65117440143559335,372.21349138065989,1.2310837661433349,8.1970036292105615,0.093588621465328023,0.55758577997026537,0.16009872529183478,0.08111410905560594,0.049155923393344236,0.034136043716758928,0.0087873716491415413,0.0060929657046914889,0.0066831284409732952,0.00099712781189668486,0.00016415968228391698,0.00026210629794577229,0.0013339375199299753,72.706173080225497
855,3,tier3_voxel_grid,3,20261762,64,64,64,0.10889831734434206,0.89110168265565792,4.8043033909880677,0.26131408191816358,0.73868591808183637,62.776933302241758,1.1460169712198158,5.5058132209612358,0.10616602344428475,0.63251989463755165,0.1199340059562158,0.0607646314539666,0.036823945963930238,0.025572174063126101,0.0065828424416654223,0.0045643947744458211,0.005006500612573744,0.00074697367335768933,0.00012297617158988036,0.00019635045964099982,0.00099928634765126872,67.602179183784727
856,3,tier3_voxel_grid,3,20261763,64,64,64,0.24192999392311335,0.75807000607688668,14.079220038040784,0.48020207419352662,0.51979792580647333,380.1617284335212,1.3854739890616041,19.506393148980436,0.074706823870096972,0.44509110193637635,0.22039592357119894,0.11166371841735696,0.067669277912881312,0.046992534564581016,0.01209691636735782,0.0083877295170544965,0.0092001623523755658,0.0013726711728710233,0.00022598633889287873,0.00036082210838522225,0.0018363318705713364,81.373584625137653
857,3,tier3_voxel_grid,3,20261764,64,64,64,0.42338453383902847,0.57661546616097148,14.584129220696289,0.68004952924865469,0.31995047075134531,203.39789327777362,1.7120921609102513,24.969373312456248,0.045984184004755978,0.27396628674658935,0.31211890186986785,0.15813521686971008,0.095831449013494649,0.066549589696202227,0.017131334334192533,0.011878481614469565,0.013029027596875261,0.0019439407597142818,0.00032003590080036527,0.00051098676606504598,0.0026005648272628252,97.374171326000294
858,3,tier3_voxel_grid,3,20261765,64,64,64,0.22006757321514464,0.7799324267848553,7.1735780875885888,0.44957737254258068,0.55042262745741932,2304.6583331746087,1.3461216317872602,9.6565086410180854,0.079108292361457,0.47131433509596232,0.20634025874345291,0.10454240794090819,0.063353695872763433,0.043995603838534063,0.01132544020231011,0.0078528053095320086,0.0086134255548409987,0.0012851295994518973,0.00021157414748906812,0.00033781081790522854,0.0017192205153927528,79.235770571210324
859,3,tier3_voxel_grid,3,20261766,64,64,64,0.19792293555562651,0.80207706444437354,3.2226496483361946,0.41667626488263865,0.58332373511736135,100.95960334065813,1.3062612840001275,4.209622467518197,0.083836932344521317,0.49948680277284002,0.19123980333328733,0.096891753729284963,0.058717326482603353,0.040775904212039471,0.010496618401770874,0.0072781189291648424,0.0079830752329420052,0.0011910808552514974,0.00019609066404498312,0.00031308904415194578,0.0015934039980973664,77.021039205586618
860,3,tier3_voxel_grid,3,20261767,64,64,64,0.032547262852664148,0.96745273714733582,14.365090504233519,0.088743106782886369,0.91125689321711367,93.723072849908647,1.0085850731347954,14.488415856800319,0.13096841068836537,0.78028848252874827,0.040729976047769914,0.020635865232210712,0.012505531063831862,0.0086843929607485007,0.0022355545688447854,0.0015500832174622234,0.0017002237889703854,0.00025367467368079356,4.1763105329199416e-05,6.6681250696037979e-05,0.00033936087334194691,58.854636507797181
861,3,tier3_voxel_grid,3,20261768,64,64,64,0.13453249073415763,0.86546750926584237,13.346183470025021,0.31033151606502213,0.68966848393497782,117.24909158168883,1.1921584833214838,15.910765843755287,0.099121099566045145,0.59054738436893273,0.14243129043386155,0.072162893265535294,0.043731401287672451,0.030369016043206777,0.0078176555199155773,0.0054205863682334487,0.0059456226540712809,0.00088709139137150184,0.0001460441071113481,0.00023318198304957097,0.0011867330109933186,70.400092242506844
862,3,tier3_voxel_grid,3,20261769,64,64,64,0.14769542517092935,0.85230457482907063,5.6262126472173044,0.33405586997463937,0.66594413002536057,905.93662939510148,1.2158517653076728,6.8406405791155143,0.095711368512948383,0.5702327615124122,0.15331993746817826,0.077679632398839377,0.047074597796578917,0.032690679320052055,0.008415302928240968,0.0058349816285932516,0.0064001561086388476,0.00095490812615219587,0.00015720894827043203,0.00025100837709862169,0.0012774568739964309,71.809662127730846
863,3,tier3_voxel_grid,3,20261770,64,64,64,0.0024671166446251797,0.99753288335537482,8.0149112050903923,0.0071084248514072532,0.99289157514859272,8245.4381698999332,0.95444080996032532,7.6497583423465612,0.14270117740782512,0.85019039774076766,0.0032625178949788965,0.0016529565232127484,0.0010017074116153283,0.00069562985768124592,0.000179070490429549,0.00012416344732797511,0.00013618987967188898,2.0319632926271645e-05,3.3452727378626053e-06,5.3412448217560223e-06,2.7183196003730262e-05,55.241356456653051
864,3,tier3_voxel_grid,3,20261771,64,64,64,0.17092423421272826,0.82907576578727171,10.541909372316841,0.37374194181859421,0.62625805818140579,68.455637371750527,1.2576636215829109,13.258175919586829,0.090007574341891647,0.53625048383951412,0.17153445366253436,0.086908027255144044,0.052667093058889794,0.036574354970540603,0.0094150468232492152,0.0065281815419433401,0.0071604991469433402,0.0010683518818381216,0.00017588548167799223,0.00028082834849360615,0.0014292196473397795,74.25253814334792
865,3,tier3_voxel_grid,3,20261772,64,64,64,0.36428968520717614,0.63571031479282381,7.646142362562899,0.62389192390326298,0.37610807609673702,10.744501932375064,1.6057214333729171,12.27757467418788,0.054055313424896403,0.32205276267184063,0.28634452903645002,0.14507661640278727,0.087917812635681505,0.061054011163582479,0.015716651033635794,0.010897572057271761,0.011953107449370819,0.0017834126609455529,0.00029360775249569616,0.00046879014374387023,0.0023858135672981504,92.488168276806533
866,3,tier3_voxel_grid,3,20261773,64,64,64,0.01086719994125521,0.98913280005874482,9.9138699568871544,0.030823023073980903,0.96917697692601912,2114.3534739788624,0.96956095989425928,9.6121012716663685,0.13929284846958398,0.82988412845643511,0.014146687410826626,0.0071674271192706512,0.0043435291653233848,0.0030163384438135184,0.00077647214027821824,0.00053838830429184898,0.00059053642562434665,8.8108480800398712e-05,1.4505522804744204e-05,2.3160308482711816e-05,0.00011786975246445079,56.259602184771012
867,3,tier3_voxel_grid,3,20261774,64,64,64,0.0072799632677554224,0.99272003673224463,13.724437629044411,0.020786852054101464,0.97921314794589853,5181.9483379524536,0.96310393388195958,13.218059870850267,0.14073527527332511,0.83847787267257345,0.009540436626175916,0.0048336675730746657,0.0029292486313086019,0.0020341995924980597,0.00052364790648064903,0.00036308567145123367,0.00039825403506164837,5.94198028763628e-05,9.7824329490945616e-06,1.5619165738609144e-05,7.9490616486621463e-05,55.825625327484886
868,3,tier3_voxel_grid,3,20261775,64,64,64,0.16364916963215595,0.83635083036784408,11.957038574246866,0.36159939333050328,0.63840060666949672,41.953828871131854,1.2445685053378808,14.881353626617807,0.09175273565592823,0.54664787101356849,0.16596144943710417,0.084084461535399044,0.050955985314111253,0.035386086197468303,0.0091091601945966581,0.0063160866389030427,0.0069278607984946255,0.0010336420645121894,0.00017017111636155455,0.00027170448130914862,0.0013827855522432785,73.493549845903544
869,3,tier3_voxel_grid,3,20261776,64,64,64,0.25886603203180331,0.74113396796819675,4.2178295122171985,0.50275584226034109,0.49724415773965891,1031.0923249387668,1.4159588576572459,5.9722730579120835,0.071465332715702032,0.42577882502395686,0.23074731272636723,0.1169082555445502,0.070847517411032374,0.049199644409371461,0.012665075192017721,0.0087816780572654695,0.0096322686239300962,0.0014371417550044492,0.00023660029444943977,0.00037776892844960128,0.0019225793179030077,82.996960647391404
870,3,tier3_voxel_grid,3,20261777,64,64,64,0.32227606856593183,0.67772393143406817,2.6063913081241403,0.57921767895340526,0.42078232104659474,29.175232415197211,1.5300969234186774,3.9880313217859293,0.060476021902754327,0.36030629914384044,0.26584061619495364,0.13468829744984054,0.08162239231260783,0.056682193312777684,0.01459124855418817,0.010117243309947297,0.011097196305715817,0.0016557100717482086,0.00027258375113964762,0.00043522207704945354,0.0022149756134369337,88.829133739677388
871,3,tier3_voxel_grid,3,20261778,64,64,64,0.22180289592966948,0.77819710407033049,11.614119645853782,0.45207346898642359,0.54792653101357636,563.65255561787137,1.3492452126734051,15.670295331584358,0.078749546340869031,0.4691769846727073,0.20748587953650643,0.1051228373589109,0.06370544163362761,0.044239871626445666,0.01138832012630198,0.0078964048334503462,0.0086612481148936795,0.0012922647615374076,0.00021274882733153847,0.00033968637577971888,0.001728765791638272,79.407215643397436
872,3,tier3_voxel_grid,3,20261779,64,64,64,0.14540718147014342,0.85459281852985658,3.6394901675159423,0.32999825312135683,0.67000174687864322,72.502647374626221,1.211732926646258,4.4100900721843725,0.096294540650698271,0.57370720622794491,0.15145763353003061,0.076736095062997167,0.046502805175795463,0.032293601276297372,0.008313086269124333,0.0057641068979783659,0.0063224164739722763,0.00094330931393462952,0.00015529940637842049,0.00024795949841462252,0.0012619402164335417,71.565940242915488
873,3,tier3_voxel_grid,3,20261780,64,64,64,0.032903405905236674,0.96709659409476334,12.191579936428182,0.089657177408762001,0.910342822591238,29.517583977155635,1.0092261306294259,12.304061045500756,0.13083703788008383,0.77950578471115417,0.041149502431818759,0.020848418510229706,0.012634340376699285,0.008773843835264335,0.0022585811997348042,0.0015660493650100152,0.0017177364125335319,0.00025628757034562967,4.2193273138403646e-05,6.7368080070932601e-05,0.00034285635391659362,58.896863379203374
874,3,tier3_voxel_grid,3,20261781,64,64,64,0.29393237544905743,0.70606762455094252,6.4952021951714354,0.54649848199762885,0.45350151800237115,1686.0000129220466,1.4790782758083032,9.606912463860473,0.065178517166377722,0.38832300083599341,0.25082365142301449,0.12707994381695006,0.077011657476434611,0.053480295452482299,0.01376700932147377,0.0095457343789598741,0.010470331199941244,0.0015621813244263399,0.00025718587610137564,0.00041063699034385817,0.0020898547375009027,86.269377338044023
875,3,tier3_voxel_grid,3,20261782,64,64,64,0.13515341892803762,0.86484658107196233,2.3587233792167641,0.31147182551521496,0.68852817448478509,172.70893068771309,1.1932761540704677,2.8146083624678777,0.098957211075877002,0.58957096340890813,0.1429546525098257,0.072428054955161122,0.043892091799518695,0.030480606630029002,0.0078463814017749114,0.0054405042481177083,0.0059674697735185292,0.00089035099809656843,0.00014658074443905396,0.00023403880746192108,0.0011910936472717428,70.466997988712961
876,3,tier3_voxel_grid,3,20261783,64,64,64,0.078685221130092603,0.92131477886990742,2.938640171935031,0.19822071997561047,0.80177928002438947,145.82606068822531,1.0916333980341666,3.2079177564891457,0.11523397936331141,0.68654530066107811,0.090976363905430208,0.046093225850836424,0.027932934297812385,0.019397862973653059,0.0049934383891395906,0.0034623377806593299,0.0037976987259855841,0.00056661951873744707,9.3284009393815705e-05,0.00014894233480218622,0.00075801218916042069,64.214545598584849
877,3,tier3_voxel_grid,3,20261784,64,64,64,0.032174724196895113,0.96782527580310485,6.1566987276266261,0.08778571121800019,0.91221428878199984,3756.1220537927966,1.007914503554411,6.2054259415898647,0.13110601027906976,0.78110827850293008,0.040290565035019849,0.020413237395896136,0.012370616472590981,0.0085907023113475176,0.0022114365262512416,0.0015333603096060267,0.0016818811055340631,0.00025093793145584395,4.1312548511125965e-05,6.5961867118070192e-05,0.00033569971466932612,58.810451627640724
878,3,tier3_voxel_grid,3,20261785,64,64,64,0.41886249863806635,0.58113750136193365,14.201804227427612,0.67599998997148292,0.32400001002851708,126.78596973907452,1.7039524975485194,24.199199783020401,0.046566195210486237,0.27743381481803087,0.31026030525607973,0.15719355785183606,0.095260794671306964,0.066153302123365898,0.017029321159750192,0.011807747975547555,0.012951442719998433,0.0019323650374758509,0.00031813016027021888,0.00050794395684263297,0.0025850790590093461,97.01065743943866
879,3,tier3_voxel_grid,3,20261786,64,64,64,0.44312152558067064,0.55687847441932936,11.078046744755994,0.6972826299239766,0.3027173700760234,923.85376720123315,1.7476187460452071,19.360202160700659,0.043507394173612546,0.25920997590241085,0.32002829115293524,0.16214251339065677,0.098259908908961593,0.068236019477872847,0.017565458609831566,0.012179493615401731,0.013359195525270959,0.0019932020640431448,0.00032814591435232439,0.00052393565582177471,0.0026664656088285967,98.941272984649046
880,3,tier3_voxel_grid,3,20261787,64,64,64,0.31731157129515192,0.68268842870484803,2.0106448542705451,0.57364534032796843,0.42635465967203157,400.72852874833586,1.5211608283312734,3.0585141920021948,0.061276894125530453,0.36507776554650112,0.26328310804618693,0.13339253451036984,0.080837147618064084,0.05613688472388588,0.014450874078639068,0.010019910808320568,0.010990436208682645,0.0016397813846231917,0.00026996137095282996,0.0004310350418833867,0.002193666536359975,88.386183863307252
881,3,tier3_voxel_grid,3,20261788,64,64,64,0.04376917309496528,0.95623082690503469,9.7559460205004207,0.11699750983552304,0.88300249016447696,9868.1732501704009,1.0287845115709375,10.036766161612958,0.12690760819644867,0.75609488196802832,0.053697756885028758,0.027205998674093006,0.016487094566327052,0.011449366465460053,0.00294731982165296,0.0020436052224834795,0.0022415481797287487,0.00033444068170391389,5.5059818206153522e-05,8.7911507349426772e-05,0.0004474080134894815,60.178861654217194
882,3,tier3_voxel_grid,3,20261789,64,64,64,0.1167938041040555,0.88320619589594451,11.894525502377075,0.27682725008037784,0.7231727499196221,2983.1208022169144,1.1602288473872999,13.800371613841799,0.10393642716460812,0.61923632275501395,0.12705400649009232,0.064371983721938017,0.039010035829204481,0.027090291393821377,0.0069736393747403813,0.0048353645713084537,0.0053037164584898025,0.00079131850208825026,0.00013027677328656423,0.00020800699830428101,0.0010586099671038701,68.471413129209623
883,3,tier3_voxel_grid,3,20261790,64,64,64,0.14774108361848032,0.85225891638151974,4.6974341318414261,0.3341365538640651,0.66586344613593496,998.06694930281253,1.2159339505132645,5.7117696412057919,0.095699772396809352,0.57016367373912558,0.15335696854589104,0.077698394215153441,0.047085967636132008,0.032698575038680532,0.0084173354606164579,0.0058363909407917122,0.0064017019263723184,0.00095513876332575624,0.00015724691865364951,0.00025106900268243281,0.0012777654157657328,71.814519596091117
884,3,tier3_voxel_grid,3,20261791,64,64,64,0.036590466876027773,0.96340953312397226,9.89640345361871,0.099052529445558243,0.9009474705544418,93.992729110024101,1.0158628403768499,10.053388521908371,0.12948671138787729,0.77146075916656454,0.045461639760471233,0.023033165308815898,0.013958317765041627,0.0096932721948295216,0.0024952623678074042,0.0017301587594446474,0.0018977413911488723,0.00028314444913263748,4.6614789253200045e-05,7.4427713740011643e-05,0.00037878494587318128,59.333256211787543
885,3,tier3_voxel_grid,3,20261792,64,64,64,0.18703319856967196,0.81296680143032807,12.854015142669162,0.3997492678995328,0.6002507321004672,55.318330943675662,1.2866597574254095,16.538744005409246,0.086269728089722816,0.51398100401074442,0.18347090491766943,0.092955636985209339,0.056332002210516451,0.039119429711926029,0.010070205277256491,0.0069824536668505648,0.0076587719265802257,0.0011426945569602907,0.00018812470495768174,0.00030037015960665932,0.0015286737819996011,75.913480017938483
886,3,tier3_voxel_grid,3,20261793,64,64,64,0.10862054675893411,0.89137945324106593,10.117677871334751,0.26076130490943572,0.73923869509056428,7521.7450285345667,1.1455169841660813,11.589971841935281,0.1062454701149624,0.63299322497560184,0.11968030068105198,0.060636091533863505,0.036746049546905642,0.025518079351576229,0.0065689172680692669,0.0045547393725189501,0.0049959099914617926,0.00074539354468752285,0.0001227160309967012,0.00019593510498829237,0.00099717248331582025,67.571477664441389
887,3,tier3_voxel_grid,3,20261794,64,64,64,0.070049970627805283,0.92995002937219473,13.138965507920265,0.17901609409160624,0.82098390590839376,216.52499535893651,1.0760899471300496,14.138708698761462,0.1179941223576903,0.70298978355070352,0.082162113642865381,0.041627481006598431,0.025226650347789592,0.017518499900993342,0.0045096488228921769,0.0031268889851459375,0.0034297584659477506,0.00051172255399397259,8.4246182765052596e-05,0.00013451204810704134,0.00068457213450754631,63.228459906226156
888,3,tier3_voxel_grid,3,20261795,64,64,64,0.041038125984885508,0.95896187401511446,10.048744970213225,0.11022395208470305,0.88977604791529696,54.226262460431379,1.0238686267727939,10.288594713442233,0.12788112301969334,0.76189492489560362,0.050588931253939991,0.025630910422669819,0.015532576069777485,0.010786506674058333,0.0027766850701085185,0.0019252909266165919,0.0021117739984834985,0.00031507827582938087,5.1872136187165848e-05,8.2821880460528851e-05,0.00042150537657172971,59.857794279238732
889,3,tier3_voxel_grid,3,20261796,64,64,64,0.10830449048313256,0.89169550951686749,2.1473455986342547,0.26013175032542124,0.73986824967457876,22.649856417311426,1.1449480828696386,2.4585992264148464,0.10633595147529414,0.63353229819928458,0.11939135718947008,0.060489698151627885,0.036657333761621808,0.025456471192970759,0.0065530579672440879,0.0045437428903071569,0.0049838483934515317,0.00074359394515293765,0.00012241975835811754,0.00019546205994214343,0.00099476501527472191,67.536534481536748
890,3,tier3_voxel_grid,3,20261797,64,64,64,0.3872693258813768,0.61273067411862314,1.8249333693955987,0.64659127134610939,0.35340872865389061,215.37867970387873,1.6470847865864784,3.0058199892654924,0.050792899192004241,0.30261582946188637,0.29676273402344777,0.15035500580869027,0.091116566937463173,0.063275367393858778,0.016288477192593714,0.01129406344453617,0.012388002867342304,0.0018482993858313383,0.00030429021868970711,0.00048584635162687845,0.0024726177220292106,94.423452355978711
891,3,tier3_voxel_grid,3,20261798,64,64,64,0.085717860620285996,0.91428213937971403,12.130262446683991,0.21346173373991367,0.78653826626008638,17.905977464515381,1.1042921491165147,13.395353586596016,0.11304349788125288,0.67349476837883349,0.097971455108204195,0.049637292736075124,0.030080672617816058,0.020889347297874516,0.00537737939807872,0.0037285538340476373,0.0040897003823338442,0.00061018638644564055,0.00010045653339299939,0.00016039437763144687,0.00081629506801347428,65.011766147243847
892,3,tier3_voxel_grid,3,20261799,64,64,64,0.06605906181902868,0.93394093818097135,1.2942599851238072,0.1699516768553529,0.83004832314464716,4310.3119653403419,1.0689063112742514,1.3834426665285562,0.11929688596703562,0.71075143717761158,0.078001863790188503,0.039519688082991611,0.023949307741328592,0.0166314567931563,0.004281304333939381,0.0029685600563608885,0.0032560938470615076,0.00048581166166811868,7.9980406802175648e-05,0.0001277010776547351,0.00064990906420106553,62.770052470536399
893,3,tier3_voxel_grid,3,20261800,64,64,64,0.16126232247750039,0.83873767752249961,4.0581471340543089,0.35755973067849278,0.64244026932150722,3253.0646823112761,1.2402721804595007,5.0332069945790119,0.092333327365235515,0.55010694195627174,0.1641073858481428,0.083145099177098558,0.050386722769520456,0.034990765150338991,0.0090073958252199111,0.0062455255158131084,0.0068504651472789529,0.0010220945748853458,0.00016827002383790535,0.0002686690933472965,0.0013673375530094103,73.2433270092735
894,3,tier3_voxel_grid,3,20261801,64,64,64,0.011770098950211146,0.98822990104978881,13.075900739416506,0.03332808151785898,0.96667191848214107,710.27965653833405,0.97118617811037999,12.699134064464609,0.13893281440507566,0.82773910407706541,0.015296421447826716,0.0077499405146282318,0.0046965378363323295,0.0032614832522942791,0.00083957782873620682,0.00058214436820921305,0.00063853068809098361,9.5269261015776916e-05,1.5684420224950995e-05,2.5042600371738555e-05,0.00012744930012855199,56.368629555549767
895,3,tier3_voxel_grid,3,20261802,64,64,64,0.043401171703451348,0.95659882829654863,5.2864343916620173,0.11608856684629928,0.88391143315370069,2007.5075761970809,1.0281221090662125,5.4351000761957131,0.12703824404632927,0.75687318910737145,0.053280583906507216,0.026994637750305726,0.016359007831491419,0.011360417381035406,0.0029244223626159445,0.0020277286397910039,0.0022241337962445535,0.00033184244253306884,5.4632063497384306e-05,8.7228530862237536e-05,0.00044393214141531952,60.135644036114776
896,3,tier3_voxel_grid,3,20261803,64,64,64,0.10320891994720023,0.89679108005279973,9.5002855032101277,0.24989479957706603,0.75010520042293394,22.704017196859262,1.1357760559049603,10.79019679880707,0.10780723490786588,0.64229796551506801,0.11469295554569175,0.058109250320917336,0.035214759682085969,0.024454684054325198,0.0062951758302966596,0.0043649332212718503,0.0047877192762745321,0.00071433133271219147,0.00011760218020639306,0.00018777005203347163,0.00095561808125065571,66.971697320644324
897,3,tier3_voxel_grid,3,20261804,64,64,64,0.29278355979853571,0.70721644020146424,13.521774462974406,0.54512465537321719,0.45487534462678281,721.1508352168479,1.4770104076373642,19.971801611538329,0.065375967403407301,0.38949937722337552,0.25019311314759696,0.12676048124569772,0.076818060112642375,0.053345852894644892,0.013732400837521117,0.0095217376351968523,0.010444010139146512,0.0015582542022725681,0.00025653934401455417,0.00040960470196816035,0.0020846011125154559,86.164036434507977
898,3,tier3_voxel_grid,3,20261805,64,64,64,0.23744044520158178,0.76255955479841819,12.014501392077818,0.4740559291861291,0.52594407081387096,299.47507583502954,1.3773928013628471,16.548687729411892,0.075590165164380399,0.45035390564949057,0.21757505840192029,0.11023452549558359,0.066803173377000369,0.046391073331444703,0.011942086960881376,0.0082803742916918721,0.0090824087337468568,0.0013551022440193338,0.00022309392154782839,0.00035620391717116939,0.0018128285111216886,80.938481112395351
899,3,tier3_voxel_grid,3,20261806,64,64,64,0.14922324187065183,0.85077675812934817,7.9436999389790621,0.33674979245427361,0.66325020754572639,6169.6216694408522,1.2186018353671733,9.6802073252459877,0.095324190376572637,0.56792601716915381,0.15455635347892818,0.078306063264864403,0.047454220873501866,0.032954306347176256,0.0084831663480127596,0.0058820365963108178,0.0064517688056872175,0.00096260877954057109,0.00015847672638125379,0.00025303258074364017,0.0012877586531266211,71.972082406052252
900,3,tier3_voxel_grid,3,20261807,64,64,64,0.0033203284183179645,0.99667967158168203,8.6375716460142407,0.0095513878005756558,0.99044861219942437,1703.0377389825148,0.95597659115297251,8.2573162979962635,0.14235006788294285,0.84809854431648146,0.004383752276018245,0.0022210305518768543,0.0013459656887495617,0.00093469800627595792,0.00024061191241169161,0.00016683488408139542,0.00018299445832960129,2.7302911418658986e-05,4.4949475989316651e-06,7.1768783797874258e-06,3.6525285434970283e-05,55.345102580030378
901,3,tier3_voxel_grid,3,20261808,64,64,64,0.03402784564900789,0.96597215435099215,13.66708522849961,0.092535539411490814,0.90746446058850916,14.55670863655009,1.0112501221682142,13.820841607003628,0.13042335157527871,0.77704110901323042,0.042470569720062086,0.021517737993523727,0.013039954364568144,0.0090555200985952978,0.0023310908915774899,0.0016163259531976097,0.0017728827751944762,0.00026451544931276809,4.3547849734303376e-05,6.9530870909070386e-05,0.0003538634448158351,59.030098921077276
902,3,tier3_voxel_grid,3,20261809,64,64,64,0.39519630548624946,0.60480369451375049,9.0183368128527093,0.65415935759168453,0.34584064240831547,153.34132689606392,1.6613533498752491,14.982644074336125,0.049705192492704352,0.29613544991561114,0.30023622038970577,0.1521148496263236,0.092183049068513045,0.064015979676886089,0.016479127152878512,0.011426255835617018,0.012532999371726439,0.0018699329738172911,0.00030785181118373248,0.00049153298436405634,0.0025015587006689266,95.080502879028614
903,3,tier3_voxel_grid,3,20261810,64,64,64,0.16815293650828564,0.83184706349171433,13.398000498199554,0.36914640264007248,0.63085359735992752,2396.1030217924808,1.2526752857149142,16.783344102090687,0.090668058193313888,0.5401855391666136,0.16942526222836796,0.085839404230830377,0.052019497318381611,0.03612463589331201,0.0092992791993819976,0.0064479108773919571,0.0070724534911428957,0.0010552154034821079,0.00017372278990716416,0.00027737527691255165,0.001411645930961833,73.964069735158475
904,3,tier3_voxel_grid,3,20261811,64,64,64,0.34050773892176989,0.65949226107823011,5.3096697431299509,0.59913490053761753,0.40086509946238247,8322.9804189059159,1.5629139300591857,8.2985568055515788,0.057613462644625579,0.34325163681775689,0.27498192291129153,0.13931974563000663,0.084429094063944554,0.058631290940684457,0.015092989335252039,0.010465139073746695,0.011478789143461753,0.0017126440113990284,0.00028195693011704706,0.00045018780558625878,0.0022911406921274943,90.436470409647114
905,3,tier3_voxel_grid,3,20261812,64,64,64,0.1303700740214834,0.86962992597851663,5.0672202896228278,0.30263185002086168,0.69736814997913832,1465.6094447839944,1.1846661332386701,6.0029642667760097,0.10022771728508896,0.59714043269404937,0.13889741355121266,0.070372452558866622,0.042646377150170105,0.02961552737216426,0.0076236908929421905,0.0052860956618812748,0.0057981052203235853,0.00086508167882016996,0.00014242059227555757,0.00022739648172581694,0.001157288860479405,69.950529560052445
906,3,tier3_voxel_grid,3,20261813,64,64,64,0.11781550391557787,0.88218449608442218,13.030553351591394,0.2788069731577616,0.7211930268422384,305.47482305504371,1.1620679070480402,15.142387860961636,0.10365189578056268,0.61754113106167574,0.12796263000403277,0.064832338335417336,0.039289015113787989,0.027284026927551625,0.0070235111803502587,0.0048699445587432298,0.0053416458526001137,0.0007969775963417603,0.00013120844433573881,0.00020949455509170254,0.0010661805895090541,68.583408968491611
907,3,tier3_voxel_grid,3,20261814,64,64,64,0.30807426017917594,0.69192573982082406,3.1204638244868388,0.56310086861487529,0.43689913138512471,149.68535693307646,1.5045336683225168,4.6948428847228936,0.062792375338448086,0.37410675604667659,0.25844356505653926,0.13094057733753159,0.079351238195460777,0.055105003609513432,0.014185245087624232,0.0098357296450505127,0.010788415316033622,0.0016096397148313121,0.0002649990713584282,0.00042311196382980611,0.0021533436171022641,87.555924522598389
908,3,tier3_voxel_grid,3,20261815,64,64,64,0.19834424914271609,0.80165575085728391,12.506432578847743,0.41732095289190324,0.5826790471080967,859.86561461109932,1.307019648456889,16.346153112655362,0.083744275965632206,0.49893477114246448,0.19153569253671437,0.097041666160326556,0.058808174845012648,0.040838993326366216,0.010512858933310039,0.0072893797481725095,0.0079954267713268096,0.0011929237141089886,0.00019639405857568463,0.00031357346039930206,0.0015958693375900707,77.063643932462995
909,3,tier3_voxel_grid,3,20261816,64,64,64,0.17396936848061606,0.82603063151938394,13.057391142339398,0.37874972003213875,0.6212502799678612,84.375078522471156,1.263144863265109,16.493376549089344,0.089287842333728398,0.53196243763413276,0.17383284836702928,0.088072510222596725,0.053372780838826059,0.037064415725040607,0.0095411992859124866,0.0066156528199613563,0.0072564428653595402,0.0010826667571026832,0.00017824217592252891,0.00028459117500028325,0.0014483697993871831,74.568584523519007
910,3,tier3_voxel_grid,3,20261817,64,64,64,0.28990105550419693,0.71009894449580302,10.603974732112361,0.54166057910037602,0.45833942089962398,23.168073133231424,1.4718218999075545,15.607162236789316,0.06587383421498838,0.3924655866846356,0.24860322353548706,0.12595496278108798,0.076329908243636002,0.053006858682137122,0.013645136239522274,0.0094612303272019107,0.010377642112384707,0.0015483520425446215,0.00025490912632784428,0.00040700180753778343,0.0020713542025086813,85.899173295375803
911,3,tier3_voxel_grid,3,20261818,64,64,64,0.013343354898372154,0.98665664510162787,10.432881790643174,0.037673045578383746,0.9623269544216162,3936.2250878731534,0.97401803881706983,10.161815060932584,0.13830834391630273,0.82401861050531344,0.017290607684134172,0.0087602960908776638,0.0053088229478177882,0.0036866810695652332,0.00094903313866508696,0.00065803821636097482,0.0007217755904358967,0.00010768946332968723,1.7729189653130124e-05,2.8307390711950076e-05,0.00014406479683216084,56.558408022850301
912,3,tier3_voxel_grid,3,20261819,64,64,64,0.15669598478849012,0.84330401521150988,5.3196391176576432,0.34975284155421887,0.65024715844578118,163.14982344929646,1.232052772619282,6.5540761242440908,0.093455355487751829,0.55679180295802932,0.16052429732931048,0.081329725367327951,0.049286588933837285,0.034226783637700958,0.0088107301090541018,0.0061091619350143013,0.0067008934330564755,0.00099977836213535187,0.00016459604909654203,0.000262803024987469,0.0013374833726979287,72.762950478074373
913,3,tier3_voxel_grid,3,20261820,64,64,64,0.29347881847680046,0.70652118152319954,4.8212972471088005,0.54595654897893253,0.45404345102106747,525.18363256847147,1.4782618732582409,7.1271399000458553,0.065256405308224991,0.38878704571284245,0.25057492315925201,0.12695392550246776,0.076935289176456062,0.053427261932884232,0.013753357322125601,0.0095362683899076189,0.010459948338175198,0.0015606321936075262,0.00025693083876313419,0.00041022978382618957,0.0020877823414671742,86.227803273850526
914,3,tier3_voxel_grid,3,20261821,64,64,64,0.10639244567114563,0.89360755432885441,3.723700206850117,0.25630975439971482,0.74369024560028518,6043.36562249296,1.1415064022080621,4.2506276260228937,0.10688525950881692,0.63680498609146829,0.11763719499984165,0.059600950893388488,0.03611874445020976,0.025082450993357742,0.0064567769065108516,0.004476983770005669,0.0049106230058151472,0.00073266866200238348,0.00012062110126575812,0.00019259022597418489,0.00098014939134316017,67.324911570409938
915,3,tier3_voxel_grid,3,20261822,64,64,64,0.33013203512633438,0.66986796487366562,1.1606942274181431,0.58790373931174422,0.41209626068825578,159.0840635402914,1.5442376632274017,1.7923877414697278,0.059227636810973379,0.35286862387728241,0.26982721350002853,0.13670810921270862,0.082846417496888106,0.057532210448386266,0.014810061740060212,0.010268963447718285,0.011263612008174958,0.0016805394202672333,0.00027667146980075552,0.00044174875150691139,0.0022481918162043043,89.52544357329009
916,3,tier3_voxel_grid,3,20261823,64,64,64,0.047625007570161658,0.95237499242983836,7.4073610921019704,0.12645129652647411,0.87354870347352587,2627.5404183577134,1.035725013626291,7.6719891680521712,0.12554888331094519,0.74799982016258071,0.058036713672119947,0.029404333566354801,0.017819306468979616,0.012374513235362703,0.0031854730348545891,0.0022087352998760028,0.0024226727043313327,0.00036146459759793488,5.9508834063801091e-05,9.5015048607098216e-05,0.00048356006432627191,60.630834888462829
917,3,tier3_voxel_grid,3,20261824,64,64,64,0.36625201567718746,0.63374798432281254,13.126575885646279,0.62587588771012415,0.37412411228987585,35.142967370087085,1.6092536282189374,21.123989870067486,0.053770172551250425,0.32035393973862542,0.287255098896606,0.14553795713366943,0.088197389516812344,0.061248161694742467,0.015766629668750542,0.010932226117880568,0.011991118091359432,0.0017890838774438811,0.00029454141926080023,0.0004702808870001418,0.0023934004065984966,92.655224406196666
918,3,tier3_voxel_grid,3,20261825,64,64,64,0.037503886551228952,0.96249611344877106,3.4744339413785781,0.1013611586381085,0.89863884136189154,1871.8051222804331,1.017506995792212,3.5352608417706115,0.12915490868935434,0.76948393267253723,0.046521219654893954,0.023570002057220135,0.014283645952536115,0.0099191944533077239,0.0025534197473073236,0.0017704837773130282,0.0019419722775284598,0.00028974373079293514,4.7701245741256353e-05,7.6162409397323503e-05,0.00038761333207024481,59.441148825768906
919,3,tier3_voxel_grid,3,20261826,64,64,64,0.28628922031871396,0.71371077968128604,14.77881466682393,0.53728539523526275,0.46271460476473725,264.81940992949944,1.4653205965736853,21.655701524242371,0.066502647979304927,0.39621195678543231,0.24659516746791407,0.12493758004704074,0.075713364607531281,0.052578703557332573,0.013534919653313281,0.009384808627213248,0.010293818230640468,0.0015358454560669649,0.00025285013525555317,0.00040371431014528576,0.0020546231428092616,85.566178895451316
920,3,tier3_voxel_grid,3,20261827,64,64,64,0.30663571678287233,0.69336428321712762,13.509907319238081,0.5614377488232023,0.4385622511767977,3088.8652011642125,1.5019442902091702,20.291128159384712,0.063031403605362815,0.3755308475714349,0.25768025135550854,0.13055384402234632,0.079116874119515998,0.054942250846676061,0.014143348931589184,0.0098066797935053244,0.01075655170503082,0.0016048856399995973,0.00026421639595351315,0.00042186230161054883,0.0021469837114663792,87.425911751450101
921,3,tier3_voxel_grid,3,20261828,64,64,64,0.11962586505086767,0.8803741349491323,8.5290528648734369,0.28229952101232192,0.71770047898767808,19.147425554537183,1.1653265570915616,9.9391318102748833,0.10314993695295922,0.61455054203471882,0.1295655870743769,0.065644477435078105,0.039781179150753465,0.027625807366650136,0.0071114930146156906,0.0049309491822210009,0.0054085593646655498,0.00080696114288907365,0.00013285206094107273,0.00021211884296600038,0.0010795363771648984,68.781582449919796
922,3,tier3_voxel_grid,3,20261829,64,64,64,0.02628741359728785,0.97371258640271219,3.2825108556506724,0.072484839247017777,0.92751516075298224,1092.2392018803287,0.99731734447511811,3.2737050097682765,0.13330509475140886,0.7942100660015734,0.033268001013086274,0.016855251391405774,0.010214443033622145,0.0070933602680583749,0.0018259876110388741,0.0012660987079496401,0.0013887326294422693,0.00020719995737559593,3.4111854835659967e-05,5.446484704797935e-05,0.00027718793315518987,58.110288113265504
923,3,tier3_voxel_grid,3,20261830,64,64,64,0.13095756988516186,0.86904243011483817,14.029417331017953,0.30372450151969693,0.69627549848030301,10.289658818426728,1.1857236257932915,16.63501158550185,0.10007067833009844,0.5962048201502046,0.13939890229765695,0.07062653211381055,0.042800351782747,0.029722454155877744,0.0076512162088673173,0.0053051810963705487,0.0058190392639774656,0.00086820505394711906,0.00014293480144952312,0.00022821749612522815,0.0011614672488674779,70.014093752755514
924,3,tier3_voxel_grid,3,20261831,64,64,64,0.015252017572555265,0.98474798242744477,1.9810507196173905,0.042910524824136258,0.95708947517586374,2034.6598671247984,0.97745363163059951,1.9363852203344309,0.13755559862797043,0.81953387654789334,0.019694427112634617,0.0099781925539378473,0.0060468798153125768,0.0041992203477444244,0.0010809720698286927,0.00074952170138826806,0.00082212013696674174,0.00012266094547338442,2.0193982754581914e-05,3.2242813746617467e-05,0.00016409334434850333,56.78831040901499
925,3,tier3_voxel_grid,3,20261832,64,64,64,0.28210168442473421,0.71789831557526584,4.6646892303354992,0.53216398816398036,0.46783601183601964,3689.5372858244527,1.4577830319645213,6.8001048093707332,0.067238711047366909,0.40059730078865274,0.24424462109979392,0.12374667440993209,0.074991664437881592,0.052077523092377863,0.013405904731566961,0.0092953525844987495,0.010195697503845328,0.0015212057695077311,0.00025043996650323582,0.00039986610332430823,0.002035038464748552,85.178548725490884
926,3,tier3_voxel_grid,3,20261833,64,64,64,0.043609618801754138,0.95639038119824582,6.4575757389805242,0.11660356336439813,0.88339643663560186,177.73219543290125,1.0284973138431575,6.6415993014802117,0.1269642272943162,0.75643220934128563,0.053516949260474019,0.027114392389598962,0.016431580284590304,0.011410814896952101,0.0029373957963925168,0.0020367241267498903,0.0022340005832328746,0.00033331457460519798,5.4874424336543934e-05,8.7615497390409141e-05,0.00044590153007530484,60.160125535949462
927,3,tier3_voxel_grid,3,20261834,64,64,64,0.087672388221826478,0.91232761177817356,3.2577023199947206,0.21763569798127053,0.78236430201872942,102.6353997804205,1.1078102987992875,3.6089161805124834,0.11244360396875729,0.66992069804997212,0.099887158420131711,0.05060788489462368,0.030668860719088139,0.021297811087233824,0.0054825269996021716,0.0038014608141542024,0.004169669109536837,0.00062211778095352011,0.000102420829151526,0.00016353067932364646,0.00083225664747125009,65.232396282041265
928,3,tier3_voxel_grid,3,20261835,64,64,64,0.048073948276258049,0.95192605172374201,13.289978087910079,0.12754378695673724,0.87245621304326271,16.543458291871342,1.0365331068972645,13.775502278058001,0.12539186750518411,0.74706434553807854,0.058538128493734194,0.029658375667242096,0.017973258404041115,0.012481424256919274,0.0032129942932523727,0.0022278179209671493,0.0024436036620822288,0.00036458751230582779,6.0022967437808909e-05,9.5835941980164653e-05,0.00048773783677499708,60.683357709285893
929,3,tier3_voxel_grid,3,20261836,64,64,64,0.1701310444641862,0.82986895553581386,9.8336344292713349,0.3724303530187959,0.6275696469812041,1397.1054008846033,1.2562358800355351,12.353364401203413,0.090196079583239996,0.53737356739796405,0.17093248036751546,0.086603037147248318,0.052482266145865666,0.036446003000981636,0.0093820061912482603,0.0065052719114325136,0.0071353704968475078,0.0010646026682613846,0.00017526823913172228,0.0002798428253950805,0.001424204024868346,74.170055962019944
930,3,tier3_voxel_grid,3,20261837,64,64,64,0.1213276997132894,0.87867230028671062,2.3081986122681535,0.28556493494296498,0.71443506505703502,27.448608810482785,1.1683898594839208,2.6968758522489691,0.10268062245348132,0.61175444260355372,0.1310642976334577,0.066403799981278711,0.040241335852792666,0.027945360499070732,0.0071937530491857924,0.0049879864385832416,0.0054711212316880514,0.00081629542070870418,0.00013438878678798864,0.0002145724632282283,0.0010920235861831393,68.967557544317998
931,3,tier3_voxel_grid,3,20261838,64,64,64,0.38804567047660216,0.61195432952339779,5.7507744908042353,0.64733825416573221,0.35266174583426779,545.55767585158458,1.6484822068578839,9.4800494237429902,0.050685540714470942,0.30197620511979684,0.29710557295994988,0.15052870534835397,0.091221830514473107,0.063348467069717584,0.016307294663784371,0.011307111055493297,0.012402314265781195,0.0018504346572893974,0.00030464175384895432,0.0004864076318261706,0.00247547424521426,94.488038517328874
932,3,tier3_voxel_grid,3,20261839,64,64,64,0.2918192212751185,0.7081807787248815,6.0248168500662791,0.5439684648769294,0.4560315351230706,6833.4658684704209,1.4752745982952133,8.8882592582837621,0.065542138362309141,0.39048939676076144,0.24966246222801991,0.12649162665936317,0.076655131670184215,0.053232708189988438,0.013703274891403919,0.0095015423597613231,0.010421858755702396,0.0015549491991293245,0.00025599523295931218,0.00040873594459499372,0.0020801797458223806,86.075514589151439
933,3,tier3_voxel_grid,3,20261840,64,64,64,0.21929854693301201,0.78070145306698802,11.856809643090308,0.44846749337547831,0.55153250662452169,2296.2283477816472,1.3447373844794215,15.944295187719645,0.079267807325517622,0.47226469929900405,0.20583086310101056,0.10428432235266755,0.063197293545817004,0.043886991156653919,0.01129748089895879,0.0078334189579301276,0.008592161447337902,0.0012819569785493114,0.0002110518308580786,0.00033697685869795259,0.001714976246997086,79.159695454121973
934,3,tier3_voxel_grid,3,20261841,64,64,64,0.031683724766010862,0.96831627523398911,9.8287611620527802,0.086521932956325528,0.91347806704367451,235.37587727665922,1.0070307045788194,9.8978642781589468,0.13128764405504012,0.78219042298863439,0.039710535101499113,0.020119364904423422,0.012192526941109583,0.00846702907702538,0.0021796003040440836,0.0015112857897359015,0.0016576684546321763,0.00024732538565079868,4.0717805926958853e-05,6.501226868562966e-05,0.00033086692359247385,58.752194826470884
935,3,tier3_voxel_grid,3,20261842,64,64,64,0.094389261231024146,0.9056107387689758,3.4897155262601429,0.23177990270805732,0.76822009729194263,15.224321277505217,1.1199006702158436,3.9081347567213696,0.1104107589748739,0.65780933831706867,0.106378852711906,0.053896905452275115,0.032662038533076282,0.022681961771356375,0.0058388379587959284,0.004048518812979753,0.0044406570682003245,0.00066254938909318358,0.00010907718741096516,0.00017415858379391048,0.00088634523916945407,65.987503373418377
936,3,tier3_voxel_grid,3,20261843,64,64,64,0.22412061417655099,0.77587938582344895,11.572951124177134,0.45538931529147353,0.54461068470852647,29.101144641237688,1.3534171055177919,15.663030012782693,0.07827298355830821,0.46633770115021828,0.20900773678805823,0.1058938871898475,0.064172705182019535,0.044564360066781099,0.011471850618140373,0.0079543229962854255,0.0087247762127121205,0.0013017432017216927,0.00021430928699441723,0.00034217789074636874,0.0017414458581667342,79.635725038947143
937,3,tier3_voxel_grid,3,20261844,64,64,64,0.33420341663543124,0.66579658336456871,14.749183093927364,0.59234303080196715,0.40765696919803285,12.999304204818404,1.5515661499437761,22.884333227860711,0.058589609317974918,0.34906735988005794,0.27186469272090158,0.1377403992038948,0.083471995072938135,0.057966639139988452,0.014921893280933374,0.010346504920919722,0.011348664124012156,0.0016932292601993801,0.00027876063035433841,0.00044508441913793719,0.0022651680286872333,89.884090995458592
938,3,tier3_voxel_grid,3,20261845,64,64,64,0.057462205653950195,0.94253779434604978,4.2477359384807105,0.15000595199497829,0.84999404800502165,7168.6096279732446,1.0534319701771104,4.4747008384658518,0.12216354179640149,0.72783050620862022,0.068847475068977634,0.034881611897711842,0.021138589355704528,0.014679569837043251,0.0037788455181845741,0.00262016642346919,0.0028739549167800327,0.00042879624459847245,7.0593813990533241e-05,0.00011271393185891852,0.00057363498665930163,61.776868291588947
939,3,tier3_voxel_grid,3,20261846,64,64,64,0.019658936646111926,0.98034106335388804,10.46776388739597,0.054863851384682215,0.94513614861531781,29.795685041881082,0.98538608596300148,10.314788885785967,0.1358376328230185,0.80929851579229928,0.02518058510452607,0.012757757580701138,0.0077313227206612647,0.0053689718789129513,0.0013820919514066442,0.00095831144930276046,0.0010511331940066947,0.00015682986658254727,2.5819298954111986e-05,4.1224500256482632e-05,0.00020980383937154481,57.317722801350079
940,3,tier3_voxel_grid,3,20261847,64,64,64,0.17246613293470461,0.82753386706529541,13.643980449193695,0.37628306549472851,0.62371693450527155,96.803685352569644,1.2604390392824683,17.197405609370481,0.08964235688048959,0.53407457762478194,0.17270074037724886,0.087498927073959037,0.053025183982466341,0.036823029119614541,0.0094790610419319132,0.0065725675602682169,0.0072091843810026977,0.0010756157555371008,0.00017708135164004528,0.00028273773966820752,0.0014389371113915242,74.412688803469507
941,3,tier3_voxel_grid,3,20261848,64,64,64,0.152531902939193,0.84746809706080706,5.1444119683475709,0.34254231318164274,0.65745768681835726,61.167657758200392,1.2245574252905473,6.2996278745935781,0.094491672961132686,0.56296601385722456,0.15721491749629085,0.079653026216896503,0.048270493263775832,0.033521161938031625,0.0086290874977971548,0.0059832150370010247,0.0065627473582284528,0.00097916686341405516,0.00016120272575211806,0.00025738505994778475,0.0013099097245073044,72.322976948871371
942,3,tier3_voxel_grid,3,20261849,64,64,64,0.057331143501694264,0.94266885649830578,14.575658016932072,0.14969733639498062,0.85030266360501938,55.5104780341834,1.0531960583030495,15.351025570606103,0.12220789690081407,0.72809476670420525,0.068705831323885122,0.034809848014735661,0.021095099758456189,0.014649368740401975,0.0037710710888277169,0.0026147758091494343,0.0028680421692576009,0.00042791405820157577,7.0448577405110677e-05,0.00011248203920901953,0.00057245481545120549,61.761666461946554
943,3,tier3_voxel_grid,3,20261850,64,64,64,0.063943211687944354,0.93605678831205563,5.8651273617599609,0.16509642144820488,0.83490357855179509,595.79598113531972,1.0650977810382998,6.2469341385175516,0.11999469696730726,0.71490888158448784,0.07577347170873075,0.038390671983803276,0.023265113221685785,0.016156321907653245,0.0041589941196383054,0.0028837529068712316,0.0031630723038225902,0.00047193277714744855,7.7695490820307067e-05,0.00012405285623524605,0.00063134217179668887,62.526335579934937
944,3,tier3_voxel_grid,3,20261851,64,64,64,0.082199626796314776,0.91780037320368524,5.1116805432470436,0.20588100841001272,0.79411899158998733,9696.8864624050584,1.0979593282333664,5.612417335407093,0.11413302110539776,0.67998597048458953,0.094492167845172156,0.047874509890834353,0.0290124094080167,0.020147498155118841,0.0051864110427801017,0.0035961406750310283,0.0039444617265013276,0.00058851666928066515,9.6888992860539265e-05,0.0001546982479318451,0.00078730575648514815,64.613596969364167
945,3,tier3_voxel_grid,3,20261852,64,64,64,0.39894873637341977,0.60105126362658023,8.4699971029269605,0.6576967472028038,0.3423032527971962,6941.5916149553595,1.6681077254721555,14.128867602119238,0.04919678888138216,0.29310646391581402,0.30185975825484962,0.1529374159972246,0.092681532131259028,0.064362148326507371,0.016568238609459236,0.011488043713781303,0.012600772004280267,0.001880044701790461,0.00030951653062251687,0.00049419096617266806,0.0025150859668566779,95.389673914550883
946,3,tier3_voxel_grid,3,20261853,64,64,64,0.0078457439450142323,0.99215425605498575,7.8565306949082574,0.022378690933462869,0.9776213090665371,191.61350616934575,0.96412233910102574,7.574656750793956,0.14050649170015961,0.83711481736637749,0.010271034886465831,0.0052038255918406932,0.0031535679196018564,0.0021899768112559441,0.00056374840339391938,0.00039089045338025475,0.00042875197939798692,6.3970119209803093e-05,1.0531563075319818e-05,1.6815267737180009e-05,8.5577938104078384e-05,55.894158031863128
947,3,tier3_voxel_grid,3,20261854,64,64,64,0.035910396688948562,0.96408960331105142,10.067958683325081,0.097328822100025789,0.9026711778999742,8462.7066627298573,1.0146387140401074,10.215340651457893,0.12973444746890625,0.77293673043106792,0.044670518495484819,0.022632343275740097,0.013715415791739648,0.00952459033907079,0.0024518399322926774,0.0017000506200636012,0.0018647169868842423,0.00027821718306938244,4.5803600936294407e-05,7.3132526251080762e-05,0.000372193348493151,59.252870477457151
948,3,tier3_voxel_grid,3,20261855,64,64,64,0.24620805348196509,0.75379194651803494,7.2793786787063794,0.48599234976620115,0.51400765023379891,25.914026226916629,1.393174496267537,10.141444723847409,0.0738746291346217,0.44013302109917724,0.22305345714123734,0.11301015929267368,0.068485233919688498,0.047559170444786934,0.012242780958768082,0.0084888687414411638,0.0093110978901344704,0.0013892228389064897,0.00022871128167878231,0.00036517290058821856,0.0018584743562974765,81.786326769545539
949,3,tier3_voxel_grid,3,20261856,64,64,64,3.7483284545614874e-05,0.99996251671545433,12.974067384052056,0.0001084965392089141,0.99989150346079103,729.87260157336789,0.95006746991218216,12.326239374036501,0.14370722684657836,0.8561842766142127,4.9796109280424623e-05,2.5229226724662975e-05,1.5289151919312564e-05,1.0617462195420576e-05,2.7331692874551214e-06,1.8951180624307624e-06,2.0786786001899098e-06,3.1014041740337559e-07,5.1059204022698266e-08,8.1523908649514227e-08,4.1489960894197946e-07,54.945530402911757
950,3,tier3_voxel_grid,3,20261857,64,64,64,0.23364158472221902,0.76635841527778092,6.7831178012169397,0.46879871813529256,0.53120128186470739,1855.1110416348067,1.3705548524999944,9.2966350175369694,0.076345746363388464,0.45485553550131891,0.21516218276637925,0.10901204070014174,0.066062335936339173,0.045876603100480702,0.011809650959820103,0.0081885461495861903,0.0089816861467617234,0.0013400743579542811,0.00022061984252565628,0.00035225366772925542,0.0017927245075744645,80.568744368969035
951,3,tier3_voxel_grid,3,20261858,64,64,64,0.33245911429173169,0.66754088570826831,8.3236721889712282,0.59044624976807958,0.40955375023192042,153.50442893101814,1.5484264057251171,12.888593810002837,0.058862220037609721,0.35069153019431071,0.27099413669825617,0.1372993315062529,0.083204703843224925,0.05778102030765396,0.014874110893544347,0.010313373689048125,0.011312323811471899,0.0016878072581165305,0.00027786799239093603,0.00044365918470315924,0.002257914583416567,89.730620330499491
952,3,tier3_voxel_grid,3,20261859,64,64,64,0.27317295106362621,0.72682704893637373,9.3844985635047031,0.52106521549545071,0.47893478450454929,269.46627603775977,1.4417113119145273,13.529737735650363,0.068833857956881114,0.41010092654766817,0.23915067339684926,0.12116582294626788,0.073427643846217208,0.050991398133158894,0.013126312176751358,0.0091014894003980783,0.0099830567928819898,0.0014894796148010364,0.00024521680913604265,0.00039152652552995403,0.0019925958534589695,84.346417053388208
953,3,tier3_voxel_grid,3,20261860,64,64,64,0.35009179310883876,0.64990820689116124,1.7703929578823205,0.60927326727348285,0.39072673272651715,106.89304129122438,1.5801652275959097,2.797513391226313,0.056156347984362913,0.33457038474215423,0.27963507794817305,0.14167726924192947,0.085857775848345794,0.059623430656165037,0.015348388012384655,0.010642226767647136,0.01167302949553548,0.0017416248186595739,0.00028672811396676152,0.00045780573782314295,0.0023299106328527122,91.269359207541328
954,3,tier3_voxel_grid,3,20261861,64,64,64,0.053808914656772892,0.94619108534322716,9.686367924875114,0.14135134989906933,0.85864865010093072,3141.7403947753064,1.0468560463821912,10.140232829638032,0.12340740561798505,0.7352412444829457,0.064875316003916272,0.032869115277252899,0.019918997217463482,0.013832631204348399,0.0035608248069604539,0.002468995769781089,0.0027081419212587284,0.00040405682040986382,6.6520899800160793e-05,0.00010621089502650675,0.00054053908285146802,61.352447322092289
955,3,tier3_voxel_grid,3,20261862,64,64,64,0.027046202097020879,0.97295379790297909,3.4348440024427931,0.074475127312340794,0.92552487268765926,1011.3142635399764,0.99868316377463751,3.4303208754319074,0.13301904493750061,0.79250582775015865,0.034181473486245187,0.017318062732795542,0.010494911118740735,0.0072881296906191608,0.0018761255624702542,0.0013008632349063131,0.0014268644375143595,0.000212889251945109,3.5048497839503536e-05,5.59603423292729e-05,0.00028479895693535263,58.200729219326362
956,3,tier3_voxel_grid,3,20261863,64,64,64,0.089563823747244656,0.9104361762527553,7.9913133623087464,0.22164976291217883,0.77835023708782114,5067.0720909237971,1.1112148827450403,8.8800663408767875,0.11186669123611943,0.66648354585170166,0.10172947355216873,0.051541294890627351,0.031234516075379908,0.02169062714353049,0.0055836465290083947,0.0038715748197234163,0.0042465743355697642,0.00063359209877262592,0.00010430987521476455,0.00016654683325009078,0.0008476067589332822,65.4455168992653
957,3,tier3_voxel_grid,3,20261864,64,64,64,0.40426243938916961,0.59573756061083039,5.0370611382579318,0.66265721147350476,0.33734278852649524,148.42289683361977,1.6776723909005054,8.4505384029332049,0.048483856966522736,0.2888589315599725,0.30413643751767694,0.1540908968239644,0.093380552509033793,0.064847578942542866,0.01669319917221131,0.011574688555229624,0.01269580923774131,0.0018942243288149452,0.00031185095860604298,0.00049791824115316425,0.0025340551865303262,95.825450594661973
958,3,tier3_voxel_grid,3,20261865,64,64,64,0.093966573537046696,0.90603342646295326,6.8228941376446883,0.23089882939865863,0.76910117060134131,3903.4701218475343,1.1191398323666841,7.6357726014593084,0.11053738931576988,0.65856378128557147,0.10597447093974274,0.053692025200370808,0.032537879147185554,0.022595740011453772,0.0058166425733319916,0.004033129032299727,0.0044237766382179541,0.00066003081618816483,0.00010866254836172399,0.00017349654848372757,0.0008829759430224605,65.940126897063365
959,3,tier3_voxel_grid,3,20261866,64,64,64,0.059656779046022526,0.94034322095397749,4.953587807536433,0.15515311494970516,0.84484688505029482,2387.8003966902243,1.0573822022828405,5.2378355851343015,0.1214237770201322,0.72342310803016263,0.071209842484994484,0.036078506675374218,0.021863919001627569,0.015183270770584102,0.0039085092642170407,0.0027100723463391791,0.0029725690989806197,0.00044350955507696028,7.3016103635527562e-05,0.00011658149155791804,0.00059331815731753542,62.031146600696403
960,3,tier3_voxel_grid,3,20261867,64,64,64,0.09533953254348726,0.90466046745651274,1.017155885967465,0.23375633568671586,0.76624366431328417,194.49151227280024,1.1216111585782769,1.1408533917146821,0.11012670045309624,0.65611696386018792,0.10728596618583172,0.054356495003133165,0.032940554182417536,0.022875375336302285,0.0058886268825290751,0.0040830413319868104,0.0044785234275091339,0.00066819907850669254,0.00011000731011746181,0.0001756436684130041,0.00089390327996895344,66.093943893526514
961,3,tier3_voxel_grid,3,20261868,64,64,64,0.34559498077445955,0.6544050192255404,8.2489286345429207,0.60454408105651702,0.39545591894348298,554.05943318910977,1.572070965394027,12.967901201972323,0.056836039965071763,0.33861987897841123,0.27746454720696617,0.14057756862326512,0.085191346789381214,0.059160632891002644,0.015229253645361407,0.010559621679174101,0.011582423304248669,0.0017281063064747396,0.00028450252699713078,0.00045425224433893064,0.0023118258393068575,90.879596008104372
962,3,tier3_voxel_grid,3,20261869,64,64,64,0.22126015358355081,0.77873984641644922,14.094440526028515,0.45129402877940722,0.54870597122059284,74.779642357374712,1.3482682764503913,19.003087035561013,0.078861569685657315,0.46984440153493551,0.20712814379664651,0.1049415903454622,0.063595604215549717,0.04416359567338829,0.011368685011202844,0.0078827902866116014,0.0086463148673425055,0.0012900367097220446,0.00021238201750660101,0.00033910070721648292,0.0017257851487583913,79.353626940148615
963,3,tier3_voxel_grid,3,20261870,64,64,64,0.061536616339011072,0.93846338366098891,4.6854826516856907,0.15953161148096193,0.84046838851903805,2642.6366082944064,1.06076590941022,4.9702002660411804,0.12079448715009486,0.71967390136894316,0.073219418950236315,0.03709665971975401,0.022480929453137597,0.015611750072618644,0.0040188093008054577,0.0027865519089425306,0.0030564564478941544,0.00045602561090421967,7.5076653670876051e-05,0.0001198714780758204,0.00061006188492228645,62.248553283577962
964,3,tier3_voxel_grid,3,20261871,64,64,64,0.009918513240455902,0.9900814867595441,4.1675685044250805,0.028181864689204868,0.97181813531079508,142.5694924786622,0.96785332383282074,4.0335950293087919,0.13967244320143743,0.83214569210935763,0.012934488270520669,0.0065532657442524834,0.0039713415169224369,0.0027578749065712755,0.0007099379168531327,0.00049225497140192496,0.00053993463266231799,8.055865506535291e-05,1.3262575833275644e-05,2.1175751588461223e-05,0.0001077697475335343,56.14495750578979
965,3,tier3_voxel_grid,3,20261872,64,64,64,0.33451271563047308,0.66548728436952698,8.2698412381534361,0.59267856625014692,0.40732143374985308,3203.258400173384,1.5521228881348514,12.835809866979407,0.058541385217060225,0.34878004853279287,0.27201869173291471,0.1378184228897931,0.083519278170435446,0.057999474610707133,0.014930345856365771,0.010352365746463723,0.011355092627269697,0.0016941883977415622,0.00027891853560210365,0.00044533653926476826,0.0022664511435888791,89.911275498948257
966,3,tier3_voxel_grid,3,20261873,64,64,64,0.071288229632279806,0.92871177036772024,1.8901846659667543,0.1818039610028587,0.81819603899714133,65.649601825428832,1.0783188133381036,2.0382216859951501,0.11759344226265322,0.7006025967344881,0.083441646855484219,0.042275757227158241,0.02561951191782446,0.01779132032228891,0.0045798788253872385,0.0031755848880539034,0.0034831710386514698,0.00051969175018977041,8.5558171759795334e-05,0.0001366068412594968,0.00069523316480118265,63.370346740824942
967,3,tier3_voxel_grid,3,20261874,64,64,64,0.17148274782528125,0.82851725217471872,14.664641728934193,0.37466369372672786,0.62533630627327219,98.629279822843699,1.2586689460855061,18.457929149679135,0.089875097558060654,0.53546120871521152,0.17195750548595226,0.087122366698998713,0.052796984805282145,0.036664557534691715,0.0094382669556546655,0.0065442818590863644,0.0071781589357263927,0.0010709867356649379,0.00017631926435049836,0.0002815209495563139,0.0014327445017638435,74.310577356261874
968,3,tier3_voxel_grid,3,20261875,64,64,64,0.31283471065141438,0.68716528934858556,6.1111281660964787,0.56856390504485199,0.43143609495514801,34.838880134133333,1.5131024791725458,9.2467631786617552,0.062007212335465772,0.36942888261968226,0.26095090732804016,0.13221092370712023,0.080121080206345771,0.055639615894756883,0.014322866098354444,0.009931152956150149,0.010893081298947456,0.0016252559585478088,0.00026757001319395078,0.00042721686972001905,0.0021742347136751109,87.984788887703232
969,3,tier3_voxel_grid,3,20261876,64,64,64,0.43980500606377104,0.56019499393622896,8.6994623901964641,0.69443599663063493,0.30556400336936507,272.18511875727069,1.741649010914788,15.151410067376069,0.04391652033882084,0.26164748303054425,0.31872178623038111,0.16148057193811513,0.097858766078067511,0.067957448183372071,0.01749374820554828,0.01212977123521649,0.013304657051024665,0.0019850648824866774,0.00032680626950132443,0.00052179670582155218,0.0026555798511000992,98.680143288321162
970,3,tier3_voxel_grid,3,20261877,64,64,64,0.07468693363113052,0.92531306636886945,1.1800922957962103,0.18939704738085303,0.81060295261914694,181.52365399823881,1.0844364805360349,1.2797351359609319,0.1165021424738148,0.69410081014533209,0.086926607406403289,0.044041414446892212,0.026689517025969698,0.018534379116170643,0.0047711585716044601,0.0033082139585243076,0.0036286465190530932,0.00054139680175935593,8.9131529484961651e-05,0.00014231225900609919,0.00072426974598490475,63.758953522552844
971,3,tier3_voxel_grid,3,20261878,64,64,64,0.20242080618278388,0.79757919381721609,7.7697138719958971,0.42352041792321909,0.57647958207678096,20.878054630376379,1.314357451129011,10.212181320798246,0.082853271367134121,0.49362631070964685,0.19438102972839333,0.0984832578459887,0.059681793150014456,0.041445672452555524,0.010669031540711072,0.0073976663188218463,0.0081142019450529332,0.0012106450597529053,0.00019931156868405805,0.00031823171608721555,0.0016195765971570293,77.47493780234575
972,3,tier3_voxel_grid,3,20261879,64,64,64,0.42280714585068496,0.57719285414931498,13.793721555299202,0.67953461669753634,0.32046538330246366,8510.0293519827173,1.7110528625312329,23.601786752153469,0.046058188688797796,0.27440719461366586,0.31188257505380246,0.15801548175566624,0.095758888392883046,0.06649920039728717,0.017118363015653681,0.011869487594168901,0.013019162418605216,0.0019424688676641347,0.00031979357947663369,0.00051059986262936099,0.0025985957596994171,97.327850223306697
973,3,tier3_voxel_grid,3,20261880,64,64,64,0.14879747653198219,0.85120252346801784,3.2333839539345526,0.3360002846496265,0.6639997153503735,26.180927859550362,1.2178354577575679,3.9377296276458607,0.095431911752074786,0.56856780359829873,0.15421235566278704,0.07813177657818092,0.047348601479800329,0.032880959576495485,0.0084642852691571031,0.0058689448812305383,0.0064374090312137172,0.00096046629034160459,0.00015812400294700312,0.00025246940327969828,0.00128489247419304,71.926844617794572
974,3,tier3_voxel_grid,3,20261881,64,64,64,0.43241093966597177,0.56758906033402823,2.9211635736270134,0.68801873265958313,0.31198126734041687,657.47617263335644,1.7283396913987492,5.0487629493677799,0.044838827615190729,0.26714243972522611,0.31577648695803734,0.15998833440816104,0.096954455908589948,0.067329455271271169,0.017332088958874999,0.012017680352395711,0.01318170908065015,0.0019667209524306473,0.00032378626174112737,0.00051697479679504868,0.0026310397106358943,98.094776926375388
975,3,tier3_voxel_grid,3,20261882,64,64,64,0.12142309377029092,0.87857690622970908,7.8358286268173449,0.28574746661833816,0.71425253338166184,11.450480389630119,1.1685615687865236,9.1566481928960286,0.10265438848630713,0.61159814489535469,0.13114807327570671,0.06644624495745953,0.040267057913009663,0.027963223033460053,0.0071983512600850095,0.0049911747345186483,0.0054746183449620924,0.00081681719265094626,0.00013447468742704531,0.0002147096168714437,0.001092721602187005,68.977972997648735
976,3,tier3_voxel_grid,3,20261883,64,64,64,0.21235453232088194,0.78764546767911803,13.428591609438472,0.43834126826187292,0.56165873173812708,24.592994414098545,1.3322381581775873,17.890082152677312,0.080723176957586379,0.48093555478054067,0.2011832806432482,0.10192962209108412,0.061770322738638014,0.042896039619305805,0.011042388085121931,0.0076565433427542209,0.0083981537158670742,0.0012530108784584424,0.00020628636093779132,0.00032936804963228832,0.0016762527368249926,78.470049378009492
977,3,tier3_voxel_grid,3,20261884,64,64,64,0.15479414973346625,0.84520585026653372,7.0833953863937902,0.34647053674632694,0.653529463253673,63.421452704241879,1.2286294695202391,8.7028683159871107,0.093927097591744835,0.55960236566192822,0.15901783444950629,0.080566475103480334,0.048824051997458887,0.033905577565454398,0.0087280445712626855,0.006051829644296145,0.0066380079547434046,0.00099039580126670927,0.00016305137428872964,0.00026033671298093396,0.0013249315715883976,72.562230868296751
978,3,tier3_voxel_grid,3,20261885,64,64,64,0.13927097292230431,0.86072902707769572,1.4977762226668891,0.31897983062988289,0.68102016937011711,1867.9138049311578,1.2006877512601477,1.7983615646848254,0.097878139406156417,0.5831420299639607,0.14640056374251573,0.074173927815890342,0.044950107397491813,0.031215339378642439,0.0080355178400345045,0.0055716471970944682,0.0061113151871673944,0.00091181284247527348,0.00015011406234714992,0.00023968029545380705,0.0012198048707699589,70.909634026705405
979,3,tier3_voxel_grid,3,20261886,64,64,64,0.39175075974598617,0.60824924025401383,13.33786506204525,0.65088584067137911,0.34911415932862089,9332.0622366523148,1.6551513675427751,22.076185597545198,0.050175671576709178,0.29893848775191173,0.29873379084233592,0.15135364285261832,0.091721750506642621,0.06369563358657912,0.016396662993433612,0.011369077043661285,0.012470282260017503,0.0018605755333731711,0.00030631127201516243,0.00048907327554459118,0.0024890405051577824,94.795566065033086
980,3,tier3_voxel_grid,3,20261887,64,64,64,0.18560830094439301,0.81439169905560704,11.098791491436435,0.39749617494900658,0.60250382505099342,102.88930842778134,1.2840949416999075,14.251902013135497,0.086593548962914574,0.51591027608807882,0.18243681421209104,0.092431714348643848,0.05601450009791361,0.038898942225418114,0.010013446928104889,0.0069430987051346347,0.0076156050556860358,0.0011362540272141825,0.00018706438420015503,0.00029867719368150775,0.0015200577709185172,75.767651240378513
981,3,tier3_voxel_grid,3,20261888,64,64,64,0.25119939676071351,0.74880060323928643,14.475759314436488,0.49266765279685071,0.50733234720314924,561.25916441018478,1.4021589141692843,20.297314962106167,0.072915235756865246,0.43441711144628398,0.22611718729906402,0.11456239989725003,0.069425906524429648,0.048212415037542346,0.012410940545800591,0.0086054668139494833,0.0094389896151679826,0.0014083043808922049,0.00023185272436294921,0.00037018869923439134,0.0018840012591570486,82.265594356715425
982,3,tier3_voxel_grid,3,20261889,64,64,64,0.12929506263273496,0.87070493736726506,5.4583055471346791,0.30062743628737876,0.69937256371262124,440.64070475667438,1.1827311127389231,6.4557077934316354,0.10051579727986343,0.59885676643275776,0.13797745789139657,0.069906356507317052,0.042363918499379712,0.029419375612906227,0.0075731970975119051,0.0052510844007055291,0.0057597027794337903,0.00085935200562981646,0.00014147730163688809,0.00022589037246836271,0.0011496238189928865,69.834123568038535
983,3,tier3_voxel_grid,3,20261890,64,64,64,0.29150820876717687,0.70849179123282313,6.1811639181525919,0.54359499699542446,0.45640500300457554,5351.1438101664307,1.4747147757809183,9.1154537616235025,0.065595814219521223,0.39080918878505433,0.24949105355843701,0.12640478236068259,0.076602503197249067,0.053196160654537125,0.013693866748517308,0.0094950189652536418,0.010414703507260344,0.0015538816306566226,0.00025581947645226855,0.00040845532217443237,0.0020787515742040174,86.046946249489665
984,3,tier3_voxel_grid,3,20261891,64,64,64,0.26418526732320952,0.73581473267679054,6.598619162142489,0.50964042215027094,0.49035957784972906,629.45435530200064,1.425533481181777,9.4065525452017624,0.070475861477511489,0.41988371637221755,0.23390709362858236,0.11850916031269809,0.071817680962840247,0.049873368817962338,0.012838506736004162,0.0089019315860580425,0.009764169871590532,0.0014568215207949352,0.00023984022423681876,0.0003829419769738146,0.0019489065125295718,83.501008761818255
985,3,tier3_voxel_grid,3,20261892,64,64,64,0.055959871469822134,0.94404012853017782,1.5661937765114708,0.14646005476791071,0.85353994523208931,32.959178754576108,1.0507277686456797,1.6456432920606481,0.1226731681462816,0.73086677708580772,0.067220032506259436,0.0340570672095925,0.020638907413863834,0.014332568632841306,0.0036895197436653338,0.002558229942070465,0.0028060192873293512,0.00041866019736516258,6.8925090810232132e-05,0.00011004955745833606,0.00056007518665475073,61.602504802627749
986,3,tier3_voxel_grid,3,20261893,64,64,64,0.19404489041072853,0.80595510958927141,2.808352494744498,0.41070679063713533,0.58929320936286467,1277.6311023322878,1.2992808027393115,3.6488384837465793,0.084694882018645126,0.5045983273442195,0.18850002385236411,0.09550364291704197,0.057876118096756281,0.040191731964792705,0.010346239562141273,0.007173849626675062,0.0078687064387022252,0.0011740169447555671,0.00019328138915352782,0.0003086036027118371,0.001570576242040747,76.628019241441564
987,3,tier3_voxel_grid,3,20261894,64,64,64,0.18388110261145732,0.81611889738854271,12.256281925394326,0.39475297795680997,0.60524702204319003,640.93744165303474,1.2809859847006233,15.700125370969703,0.086987808971203465,0.51825921307198652,0.18117778292687997,0.091793825441115862,0.055627933338604024,0.03863049319864173,0.0099443422191143657,0.0068951830554132435,0.0075630483112464316,0.0011284125212418922,0.00018577341717097341,0.00029661596534528555,0.0015095675620361709,75.590601708670405
988,3,tier3_voxel_grid,3,20261895,64,64,64,0.18258140734873718,0.81741859265126282,1.0349332622423795,0.39267996053730625,0.60732003946269375,99.39375319004877,1.2786465332277268,1.3233138278882803,0.087285748881214126,0.52003429058147965,0.1802263405793682,0.091311776641567255,0.055335807170439857,0.038427627888443699,0.0098921202073833075,0.0068589734879553324,0.0075233314965059547,0.0011224867424801256,0.00018479784117438576,0.00029505830752533371,0.0015016401744627676,75.457169969795856
989,3,tier3_voxel_grid,3,20261896,64,64,64,0.3178021273259678,0.6821978726740322,8.9400209881977286,0.57419887219238841,0.42580112780761159,189.51053762701167,1.522043829186742,13.607103777886312,0.061197338964863832,0.36460378884274774,0.26353715977365982,0.13352124996072984,0.080915150408097797,0.05619105330555025,0.014464818268034339,0.010029579395374515,0.01100104129202892,0.0016413636710696444,0.00027022186678619535,0.00043145096373194152,0.0021957832873251144,88.430054264600955
990,3,tier3_voxel_grid,3,20261897,64,64,64,0.065685198150485763,0.93431480184951421,10.263621421254927,0.16909628760964612,0.83090371239035388,29.359160683206809,1.0682333566708744,10.963942762426241,0.11941982492186165,0.71148388746849223,0.077609270103172409,0.039320780271045463,0.023828767710991083,0.016547748473564897,0.0042597559635283817,0.0029536189013547689,0.0032397054964943112,0.00048336650738356566,7.9577854846750923e-05,0.00012705834125747087,0.00064663798600700861,62.727022970458989
991,3,tier3_voxel_grid,3,20261898,64,64,64,0.3112603037373956,0.68873969626260445,1.3739811201384824,0.56676399514025477,0.43323600485974523,6228.1769665802813,1.5102685467273123,2.0750804695423106,0.062265900463195717,0.37097010439654948,0.26012481175893026,0.13179238192322415,0.079867439895114523,0.055463476862981628,0.014277524021019066,0.0098997137803402899,0.010858596934485362,0.0016201108653202232,0.0002667229634381577,0.00042586442390276405,0.00216735171149833,87.843185605629031
992,3,tier3_voxel_grid,3,20261899,64,64,64,0.16487822198496704,0.83512177801503296,5.4085635493142039,0.36366866622742944,0.63633133377257056,2101.685549223102,1.2467807995729407,6.7432931865550252,0.091455333919263013,0.54487599985330759,0.16691117317997806,0.084565639602942971,0.05124758381037943,0.035588585069002046,0.0091612878769216366,0.0063522308004740598,0.0069675058721546338,0.0010395571394505561,0.00017114493016053066,0.00027325932550832714,0.001390698620457148,73.62216308290887
993,3,tier3_voxel_grid,3,20261900,64,64,64,0.11756060615984916,0.8824393938401508,8.7851657342940932,0.27831365079697812,0.72168634920302188,383.21594025118293,1.1616090910877286,10.204928383668419,0.10372279746155928,0.61796355174146256,0.12773621232871182,0.064717623693095083,0.039219496946902598,0.027235750442845614,0.0070110837468566247,0.0048613276560904957,0.0053321943194744236,0.00079556742045962269,0.00013097628350137614,0.00020912387444724592,0.0010642940845931943,68.555478213831591
994,3,tier3_voxel_grid,3,20261901,64,64,64,0.43298109673361479,0.56701890326638527,12.320404576666588,0.68851708304425663,0.31148291695574337,3889.2628420435558,1.7293659741205065,21.30648846228576,0.044767203292420232,0.26671571366332314,0.3160052123201188,0.16010421824127613,0.09702468261624235,0.06737822379797187,0.017344643054846284,0.012026385079959375,0.013191256945379941,0.0019681455010608865,0.00032402078879748664,0.00051734925547854041,0.0026329454431249185,98.140071772717661
995,3,tier3_voxel_grid,3,20261902,64,64,64,0.38359468173802808,0.61640531826197198,5.9537479277842316,0.64303833664718579,0.35696166335281421,992.89248774329394,1.6404704271284505,9.7669474061073256,0.0513035369871871,0.30565812636562711,0.29513206150777299,0.14952882466309203,0.090615893286788998,0.062927677503253315,0.016198974134982509,0.011232004039031981,0.012319932407396077,0.0018381432217862406,0.00030261818362762693,0.00048317668929529932,0.0024590310101586933,94.117048736804549
996,3,tier3_voxel_grid,3,20261903,64,64,64,0.42084691102364452,0.57915308897635542,14.457170177500533,0.67778180991759762,0.32221819008240238,32.390546064437828,1.7075244398425602,24.685971409045163,0.046310107022608057,0.27590808305979431,0.31107809816820126,0.15760789308990752,0.095511885775665176,0.066327670873326583,0.01707420752744454,0.011838871172549989,0.012985580500045484,0.0019374584200468985,0.00031896869676938962,0.00050928280993026219,0.0025918928837104687,97.170385784674323
997,3,tier3_voxel_grid,3,20261904,64,64,64,0.069860671249153516,0.93013932875084648,7.4883291132727958,0.17858887969620243,0.82141112030379759,1909.4227422257161,1.0757492082484763,8.0555641147072254,0.11805552281545989,0.70335559748833765,0.081966037206927314,0.041528138770244437,0.025166448005474608,0.017476692736215438,0.0044988867352422843,0.0031194267958156289,0.0034215734913126705,0.00051050134959540526,8.4045132785620958e-05,0.00013419104074958459,0.0006829384318394261,63.206754564216418
998,3,tier3_voxel_grid,3,20261905,64,64,64,0.0017025729034987897,0.99829742709650116,13.884078566239193,0.0049126526483280544,0.99508734735167192,298.32508443682258,0.95306463122629759,13.232424218649699,0.14301675998153351,0.85207058737013841,0.00225473540369675,0.0011423629581910327,0.0006922828434414224,0.0004807517746941224,0.00012375612564462452,8.5809711868946865e-05,9.4121213494031958e-05,1.4042956153435362e-05,2.3119275111682303e-06,3.6913494997099904e-06,1.8786384132809514e-05,55.148330555278022
999,3,tier3_voxel_grid,3,20261906,64,64,64,0.13301897074652208,0.86698102925347786,2.4633725201776469,0.3075430198215261,0.6924569801784739,369.66117561626692,1.1894341473437398,2.9300193931274987,0.099521870110487159,0.59293511006798671,0.14115146837979758,0.071514470703295141,0.04333845103318415,0.030096134035510824,0.0077474096637207357,0.0053718794727269101,0.0058921980240293588,0.000879120396211736,0.0001447318219486017,0.00023108671701913518,0.0011760695740818893,70.236837156195733
1000,3,tier3_voxel_grid,3,20261907,64,64,64,0.061647678230862257,0.93835232176913774,6.5642606026821042,0.1597894218727561,0.84021057812724387,12.575066503389968,1.0609658208155521,6.9644561383718093,0.12075743391348996,0.71945314421375395,0.073337744885210998,0.037156609621142339,0.022517259664914482,0.015636979375861126,0.0040253038807245628,0.0027910551044705531,0.0030613958215206,0.00045676256918053863,7.5197980982233357e-05,0.00012006519587532601,0.00061104777287333551,62.261386122224145
1001,3,tier3_voxel_grid,3,20261908,64,64,64,0.022159270625621903,0.97784072937437805,3.2050403666605041,0.061560575582017357,0.93843942441798267,1796.5990443362634,0.98988668712611938,3.1726267906590495,0.13487516073477243,0.80356426368321021,0.028254146827165483,0.014314979353109745,0.008675013960596974,0.0060243127452373063,0.0015507911655582617,0.0010752836871088885,0.0011794353258707385,0.0001759726415774032,2.8970822583977061e-05,4.6256394690122659e-05,0.00023541265851845418,57.617214623573886
1002,3,tier3_voxel_grid,3,20261909,64,64,64,0.28804325970455918,0.71195674029544076,11.774493471259065,0.53941498318474834,0.46058501681525166,114.77333173267064,1.4684778674682064,17.29058306319283,0.066196577593180816,0.39438843922207084,0.24757257370619662,0.12543278346642564,0.076013462600726514,0.052787104854833393,0.013588566750454886,0.0094220063168172809,0.010334618876726461,0.0015419329432842198,0.00025385233372556785,0.00040531447485764283,0.0020627668607000947,85.72804839496564
1003,3,tier3_voxel_grid,3,20261910,64,64,64,0.34306631945256932,0.65693368054743062,1.7956588608879263,0.6018632965769648,0.3981367034230352,27.053371497347708,1.5675193750146248,2.8147300553585151,0.05722132987102295,0.34091537355201224,0.27623416107783805,0.13995419280014926,0.084813575097586635,0.058898291547460721,0.015161721188941851,0.010512796193995252,0.011531062317345332,0.0017204432084301478,0.00028324093171786777,0.00045223791253983767,0.0023015743009597934,90.659627181395109
1004,3,tier3_voxel_grid,3,20261911,64,64,64,0.094530565396578822,0.90546943460342122,5.7995539851370506,0.2320741778857984,0.76792582211420157,624.37109287409282,1.1201550177138417,6.4963994969535745,0.11036846491639198,0.65755735719780961,0.10651391470573693,0.053965334687279327,0.032703507301862562,0.022710759515482577,0.005846251134218175,0.0040536589419527917,0.0044462950684443659,0.00066339058298859753,0.00010921567529683371,0.00017437970110219429,0.00088747057143402533,66.003337042659282
1005,3,tier3_voxel_grid,3,20261912,64,64,64,0.11151146874530857,0.8884885312546914,8.4973831844891308,0.26649086441389302,0.73350913558610698,267.80388953214526,1.1507206437415556,9.7781142481740027,0.1054220016640473,0.62808713392205962,0.12230996770354823,0.061968413807222469,0.037553449546326008,0.02607877356245655,0.0067132523425556118,0.0046548180642987953,0.0051056822737600982,0.00076177165212953305,0.00012541240039088959,0.00020024027535638976,0.0010190827858484362,67.890603561388417
1006,3,tier3_voxel_grid,3,20261913,64,64,64,0.32545985461211546,0.67454014538788454,9.1822891486746343,0.58275715294278463,0.41724284705721537,81.135982537213081,1.5358277383018077,14.102414375642196,0.059967318718710069,0.35727552833850529,0.26746511071667267,0.13551134851133251,0.08212116910247276,0.057028565939480066,0.014680412518975013,0.010179067596119785,0.011165008872746041,0.0016658277579754235,0.0002742494515009169,0.00043788162505237996,0.0022285108504570389,89.112008499060821
1007,3,tier3_voxel_grid,3,20261914,64,64,64,0.40252912879764563,0.59747087120235443,10.373071561888031,0.66104535346200144,0.33895464653799856,486.24879578576554,1.6745524318357621,17.37025220956599,0.048715517745819142,0.29023912879217945,0.30339665117729614,0.1537160836592617,0.093153412157922846,0.064689842653198479,0.016652594367257148,0.011546534097456627,0.012664927748069044,0.0018896167872276505,0.00031109240734104366,0.00049670709685083073,0.0025278913101198998,95.683562710387577
1008,3,tier3_voxel_grid,3,20261915,64,64,64,0.29502431100661303,0.70497568899338692,10.731734554377937,0.54780073167535936,0.45219926832464064,4714.831025494509,1.4810437598119035,15.894168493719222,0.064991354169991841,0.38720791415464878,0.25142133838828995,0.12738276225347475,0.077195168335904132,0.053607733496341736,0.013799814688812887,0.0095684808822498052,0.010495280922365019,0.0015659038418592423,0.00025779872359373392,0.00041161549605971088,0.0020948346464083642,86.36938673176931
1009,3,tier3_voxel_grid,3,20261916,64,64,64,0.021369615465381221,0.97863038453461881,8.8226429838550757,0.059452205417661733,0.94054779458233828,1239.4928407676907,0.98846530783768616,8.7208765129783092,0.13517818164097767,0.80536961294136056,0.02728647880868906,0.013824709808257086,0.0083779059424056376,0.005817987818403517,0.0014976785720891969,0.001038456610320137,0.001139041190040415,0.00016994580599737622,2.7978609346927017e-05,4.4672172945064752e-05,0.00022735007916731284,57.522698052668787
1010,3,tier3_voxel_grid,3,20261917,64,64,64,0.34669292822232911,0.65330707177767089,14.507294210837136,0.60570325319818763,0.39429674680181237,2751.0103088590986,1.5740472708001922,22.835166859263623,0.056669440475686443,0.33762730632612592,0.27799656659728333,0.14084711654606855,0.085354695400349456,0.059274069379225316,0.015258454703013459,0.010579869035257197,0.011604631812855449,0.0017314198327354053,0.00028504804123482478,0.00045512324210969502,0.0023162586080548958,90.974928072752036
1011,3,tier3_voxel_grid,3,20261918,64,64,64,0.27408226220477033,0.72591773779522972,13.215185703895465,0.5222068298709881,0.4777931701290119,472.70239513578264,1.4433480719685865,19.074112806424345,0.06866978191916219,0.40912338820984973,0.239674634387816,0.12143128807651601,0.073588518245973428,0.051103116419865514,0.013155070931381567,0.0091214300735217215,0.010004928913314601,0.001492742951692005,0.00024575406057042773,0.00039238433045850644,0.0019969614798782689,84.431513506293697
1012,3,tier3_voxel_grid,3,20261919,64,64,64,0.14615706010938589,0.85384293989061411,6.6969006645937057,0.33133100701619589,0.66866899298380411,214.60082143434286,1.2130827081968945,8.1238943947309146,0.096102993502199266,0.5725659994816048,0.15206932086195118,0.077046006793143024,0.046690614638823714,0.032424024460275674,0.0083466600774657791,0.0057873862209623095,0.0063479506248375608,0.00094711902853248839,0.00015592660936134331,0.0002489609248893042,0.0012670367759534714,71.645871161071497
1013,3,tier3_voxel_grid,3,20261920,64,64,64,0.40157566040663101,0.59842433959336905,13.034068281265585,0.66015613098097525,0.33984386901902475,17.224690982146438,1.6728361887319361,21.803861107304137,0.048843319308644322,0.29100054971038042,0.30298852922094016,0.15350930844093627,0.093028104404315165,0.064602823416046271,0.016630193693534502,0.011531001974518887,0.012647891188602777,0.0018870749196856923,0.00031067393323660369,0.00049603893828244834,0.0025244908508764048,95.605404715113252
1014,3,tier3_voxel_grid,3,20261921,64,64,64,0.32579170177583061,0.67420829822416939,4.6515292406213433,0.58312455409935804,0.41687544590064196,2782.9215898098846,1.5364250631964953,7.1467261074819932,0.059914514788314978,0.35696093111232696,0.26763373497211784,0.1355967820850269,0.082172942662617071,0.057064519785740182,0.014689667833150412,0.010185485022639166,0.011172047889173871,0.0016668779845438006,0.00027442235296623954,0.00043815768895768609,0.0022299158224247956,89.141439111698318
1015,3,tier3_voxel_grid,3,20261922,64,64,64,0.22044288839211962,0.77955711160788033,13.077562892977621,0.4501182089484726,0.54988179105152746,470.66829904427743,1.3467971991058152,17.612825075392401,0.079030561827894724,0.47085122922363271,0.2065884837003685,0.10466817125469394,0.063429909639888801,0.04404853004369539,0.011339064576551901,0.0078622521439573202,0.0086237874066689771,0.0012866755955720803,0.00021182866875391846,0.00033821720043198701,0.0017212887178897382,79.272876490631091
1016,3,tier3_voxel_grid,3,20261923,64,64,64,0.19064305563156694,0.80935694436843308,10.772759130259429,0.40541728515771641,0.59458271484228353,30.354765640531411,1.2931575001368207,13.930874266462395,0.085455104664008241,0.50912761017827535,0.18607232620584868,0.094273648541418203,0.057130729778911878,0.039674101403765684,0.010212990022316452,0.0070814573951028525,0.0077673651247227643,0.0011588967441555683,0.0001907921121551824,0.00030462908735264286,0.0015503487419664677,76.281983781298962
1017,3,tier3_voxel_grid,3,20261924,64,64,64,0.080091866162908421,0.91990813383709158,8.6150895827367862,0.20129739085372575,0.79870260914627422,68.617410368536724,1.0941653590932352,9.426332586915585,0.11479179154765017,0.68391081759862404,0.092388448017823172,0.046808659059186734,0.028366493642692989,0.019698945726838762,0.0050709437401211576,0.0035160782464454675,0.0038566444763366726,0.00057541426921805118,9.4731911485640909e-05,0.00015125413421478428,0.00076977762936229885,64.374424112022254
1018,3,tier3_voxel_grid,3,20261925,64,64,64,0.20426484910146273,0.7957351508985373,9.1702636752869768,0.42630208375806217,0.57369791624193778,2634.9070883528539,1.3176767283826327,12.083443038058242,0.082453482508287337,0.49124443373365045,0.19565771686425443,0.099130092100161285,0.060073780874671606,0.041717886037035579,0.010739105330006018,0.0074462539070130878,0.0081674957117106317,0.0012185965299968894,0.00020062063941036701,0.00032032184977319938,0.0016302139140290575,77.660427709039482
1019,3,tier3_voxel_grid,3,20261926,64,64,64,0.38786659831546028,0.61213340168453967,5.879917805384725,0.64716606700184587,0.35283393299815413,1017.3261342786665,1.6481598769678285,9.6910446067038318,0.050710287939279869,0.30212364505887429,0.29702654508595416,0.15048866583162429,0.091197566185616086,0.063331616848351729,0.016302957044617348,0.011304103447999281,0.012399015342373983,0.0018499424554250007,0.00030456072140685922,0.00048627825101161523,0.0024748157874654488,94.473145601886998
1020,3,tier3_voxel_grid,3,20261927,64,64,64,0.049083283363776632,0.95091671663622335,12.577087392820786,0.12999377949891897,0.87000622050108101,1100.2998362214682,1.0383499100547979,13.059417563086797,0.12503974766736858,0.74496647283371242,0.059662589211617469,0.030228084321279585,0.01831850727973541,0.012721180320894627,0.0032747127998481577,0.0022706121442056335,0.0024905429202852188,0.00037159088508810885,6.1175950472820481e-05,9.7676857549058705e-05,0.00049710680794286678,60.801365514089944
1021,3,tier3_voxel_grid,3,20261928,64,64,64,0.39070995362316824,0.60929004637683182,5.6117604462333173,0.64989216980786313,0.35010783019213687,18.582662384066445,1.6532779165217029,9.2777996185675207,0.050318484755638979,0.29978934543649788,0.29827773073876762,0.15112257974509316,0.091581724060630018,0.063598393039507331,0.016371631128769513,0.011351720512150779,0.012451244580339575,0.0018577350971839669,0.00030584364379658877,0.00048832663483793252,0.0024852406267865845,94.709295901944373
1022,3,tier3_voxel_grid,3,20261929,64,64,64,0.089090904560483145,0.91090909543951681,7.6228427899522089,0.22064842662087084,0.77935157337912919,60.608948002539336,1.1103636282088696,8.4641273775171566,0.11201060611195013,0.66734096726717906,0.10126989528587568,0.051308449303982435,0.031093409430027377,0.021592636458340121,0.0055584215622235334,0.0038540843955489528,0.0042273897944266814,0.0006307297507418797,0.00010383863959410776,0.00016579443276860768,0.00084377756734143672,65.392265699464815
1023,3,tier3_voxel_grid,3,20261930,64,64,64,0.013895665856467294,0.98610433414353271,14.977147722885492,0.039192413348716731,0.9608075866512833,2128.4917568483743,0.97501219854164101,14.602901729173515,0.13808997609531526,0.82271761055596804,0.017987944245100168,0.0091136020510066418,0.0055229297279169969,0.0038353662716930957,0.00098730799384942722,0.00068457713940891498,0.00075088506519921665,0.00011203261895396905,1.8444214386053311e-05,2.9449038180309746e-05,0.0001498749830219376,56.624972879407544
1024,3,tier3_voxel_grid,3,20261931,64,64,64,0.036778745021797885,0.9632212549782021,3.7737195396251098,0.099529005634757153,0.90047099436524281,1306.9585561578913,1.0162017410392363,3.8348603663608221,0.12941823088617163,0.77105276347907115,0.045680325633402012,0.023143962629116183,0.014025461997435712,0.009739900114602117,0.0025072654242736985,0.0017384814086190169,0.0019068701694970986,0.00028450646975816522,4.6839022165453761e-05,7.4785736231836248e-05,0.00038060702965585507,59.355502605599909
1025,3,tier3_voxel_grid,3,20261932,64,64,64,0.026881089956938099,0.97311891004306195,3.2875364656330146,0.074042504803687251,0.92595749519631276,2493.3203555736886,0.99838596192248841,3.2822302565962751,0.13308122266455882,0.79287627253175397,0.033982914915850586,0.017217462921625567,0.010433946674098112,0.0072457932883338095,0.0018652272373961534,0.001293306581612656,0.0014185758491662372,0.00021165258830228487,3.4844902765455883e-05,5.5635271335005671e-05,0.00028314457320137724,58.181054296872745
1026,3,tier3_voxel_grid,3,20261933,64,64,64,0.086877752413651782,0.91312224758634819,9.7303177937807472,0.21594192682122168,0.78405807317877829,480.34812023234906,1.1063799543445731,10.76542855644133,0.11268703753678028,0.67137103564199796,0.099109776815181003,0.050214024068019024,0.030430177303272701,0.021132058784066952,0.0054398586956325053,0.0037718755726115936,0.0041372182508303398,0.0006172760883208007,0.00010162372900566633,0.00016225798577662815,0.000825779528504457,65.142745649400084
1027,3,tier3_voxel_grid,3,20261934,64,64,64,0.15315429494949756,0.8468457050505025,9.6136035322883568,0.34362565337523898,0.65637434662476102,30.650542238168505,1.2256777309090956,11.783179763314859,0.094335972253191569,0.56203837437156945,0.15771213267994127,0.079904940568851571,0.048423155762699385,0.033627177518198097,0.0086563782498026327,0.0060021378301482629,0.0065835030071512077,0.00098226362191235943,0.00016171255296295941,0.00025819907786598793,0.0013140525057052255,72.388854586992665
1028,3,tier3_voxel_grid,3,20261935,64,64,64,0.26331397892749225,0.73668602107250769,11.399564438857841,0.50851907149064701,0.49148092850935299,16.733603733658079,1.423965162069486,16.232582623699752,0.070637025156830083,0.42084390335252292,0.23339243297308634,0.1182484072026378,0.071659662092240145,0.049763633536789531,0.012810258450798952,0.008882344860943428,0.0097426859824594619,0.0014536161083074305,0.00023931250904398227,0.00038209939812838958,0.0019446183762115189,83.418635154197972
1029,3,tier3_voxel_grid,3,20261936,64,64,64,0.18199666604163725,0.81800333395836278,11.607766267667756,0.39174482038522107,0.60825517961477893,92.931260045387944,1.277593998874947,14.830012523915366,0.087420149861224372,0.52083502975355456,0.17979714402116204,0.09109432396438219,0.055204028774969112,0.038336115151866308,0.0098685628076562639,0.0068426393172431365,0.0075054152031707837,0.0011198136179803671,0.00018435775790386598,0.00029435564658435853,0.0014980641223026245,75.397080938834833
1030,3,tier3_voxel_grid,3,20261937,64,64,64,0.072850911336904481,0.92714908866309553,10.875834983893442,0.18530583944539247,0.81469416055460753,104.30364251737456,1.081131640406428,11.758209316926335,0.1170901424166314,0.69760401813797612,0.085048886338721555,0.043090066013715699,0.026112990805734145,0.018134013851941196,0.0046680957093295436,0.0032367524896868356,0.0035502633148847681,0.00052970196848596909,8.7206179402838483e-05,0.00013923814010397985,0.00070862463338592654,63.549175587710486
1031,3,tier3_voxel_grid,3,20261938,64,64,64,0.010277637138289933,0.98972236286171011,4.3509972420919283,0.029182766667987772,0.9708172333320122,8431.5040509099163,0.96849974684892204,4.2139397275063901,0.13952859074622775,0.8312886425857845,0.013393867202585001,0.0067860103380985052,0.0041123869596760166,0.0028558230899744935,0.00073515194273920199,0.0005097378094034373,0.00055911085283813001,8.3419761601496612e-05,1.3733607063525243e-05,2.1927825729077787e-05,0.00011159727827888513,56.188366711749673
1032,3,tier3_voxel_grid,3,20261939,64,64,64,0.086413903656946053,0.91358609634305399,1.0925534210332808,0.21495120446717292,0.78504879553282714,374.52828836385493,1.1055450265825029,1.2078670008990429,0.11282942694761385,0.67221936858521325,0.098655069974128887,0.04998364659170746,0.030290566356312047,0.021035106777883453,0.0054149011077663399,0.0037545705429608647,0.0041182370614660825,0.00061444408052906932,0.00010115748837555904,0.00016151356056935971,0.00082199092547377952,65.090383238197532
1033,3,tier3_voxel_grid,3,20261940,64,64,64,0.0419482675961559,0.95805173240384411,2.8464138878139638,0.1124885049052293,0.88751149509477067,53.162960892466216,1.0255068816730806,2.9190170300430478,0.12755565510166519,0.75995583999310545,0.051628281638241964,0.026157497878413639,0.015851693088207587,0.011008115622479935,0.0028337321083275373,0.0019648460588337054,0.002155160428330478,0.00032155156393710236,5.2937850036902417e-05,8.452345729070864e-05,0.00043016521112973006,59.964878770686511
1034,3,tier3_voxel_grid,3,20261941,64,64,64,0.38134084750420966,0.61865915249579029,8.5323791267917244,0.64084494187451679,0.35915505812548321,79.198710156784458,1.6364135255075773,13.962500607840511,0.051618777869891934,0.30753628025559127,0.29412537017373303,0.14901878393349971,0.0903068037421558,0.062713032075406031,0.016143719660769464,0.011193691830347406,0.012277909290262947,0.0018318733409652859,0.00030158595723573826,0.00048152858036589765,0.0024506432897754334,93.928543254955201
1035,3,tier3_voxel_grid,3,20261942,64,64,64,0.21342316919522894,0.78657683080477103,2.1790238230391656,0.43991197864895903,0.56008802135104097,735.71082461443643,1.334161704551412,2.9071701380040675,0.080497430030918846,0.47959059132012211,0.20190418166602306,0.10229486699901869,0.061991664634928001,0.043049749205587899,0.011081956327766096,0.0076839790715536697,0.0084282468607041194,0.0012575007984007983,0.00020702554785287231,0.0003305482757578893,0.0016822592613659117,78.576500254893091
1036,3,tier3_voxel_grid,3,20261943,64,64,64,0.30182069249492122,0.69817930750507884,6.0662575402293752,0.5558290707981498,0.4441709292018502,2351.7784869963493,1.4932772464908581,9.0586043561781278,0.063837498629138803,0.38033343057271141,0.25510606469581748,0.12924963090595173,0.078326508537196179,0.054393386087196356,0.014002059019182111,0.0097087125485670438,0.010649095383649151,0.0015888530756758496,0.00026157691419983846,0.00041764796115054131,0.0021255356695634481,86.989329850783079
1037,3,tier3_voxel_grid,3,20261944,64,64,64,0.088754304786567539,0.91124569521343246,7.8949515925519265,0.21993479069417604,0.78006520930582401,4950.9336089189555,1.1097577486158214,8.7614837047813197,0.1121131718799844,0.66795203742583964,0.10094236140459949,0.051142504079141851,0.030992845041726412,0.021522800106616623,0.0055404441427455622,0.0038416192575404982,0.0042137172870825457,0.00062868980231778305,0.00010350279770786219,0.00016525820930451309,0.00084104856539288166,65.354349687928604
1038,3,tier3_voxel_grid,3,20261945,64,64,64,0.21555930596583098,0.78444069403416905,8.3411212100954621,0.44303819175714426,0.55696180824285579,14.245608796250679,1.3380067507384956,11.160476487835778,0.080048121866229213,0.47691368637662657,0.20333900392583112,0.10302182050252305,0.062432205388501305,0.043355680157238549,0.011160709712119479,0.0077385848955875743,0.0084881417876298982,0.0012664371667433639,0.0002084967648527243,0.00033289730102366175,0.0016942141550935152,78.788940593600984
1039,3,tier3_voxel_grid,3,20261946,64,64,64,0.42206708203339005,0.57793291796660995,12.735048935797581,0.67887371500890881,0.32112628499109119,284.08894112323713,1.7097207476601022,21.77337738799983,0.046153175343411977,0.27497310964767924,0.31157924433974954,0.15786179907908807,0.095665755225734742,0.066434524613662588,0.017101714040390924,0.011857943569477043,0.013006500243322977,0.0019405796615468882,0.00031948255467893392,0.00051010326348174915,0.0025960684177753334,97.26843842712465
1040,3,tier3_voxel_grid,3,20261947,64,64,64,0.052397369281502744,0.94760263071849726,11.47048632060719,0.13797822400364979,0.86202177599635021,771.50278454646548,1.0443152647067049,11.978803958219535,0.123892200784818,0.73812957521153222,0.063327169427724456,0.032084745945227429,0.019443661924429551,0.013502537388120307,0.0034758513675558281,0.0024100770995831985,0.0026435164072499003,0.00039441464490097349,6.4933483975248261e-05,0.00010367634038203105,0.00052763997450086129,61.188084943297262
1041,3,tier3_voxel_grid,3,20261948,64,64,64,0.27140999310405445,0.72859000689594555,2.7317609958907787,0.51884447089782237,0.48115552910217763,823.40591967743126,1.4385379875872979,3.9297419655981933,0.069153029633563137,0.4120024994686145,0.23813142945161633,0.12064942242916703,0.073114700209722452,0.050774076253742986,0.013070368724787123,0.0090626994700491736,0.0099405096821148092,0.0014831315537340514,0.00024417171173183629,0.00038985786604061912,0.0019841035451159186,84.181205652968586
1042,3,tier3_voxel_grid,3,20261949,64,64,64,0.2411992063755162,0.75880079362448383,4.8122771066644763,0.47920652387782037,0.52079347612217963,3950.2283906058228,1.3841585714759292,6.6609546055070199,0.074849907169196137,0.44594356895298348,0.21993900086493998,0.11143221827169426,0.067528986617590825,0.046895110094476063,0.012071837156842496,0.0083703401569964701,0.0091810886643873615,0.0013698253642147244,0.00022551782619141249,0.00036007405546495944,0.0018325248050217778,81.302897300411132
1043,3,tier3_voxel_grid,3,20261950,64,64,64,0.10070363108903183,0.8992963689109682,8.0471898268252833,0.24480082870988995,0.75519917129011005,258.34364891324168,1.1312665359602572,9.1035165596072591,0.10853935476729606,0.64665981652281401,0.11235500143376596,0.056924724557479392,0.034496925776703588,0.023956188493995178,0.00616685206230487,0.0042759564090134152,0.0046901241980462699,0.00069977007331621589,0.00011520492311700329,0.00018394246067740717,0.00093613832147063547,66.692973621331362
1044,3,tier3_voxel_grid,3,20261951,64,64,64,0.31267353424256294,0.68732646575743706,3.0524157118161588,0.56837995310722467,0.43162004689277533,193.44489011979115,1.5128123616366134,4.6177322216893071,0.062033650426736656,0.36958639646603869,0.26086647983518896,0.13216814847046587,0.080095158005133241,0.055621614373622903,0.014318232109197216,0.0099279398523759773,0.010889556974955212,0.0016247301267458556,0.00026748344416988631,0.00042707864889686306,0.0021735312664726272,87.970303152988578
1045,3,tier3_voxel_grid,3,20261952,64,64,64,0.18278586445392292,0.81721413554607714,11.651563798652173,0.39300657282088264,0.60699342717911731,7832.2468123723484,1.2790145560170614,14.902519698837574,0.087238807242682001,0.51975461993643535,0.180376244171537,0.09138772538070207,0.055381832830416873,0.038459590139025307,0.0099003479966647493,0.0068646784518420195,0.0075295890413952168,0.0011234203729046169,0.00018495154712063104,0.00029530372281843186,0.0015028891664556879,75.478171954511438
1046,3,tier3_voxel_grid,3,20261953,64,64,64,0.085327204291861025,0.91467279570813897,14.442082200820403,0.21262428192469493,0.78737571807530504,12.629708435959774,1.1035889677253499,15.938122587808037,0.11316385881798068,0.67421185925732441,0.097587094073172245,0.049442556001878919,0.029962660300360208,0.020807394333720974,0.0053562828949296924,0.003713925993629792,0.0040736556939071156,0.0006077925068120511,0.00010006242291349278,0.00015976511935482293,0.00081309258401559344,64.967619447497952
1047,3,tier3_voxel_grid,3,20261954,64,64,64,0.35883911665588902,0.64116088334411092,1.763718443400796,0.61833519264761883,0.38166480735238117,19.314019823555068,1.5959104099806003,2.8147366240981104,0.054853942512468841,0.32681086483991234,0.28379418412346435,0.14378448272074676,0.087134767305740171,0.060510229910584995,0.015576669728081664,0.0108005121708696,0.011846646372986875,0.0017675285879272841,0.00029099271724249864,0.00046461483589923239,0.002364564174075357,92.022376728930709
1048,3,tier3_voxel_grid,3,20261955,64,64,64,0.28668625151729704,0.71331374848270301,7.3109479251969915,0.53776823593010425,0.46223176406989575,584.15734146700345,1.4660352527311347,10.718107389220336,0.066433252752898686,0.39579851131699706,0.24681677442589331,0.12504985733672086,0.075781405715478908,0.052625954307091688,0.013547083039975165,0.0093932424457363328,0.010303068946165461,0.0015372256698113788,0.00025307736334714143,0.00040407711490371895,0.0020564695649802514,85.602844153485378
1049,3,tier3_voxel_grid,3,20261956,64,64,64,0.2485482275927017,0.75145177240729832,7.134690640214064,0.48913273057363255,0.5108672694263674,1347.8216118749913,1.3973868096668629,9.9699225916887588,0.073423284748239587,0.43744398467812784,0.2244947818784982,0.11374040728003028,0.068927771161884394,0.047866487846293396,0.012321891245938235,0.0085437220338546154,0.0093712642551489825,0.0013981997060169415,0.00023018916609357322,0.00036753257141215848,0.0018704834284617353,82.011336394725689
1050,3,tier3_voxel_grid,3,20261957,64,64,64,0.31945037423255901,0.68054962576744105,13.749325636909543,0.57605402003844641,0.42394597996155359,1436.4558512874169,1.5250106736186062,20.967868351344993,0.06093071188440094,0.36301526807715262,0.26438860762210936,0.13395263649118722,0.081176574758201267,0.056372597917627776,0.014511551861137902,0.010061983416896108,0.011036583956854052,0.0016466666635108458,0.00027109491189025855,0.00043284491513938831,0.0022028775238922085,88.577294075595461
1051,3,tier3_voxel_grid,3,20261958,64,64,64,0.055756989661884457,0.94424301033811553,1.5121779849095733,0.14597980191475132,0.85402019808524865,367.56698956796447,1.0503625813913919,1.5883351717528529,0.12274219144078287,0.73127800664446574,0.066999613276922429,0.033945391683295814,0.020571230980263509,0.014285571129051398,0.0036774215481096169,0.0025498413255929959,0.0027968181521058548,0.00041728738103918547,6.8699080574415006e-05,0.00010968869719481884,0.00055823866060127514,61.578939769037476
1052,3,tier3_voxel_grid,3,20261959,64,64,64,0.35114455530322275,0.64885544469677725,10.724677821871726,0.61037344050567333,0.38962655949432667,4247.8380177078589,1.582060199545801,16.967085934934808,0.055998227984641234,0.33362833150968546,0.28014001890663132,0.14193309786202851,0.086012810431081485,0.059731093516071594,0.015376102810580321,0.010661443584877707,0.011694107647621535,0.0017447696948734647,0.0002872458629192379,0.00045863240402589656,0.0023341177849621939,91.360346841132809
1053,3,tier3_voxel_grid,3,20261960,64,64,64,0.30903489912893822,0.69096510087106178,11.842420374339365,0.56420829234117897,0.43579170765882103,46.997122267145457,1.5062628184320888,17.837797490110002,0.06263321327726408,0.37315849438155696,0.25895183373770492,0.13119809195020868,0.079507294505772264,0.055213376002163674,0.014213142535220272,0.0098550731072640056,0.0108096323798957,0.001612805316787121,0.00026552023244239638,0.00042394407802771292,0.0021575784956921859,87.642637610293519
1054,3,tier3_voxel_grid,3,20261961,64,64,64,0.2843604408344178,0.7156395591655822,10.285336001364946,0.53493303532531511,0.46506696467468489,18.314640160500904,1.461848793501952,15.035606024357538,0.066840735779864879,0.39822622889482001,0.24551551670673091,0.12439057438272365,0.07538187396004771,0.052348501814530435,0.013475660640023193,0.0093437197612716745,0.010248749510104255,0.0015291211689175902,0.00025174309879657858,0.00040194675538448291,0.0020456275267845998,85.387844714750884
1055,3,tier3_voxel_grid,3,20261962,64,64,64,0.085170681713588547,0.91482931828641145,3.4668872939843522,0.21228844419999324,0.78771155580000674,613.22927549065128,1.1033072270844593,3.8250418069402201,0.1132121263629296,0.67449942943707708,0.097432956326828718,0.049364462026154229,0.029915334606557997,0.020774529282247302,0.0053478227047575799,0.0037080598881966747,0.0040672213993520638,0.00060683250520390559,9.9904375412355036e-05,0.00015951277209850243,0.00081180831318389073,64.949926819140757
1056,3,tier3_voxel_grid,3,20261963,64,64,64,0.06104306233270524,0.93895693766729471,9.3246180391597928,0.1583847373708987,0.84161526262910136,80.542817515755246,1.0598775121988693,9.882952969549379,0.12095931913169375,0.72065594349740758,0.072693043925447454,0.036829971517914534,0.022319313860336806,0.015499517068734016,0.0039899180466045616,0.002766519363599034,0.0030344835565274553,0.00045274723891376164,7.4536926969904393e-05,0.00011900972100169609,0.00060567614484946563,62.191508969674338
1057,3,tier3_voxel_grid,3,20261964,64,64,64,0.025926014329806315,0.97407398567019365,11.456394810981861,0.071534977950323098,0.92846502204967685,1259.0147842018735,0.9966668257936514,11.41820865130015,0.13344161149584005,0.79502341055383674,0.032832047965400783,0.016634375535032619,0.010080590158928359,0.0070004069215084943,0.0018020593664847392,0.0012495074017817645,0.0013705342945922886,0.00020448475206877084,3.3664843695075915e-05,5.3751124691984752e-05,0.00027355558613821363,58.067191625917609
1058,3,tier3_voxel_grid,3,20261965,64,64,64,0.18951226795789056,0.81048773204210944,8.8056718921610635,0.40364791526610666,0.59635208473389334,9381.3640375959658,1.2911220823242029,11.369197429670695,0.085709403494940398,0.51064268123895296,0.18526024743243788,0.093862208374932726,0.056881393115535091,0.039500951015090997,0.010168417287728267,0.0070505516642365975,0.0077334658745132484,0.0011538389504164687,0.00018995943473573619,0.00030329958919111119,0.0015435825272885134,76.166695013301222
1059,3,tier3_voxel_grid,3,20261966,64,64,64,0.037465635453377062,0.96253436454662289,14.259263002623131,0.1012646303099598,0.8987353696900402,137.08360965221001,1.0174381438160787,14.507918081574163,0.12916878201291232,0.76956658767712793,0.046476916535069142,0.023547555856687167,0.014270043341021098,0.0099097481992393571,0.0025509880728614002,0.0017687977089873039,0.0019401228971565342,0.00028946780184440306,4.7655818858179245e-05,7.6089878359343277e-05,0.00038724419987586577,59.436632365616994
1060,3,tier3_voxel_grid,3,20261967,64,64,64,0.097105455166116905,0.90289454483388309,10.800587859991822,0.23741324567930897,0.76258675432069101,1774.2588233937895,1.1247898192990105,12.148391267363287,0.10960111903546824,0.6529856352852228,0.10896435971752957,0.05520685402829216,0.03345587985860661,0.023233240240395216,0.005980749213357504,0.0041469168825820435,0.0045485859437870667,0.00067865245886130038,0.00011172827665488216,0.00017839145740562444,0.00090788760183696602,66.291490249823028
1061,3,tier3_voxel_grid,3,20261968,64,64,64,0.21734635139330313,0.78265364860669684,9.0437114157140304,0.44563974341988899,0.55436025658011101,168.20500339848689,1.3412234325079455,12.129637667595263,0.07967421952416795,0.47468603705594309,0.20453302496872594,0.10362677193428188,0.062798811723483616,0.043610267783996286,0.011226246190574798,0.0077840264145739172,0.0085379847578118586,0.0012738737755464012,0.00020972107263334298,0.00033485209756968065,0.0017041627006912394,78.966307441920563
1062,3,tier3_voxel_grid,3,20261969,64,64,64,0.29946680307322537,0.70053319692677463,11.026547898211028,0.55306343191365359,0.44693656808634641,2592.4679875818988,1.4890402455318057,16.418973589720366,0.064234984049481317,0.38270158403686511,0.25383673336850776,0.12860652347631157,0.077936779303735562,0.054122740898728344,0.013932388969663374,0.0096604049044487598,0.010596108676359016,0.0015809474189214616,0.00026027538586459182,0.00041556987005730313,0.0021149596410558226,86.775108775092761
1063,3,tier3_voxel_grid,3,20261970,64,64,64,0.26299582164214874,0.73700417835785126,4.7586423600337699,0.50810898624843237,0.49189101375156763,66.061174151843957,1.4233924789558676,6.7734157453128683,0.070695963764394409,0.42119504998717322,0.23320421821817799,0.1181530480913914,0.0716018735617137,0.049723502629501051,0.012799927868851988,0.0088751818679546762,0.0097348291842292069,0.0014524438680763709,0.00023911952015971365,0.00038179126155492299,0.001943050176821305,83.388537376492096
1064,3,tier3_voxel_grid,3,20261971,64,64,64,0.14387919827111634,0.85612080172888372,9.5628346405477203,0.32727336965393578,0.67272663034606417,120.97739957030993,1.2089825568880095,11.561300274826612,0.096686168587557242,0.57604046175850698,0.15020700751090157,0.076102464688248744,0.04611881912794924,0.032026944409514174,0.0082444429017012599,0.0057165111321154085,0.0062702105972407343,0.00093552015768943119,0.00015401705781766846,0.00024591203079493321,0.0012515200399625802,71.402885619690352
1065,3,tier3_voxel_grid,3,20261972,64,64,64,0.1263704448800925,0.87362955511990747,9.0883781668918449,0.29514099521856135,0.7048590047814387,14.716746238629034,1.1774668007841664,10.701263564486808,0.10130432406354747,0.6035546807178912,0.13545937371087374,0.068630567743491439,0.041590778345701768,0.028882472951675668,0.0074349864934128195,0.0051552522788351979,0.0056545883884669603,0.00084366885909308107,0.00013889534542027687,0.00022176788041685158,0.0011286432211735182,69.516813768182047
1066,3,tier3_voxel_grid,3,20261973,64,64,64,0.37320083635527102,0.62679916364472898,4.2932264986252546,0.63283182917754199,0.36716817082245801,56.816828060608003,1.6217615054394878,6.962589469603194,0.05277044502588403,0.31439772579657399,0.29044763226205106,0.14715545595570145,0.089177609223474272,0.061928869541300204,0.01594185890391973,0.011053726125274643,0.012124386551145542,0.001808967632316324,0.00029781493228844575,0.00047550755635656446,0.0024200004937136978,93.244080106416561
1067,3,tier3_voxel_grid,3,20261974,64,64,64,0.0081994752375719893,0.99180052476242797,8.3553877684389661,0.023372215867233627,0.97662778413276641,5478.9989192126204,0.96475905542762952,8.060936011210746,0.14036369949466437,0.83626408463810209,0.010727028013395087,0.0054348547656140889,0.0032935738014373763,0.002287203077655159,0.00058877659189746578,0.000408244435923779,0.00044778686321679442,6.6810138254714784e-05,1.0999122618369935e-05,1.7561798792753876e-05,8.937725842803694e-05,55.936989033170761
1068,3,tier3_voxel_grid,3,20261975,64,64,64,0.1185737720097258,0.88142622799027426,8.0286697726176186,0.28027220475189485,0.71972779524810515,65.161754230813301,1.1634327896175063,9.3408176704742658,0.10344130856349754,0.61628648668460762,0.12863511995730306,0.065173055747807296,0.039495493113943771,0.027427414368032928,0.0070604222746698912,0.0048955378807047653,0.005369718135654066,0.00080116600217949939,0.00013189799221856386,0.0002105955248323179,0.0010717837545486757,68.666456251352514
1069,3,tier3_voxel_grid,3,20261976,64,64,64,0.05994042425416294,0.94005957574583709,5.1900826695854363,0.1558155725813396,0.8441844274186604,89.497168028869339,1.0578927636574933,5.490550898938598,0.12132856674100088,0.7228558606776595,0.07151388732236022,0.036232551162929776,0.021957271429677502,0.015248098818660393,0.0039251974357128816,0.0027216435488167821,0.0029852610844803549,0.00044540320890117628,7.3327860670513602e-05,0.00011707925983549922,0.00059585144929449451,62.063974597651807
1070,3,tier3_voxel_grid,3,20261977,64,64,64,0.15100304648666513,0.84899695351333482,5.3367174443520646,0.33987274029001557,0.66012725970998443,8638.1094474199326,1.2218054836759973,6.5204306383387065,0.09487535150604752,0.56525190820393689,0.1559896770931149,0.07903225747872332,0.047894301490311292,0.033259917759540424,0.0085618374758958237,0.0059365853855597329,0.0065116011734567218,0.00097153581400976274,0.00015994640672184379,0.00025537915249546344,0.0012997010601862656,72.160980256112722
1071,3,tier3_voxel_grid,3,20261978,64,64,64,0.22216881206756539,0.77783118793243466,5.1758246761061164,0.4525983297852067,0.54740167021479325,917.28479950955466,1.3499038617216177,6.986865717869688,0.078674111866616034,0.4687275583481772,0.20772677224961766,0.10524488578725651,0.063779404144760202,0.044291234460039901,0.011401542054170674,0.0079055726206193038,0.0086713038910360713,0.0012937650909340885,0.00021299583036780105,0.00034008075429285575,0.001730772902111582,79.443328266165963
1072,3,tier3_voxel_grid,3,20261979,64,64,64,0.25164588016976269,0.74835411983023725,12.159355182088049,0.49326060310395309,0.50673939689604697,720.17629588027069,1.4029625843055729,17.059120369751611,0.072830015266445475,0.43390938162960152,0.22638933071032505,0.11470028150935878,0.069509464095869181,0.048270441104689976,0.012425877737163337,0.008615823926215984,0.0094503499140617241,0.0014099993460688367,0.00023213177078163142,0.00037063423995875339,0.0018862687494598045,82.308345687341657
1073,3,tier3_voxel_grid,3,20261980,64,64,64,0.033195249170608572,0.96680475082939143,12.103581061494683,0.090405352083564872,0.90959464791643518,5039.3701560860682,1.0097514485070953,12.221608508967302,0.1307295081057627,0.77886513981067251,0.041492888388080386,0.021022395197761706,0.012739771907959626,0.0088470601459707497,0.0022774286953114644,0.0015791177942005722,0.001732070645653375,0.00025842624875533634,4.2545369192747073e-05,6.793025582591279e-05,0.00034571743485299362,58.931456631035786
1074,3,tier3_voxel_grid,3,20261981,64,64,64,0.060223219583110527,0.9397767804168895,4.4462406869557887,0.15647540905247412,0.84352459094752585,11.36899275807979,1.058401795249599,4.7059091251858174,0.121233733182449,0.72229085776507684,0.071816729138913987,0.036385986139315513,0.022050254488147718,0.015312670360190768,0.0039418195767580901,0.0027331689672662109,0.0029979028513253889,0.00044728937006417507,7.3638384169667814e-05,0.00011757505858252478,0.00059837471774006415,62.096695778683987
1075,3,tier3_voxel_grid,3,20261982,64,64,64,0.35580988126694568,0.64419011873305432,7.3204602168427417,0.61521731788455702,0.38478268211544298,878.23415820231708,1.5904577862805023,11.642882951034192,0.055302052266680904,0.32948062984876209,0.28236318887185408,0.14305946817309445,0.086695401577898359,0.060205114948686335,0.015498126397514012,0.010746051993402575,0.011786911199908504,0.0017586160549794313,0.0002895254243241701,0.00046227207603594274,0.0023526411668591219,91.762372215235445
1076,3,tier3_voxel_grid,3,20261983,64,64,64,0.018957571116093398,0.98104242888390658,7.9099511233173718,0.052974361234198269,0.9470256387658017,468.94434155169637,0.98412362800896824,7.7843697968527055,0.13610919567632823,0.81091644308947342,0.02431337534185694,0.012318385267554948,0.007465058910115497,0.0051840665318147044,0.0013344932308768803,0.00092530756789717785,0.0010149325670584216,0.00015142870569554166,2.4930092129674292e-05,3.980474416522517e-05,0.00020257827503325759,57.233598313840872
1077,3,tier3_voxel_grid,3,20261984,64,64,64,0.023838786699145929,0.97616121330085404,1.0829535171409244,0.066024791337938912,0.93397520866206107,294.9851383829722,0.99290981605846262,1.0752751775042604,0.13423355105601448,0.79974165760604654,0.030303065412533584,0.015353065104739912,0.0093041038227302513,0.0064611805233830231,0.0016632505811822354,0.0011532605145295721,0.0012649649641995374,0.00018873372822602217,3.1071712665309864e-05,4.9610790324592535e-05,0.00025248418342486609,57.818029856524198
1078,3,tier3_voxel_grid,3,20261985,64,64,64,0.14664961677311542,0.85335038322688461,10.574466968385625,0.33220481172000504,0.66779518827999496,94.208867573841871,1.2139693101916078,12.837078371255039,0.095977407825798083,0.57181778045419684,0.15247036659887414,0.07724919684091984,0.046813749744899526,0.032509534915047045,0.0083686723572776386,0.0058026490403047509,0.0063646917960472338,0.00094961682392342322,0.00015633782775570956,0.00024961749859543582,0.0012703782763602632,71.69834130049901
1079,3,tier3_voxel_grid,3,20261986,64,64,64,0.28717961322897811,0.71282038677102189,3.5173412628891905,0.53836757131565516,0.46163242868434484,693.9941966412764,1.4669233038121605,5.1596698659922486,0.066347114580996597,0.39528531410334827,0.24709184836439979,0.12518922370210384,0.075865863061557612,0.052684605217478898,0.013562181079789307,0.0094037110866984595,0.010314551576389107,0.0015389388869148427,0.00025335941462685958,0.00040452745335302186,0.0020587614723434106,85.648384441375427
1080,3,tier3_voxel_grid,3,20261987,64,64,64,0.19114695100806137,0.80885304899193866,13.498282995845004,0.40620394924137704,0.59379605075862296,4657.5945530986473,1.2940645118145104,17.467648995352274,0.085342043083295349,0.50845400767532756,0.18643337745193056,0.094456575357955708,0.057241585173676085,0.039751084284783474,0.010232807116287213,0.0070951981219949814,0.007782436774087494,0.0011611454456260638,0.00019116232158525109,0.00030522018391076176,0.0015533570095394179,76.333315549310001
1081,3,tier3_voxel_grid,3,20261988,64,64,64,0.26849141408985705,0.73150858591014289,2.947867367545606,0.5151464104852651,0.4848535895147349,2182.1648859430879,1.4332845453617427,4.2251327396793208,0.069684525305603873,0.41516906420913102,0.23643414931925444,0.11978949449717781,0.072593575684768596,0.05041218437301577,0.012977209761225225,0.0089981051416503401,0.0098696587674419415,0.001472560543743355,0.00024243137952889435,0.00038707915677070229,0.0019699618606879993,83.907036270062946
1082,3,tier3_voxel_grid,3,20261989,64,64,64,0.11511423244504167,0.88488576755495829,5.7474416547432927,0.27355911014437095,0.72644088985562905,229.21400691968864,1.1572056184010748,6.6509717743013086,0.10440613345326499,0.62203475640236405,0.12555404479008128,0.063612027284482647,0.038549494983021654,0.026770471494745311,0.0068913106685408228,0.0047782796995840919,0.0052411023640962237,0.00078197643190540205,0.00012873876456311552,0.00020555132973144448,0.0010461123336189349,68.287061451530391
1083,3,tier3_voxel_grid,3,20261990,64,64,64,0.29626822983790152,0.70373177016209842,11.6635893138982,0.54928003245542667,0.45071996754457333,13.08862346300756,1.4832828137082228,17.300401575456082,0.06477874488984528,0.38594122265472802,0.25210028560485515,0.12772675124193847,0.077403628942350367,0.053752497746174417,0.01383708020427051,0.0095943199518506821,0.010523622756097145,0.0015701324648617861,0.000258494892530468,0.00041272703733594596,0.0021004916131617062,86.483178688800493
1084,3,tier3_voxel_grid,3,20261991,64,64,64,0.21464693303828206,0.78535306696171792,13.55080474299506,0.44170514475950595,0.55829485524049405,1116.6713645475349,1.3363644794689076,18.108814126757398,0.080239711140289161,0.47805514410020489,0.20272718206999735,0.10271184061576105,0.06224435462191389,0.043225228290244978,0.011127128520136352,0.0077153004529526906,0.0084626020212258974,0.0012626266143028868,0.00020786942393364487,0.00033189565431259273,0.0016891164747245917,78.698261199972322
1085,3,tier3_voxel_grid,3,20261992,64,64,64,0.0063463255801133444,0.99365367441988661,13.975162655837543,0.018152663642934604,0.98184733635706545,10.031884030301335,0.96142338604420374,13.436048201093838,0.14111386826091424,0.84073346809615124,0.0083314364594967213,0.0042211269598405408,0.0025580431800004029,0.0017764181362865863,0.00045728926577867966,0.00031707408366928941,0.00034778577940035689,5.188990100746243e-05,8.542766094274314e-06,1.3639846057415736e-05,6.9417265302873938e-05,55.712464318458899
1086,3,tier3_voxel_grid,3,20261993,64,64,64,0.38553016579416144,0.61446983420583856,2.1240570455612873,0.64491327827469802,0.35508672172530198,20.037399919413968,1.6439542984294906,3.4918527101599226,0.051034065088629697,0.3040526566366723,0.29599259400824507,0.14996481393759717,0.090880106943665925,0.063111159133118017,0.016246206359249313,0.01126475380017837,0.012355854300077008,0.00184350279531,0.0003035005438189088,0.00048458551367881405,0.0024662009397593597,94.278579863220443
1087,3,tier3_voxel_grid,3,20261994,64,64,64,0.4062518350956939,0.59374816490430615,5.2215029139956117,0.66449983735657159,0.33550016264342841,4645.6430149822372,1.681253303172249,8.7786690216786454,0.048219029577896318,0.2872811330655321,0.30498213822394055,0.15451937156160658,0.093640212284931523,0.065027898156375982,0.016739617320740183,0.011606873854583536,0.01273111199503859,0.0018994915268717625,0.00031271811078976242,0.00049930278360273605,0.0025411015380903397,95.987991035608687
1088,3,tier3_voxel_grid,3,20261995,64,64,64,0.075511757737692808,0.92448824226230719,7.8755055074214058,0.19122689627628697,0.80877310372371303,412.68857148895654,1.085921163927847,8.5521781071392216,0.11623915142988561,0.69253395229382742,0.087766443923107645,0.044466918089601799,0.026947376290013182,0.018713447975069374,0.0048172548511554013,0.0033401760811739389,0.0036637044828209103,0.00054662747643665819,8.9992668732018804e-05,0.000143687200873199,0.0007312672373028221,63.853078687105963
1089,3,tier3_voxel_grid,3,20261996,64,64,64,0.24469807653050243,0.75530192346949754,12.024874827925162,0.48395594697652983,0.51604405302347023,31.312636795359541,1.3904565377549043,16.72006582017292,0.074167306686769519,0.44187674633670071,0.22211881962567404,0.11253662467066673,0.068198267424284947,0.047359888239182649,0.012191481317303018,0.0084532987247638615,0.0092720825728614849,0.001383401724096791,0.0002277529367742503,0.00036364275486920063,0.0018506869860528265,81.640853361962897
1090,3,tier3_voxel_grid,3,20261997,64,64,64,0.32911581596838652,0.67088418403161354,7.2817096419543743,0.58678911083171159,0.41321088916828841,1034.4670909226982,1.5424084687430957,11.231370618678682,0.059387834359682715,0.35382305480860571,0.26931563808938891,0.13644891924368702,0.082689345904659733,0.057423132999142486,0.014781982795323717,0.010249494139472959,0.011242256908874098,0.0016773532233196849,0.00027614691811102916,0.00044091122368301134,0.0022439293860488994,89.435689457524319
1091,3,tier3_voxel_grid,3,20261998,64,64,64,0.046540347565116207,0.95345965243488384,10.018707353804004,0.12380474451783451,0.87619525548216548,1420.2355450423536,1.0337726256172091,10.357065406432406,0.12592925322963183,0.7502660022525337,0.056822039047477936,0.028788917985807926,0.017446358760071237,0.012115521878543124,0.0031188029390118257,0.0021625077561100423,0.0023719675752575308,0.00035389935403695136,5.82633488165195e-05,9.3026438963309725e-05,0.00047343943373809403,60.503850407299183
1092,3,tier3_voxel_grid,3,20261999,64,64,64,0.34383930254014161,0.65616069745985839,9.796820959254088,0.60268443265915983,0.39731556734084017,37.96228506078905,1.5689107445722548,15.370337665624403,0.05710331387746017,0.34021225346338002,0.27661103376319029,0.14014513555777591,0.084929288229071268,0.058978647855353762,0.015182406677502506,0.010527139046149134,0.011546794413634744,0.0017227904490807141,0.00028362736390323421,0.00045285491123345304,0.0023047143922647782,90.726930104377487
1093,3,tier3_voxel_grid,3,20262000,64,64,64,0.026467044936867155,0.97353295506313287,9.4643509291246914,0.072956501244234431,0.92704349875576553,296.43725295366505,0.99764068088636093,9.4420215050794205,0.13323730615895224,0.79380619259681329,0.033484477340608561,0.016964929244284315,0.010280908858086151,0.007139517071408771,0.0018378693917320817,0.0012743372672327734,0.0013977691729789182,0.00020854821649756122,3.4333822156656873e-05,5.481925217329397e-05,0.00027899160707534293,58.131703975969081
1094,3,tier3_voxel_grid,3,20262001,64,64,64,0.043239695347735328,0.95676030465226469,14.568094072856557,0.11568935939659182,0.88431064060340814,35.287309425311143,1.0278314516259237,14.973545278327169,0.12709561926687607,0.75721502133653207,0.053097361677151907,0.026901808104933807,0.016302752181399705,0.011321350973606153,0.0029143658064454039,0.0020207556501075194,0.002216485404979783,0.0003307012967786922,5.4444193775726682e-05,8.6928567822868225e-05,0.00044240553959024726,60.116675994317724
1095,3,tier3_voxel_grid,3,20262002,64,64,64,0.1273443199002868,0.87265568009971317,14.406038511479624,0.29697337757257103,0.70302662242742897,20.191002853997951,1.1792197758205161,16.987885503968723,0.10104096890380672,0.60198565352362221,0.13630037299628037,0.069056660503616862,0.041848994620515625,0.029061789734617396,0.0074811465940885702,0.005187258653616209,0.0056896948906136439,0.00084890677573317655,0.00013975767693004808,0.00022314472591559715,0.0011356504006435186,69.622576507326428
1096,3,tier3_voxel_grid,3,20262003,64,64,64,0.0028472307406486328,0.99715276925935137,14.691158394886099,0.0081977588389856096,0.99180224116101434,225.57684089356866,0.95512501533316752,14.031892887177577,0.14254461525490875,0.84925762590610565,0.0037624840200170652,0.0019062646411664088,0.0011552145460215809,0.00080223199002234539,0.00020651223392052998,0.00014319093457256234,0.00015706036332923892,2.3433524853724732e-05,3.8579206686276903e-06,6.1597664551617501e-06,3.1348897958363061e-05,55.2875852838865
1097,3,tier3_voxel_grid,3,20262004,64,64,64,0.15995179934381634,0.84004820065618369,7.7879423812400113,0.35532978758284045,0.64467021241715949,72.27978773048244,1.2379132388188694,9.6407969768955599,0.092653821075995832,0.55201639134116365,0.16308392011467443,0.082626559688617929,0.050072482895977564,0.03477254310668064,0.0089512206510968563,0.0062065749145351623,0.0068077418030472242,0.0010157202196523212,0.00016722059755841195,0.0002669935221396884,0.0013588100688601923,73.10568501011619
1098,3,tier3_voxel_grid,3,20262005,64,64,64,0.16286920227924559,0.83713079772075438,14.930121500565154,0.36028239478594509,0.63971760521405496,16.38654562617139,1.2431645641026421,18.560597987249565,0.091942018401050457,0.54777558681300453,0.16535699325882275,0.083778213473304358,0.050770396068849789,0.035257204830742447,0.0090759832840716283,0.0062930825159311444,0.0069026285034277483,0.001029877387027478,0.0001695513279528689,0.00027071489334790165,0.0013777492424669623,73.411848527983096
1099,3,tier3_voxel_grid,3,20262006,64,64,64,0.19872942953380629,0.80127057046619377,10.338028190769039,0.4179096961139851,0.5820903038860149,10.278909486724451,1.3077129731608512,13.519173581971275,0.083659660129336705,0.49843064375667817,0.19180590504338657,0.097178569478541255,0.058891139561025777,0.040896607688527833,0.010527690142715649,0.0072996633749355033,0.0080067064669343529,0.0011946066532144313,0.00019667112511174598,0.00031401583993513778,0.0015981207396568099,77.10257876830741
1100,3,tier3_voxel_grid,3,20262007,64,64,64,0.3330757974084565,0.6669242025915435,12.135203246875681,0.59111771881317521,0.40888228118682479,1366.1177112004682,1.5495364353352215,18.80393958123215,0.058765714612721093,0.35011656657410373,0.27130231745859934,0.13745547146150705,0.083299326144677471,0.05784673021189312,0.014891026074294938,0.010325102294633171,0.011325188446094415,0.0016897266713202864,0.00027818399025795044,0.0004441637241243471,0.0022604823357730767,89.78491017128944
1101,3,tier3_voxel_grid,3,20262008,64,64,64,0.013437146509431843,0.98656285349056816,2.3440055166963818,0.037931278153297887,0.96206872184670211,27.791070277212182,0.97418686371697727,2.2834993828457408,0.13827123000234914,0.82379749184435302,0.017409127386365682,0.0088203441645554569,0.0053452126529380155,0.0037119516876122994,0.00095553835392745356,0.00066254878619662148,0.00072672305264307705,0.00010842762842836201,1.7850715646714669e-05,2.8501425738330895e-05,0.0001450522992458706,56.569714016712169
1102,3,tier3_voxel_grid,3,20262009,64,64,64,0.029441133001199563,0.97055886699880045,5.451422402214428,0.08072143260348523,0.91927856739651481,3654.2710908657928,1.002994039402159,5.4677441756844702,0.13212130832475752,0.78715725907175726,0.037048308715687851,0.018770546411360632,0.011375130075281119,0.0078993926006930039,0.0020334781370897194,0.0014099679682647766,0.0015465370209315472,0.00023074449179284496,3.7988051290461905e-05,6.0653793619656534e-05,0.00030868533747360966,58.485796270014809
1103,3,tier3_voxel_grid,3,20262010,64,64,64,0.29785823575208442,0.70214176424791552,1.7553320646660886,0.55116441876680566,0.44883558123319434,6196.2108362265744,1.4861448243537518,2.6086776629256927,0.064507915574685951,0.3843276656585084,0.25296515288423704,0.12816493673461202,0.077669173528375088,0.05393690363200742,0.013884550352438506,0.0096272346840746773,0.010559725598902222,0.0015755190362807597,0.00025938169745375695,0.00041414295842088903,0.0021076976600032677,86.62841733910291
1104,3,tier3_voxel_grid,3,20262011,64,64,64,0.18023131576649037,0.81976868423350968,4.0002368287103511,0.38891223516534851,0.61108776483465155,59.076697740478657,1.2744163683796825,5.0979672919037036,0.087827256997694267,0.52326050783695732,0.17849708667202124,0.090435649178530378,0.054804865575232016,0.038058918600652872,0.0097972062926604472,0.0067931623159240579,0.0074511458751102292,0.0011117165932381279,0.00018302472417110644,0.00029222725225592561,0.0014872320855520607,75.215454858049668
1105,3,tier3_voxel_grid,3,20262012,64,64,64,0.11970713649907379,0.88029286350092617,5.516736256270856,0.28245585179224381,0.71754414820775625,212.71417320137107,1.1654728456983328,6.429606303563161,0.10312746865237303,0.61441667955538326,0.12963733742381336,0.065680829789903902,0.03980320902434499,0.02764110588361578,0.0071154311907960718,0.0049336798249392296,0.0054115544965761524,0.0008074080188326889,0.00013292563126179687,0.00021223630935077528,0.0010801341988090551,68.790470742153602
1106,3,tier3_voxel_grid,3,20262013,64,64,64,0.16194702589451823,0.83805297410548174,1.1952014620171616,0.35872142921570466,0.6412785707842954,446.65795035202541,1.2415046466101327,1.4838481687295302,0.092166364775157869,0.54911220600913757,0.16464056476547698,0.083415234574916106,0.050550427395947992,0.035104448871416699,0.0090366605260697262,0.0062658170006569753,0.0068727220589443515,0.0010254153229189216,0.00016881672701440166,0.00026954198944256801,0.0013717799828999119,73.315168445442538
1107,3,tier3_voxel_grid,3,20262014,64,64,64,0.23997636856708007,0.76002363143291995,5.1212823342529408,0.47753641557529591,0.52246358442470409,166.87731448163473,1.3819574634207441,7.0773943441056613,0.07508993984459994,0.44737364458010415,0.21917247968233788,0.11104385988417005,0.067293637732315933,0.046731673436554953,0.012029764951107028,0.0083411682365517516,0.0091490911609299255,0.0013650513125276339,0.00022473186194609771,0.00035881914210382791,0.0018261381747507986,81.184496269747939
1108,3,tier3_voxel_grid,3,20262015,64,64,64,0.18483614836868043,0.81516385163131955,9.9356931318312096,0.39627145870521346,0.60372854129478659,4733.550291091,1.2827050670636246,12.744563924989146,0.086769568635509359,0.51695897265927726,0.18187471237586564,0.092146925137731442,0.055841915121047692,0.038779091596878229,0.0099825947290597458,0.0069217064847754625,0.0075921407916105183,0.0011327531412889706,0.00018648802446538657,0.00029775694630856334,0.0015153743561817925,75.688538623797072
1109,3,tier3_voxel_grid,3,20262016,64,64,64,0.15373250232405164,0.84626749767594833,4.0254114605394351,0.34463031245510073,0.65536968754489933,4183.6363498571018,1.2267185041832929,4.9380467255952203,0.094191579816818777,0.56117810772808052,0.15817323598973473,0.080138558819642186,0.048564730649890454,0.03372549337119668,0.0086816869219636279,0.0060196862937463959,0.0066027512093982292,0.00098513546822790355,0.00016218535231034821,0.00025895397507881833,0.0013178944039113243,72.450018852959971
1110,3,tier3_voxel_grid,3,20262017,64,64,64,0.22115184284327175,0.77884815715672828,2.6525213072978353,0.45113834692554267,0.54886165307445733,1570.1733321867691,1.3480733171178889,3.575793197454872,0.078883944720760393,0.46997770835369695,0.20705669128152904,0.10490538888856134,0.063573665787539299,0.044148360660272001,0.011364763182315959,0.007880070978738718,0.0086433321681667914,0.0012895916887518668,0.00021230875257486161,0.00033898372843240939,0.0017251898086603687,79.342929106757694
1111,3,tier3_voxel_grid,3,20262018,64,64,64,0.1805941337262674,0.81940586627373257,1.0724017089324198,0.38949554580474649,0.61050445419525357,2737.1418229345641,1.2750694407072811,1.3673866472219931,0.087743421947503467,0.52276103224775006,0.17876480581362417,0.090571289231932847,0.054887064740725536,0.038116001330730273,0.009811900648224901,0.006803351051314065,0.0074623214881963298,0.0011133840031527461,0.00018329923409707082,0.0002926655497687062,0.0014894627129798342,75.252809434309924
1112,3,tier3_voxel_grid,3,20262019,64,64,64,0.097642467543901365,0.90235753245609862,6.0444364365785264,0.2385212074550499,0.7614787925449501,82.302935134179862,1.1257564415790224,6.8045632541932282,0.10944187964430166,0.65203691290064847,0.10947287534453121,0.055464493756215684,0.033612011989950237,0.023341665286518105,0.0060086602151204109,0.0041662697429497506,0.0045698133161056111,0.00068181959884660085,0.00011224969094854895,0.00017922397589193977,0.00091212453797178978,66.351497611996663
1113,3,tier3_voxel_grid,3,20262020,64,64,64,0.20214815066012889,0.79785184933987108,3.6551394743257148,0.42310793515494538,0.57689206484505462,731.73942347628315,1.3138666711882321,4.8023659338610312,0.082912554553905338,0.49397951029114928,0.19419171459304418,0.098387341226374173,0.059623666764101885,0.04140530692356869,0.010658640561956631,0.0073904614480462746,0.0081062992127666367,0.0012094659661259853,0.00019911745150783566,0.00031792177802130643,0.0016179992294317552,77.447482151331783
1114,3,tier3_voxel_grid,3,20262021,64,64,64,0.020237310703492779,0.97976268929650723,12.329195719209308,0.056418361874788638,0.94358163812521134,161.06234186478648,0.98642715926628699,12.161853509337703,0.13561421419123304,0.80796742393397825,0.025894050942305954,0.01311923544798356,0.0079503817544027706,0.0055210961446400704,0.001421252097523421,0.0009854642131560498,0.0010809159660021489,0.00016127347866247915,2.655086208827735e-05,4.2392553837861155e-05,0.00021574841418604146,57.387057535743303
1115,3,tier3_voxel_grid,3,20262022,64,64,64,0.017867760141063435,0.98213223985893661,10.30839571586619,0.050028754906157637,0.94997124509384234,24.82108434122356,0.98216196825391422,10.124514225835355,0.13653254652521465,0.81343869856862772,0.022961445264845132,0.011633429135003641,0.0070499689637239021,0.0048958097444683161,0.0012602895668021035,0.00087385641749383378,0.00095849787445599632,0.00014300860692791675,2.3543869900185693e-05,3.7591426183328787e-05,0.00019131403635327702,57.102782907110374
1116,3,tier3_voxel_grid,3,20262023,64,64,64,0.28068287604472975,0.71931712395527025,2.9061107355610227,0.53041673530600497,0.46958326469399503,392.58550868260158,1.4552291768805135,4.2290571336340905,0.067489831155849,0.40209343353814603,0.24344269326973897,0.12334037722459702,0.074745444470112846,0.051906537074753165,0.013361889153893639,0.0092648331736960975,0.010162221992538922,0.001516211197933072,0.00024961769750917302,0.00039855322382216198,0.0020283568274098635,85.046832230219806
1117,3,tier3_voxel_grid,3,20262024,64,64,64,0.31678335639982014,0.68321664360017986,2.8655830731262522,0.57304859611942638,0.42695140388057362,4298.7492464371107,1.5202100415196762,4.3562881625753409,0.061362659886164996,0.3655887439944086,0.26300922336712079,0.13325377068395,0.080753055416341396,0.056078487385862665,0.014435841313952324,0.010009487427662486,0.010979003222661817,0.00163807557447229,0.00026968053909851025,0.00043058665043515225,0.0021913845378688916,88.338920752850001
1118,3,tier3_voxel_grid,3,20262025,64,64,64,0.13368248941893571,0.86631751058106432,4.8873754141481589,0.30876705184096004,0.69123294815904002,48.627148253588757,1.1906284809540841,5.8190483651995599,0.099345948776546997,0.59188699938249301,0.14171325618102051,0.071799100808197222,0.04351093959029096,0.030215917705912507,0.007778244626262136,0.0053932597416823675,0.0059156491790919663,0.0008826193262623191,0.0001453078596827662,0.00023200645026836137,0.0011807503722888967,70.308437218725302
1119,3,tier3_voxel_grid,3,20262026,64,64,64,0.24238204752032752,0.75761795247967245,13.614180981280736,0.48081696002579682,0.51918303997420323,3331.701433368783,1.3862876855365893,18.873171443015924,0.074618450744135853,0.44456458923006736,0.22067813461979061,0.11180670080357168,0.067755926602057565,0.047052707240375385,0.012112406143200498,0.0083984697789611391,0.0092119429126627378,0.0013744288413650248,0.00022627570831783427,0.00036128413138416187,0.0018386832441101887,81.417284097381426
1120,3,tier3_voxel_grid,3,20262027,64,64,64,0.22933265354519103,0.77066734645480894,2.1730314012936525,0.46277176658749813,0.53722823341250181,3394.9212476400958,1.3627987763813438,2.9614045347212263,0.077211956837499374,0.46001627657500244,0.21239602321797277,0.10761056441189741,0.065213027944614824,0.045286806129269282,0.011657824192003178,0.0080832728862830425,0.008866216148380868,0.0013228461469686416,0.00021778351842760183,0.00034772503805129536,0.0017696769536291982,80.147613952270845
1121,3,tier3_voxel_grid,3,20262028,64,64,64,0.3352275716759176,0.66477242832408234,4.2050999636330193,0.59345314004030258,0.40654685995969742,971.26863468312729,1.5534096290166517,6.5322427744851037,0.058430061287427816,0.34811679867226958,0.27237419395797713,0.13799853829171563,0.083628429821140216,0.058075274336620103,0.014949858380079036,0.010365895291194941,0.011369932639436022,0.0016964025387670746,0.00027928305525840383,0.00044591855121990876,0.0022694131768940472,89.974071469162851
1122,3,tier3_voxel_grid,3,20262029,64,64,64,0.21523487045130968,0.78476512954869038,2.2535222465435956,0.44256454161599118,0.55743545838400888,621.91337707369655,1.3374227668123573,3.0139119580455347,0.080116196200339482,0.47731926218366938,0.20312161510991569,0.10291168033688781,0.06236545939809926,0.043309328794289864,0.011148777847488243,0.007730311609229162,0.0084790671533644113,0.001265083224455882,0.0002082738618977651,0.00033254140201415656,0.0016924028783489057,78.756705119284931
1123,3,tier3_voxel_grid,3,20262030,64,64,64,0.070153696777904548,0.92984630322209549,12.662550275789696,0.17925007049660169,0.82074992950339831,89.934720366731113,1.0762766542002282,13.628407244469111,0.1179604946088865,0.70278943489451184,0.082269500613151691,0.041681888675385775,0.025259621913773109,0.017541396812293674,0.0045155429936075339,0.0031309758704468199,0.00343424120566977,0.00051239138214680526,8.4356293641272867e-05,0.00013468785713474001,0.00068546687935048872,63.240351685790486
1124,3,tier3_voxel_grid,3,20262031,64,64,64,0.28495322001236706,0.715046779987633,7.7120184698328131,0.53565718352670333,0.46434281647329667,13.212515285072689,1.4629157960222607,11.282033638733846,0.066736659158064163,0.39760615731523252,0.24584787535369304,0.12455896407780785,0.075483919720620796,0.052419366896570674,0.013493902877407272,0.0093563685180553819,0.010262623421480297,0.00153119116697539,0.00025208388783028363,0.00040249087773390648,0.0020483967285283853,85.442690673509091
1125,3,tier3_voxel_grid,3,20262032,64,64,64,0.01457681333575199,0.985423186664248,2.0787061933300519,0.041061939642573986,0.95893806035742601,2755.3019915919135,0.97623826400435354,2.029312525551628,0.13782128250378348,0.82111677785364257,0.018845991297202769,0.0095483320716999494,0.0057863802649787775,0.0040183179574621039,0.0010344037988006013,0.00071723231047253748,0.00078670320583179945,0.00011737671259373961,1.9324026084747694e-05,3.0853793501627514e-05,0.00015702420394533083,56.707022752535174
1126,3,tier3_voxel_grid,3,20262033,64,64,64,0.20165076259269116,0.7983492374073089,4.2810873645448799,0.42235467480417838,0.57764532519582157,10.602945087252127,1.3129713726668442,5.6209451535331736,0.083020815255919034,0.49462450993990253,0.19384599448974044,0.098212181941932791,0.059517518567840114,0.041331592929040463,0.010639664951571402,0.0073773041869312191,0.0080918675434901079,0.0012073127501680968,0.00019876296210004024,0.00031735578090773042,0.0016151187004559604,77.397376915262015
1127,3,tier3_voxel_grid,3,20262034,64,64,64,0.23956219954110539,0.76043780045889464,2.5039147594481177,0.47696955153213533,0.52303044846786473,425.48703883700915,1.3812119591739895,3.4584370105020033,0.075171411143595587,0.44785903732426913,0.21891230895204375,0.11091204423759519,0.06721375619382014,0.04667620016900112,0.012015484906745928,0.0083312667752243313,0.0091382306471815,0.0013634309156722259,0.00022446509189938556,0.00035839320250420317,0.0018239704404475162,81.14436067793487
1128,3,tier3_voxel_grid,3,20262035,64,64,64,0.23456411564621146,0.76543588435378851,1.222108340646568,0.4700802178650173,0.5299197821349827,555.77888590837995,1.3722154081631806,1.6769958954799578,0.076161565608050555,0.45375821652693216,0.21575034623269343,0.10931003405057077,0.066242922747634533,0.046002010556174706,0.011841933608913835,0.0082109302118107477,0.0090062383221928555,0.0013437375610755701,0.00022122292495235983,0.00035321658200893849,0.001797625066989528,80.658665439578186
1129,3,tier3_voxel_grid,3,20262036,64,64,64,0.16026393206180864,0.83973606793819133,12.947184389785376,0.35586167303782179,0.64413832696217821,135.97622270570017,1.2384750777112556,16.034765193281398,0.092577376998342564,0.55156094996383564,0.16332803689880449,0.082750241594355359,0.05014743530998244,0.034824593372539209,0.0089646195392143833,0.006215865401957424,0.0068179321641507525,0.0010172406292268707,0.00016747090644531851,0.00026739317895418285,0.0013608440421913487,73.138484155155268
1130,3,tier3_voxel_grid,3,20262037,64,64,64,0.0029669882668007753,0.99703301173319925,2.0440426546527215,0.0085406376679462142,0.99145936233205378,38.375299748525201,0.95534057888024149,1.9527568929518364,0.14249533574259787,0.84896402658945591,0.0039198533864628427,0.0019859959190302772,0.0012035324605294381,0.00083578608336618346,0.00021514979868957017,0.00014918002755862656,0.0001636295579728228,2.4413653656984159e-05,4.0192817609778603e-06,6.4174043718533836e-06,3.2660094546636818e-05,55.302147018963574
1131,3,tier3_voxel_grid,3,20262038,64,64,64,0.33720379565779374,0.66279620434220621,12.946402124808001,0.59558779216777014,0.40441220783222986,130.06071562645678,1.5569668321840286,20.15711870444289,0.058123263063361762,0.34628894476886812,0.27335392447648138,0.13849491930897981,0.083929241449876971,0.058284171214152011,0.015003633050467008,0.010403181437216432,0.011410830309800167,0.0017025045020799229,0.00028028763696477497,0.00044752252113735528,0.0022775762606142389,90.147430240396929
1132,3,tier3_voxel_grid,3,20262039,64,64,64,0.055378059664466683,0.94462194033553337,14.112635372347212,0.14508192064561712,0.85491807935438291,77.734907444353937,1.04968050739604,14.813758258340723,0.12287123746905509,0.73204684188532776,0.066587517240268568,0.033736602994956219,0.020444703044631713,0.014197704543623711,0.0036548027482246415,0.0025341579588841466,0.0027796156994445145,0.00041472076210720502,6.82765315858191e-05,0.00010901403244424961,0.0005548050894463208,61.53491486041014
1133,3,tier3_voxel_grid,3,20262040,64,64,64,0.16672720655686937,0.83327279344313065,10.691285675158305,0.36676788053951909,0.63323211946048086,13.253517458193404,1.250108971802365,13.365272142617503,0.091009906097692259,0.54222221336278864,0.16833360393853994,0.085286314945383815,0.051684319938495052,0.035891873920739122,0.0092393611263985997,0.0064063650342939572,0.0070268835307870283,0.0010484163309729989,0.00017260344134461872,0.00027558806397598977,0.0014025502685879462,73.815350162698579
1134,3,tier3_voxel_grid,3,20262041,64,64,64,0.029462393031756212,0.97053760696824376,8.4337813774201145,0.080776641225776241,0.91922335877422379,438.77716546254783,1.0030323074571612,8.4593551955829334,0.13211337358585834,0.78710998518836539,0.037073647538556034,0.018783384340193127,0.011382909982544686,0.0079047953118237917,0.002034868914269791,0.0014109323018561379,0.0015475947595703927,0.00023090230719678727,3.8014032840932758e-05,6.0695277179529824e-05,0.00030889645974502755,58.488324193822258
1135,3,tier3_voxel_grid,3,20262042,64,64,64,0.016026738749366724,0.98397326125063322,1.9444165941555316,0.045025913848419266,0.95497408615158075,2096.5082643616815,0.97884812974886004,1.9032885466417904,0.13725156895142132,0.81772251720015943,0.020665316541844655,0.010470094228347337,0.006344976919575346,0.0044062321396199679,0.0011342614775309704,0.00078647137718637996,0.00086264874670780186,0.00012870784466247626,2.1189499114511748e-05,3.3832309437735916e-05,0.00017218276439207893,56.881522032347135
1136,3,tier3_voxel_grid,3,20262043,64,64,64,0.057156671572846166,0.94284332842715379,6.091277561963496,0.14928628802369248,0.85071371197630752,14.082582615458378,1.052882008831123,6.4133965557880712,0.12226697393200513,0.72844673804430238,0.068517174526484495,0.034714264942412372,0.021037175505382005,0.014609143581383424,0.0037607162444036023,0.0026075959931051553,0.0028601669184959676,0.00042673906483889525,7.0255135265796106e-05,0.00011217317894383724,0.00057088293297691479,61.741426746018291
1137,3,tier3_voxel_grid,3,20262044,64,64,64,0.2236806498219932,0.7763193501780068,10.360082879287196,0.45476145261749962,0.54523854738250033,41.104676638192736,1.3526251696795879,14.013308862490437,0.078363221752557263,0.46687532562994305,0.20871956982389264,0.10574788723566335,0.064084227817885642,0.0445029174783498,0.011456033938735137,0.0079433560668068469,0.008712747029903491,0.0012999484385596777,0.00021401381058012406,0.00034170611699532835,0.0017390448601275301,79.592389610951173
1138,3,tier3_voxel_grid,3,20262045,64,64,64,0.17716493406100675,0.82283506593899325,4.9172045500907693,0.38395836245168741,0.61604163754831265,13.327845109707173,1.268896881309812,6.2394255183725944,0.088539241555385922,0.5275023959929267,0.17622343270287683,0.089283701118533565,0.054106774068716217,0.037574133033834528,0.0096724117798247054,0.0067066326097500678,0.0073562349288898727,0.0010975558083653528,0.0001806933982188357,0.00028850493014763993,0.0014682880725297774,74.899202763141872
1139,3,tier3_voxel_grid,3,20262046,64,64,64,0.26485959535424919,0.73514040464575081,7.5073233240211232,0.51050659195454773,0.48949340804545227,5758.368222025163,1.4267472716376488,10.711053069848822,0.070351373110403639,0.41914203493504865,0.23430463521418188,0.11871057498023949,0.07193974017156772,0.049958132122108062,0.012860326682741927,0.0089170610459761712,0.009780764766224118,0.0014592974916102196,0.00024024784959590705,0.00038359281384394605,0.0019522188164582694,83.564710480801352
1140,3,tier3_voxel_grid,3,20262047,64,64,64,0.33780965976259281,0.66219034023740719,3.3999661681804234,0.5962402744319989,0.4037597255680011,699.32973072405753,1.5580573875726671,5.2973424058306415,0.058029486472167262,0.34573023909583384,0.27365339096979058,0.13864664417594863,0.084021188165737115,0.058348023073613552,0.015020069929451372,0.010414578399122975,0.011423331177842088,0.001704369641035061,0.00028059469952449682,0.000448012793959809,0.0022800714059731967,90.200507158864312
1141,3,tier3_voxel_grid,3,20262048,64,64,64,0.068243450976256712,0.93175654902374327,6.3629089450374341,0.17492804425497815,0.8250719557450219,270.98339229000038,1.0728382117572619,6.8263718541682463,0.11858166840963599,0.70649028733538588,0.080285842031873486,0.040676866941467611,0.024650569161590866,0.017118443688049843,0.0044066655172445828,0.003055482679083094,0.0033514357676030049,0.00050003674823517047,8.2322318905566453e-05,0.00013144030218900613,0.00066893909873590434,63.021166863796829
1142,3,tier3_voxel_grid,3,20262049,64,64,64,0.099232216776740323,0.90076778322325968,3.1925273097046514,0.24179004632748183,0.7582099536725182,1514.0890565024863,1.1286179901981326,3.6031437559315149,0.1089720729025306,0.64923788076998756,0.11097315783186742,0.056224612720749446,0.034072651329092027,0.023661553583453898,0.0060910065284398348,0.0042233668230547035,0.0046324408013796742,0.00069116366695893313,0.00011378802859619915,0.00018168016964308781,0.00092462484424658126,66.528960584805674
1143,3,tier3_voxel_grid,3,20262050,64,64,64,0.032415313799026624,0.96758468620097338,6.4056649440545606,0.08840415354364721,0.91159584645635283,18.066948342674735,1.0083475648382478,6.4591366475071474,0.13101712600385024,0.78057872045250265,0.040574408389435608,0.020557046790773078,0.012457766336900879,0.0086512230252844078,0.0022270158947992652,0.0015441626930778958,0.0016937298044616741,0.0002527057662864716,4.1603591645881438e-05,6.6426562453319167e-05,0.00033806468852872303,58.838988354331875
1144,3,tier3_voxel_grid,3,20262051,64,64,64,0.013686597490721944,0.98631340250927801,4.5094769978183908,0.038617645878078782,0.96138235412192119,9286.415328146526,0.97463587548329955,4.3950980617405291,0.13817258329719775,0.82320977082472346,0.017724146118566292,0.0089799485820903305,0.0054419344515613012,0.0037791195753915188,0.00097282885184517384,0.0006745376282572622,0.00073987313016412909,0.00011038962992820582,1.8173724932998922e-05,2.9017159973754465e-05,0.00014767702536781305,56.599779454704318
1145,3,tier3_voxel_grid,3,20262052,64,64,64,0.32415816136871406,0.67584183863128588,1.6574218847130555,0.58131323338768859,0.41868676661231141,716.72956999268479,1.5334846904636854,2.5416310858469382,0.060174842909418963,0.35851192370289248,0.26680240224244883,0.13517558689079318,0.081917694359424767,0.056887264093345227,0.014644038302706738,0.010153846533314359,0.011137344905752638,0.0016617002732023647,0.00027356993320758178,0.00043679666910111006,0.0022229891843917327,88.996467413088439
1146,3,tier3_voxel_grid,3,20262053,64,64,64,0.23763353794421338,0.76236646205578662,12.909267203361081,0.4743217549422109,0.52567824505778904,115.73692316940968,1.3777403682995841,17.785618551236439,0.075551959937014523,0.45012628512077452,0.21769706310820786,0.11029633924852301,0.066840633100586341,0.04641708701756176,0.011948783458277835,0.0082850174922536896,0.0090875016732505087,0.0013558621144405371,0.00022321902094374674,0.00035640365768652144,0.0018138450504790655,80.95723599788839
1147,3,tier3_voxel_grid,3,20262054,64,64,64,0.36201492234083305,0.6379850776591669,7.0369133202168683,0.6215811317653499,0.3784188682346501,3709.1233538599927,1.6016268602134995,11.270509386653496,0.054387426988026989,0.32403144124662309,0.28528395642590532,0.14453927669420247,0.087592179649522581,0.060827877239453113,0.015658439166721997,0.010857209259057067,0.011908835123252491,0.0017768071964449311,0.00029252027811094589,0.00046705382285720581,0.0023769769098217286,92.294091041063709
1148,3,tier3_voxel_grid,3,20262055,64,64,64,0.16166480903343908,0.83833519096656095,11.827796290524393,0.35824288695645456,0.64175711304354544,7322.204458928687,1.2409966562601904,14.678255647467456,0.092235142218278152,0.54952197082526733,0.16442093063879729,0.083303956821321537,0.050482992016397339,0.035057618766202787,0.0090246054226049664,0.0062574582632654073,0.0068635536968855923,0.0010240473963738805,0.00016859152179562982,0.00026918241451315099,0.0013699499982969675,73.285563249708332
1149,3,tier3_voxel_grid,3,20262056,64,64,64,0.19361872887138548,0.80638127112861446,8.9916055616749162,0.41004688628904451,0.58995311371095549,1122.9404305434362,1.2985137119684937,11.675723114447049,0.084789725332664587,0.50516338837829089,0.18819715088266611,0.095350192156898217,0.057783125473178237,0.040127153780829095,0.010329615711187033,0.0071623230226131995,0.0078560633714067109,0.0011721305895643745,0.00019297083371101959,0.00030810775296231116,0.0015680527140281642,76.584735436759743
1150,3,tier3_voxel_grid,3,20262057,64,64,64,0.16215412792845357,0.83784587207154648,12.492209123176442,0.35907235362660628,0.64092764637339372,123.02631479238201,1.2418774302712163,15.513792564301005,0.092115928929119684,0.54881171744427404,0.16480162677207957,0.083496836730988649,0.050599879080486417,0.035138790304732131,0.0090455007695382089,0.0062719466264910947,0.0068794453984033265,0.0010264184502450798,0.00016898187441194464,0.00026980567278054197,0.001373121946449283,73.336888600453477
1151,3,tier3_voxel_grid,3,20262058,64,64,64,0.081948977025550637,0.9180510229744494,11.649005819518052,0.20533759593941714,0.79466240406058286,109.25351846718043,1.0975081586459912,12.784878927035694,0.11421112187824446,0.68045128218233841,0.094242760564834688,0.047748147552223105,0.028935832626136249,0.020094319856482429,0.0051727217741095854,0.0035866488442695618,0.0039340505200062678,0.00058696330940687059,9.6633259282243362e-05,0.00015428992975934986,0.00078522770290677401,64.585179884770966
1152,3,tier3_voxel_grid,3,20262059,64,64,64,0.42435351360558121,0.57564648639441884,11.556582724251452,0.68091225850437154,0.31908774149562846,916.13423805490447,1.7138363244900463,19.806091259796275,0.045860190122990446,0.27322755137263804,0.31251486436425091,0.1583358314898001,0.095953023385839289,0.066634016308555449,0.017153067609026063,0.011893550978040216,0.013045556574248107,0.0019464068956244688,0.0003204419070140674,0.00051163501771938583,0.0026038639742534076,97.451846591982473
1153,3,tier3_voxel_grid,3,20262060,64,64,64,0.12963186783299252,0.87036813216700748,4.5579427586286165,0.30125613198612811,0.69874386801387189,128.94986256192732,1.1833373620993863,5.3935839605955866,0.10042543936094431,0.59831842865292761,0.13826600718474105,0.070052550168794359,0.042452513251979962,0.02948089972107194,0.0075890347618973852,0.0052620658806970541,0.0057717479221134592,0.00086114915001664686,0.00014177317007826599,0.00022636277215121796,0.0011520280025867277,69.870607229325259
1154,3,tier3_voxel_grid,3,20262061,64,64,64,0.10142194108242664,0.89857805891757336,8.6906039860144748,0.24626550699277303,0.75373449300722695,309.38364547087457,1.1325594939483679,9.8426260525062226,0.10832884707368429,0.64540564593354266,0.11302723743656298,0.057265313305719497,0.034703325805157927,0.024099521787484108,0.0062037492179926679,0.0043015400662413843,0.0047181858802436112,0.00070395689749814063,0.00011589421060781755,0.00018504301466194272,0.00094173937060293878,66.772957038791063
1155,3,tier3_voxel_grid,3,20262062,64,64,64,0.038648708562916752,0.9613512914370832,11.511265139306387,0.10424413318609985,0.89575586681390018,219.48128167460663,1.0195676754132501,11.736513839148195,0.12874055945653545,0.76701530735736478,0.047844403939768035,0.024240394118045704,0.014689909932614566,0.010201322099929865,0.0026260456351793059,0.0018208409332118559,0.0019972070116637346,0.00029798479485080036,4.9057993032104891e-05,7.8328666085352591e-05,0.00039863806171851559,59.576252185430036
1156,3,tier3_voxel_grid,3,20262063,64,64,64,0.25236598883314526,0.74763401116685468,10.853103282481312,0.49421551015030035,0.5057844898496997,789.08098065972035,1.4042587798996615,15.240565573582218,0.072692773332643804,0.43309171651705591,0.22682759958027485,0.11492233067838235,0.069644028009214959,0.048363888227876191,0.012449933090730196,0.0086325033669121583,0.0094686449201226135,0.0014127289747933559,0.00023258115648607563,0.00037135175367285716,0.001889920391834706,82.377255558632839
1157,3,tier3_voxel_grid,3,20262064,64,64,64,0.028808082756761118,0.97119191724323883,1.7891601615310575,0.079075578049887657,0.92092442195011237,38.831216414006107,1.00185454896217,1.7924782466517808,0.13235785518296331,0.78856656676714909,0.036292919153880561,0.018387827865761892,0.011143198987980796,0.007738329412600573,0.0019920169149133214,0.0013812196900671581,0.0015150041935756372,0.00022603977013112341,3.721350102317632e-05,5.941710443808261e-05,0.00030239145551532777,58.41050210342771
1158,3,tier3_voxel_grid,3,20262065,64,64,64,0.003826942786627506,0.99617305721337246,1.9935083987304241,0.010998243469375141,0.98900175653062483,1047.9644977641631,0.9568884970159296,1.9075652554497879,0.14214212170569185,0.84685963482493298,0.0050478083235370539,0.0025574749211826633,0.001549854184059064,0.0010762871802507011,0.00027706009321245016,0.00019210723222876346,0.00021071467814698925,3.1438789155550382e-05,5.1758476472030738e-06,8.2640405163152792e-06,4.2058179438386312e-05,55.406670044197277
1159,3,tier3_voxel_grid,3,20262066,64,64,64,0.03970679825655328,0.96029320174344668,7.5341821904818822,0.10689834854541948,0.89310165145458054,46.652122527351622,1.0214722368617959,7.6959579350358336,0.12835908813947633,0.76474256331510426,0.049062595773813215,0.024857591694711412,0.015063937548159713,0.010461063391602011,0.0026929087808176696,0.0018672023333606868,0.0020480589624074295,0.00030557194431584251,5.0307084703966678e-05,8.0323033943231089e-05,0.00040878799758429509,59.700998882946209
1160,3,tier3_voxel_grid,3,20262067,64,64,64,0.14413900046569192,0.85586099953430805,14.333206613463666,0.32773755463923049,0.67226244536076951,634.34183302459451,1.2094502008382455,17.335299617309701,0.096619454612341296,0.57564299074842817,0.15042005215198051,0.076210403875264052,0.046184231304324461,0.032072369513107185,0.0082561363267151435,0.0057246190898102376,0.0062791038891604305,0.00093684704356193334,0.00015423550640636304,0.00024626081772042928,0.0012532951211797303,71.430627148089584
1161,3,tier3_voxel_grid,3,20262068,64,64,64,0.018574387394943114,0.9814256126050569,3.7387454990740472,0.051940008856482943,0.94805999114351702,13.443134422037014,0.9834338973108977,3.6768090572079677,0.13625785571721183,0.81180213542630519,0.023838643848938058,0.012077862290132363,0.0073192996927588889,0.005082844895187298,0.0013084365458269165,0.00090724044899901616,0.00099511547272260756,0.00014847198025060278,2.4443318915798442e-05,3.9027535515372271e-05,0.00019862282723601544,57.18761663843889
1162,3,tier3_voxel_grid,3,20262069,64,64,64,0.18722496179403345,0.81277503820596653,6.8643536580839717,0.40005180434065957,0.59994819565934043,4984.0536588290888,1.28700493122926,8.834457007655681,0.086226246699168049,0.51372194896017243,0.18360975854188183,0.093025987251875109,0.056374635142803893,0.039149035902591847,0.010077826564674991,0.0069877380959973675,0.0076645682038673458,0.0011435593659100962,0.00018826708064988742,0.00030059748439848589,0.0015298307060086932,75.933089642684834
1163,3,tier3_voxel_grid,3,20262070,64,64,64,0.082681967493825836,0.91731803250617416,9.3300151708944625,0.20692547467451761,0.79307452532548239,424.61471851557155,1.0988275414888866,10.252077632287977,0.11398290746818082,0.67909161785730154,0.094971541257690459,0.04811738469942816,0.029159593857484376,0.020249709535856242,0.0052127225098254314,0.003614384454029835,0.0039644725921794115,0.00059150230555624767,9.7380525737836789e-05,0.00015548305611979142,0.00079129988060980564,64.668262887172261
1164,3,tier3_voxel_grid,3,20262071,64,64,64,0.016867685732881162,0.98313231426711889,14.310677683251072,0.04731532189605904,0.95268467810394097,44.436692618222921,0.98036183431918611,14.029642223902661,0.13692252877005381,0.81576214933388713,0.021716074604350554,0.01100246139065795,0.0066675964952860652,0.0046302734184749698,0.0011919346513288266,0.00082646065772003978,0.0009065113763403271,0.00013525218213792737,2.2266910001973884e-05,3.555256239601565e-05,0.00018093764736438594,56.982632864657376
1165,3,tier3_voxel_grid,3,20262072,64,64,64,0.12190323230627483,0.87809676769372513,8.6550473339892928,0.28666537341566106,0.71333462658433899,18.217274438625207,1.1694258181512944,10.121435809688608,0.10252246433264614,0.61081216225169288,0.13156936032801281,0.066659690279039563,0.040396407812779429,0.028053049315390845,0.0072214745291356323,0.0050072078887917542,0.0054922044655008311,0.00081944105512006104,0.00013490666056443809,0.00021539932873174212,0.0010962317525939332,69.030381469697616
1166,3,tier3_voxel_grid,3,20262073,64,64,64,0.044798914673359766,0.95520108532664028,7.6416742703559564,0.11953470549687566,0.88046529450312438,36.912371222375519,1.0306380464120475,7.8758002413168713,0.12654295528040913,0.75392233922271523,0.054862240778614124,0.027795985092570741,0.016844631960591272,0.011697656219338057,0.0030112350885217079,0.0020879226298478912,0.0022901581571916525,0.00034169332706185249,5.6253839617924643e-05,8.9817947027873775e-05,0.00045711045649254829,60.299718043555885
1167,3,tier3_voxel_grid,3,20262074,64,64,64,0.05110121927210446,0.94889878072789557,14.397341914572509,0.13486636692494006,0.86513363307505997,45.994960875359311,1.041982194689788,15.001773925845537,0.12433944566046345,0.74079418741459657,0.061898936082344515,0.031361130718917385,0.019005144198661648,0.013198011316305863,0.0033974596303032499,0.0023557220335085997,0.0025838965266202704,0.00038551931367356609,6.3469023019812888e-05,0.00010133810218508189,0.00051573997940005984,61.036974969335439
1168,3,tier3_voxel_grid,3,20262075,64,64,64,0.17850918225643633,0.82149081774356369,9.215963692606806,0.38613534896277191,0.61386465103722809,638.27360098097449,1.2713165280615855,11.716406964426513,0.088226358914311812,0.52563829212291624,0.17722259321987024,0.089789926355441127,0.054413551388407262,0.037787172750584137,0.0097272529085342865,0.0067446582139666254,0.0073979436811366147,0.0011037787857077839,0.00018171790277201865,0.00029014070996840583,0.0014766130463833831,75.037962686496002
1169,3,tier3_voxel_grid,3,20262076,64,64,64,0.12215633243540316,0.87784366756459686,4.296440592912024,0.28714869273198956,0.71285130726801049,1992.7088606889711,1.1698813983837257,5.0263259289085225,0.10245300031740993,0.6103983069506006,0.13179118695648148,0.0667720788648965,0.040464516367271254,0.028100346903008395,0.0072336499728968317,0.0050156500674361079,0.005501464350905802,0.00082082263701749477,0.00013513411389853025,0.00021576249312463616,0.0010980800050524992,69.057998178851037
1170,3,tier3_voxel_grid,3,20262077,64,64,64,0.13486183447906649,0.86513816552093348,7.1417153155112532,0.31093660864270883,0.68906339135729122,597.06844880586561,1.1927513020623195,8.5182902415344568,0.099034133954252451,0.5900292574030388,0.14270900672179992,0.072303598378741465,0.043816669927695034,0.030428230351931845,0.0078328985909062177,0.0054311555705488226,0.0059572155859891297,0.00088882106557106402,0.00014632886776456337,0.0002336366474323016,0.0011890469343284445,70.435584517727492
1171,3,tier3_voxel_grid,3,20262078,64,64,64,0.19737574413761352,0.8026242558623865,1.3549348943814907,0.41583784212935526,0.58416215787064474,1755.8574592591356,1.3052763394477043,1.7685644591282341,0.08395743282720608,0.5002047250434386,0.19085499667170983,0.096696791218149267,0.058599177342169712,0.040693856231968639,0.010475497439426027,0.0072634741292911731,0.0079670119423719109,0.0011886842001640656,0.00019569609663546659,0.00031245905631595836,0.00159019780115319,76.965678005628988
1172,3,tier3_voxel_grid,3,20262079,64,64,64,0.143495028495049,0.85650497150495097,9.814311992560695,0.32658632035694796,0.6734136796430521,5456.4891650963491,1.208291051291088,11.858545355189895,0.096784913250188426,0.57662876639286365,0.14989167596094341,0.075942701781421373,0.046022001283303735,0.031959709823136145,0.0082271352340909688,0.0057045103849764165,0.0062570474615191969,0.00093355620789621055,0.00015369372777890099,0.00024539578442860901,0.001248892707452967,71.361851098256381
1173,3,tier3_voxel_grid,3,20262080,64,64,64,0.27202762724991064,0.7279723727500893,8.2821898191243193,0.51962359999260399,0.48037640000739601,3063.8219394484827,1.4396497290498391,11.923452329041663,0.069041051002702664,0.41133534900469332,0.23848902240186332,0.12083059709817814,0.073224493786381475,0.050850321761383252,0.013089996002563416,0.0090763085826646717,0.0099554369690855894,0.0014853587162263165,0.00024453837514525517,0.00039044330083524281,0.0019870829982772563,84.23911998413972
1174,3,tier3_voxel_grid,3,20262081,64,64,64,0.20804154425655716,0.79195845574344281,5.7776432116075442,0.43195556117091061,0.56804443882908939,166.33669617717618,1.3244747796618028,7.6523427196584128,0.081640948790150727,0.48640349003893868,0.19825246487296772,0.10044472263558205,0.060870459512236297,0.042271134860834475,0.010881523797403999,0.0075450036665791805,0.0082758103418401376,0.0012347571546341895,0.0002032812040584662,0.00032456985233178499,0.0016518332724422926,78.039234035124991
1175,3,tier3_voxel_grid,3,20262082,64,64,64,0.0090000637536118682,0.99099993624638816,8.8546316305718875,0.025615992944349939,0.97438400705565009,593.87212834573472,0.96620011475650114,8.5553460975851028,0.1400412175250724,0.83434278953057772,0.011756843059549257,0.0059566111369317651,0.0036097631366478387,0.0025067789135752453,0.00064530026205123479,0.00044743667650505147,0.00049077525185855066,7.3224038313932582e-05,1.2055059262960369e-05,1.9247764804190258e-05,9.7957644849911395e-05,56.03388075514286
1176,3,tier3_voxel_grid,3,20262083,64,64,64,0.019476917430757468,0.98052308256924259,8.6641822386000147,0.054373954012372654,0.94562604598762734,30.054018897197597,0.98505845137536341,8.5347259383892595,0.13590804225501224,0.80971800373261515,0.024955739378887336,0.012643839367567949,0.0076622871974572444,0.0053210305632907353,0.0013697507978383888,0.00094975437120819084,0.0010417472800270027,0.00015542948112656196,2.5588749942453904e-05,4.0856393136025094e-05,0.00020793043189076279,57.295895525347319
1177,3,tier3_voxel_grid,3,20262084,64,64,64,0.079488323985292403,0.92051167601470762,14.962512748249543,0.19997904481240264,0.80002095518759742,2803.3107507149743,1.0930789831735264,16.355208220577534,0.11498126795880775,0.68503968722878972,0.091783373385749129,0.046502097657130786,0.028180714510427751,0.0195699324941929,0.0050377328843956666,0.0034930505866356486,0.003831386364661178,0.0005716457398758319,9.411148893587812e-05,0.00015026353374932312,0.00076473616664852573,64.30585161474518
1178,3,tier3_voxel_grid,3,20262085,64,64,64,0.079633095827707667,0.92036690417229239,9.5147521578373411,0.20029551571748705,0.79970448428251295,73.037080785308021,1.0933395724898738,10.402855056596982,0.11493578386779398,0.68476870041471893,0.091928622440590538,0.046575688172315423,0.028225311064208707,0.019600902310328825,0.0050457051991299115,0.0034985784102218409,0.0038374496114963142,0.00057255038088387285,9.4260422280920933e-05,0.0001505013288471617,0.00076594637718351987,64.322303652971158
1179,3,tier3_voxel_grid,3,20262086,64,64,64,0.34532751513697957,0.65467248486302043,9.235806348514437,0.60426125916637341,0.39573874083362659,341.50167228177133,1.5715895272465632,14.514896533002611,0.056876687924758765,0.33886205290886784,0.27733474187076673,0.14051180267680125,0.085151491998840964,0.059132955964636774,0.015222128993187275,0.010554681605726875,0.011577004736845567,0.0017272978521249557,0.00028436942910574901,0.00045403973298968148,0.0023107443053475589,90.856356257305791
1180,3,tier3_voxel_grid,3,20262087,64,64,64,0.16995937093263649,0.83004062906736353,12.985037908720972,0.37214608755730821,0.62785391244269184,54.730349640811859,1.2559268676787456,16.308257987389702,0.090236935017071848,0.53761697742561998,0.17080201248265844,0.086536935520135083,0.052442207929651687,0.036418184806845527,0.0093748451736297509,0.006500306623004712,0.0071299242721487664,0.0010637900874221986,0.00017513446188591761,0.00027962922935152458,0.0014231169705745694,74.152195318392955
1181,3,tier3_voxel_grid,3,20262088,64,64,64,0.084468316315929659,0.91553168368407034,12.599231020494322,0.21077932197315061,0.78922067802684936,509.39900898133254,1.1020429693686733,13.884893965587462,0.11342902166551139,0.67579165636133798,0.096740322111273952,0.049013538511967956,0.029702671611413243,0.020626846708143094,0.0053098059481725621,0.0036816999249079082,0.0040383082183337426,0.00060251863675465987,9.9194172301385981e-05,0.0001583788230946068,0.00080603730678748377,64.870502376939001
1182,3,tier3_voxel_grid,3,20262089,64,64,64,0.010523691088188732,0.98947630891181126,14.547519252631519,0.029867764281980937,0.9701322357180191,69.786450450907381,0.96894264395873952,14.095711767685451,0.13943014095726289,0.83070209476075618,0.01370825710194901,0.0069452961571236605,0.0042089156845650372,0.00292285689882734,0.0007524079257797407,0.00052170271962514298,0.00057223468048987649,8.5377846601010602e-05,1.4055971566420511e-05,2.2442530468191955e-05,0.00011421676498550446,56.218101074184837
1183,3,tier3_voxel_grid,3,20262090,64,64,64,0.063408370535382799,0.93659162946461716,14.282714993001052,0.16386361504826977,0.83613638495173026,4622.6775712473182,1.0641350669636891,15.198737875500461,0.12017187937995924,0.71596450557177105,0.075207656774352344,0.038104001529626952,0.023091388193467004,0.016035679577114204,0.0041279381190114763,0.0028622193750827323,0.0031394530409372744,0.00046840876528272707,7.7115323803425814e-05,0.00012312652994812527,0.00062662781964348919,62.464654228269808
1184,3,tier3_voxel_grid,3,20262091,64,64,64,0.02578259787686147,0.97421740212313856,3.9274556530962479,0.071157694484665454,0.92884230551533453,516.91015544244829,0.99640867617835072,3.9133508880508123,0.13349583573956758,0.79534646977576695,0.032658888076407371,0.016546643980054492,0.010027424000218197,0.006963485993313135,0.0017925551040583172,0.0012429173601487544,0.0013633059436053698,0.00020340627664115242,3.3487291548363562e-05,5.3467635255238564e-05,0.00027211282341506153,58.050085647999268
1185,3,tier3_voxel_grid,3,20262092,64,64,64,0.3035927790166551,0.69640722098334495,10.400541663814559,0.55790080305926848,0.44209919694073152,375.10108091437007,1.4964670022299793,15.564067405216575,0.063539743425715736,0.3785594535150158,0.25605691720066837,0.12973138086138505,0.078618453602977437,0.054596125631902991,0.014054248656097779,0.0097448996680566946,0.010688787576118242,0.0015947751807761255,0.00026255188539221151,0.000419204653307113,0.0021334581425864405,87.150259049410209
1186,3,tier3_voxel_grid,3,20262093,64,64,64,0.36042596343202099,0.63957403656797895,11.363521547452677,0.61995998431121313,0.38004001568878687,631.79743920115209,1.5987667341776377,18.167620233178134,0.05462042287221746,0.3254195928165694,0.28453990655690042,0.14416230341032868,0.087363730245600332,0.060669231886034451,0.015617600348595726,0.010828892541817981,0.011877775657713432,0.001772173100723866,0.00029175735517151217,0.00046583569850114728,0.0023707775098255361,92.158254730890192
1187,3,tier3_voxel_grid,3,20262094,64,64,64,0.10105182252940495,0.89894817747059508,1.1539632923319845,0.24551123036980427,0.75448876963019573,1966.2154668773398,1.1318932805529287,1.3061632965953083,0.108437253837205,0.64605151579299069,0.11268105089993347,0.057089917702571734,0.03459703439750713,0.024025708340643746,0.0061847480063855955,0.0042883650538153668,0.0047037347402697398,0.00070180077649750023,0.00011553924293546114,0.00018447625392509594,0.00093885495531941324,66.731751418770912
1188,3,tier3_voxel_grid,3,20262095,64,64,64,0.20759332676342349,0.79240667323657654,6.7869154122850377,0.43128764440913608,0.56871235559086397,3821.8930805651053,1.3236679881741622,8.9836226696875503,0.081736943670862039,0.48697541192000193,0.19794591448618062,0.10028940871000545,0.060776337792643353,0.042205772582742142,0.010864698103301965,0.0075333371090219679,0.0082630137651978595,0.0012328478957324969,0.00020296687791997105,0.00032406798208348575,0.0016492791043067317,77.994353640200444
1189,3,tier3_voxel_grid,3,20262096,64,64,64,0.054841824405228584,0.94515817559477144,5.6621595268978702,0.14380930594364247,0.8561906940563575,105.04767672722481,1.0487152839294114,5.9379932359043215,0.12305414124314655,0.733136552813211,0.066003431690319539,0.033440675723143111,0.020265368296674677,0.014073166575997531,0.0036227439245648061,0.0025119290921773183,0.0027552337517200063,0.00041108295708833616,6.7677630513174843e-05,0.00010805779434240529,0.00054993850710154753,61.47258805380401
1190,3,tier3_voxel_grid,3,20262097,64,64,64,0.029061336561673291,0.97093866343832669,1.8702218170000677,0.079734456592751773,0.9202655434072482,980.3607066057225,1.0023104058110119,1.8745427883539461,0.13226315930056406,0.78800238410668411,0.036595321314928417,0.018541040090438721,0.011236047056791798,0.0078028072113510314,0.0020086149244963906,0.0013927283763039194,0.001527627607531162,0.00022792319302914352,3.7523573714817651e-05,5.9912183401257185e-05,0.00030491106076511548,58.44062873174493
1191,3,tier3_voxel_grid,3,20262098,64,64,64,0.34613658509093009,0.65386341490906985,14.07183982847531,0.60511625079819964,0.39488374920180036,24.278730019645863,1.5730458531636744,22.135649288566519,0.056753806116121019,0.33812994308567934,0.27772715306694584,0.14071061802966239,0.085271975998091498,0.05921662537376729,0.015243667347186188,0.010569615815578316,0.011593385469552592,0.0017297418698190166,0.00028477179394139647,0.00045468217062130846,0.0023140138630337293,90.926635675588429
1192,3,tier3_voxel_grid,3,20262099,64,64,64,0.1503223106525054,0.84967768934749466,2.3830123557153522,0.33868021791700031,0.66131978208299969,427.08020022200213,1.2205801591745096,2.9086576004538678,0.095046744184738532,0.56627303789826111,0.15544235111535559,0.078754954464798577,0.04772625322018996,0.033143217620485277,0.0085317962824320182,0.0059157554982155625,0.0064887537097946656,0.00096812695517217652,0.00015938519764006678,0.00025448309548102728,0.0012951407574353559,72.088770518403592
1193,3,tier3_voxel_grid,3,20262100,64,64,64,0.3553182871126111,0.64468171288738896,7.5046453540216245,0.61470932174982618,0.38529067825017382,19.427456871708326,1.5895729168027,11.929181004961984,0.055375062903853314,0.32991561534632052,0.28213003644852763,0.14294134136691405,0.086623815607184879,0.060155402489696842,0.015485329312522032,0.010737178782721452,0.01177717853283964,0.0017571639337006009,0.00028928635791269664,0.00046189036957061154,0.0023506985482357021,91.720101181213337
1194,3,tier3_voxel_grid,3,20262101,64,64,64,0.1520656844465581,0.8479343155534419,14.921584144761978,0.34172951034918853,0.65827048965081147,36.658080720493118,1.2237182320038045,18.259814568324128,0.094608491276540668,0.56366199837427078,0.15684186948053438,0.079464021230267856,0.048155954439989837,0.03344162112125685,0.0086086119346628995,0.0059690177424125508,0.0065471749181643234,0.00097684344359290679,0.00016082021525035361,0.00025677432282800004,0.0013068015002285296,72.273602864187922
1195,3,tier3_voxel_grid,3,20262102,64,64,64,0.097980564217178226,0.90201943578282173,8.6738600122468252,0.23921779162848142,0.76078220837151855,213.31999899827264,1.1263650155909208,9.7699324679278607,0.10934176460233702,0.65144044376918153,0.10979258306863122,0.055626473854128999,0.033710173473531529,0.023409832955102412,0.0060262080787005052,0.0041784370365675824,0.0045831591299453954,0.0006838108043530608,0.00011257750816455929,0.00017974738673006964,0.00091478833262606356,66.389261759841176
1196,3,tier3_voxel_grid,3,20262103,64,64,64,0.0081369829499981193,0.9918630170500019,9.5513926629153332,0.023196789191403742,0.97680321080859622,490.22136456649667,0.96464656930999659,9.2137181644139492,0.14038891231126613,0.83641429849733007,0.010646513316944668,0.0053940619494529767,0.0032688529659432729,0.0022700358379231559,0.00058435736520070136,0.00040518024360555911,0.00044442587419715507,6.6308676154059164e-05,1.0916565640077986e-05,1.742998382059605e-05,8.8706412521517651e-05,55.929423163299006
1197,3,tier3_voxel_grid,3,20262104,64,64,64,0.088513545506141308,0.91148645449385868,1.3982713360027645,0.21942387106155339,0.78057612893844663,850.79788009203651,1.1093243819110543,1.551136485555211,0.11218660269051889,0.6683895262479278,0.10070786719819348,0.051023697457810845,0.030920847096550616,0.021472801554369498,0.0055275734110298421,0.003832694981878864,0.0042039286088952667,0.00062722932413777346,0.00010326235547853864,0.00016487430613339933,0.00083909476707524368,65.327222144280242
1198,3,tier3_voxel_grid,3,20262105,64,64,64,0.34319593175969204,0.65680406824030801,11.452918958562167,0.60200108479122738,0.39799891520877262,23.028257961294273,1.5677526771674455,17.955344358667627,0.057201526560268452,0.34079738864850417,0.27629740103945344,0.13998623336220739,0.084832991983654252,0.058911775490511568,0.015165192253716283,0.010515202952178905,0.011533702193367501,0.0017208370799268447,0.00028330577578197574,0.00045234144610758488,0.0023021012143215574,90.67091615344853
1199,3,tier3_voxel_grid,3,20262106,64,64,64,0.099671023507543838,0.90032897649245613,3.1664267566343156,0.24268940269111688,0.75731059730888317,1227.7879518517764,1.1294078423135789,3.5761872110543464,0.10884281486951654,0.64846778243936665,0.11138593088520309,0.05643374441997099,0.034199387132588396,0.023749564521505291,0.0061136624878786105,0.0042390759553617256,0.0046496715152868993,0.00069373450249014834,0.00011421127177422839,0.00018235594277435022,0.00092806405628313455,66.577896896326564
1200,3,tier3_voxel_grid,3,20262107,64,64,64,0.18124428893352887,0.81875571106647116,8.5106562014896525,0.39053932166899158,0.60946067833100837,680.76556799961031,1.2762397200803521,10.861637488289267,0.087593407536558976,0.52186727079444939,0.17924386235661799,0.090814003498404183,0.055034151900136455,0.038218145148956356,0.0098381947231874975,0.0068215827710341867,0.0074823191265377996,0.0011163676658997137,0.00018379044206734386,0.00029344983919238484,0.0014934541969576273,75.319713086403183
1201,3,tier3_voxel_grid,3,20262108,64,64,64,0.045543413144534639,0.95445658685546531,7.8206128823422176,0.12136340960018831,0.87863659039981168,669.87226004391016,1.0319781436601623,8.0707015646042723,0.12628012876923222,0.75235646163057945,0.055701551875853586,0.028221222531213445,0.017102329902432354,0.011876613048976152,0.0030573025292664601,0.0021198647563184501,0.0023251941879567995,0.00034692072931858785,5.7114440118078791e-05,9.1192028702298314e-05,0.00046410357003208756,60.387027646295337
1202,3,tier3_voxel_grid,3,20262109,64,64,64,0.34177190559163662,0.65822809440836338,7.4479968304477309,0.6004849779352277,0.3995150220647723,5390.16533342404,1.5651894300649458,11.657525914174007,0.057419425713451266,0.34209559635132103,0.27560156112388906,0.13963368567831141,0.084619344726181309,0.058763409401185913,0.01512699954521579,0.010488720987792487,0.011504655194263691,0.0017165032457181566,0.00028259228565735857,0.00045120224887850623,0.002296303498133972,90.54680341254614
1203,3,tier3_voxel_grid,3,20262110,64,64,64,0.034586185359619957,0.96541381464038001,7.437892734591923,0.093960511117638118,0.90603948888236185,180.03003911448093,1.012255133647316,7.5290451041087474,0.13021855062285886,0.77582093825950293,0.043124581795637988,0.021849093578805535,0.013240759008244909,0.009194967709826753,0.0023669877868253185,0.0016412160523515803,0.0018001837215015372,0.00026858877112519522,4.421845104196951e-05,7.0601589514909121e-05,0.0003593126527624175,59.09620831121876
1204,3,tier3_voxel_grid,3,20262111,64,64,64,0.040274311292532748,0.95972568870746722,11.522259772435568,0.10831787963096506,0.89168212036903494,115.02570041928993,1.0224937603265589,11.781438722177086,0.12815506912839342,0.76352705124064157,0.049714110795197233,0.025187682146084946,0.015263975508626843,0.010599978584159288,0.0027286686197387092,0.0018919974007426919,0.0020752556721950681,0.00030962971396083047,5.0975125618837441e-05,8.1389664486352189e-05,0.00041421640015425892,59.767859561293548
1205,3,tier3_voxel_grid,3,20262112,64,64,64,0.38441032026836525,0.6155896797316347,8.7495176939479933,0.64382943179416341,0.35617056820583659,73.397374167677881,1.6419385764830574,14.366170627314292,0.051189838561557462,0.30498072964427914,0.29549514645663255,0.14971278185628367,0.090727373099628764,0.063005094007754364,0.016218902853215731,0.011245822163675126,0.012335088951233574,0.0018404045895762031,0.0003029904783460153,0.00048377111533842954,0.0024620562224789214,94.185159272546684
1206,3,tier3_voxel_grid,3,20262113,64,64,64,0.092460631865630555,0.90753936813436942,14.885007882083801,0.22775000143060473,0.77224999856939525,1495.3965598875232,1.116429137358135,16.618056509363857,0.11098994775189996,0.66126005081749528,0.10452926925178339,0.052959812953766124,0.032094151545158954,0.022287595971519743,0.0057373194911718049,0.0039781281926300326,0.0043634484345665024,0.00065102980263082705,0.00010718068865610092,0.00017113053049373097,0.00087093456822749562,65.771180243747594
1207,3,tier3_voxel_grid,3,20262114,64,64,64,0.3386305816759565,0.6613694183240435,14.054743229551951,0.5971229062086576,0.4028770937913424,625.6464345285948,1.5595350470167215,21.918864643307252,0.05790263214396138,0.34497446164738105,0.27405848802381033,0.13885188682580712,0.084145567168243021,0.058434397344991056,0.015042304574737618,0.010429995401680084,0.011440241466403968,0.0017068926688626981,0.00028101007199895475,0.00044867600029667589,0.0022834466618260156,90.27237131915615
1208,3,tier3_voxel_grid,3,20262115,64,64,64,0.16105353246022142,0.83894646753977864,8.3950945266734109,0.35720502867432635,0.64279497132567365,14.462043857775054,1.2398963584283986,10.409047132284543,0.092384306137631572,0.55041066518804205,0.16394459005861586,0.083062618598933977,0.050336738752819771,0.034956054042064609,0.0089984604192516176,0.0062393299064436537,0.0068436694331402243,0.0010210806492022956,0.00016810309867946208,0.00026840257153935398,0.0013659811436355018,73.22141024133677
1209,3,tier3_voxel_grid,3,20262116,64,64,64,0.0036290461922091231,0.99637095380779084,11.801723897325976,0.010433392792297488,0.98956660720770251,2126.2800466898607,0.95653228314597627,11.288729904567646,0.14222330363803581,0.84734330356966669,0.0047885616577174155,0.0024261274523926114,0.0014702563657642547,0.0010210109405322922,0.00026283076816813547,0.00018224093853394893,0.00019989273835697212,2.9824147563876006e-05,4.9100251041657051e-06,7.8396137527110861e-06,3.9898144411104301e-05,55.382623246330795
1210,3,tier3_voxel_grid,3,20262117,64,64,64,0.0043946373506414853,0.99560536264935851,10.873673705625215,0.01261626701203988,0.98738373298796012,1357.6952020670533,0.95791034723115465,10.416004555033727,0.14190957479886843,0.84547415818909166,0.0057904244266524735,0.0029337217867635812,0.0017778633715704849,0.0012346268279556289,0.00031782021593558361,0.00022036938384668555,0.0002417142928560299,3.6063955087564751e-05,5.9373004528024284e-06,9.4798175765491591e-06,4.8245633342495361e-05,55.475630095889883
1211,3,tier3_voxel_grid,3,20262118,64,64,64,0.26721857464580351,0.73278142535419644,1.5187869548479667,0.5135251236169085,0.4864748763830915,3925.3318311862276,1.4309934343624462,2.1733741605827732,0.069917541226799204,0.41655733515629229,0.23569003546400835,0.11941248879463899,0.072365106634826273,0.050253525376533291,0.01293636743107298,0.0089697859892514959,0.0098385966308743179,0.0014679260495028103,0.00024166839098018736,0.00038586092765930129,0.0019637619275604673,83.787207719268096
1212,3,tier3_voxel_grid,3,20262119,64,64,64,0.17203008039580645,0.82796991960419353,3.1576601454435616,0.37556556541673664,0.62443443458326331,10.432560405276332,1.2596541447124519,3.9775596898013057,0.089745478015246224,0.53468895656801707,0.17237143298594487,0.087332083299267158,0.05292407506438912,0.036752814622370338,0.0094609862794444392,0.0065600349268080879,0.0071954378406187281,0.0010735647613275355,0.00017674369125810491,0.00028219861269475083,0.0014361933326134614,74.367423026790931
1213,3,tier3_voxel_grid,3,20262120,64,64,64,0.0051642429692708141,0.99483575703072924,11.812345801196205,0.014804266393626779,0.98519573360637325,448.68296394061457,0.95929563734468748,11.331531793894356,0.14159510935698641,0.84360062424938687,0.0067946394652649775,0.0034425078998872971,0.0020861926066627645,0.0014487442632857121,0.00037293877321241127,0.00025858735078707241,0.00028363404001935475,4.2318413030937899e-05,6.9669877372131036e-06,1.1123872428531283e-05,5.661272131050598e-05,55.569065839897817
1214,3,tier3_voxel_grid,3,20262121,64,64,64,0.10374735629793258,0.89625264370206748,7.6843855553502847,0.25098431860064763,0.74901568139935237,430.42391141770759,1.1367452413362786,8.7351887126376724,0.10765064616105328,0.64136503523829913,0.11519300659577091,0.058362601466190683,0.035368292891458153,0.024561304294274,0.006322622235085824,0.0043839639405556761,0.0048085933050254215,0.00071744575357027859,0.00011811491521635081,0.00018858871270226353,0.00095978449079804618,67.031513156984104
1215,3,tier3_voxel_grid,3,20262122,64,64,64,0.23434057527928615,0.7656594247207138,5.920945141178958,0.46976997982955926,0.53023002017044074,35.417779675905109,1.3718130355027149,8.1224297271657573,0.076206153893463219,0.45402386627697755,0.21560795784658218,0.10923789289480437,0.066199204519478569,0.045971650688135829,0.011834118308292296,0.0082055112582760416,0.0090002944905280512,0.0013428507369011502,0.00022107692483785339,0.0003529834702668802,0.0017964386914559949,80.636884299347059
1216,3,tier3_voxel_grid,3,20262123,64,64,64,0.41760357781510077,0.58239642218489918,8.9496940358520476,0.67486571670994133,0.32513428329005867,4564.6274849972378,1.7016864400671814,15.229572983559557,0.046729216162597724,0.27840506712746094,0.30973971357917074,0.15692979978644697,0.09510095476912972,0.066042302237457051,0.017000747337353354,0.011787935530271854,0.012929711247522669,0.0019291226853662908,0.00031759636361365434,0.00050709166800068709,0.0025807415056083036,96.909156831527412
1217,3,tier3_voxel_grid,3,20262124,64,64,64,0.11595078311141911,0.88404921688858085,1.5580382026823238,0.27518901679437646,0.72481098320562354,25.798455168391566,1.1587114096005542,1.8053166420415494,0.10417187867274093,0.62063910453288262,0.12630211482302753,0.063991037386674429,0.038779178718262718,0.02692997402233447,0.0069323701422318315,0.0048067494144249847,0.0052723296465365405,0.00078663556603490541,0.00012950580963927538,0.00020677603571571949,0.0010523452294940471,68.378919782284612
1218,3,tier3_voxel_grid,3,20262125,64,64,64,0.10771771928330509,0.89228228071669491,6.2330352179391513,0.25896129642932814,0.74103870357067181,32.335750108230144,1.1438918947099492,7.1299184652422571,0.1065041724102427,0.63453453116042913,0.11885415986923738,0.060217526827725673,0.036492395344577364,0.025341930673209827,0.0065235727074882538,0.0045232984748824643,0.0049614237383974868,0.00074024816967906062,0.00012186893485060726,0.00019458258510175402,0.00099028910417825315,67.471632800626566
1219,3,tier3_voxel_grid,3,20262126,64,64,64,0.40888088072103546,0.59111911927896454,10.824107506421637,0.66692291546739135,0.33307708453260865,234.36104104831281,1.6859855852978638,18.249289229541283,0.047870777958062237,0.28520630657454643,0.30609424616103381,0.15508282167232143,0.093981668423706144,0.065265020376363503,0.016800657817717189,0.011649197961213822,0.012777535601286997,0.0019064179639928912,0.00031385842771162347,0.00050112347576487717,0.0025503675862790214,96.202285378465859
1220,3,tier3_voxel_grid,3,20262127,64,64,64,0.41965161591006245,0.5803483840899375,4.1433483694035731,0.6767094386847472,0.3232905613152528,14.935507031700064,1.7053729086381124,7.0659540602307516,0.046464231240575291,0.2768263300746775,0.31058591735313046,0.15735852940361986,0.09536076900445295,0.066222728714735501,0.01704719309786229,0.011820139975151215,0.012965035004774956,0.0019343930166322589,0.00031846403162554801,0.00050847703404964246,0.0025877920487124644,97.074213496010373
1221,3,tier3_voxel_grid,3,20262128,64,64,64,0.28301686217974492,0.71698313782025513,6.3136584588892379,0.53328777900808888,0.46671222099191112,117.80409272424122,1.4594303519235408,9.2143447865817603,0.067077196657852195,0.3996350243340589,0.24476040171445312,0.12400799494793119,0.075150027175222206,0.052187497169798959,0.013434214488201007,0.0093149819325184444,0.010217228144322623,0.001524418157331409,0.00025096883006336918,0.00040071051571556295,0.0020393359325309611,85.263407800549658
1222,3,tier3_voxel_grid,3,20262129,64,64,64,0.010501732569489972,0.98949826743051006,13.784695270718579,0.029806658695741568,0.97019334130425838,7366.1405845365762,0.96890311862508194,13.356034237095649,0.13943892322445176,0.83075441807980666,0.013680211779285205,0.0069310869786501613,0.0042003047869461421,0.0029168771113008804,0.00075086859638896818,0.000520635383274675,0.00057106396227716693,8.5203174559301845e-05,1.4027214864893701e-05,2.2396615950854575e-05,0.00011398309224331619,56.215447746693691
1223,3,tier3_voxel_grid,3,20262130,64,64,64,0.35414895378933114,0.6458510462106688,6.9212923316860104,0.61349869808478308,0.38650130191521692,25.988328689274567,1.5874681168207958,10.987330903747806,0.055549057151285185,0.33095224476393176,0.28157440261207989,0.1426598291717204,0.08645321653308613,0.060036930959727335,0.015454832123910413,0.01071603271860588,0.011753984267623835,0.001753703331809218,0.00028871663024065432,0.00046098071131056443,0.0023460690246687324,91.619466768471426
1224,3,tier3_voxel_grid,3,20262131,64,64,64,0.01742866092680358,0.98257133907319638,12.96256828913646,0.048838603087044963,0.95116139691295509,33.606141588696268,0.98137158966824645,12.721096248093049,0.13670359850121319,0.81445779841174193,0.022415207288252036,0.011356677357480614,0.0068822547481172461,0.0047793415876185566,0.0012303080906819845,0.00085306793681158598,0.00093569582809207555,0.00013960652438552111,2.2983776417083454e-05,3.6697150394553918e-05,0.00018676279879370274,57.050041546204447
1225,3,tier3_voxel_grid,3,20262132,64,64,64,0.017604850364753455,0.98239514963524655,7.9824690625116572,0.049316384095285506,0.95068361590471451,36.212371606855783,0.98168873065655604,7.8362999214822979,0.13663493046723493,0.81404868543747955,0.022634492027396074,0.011467778093684081,0.0069495828534412891,0.0048260971968727469,0.0012423440172412447,0.00086141337736853822,0.00094484960538901246,0.00014097227487308093,2.3208623385989539e-05,3.7056153322705151e-05,0.00018858987231074097,57.071206474766001
1226,3,tier3_voxel_grid,3,20262133,64,64,64,0.40676634346186258,0.59323365653813742,2.9854038186836722,0.66497511050053659,0.33502488949946341,3503.6788023677796,1.6821794182313528,5.0219848588989588,0.048150721981244614,0.28687416751821881,0.3052002719412692,0.15462988913196105,0.093707186986191432,0.065074408346243243,0.016751590070928427,0.011615175490066876,0.012740217724316301,0.0019008501085585581,0.00031294177754080497,0.00049965990213070646,0.0025429190213299849,96.029974220133667
1227,3,tier3_voxel_grid,3,20262134,64,64,64,0.010116799742712013,0.98988320025728793,3.0050706341564624,0.028734667488918102,0.97126533251108194,2075.0373057313891,0.96821023953688146,2.9095401585218768,0.13959299282400664,0.83167233968707532,0.013188205382842932,0.0066818116616585545,0.0040492415683698159,0.0028119721420248071,0.00072386374015783849,0.00050191082382208005,0.00055052574790219065,8.213885745977852e-05,1.3522728563866684e-05,2.1591125620422187e-05,0.0001098837104958129,56.168927046428941
1228,3,tier3_voxel_grid,3,20262135,64,64,64,0.087572272164346376,0.91242772783565362,3.4156115985476614,0.21742254083635706,0.78257745916364296,102.16543158644556,1.1076300898958233,3.7832341819485631,0.11247423951478606,0.67010321964885688,0.099789326760620661,0.050558318429405391,0.030638822968621339,0.021276951546972869,0.0054771572931937738,0.0037977375805984866,0.004165585244753316,0.0006215084652428256,0.00010232051595969161,0.00016337051381296177,0.00083144151717573446,65.221104915610695
1229,3,tier3_voxel_grid,3,20262136,64,64,64,0.11301294831234125,0.88698705168765879,8.2337786648628644,0.26944627005800542,0.73055372994199463,45.839215828114234,1.1534233069622142,9.497032216421049,0.1049972424298183,0.6255564875121763,0.12366639532322397,0.062655648622289589,0.037969920396046117,0.026367989310048967,0.0067877028641792165,0.0047064403801699278,0.0051623047108635307,0.00077021976251853241,0.00012680323424469578,0.00020246095650907559,0.0010303844979117683,68.055998655412978
1230,3,tier3_voxel_grid,3,20262137,64,64,64,0.095675281079700941,0.90432471892029909,12.470303499006109,0.23445320580201748,0.76554679419798255,283.01893000520778,1.1222155059434618,13.994367950405662,0.1100265443147596,0.65552024988322299,0.10760580514722941,0.05451854159249702,0.033038755960451763,0.02294357098713393,0.0059061819493577061,0.0040952136201750384,0.0044918747196918286,0.00067019110138605298,0.00011033526189964717,0.00017616729410682491,0.00089656816808824421,66.131528283272175
1231,3,tier3_voxel_grid,3,20262138,64,64,64,0.0042657043881380403,0.995734295611862,5.428269588670223,0.012249089762806519,0.98775091023719352,320.00210068917295,0.95767826789864829,5.1985358173646068,0.14196234654866915,0.8457885636885244,0.0056219029368296172,0.0028483402793294211,0.0017261213640762686,0.0011986948932489647,0.00030857054227802585,0.00021395586833541276,0.00023467956625531931,3.5014368564634426e-05,5.7645043597860439e-06,9.203921914411568e-06,4.6841517614656582e-05,55.459970924996462
1232,3,tier3_voxel_grid,3,20262139,64,64,64,0.10447044211932953,0.89552955788067046,8.3892054927150461,0.25244455402421845,0.74755544597578161,4874.7286318940351,1.1380467958147931,9.547308430416221,0.10744077700771196,0.64011466896806968,0.11586320348184177,0.058702157094796634,0.035574066839564898,0.024704202809924566,0.0063594074693546594,0.0044094699939909998,0.0048365698667512409,0.0007216198777135512,0.00011880211186757035,0.00018968592833831942,0.00096536855007422432,67.111793365826543
1233,3,tier3_voxel_grid,3,20262140,64,64,64,0.015621848062097682,0.98437815193790235,8.0239864186833092,0.043921105540338616,0.95607889445966143,11.259312535896878,0.9781193265117758,7.848416191782154,0.13741035511732211,0.8186685393423393,0.020158248245987116,0.010213187791560567,0.0061892891696514671,0.0042981156915769033,0.0011064299157301199,0.00076717359870023274,0.00084148179148449105,0.00012554971895342417,2.0669568864021076e-05,3.3002160455658607e-05,0.00016795788737461134,56.832814645450867
1234,3,tier3_voxel_grid,3,20262141,64,64,64,0.14808691444974989,0.85191308555025014,10.701308815279369,0.33474732395081608,0.66525267604918392,247.67281499017955,1.2165564460095497,13.018746219966934,0.095611990797401777,0.56964068525178213,0.15363729061152395,0.077840419547091561,0.047172036341292516,0.032758344947964785,0.008432721555463131,0.0058470593126295038,0.0064134036333412456,0.00095688466684510905,0.00015753435118097032,0.00025152793312501831,0.0012801010503582656,71.851304368833709
1235,3,tier3_voxel_grid,3,20262142,64,64,64,0.077179763173690782,0.9228202368263092,3.0145710631591687,0.19491207082973752,0.80508792917026251,18.908619111148901,1.0889235737126433,3.2826374953060045,0.11570950774985736,0.68937842142040517,0.08945780989771919,0.045323849610246325,0.027466684961125719,0.01907407884670894,0.0049100892031249859,0.0034045453312014141,0.0037343085181023665,0.00055716165183566067,9.1726936762647631e-05,0.00014645622775501067,0.00074535964515525562,64.043202935894143
1236,3,tier3_voxel_grid,3,20262143,64,64,64,0.11393656217139279,0.88606343782860719,10.002569005619204,0.27125737563483149,0.72874262436516846,21.491404795114743,1.155085811908507,11.553825541026526,0.10473694522850072,0.62400567913666771,0.12449762931353919,0.063076793790174279,0.038225138382793969,0.026545223949366259,0.0068333269750956776,0.0047380751117165557,0.005197003572529375,0.00077539685889095079,0.00012765555275944348,0.00020382181471410545,0.0010373103132516554,68.157619679739383
1237,3,tier3_voxel_grid,3,20262144,64,64,64,0.17266112073642395,0.82733887926357608,9.4209218587517469,0.37660361796992053,0.62339638203007941,476.97023480863118,1.2607900173255633,11.877804233518393,0.089596286174708786,0.53380009585537058,0.17284786272973271,0.087573466696445973,0.053070355704320858,0.036854398357857671,0.009487136176738983,0.006578166676978507,0.0072153258263914447,0.0010765320638284122,0.00017723220579954335,0.00028297860164311909,0.0014401629301832781,74.432923683948346
1238,3,tier3_voxel_grid,3,20262145,64,64,64,0.20323140027546521,0.79676859972453484,6.0040463275132634,0.42474489569938295,0.5752551043006171,2609.3928526171239,1.3158165204958372,7.900223347564312,0.082677285967779568,0.49257781833283754,0.19494302211633391,0.098767991604866157,0.059854344522418536,0.041565499744673287,0.010699877732445705,0.0074190543738471299,0.0081376616403416365,0.0012141452640116732,0.00019988781619434981,0.00031915178427644256,0.0016242590999741033,77.556517348425828
1239,3,tier3_voxel_grid,3,20262146,64,64,64,0.12901124440151049,0.87098875559848954,6.8258498497112114,0.3000971478269952,0.69990285217300485,192.77449994492284,1.1822202399227189,8.069657847002043,0.10059201183294915,0.59931084034005566,0.13773407407182089,0.069783045958482601,0.042289191131198403,0.029367481628804589,0.0075598384397705613,0.0052418218081205581,0.0057495430150526937,0.00085783616110936712,0.00014122774430642366,0.00022549191562985508,0.0011475959526992352,69.803370235914443
1240,3,tier3_voxel_grid,3,20262147,64,64,64,0.41520145419414306,0.58479854580585688,3.0287093211101497,0.6726930281299327,0.3273069718700673,16.15466386779714,1.6973626175494576,5.1408179810759647,0.047041481092896249,0.28026549077717106,0.30874252566192195,0.1564245739683075,0.094794783106740152,0.065829683115880791,0.016946014479131494,0.011749984998374397,0.012888084839076179,0.0019229119937810603,0.00031657388169585934,0.00050545911762984628,0.0025724329673934348,96.715122361832982
1241,3,tier3_voxel_grid,3,20262148,64,64,64,0.029837792081096277,0.97016220791890373,11.019973977039866,0.081750794173465785,0.91824920582653424,741.99553321383382,1.0037080257459732,11.060836324266685,0.13197336557683703,0.78627584024969721,0.037520749602757274,0.019009908852043539,0.011520185996309445,0.0080001258372955335,0.0020594090971855074,0.0014279479123096828,0.0015662584966853164,0.00023368695087311149,3.8472475796515129e-05,6.1427252194559364e-05,0.0003126217000152984,58.532953344379202
1242,3,tier3_voxel_grid,3,20262149,64,64,64,0.11572550196554872,0.88427449803445124,9.6710223963872259,0.27475050367367987,0.72524949632632008,3806.9814527670042,1.1583059035379877,11.202002334983421,0.10423490301517511,0.62101459331114495,0.12610085266813922,0.063889067802902808,0.038717384178364699,0.026887061165250366,0.006921323424959807,0.004799089869321478,0.0052639282003103223,0.00078538206391141527,0.00012929944240342131,0.00020644653853678694,0.001050668319579505,68.354189887598906
1243,3,tier3_voxel_grid,3,20262150,64,64,64,0.028380989400230528,0.97161901059976952,1.3849354180219569,0.077963070036691146,0.92203692996330888,317.82363845449697,1.001085780920415,1.386439154474852,0.13251774797219867,0.78951918199111026,0.035782316963207828,0.018129130979182922,0.010986426208413495,0.007629459472062913,0.0019639913875012303,0.0013617874201921902,0.0014936897201700064,0.00022285963459783243,3.6689947239462446e-05,5.8581169925323202e-05,0.0002981371341979329,58.359680871177609
1244,3,tier3_voxel_grid,3,20262151,64,64,64,0.28747802409497863,0.71252197590502142,10.85998042529072,0.5387297285132634,0.4612702714867366,275.21076500773205,1.4674604433709615,15.936591689897083,0.066295064327173372,0.39497520715956325,0.24725806582645235,0.12527343787257458,0.075916897651723131,0.052720045890356039,0.013571304291800961,0.009410036916551014,0.010321490124125855,0.0015399741234786153,0.00025352984824968106,0.00040479957696645553,0.0020601463909846757,85.675918314156803
1245,3,tier3_voxel_grid,3,20262152,64,64,64,0.257939913956865,0.742060086043135,8.2895670147773792,0.50154765851740513,0.49845234148259487,171.61313601169832,1.4142918451223572,11.723867028594929,0.071638976290647416,0.42681336519194746,0.23019279872866058,0.11662731071628346,0.070677262166700366,0.049081411649974004,0.012634639468225309,0.0087605746114720103,0.0096091211050336415,0.0014336881276992258,0.00023603171502121773,0.00037686110353823445,0.001917959124797042,82.908919241038333
1246,3,tier3_voxel_grid,3,20262153,64,64,64,0.3532130515478778,0.64678694845212226,9.709905913288484,0.6125274327645146,0.3874725672354854,67.542574822381283,1.58578349278618,15.397808513799795,0.055688650142349652,0.33178391709313576,0.28112862586766918,0.14243397613388598,0.086316347438976593,0.059941883017231988,0.015430364684094507,0.010699067546580355,0.011735375854387159,0.0017509269424973207,0.00028825954622203626,0.00046025090604837499,0.0023423548269210759,91.538834249852911
1247,3,tier3_voxel_grid,3,20262154,64,64,64,0.34457722708532956,0.65542277291467044,10.350236369747282,0.60346696853291248,0.39653303146708752,134.57936879060551,1.5702390087535931,16.252344897597361,0.056990845614717928,0.33954218585236956,0.27697019030559578,0.14032710242163204,0.085039561883358789,0.05905522675009741,0.015202119776483058,0.010540807665255898,0.011561786970876762,0.0017250273499467542,0.00028399563056984265,0.00045344290586952102,0.0023077068732265706,90.791130422280446
1248,3,tier3_voxel_grid,3,20262155,64,64,64,0.37850066950219008,0.62149933049780992,7.6164920548343096,0.63806539091271064,0.36193460908728936,16.349318632488952,1.6313012051039422,12.42479266771581,0.052018262773221309,0.30991634631406806,0.29284965369048105,0.14837244146101647,0.089915114041890828,0.062441025452223374,0.016073699147883827,0.011145141182819167,0.01222465604232922,0.0018239279161455263,0.00030027788178296208,0.00047944003578789384,0.0024400140603502711,93.690374200664124
1249,3,tier3_voxel_grid,3,20262156,64,64,64,0.098906763381185467,0.90109323661881457,11.323820315659658,0.241122199833186,0.75887780016681394,135.39401227446407,1.1280321740861339,12.773633649634295,0.10906805768420168,0.64980974248261225,0.11066663969539058,0.056069315134810629,0.033978539511475357,0.023596198181731119,0.0060741826044672081,0.0042117014928653778,0.0046196455709877496,0.00068925460891881016,0.00011347373552605399,0.00018117835219351889,0.00092207094481958605,66.492652320529501
1250,3,tier3_voxel_grid,3,20262157,64,64,64,0.10668429279071559,0.89331570720928444,14.728541321193489,0.25689461880290237,0.74310538119709757,764.00908838962368,1.1420317270232883,16.820461481576466,0.10680120114731223,0.63630418004978528,0.11790562726457296,0.059736952251024343,0.036201162569513216,0.025139685774628821,0.0064715104034110613,0.0044871996451168487,0.0049218283873672525,0.00073434051339461728,0.00012089634240345436,0.00019302969097947879,0.00098238596049030459,67.357238093971418
1251,3,tier3_voxel_grid,3,20262158,64,64,64,0.10739494197772073,0.8926050580222793,10.755654419983703,0.25831651879264328,0.74168348120735672,1060.0158717577958,1.1433108955598974,12.297056887244336,0.10659684167063742,0.63508663953671929,0.11855822952996536,0.060067593555185143,0.036401534352021016,0.025278832787951275,0.0065073299181175109,0.0045120360903452023,0.0049490704828463851,0.00073840505461906093,0.00012156549814063652,0.00019409810150867711,0.00098782342194298866,67.435915338856276
1252,3,tier3_voxel_grid,3,20262159,64,64,64,0.13471679050344681,0.86528320949655324,12.346891220787425,0.31067019818544733,0.68932980181455261,6763.0765662744943,1.1924902229062042,14.723547064075452,0.09907242321652085,0.59025737859803173,0.14258673365816149,0.072241648662399557,0.043779127808990938,0.030402159447006555,0.0078261873641246715,0.0054265021569629337,0.0059521114442311149,0.00088805952376504746,0.00014620349320432137,0.00023343646757458981,0.0011880281590261005,70.419955032075094
1253,3,tier3_voxel_grid,3,20262160,64,64,64,0.14484969895441721,0.85515030104558276,5.795792599713848,0.32900551766853997,0.67099448233145997,7894.8914134913221,1.2107294581179509,7.0171368336155764,0.096437219389764267,0.57455726294169573,0.15100200274719217,0.076505249471060813,0.046362910546303378,0.032196452268437856,0.0082880779686753912,0.0057467667053642405,0.0063033967157710789,0.00094047155164329139,0.0001548322183704386,0.00024721356057219292,0.0012581439151490973,71.506478621282227
1254,3,tier3_voxel_grid,3,20262161,64,64,64,0.033746832766054669,0.96625316723394539,5.9738416911361041,0.091817277822298995,0.90818272217770102,20.506104736736255,1.0107442989788984,6.0380264323182784,0.1305265821565727,0.77765614002112837,0.042140912821804183,0.021350717140937416,0.012938738135598711,0.0089852310799291603,0.0023129969456299818,0.0016037800183580971,0.0017591216450637121,0.00026246227830195986,4.3209830980049879e-05,6.8991171738841766e-05,0.00035111675395687686,58.996813796460501
1255,3,tier3_voxel_grid,3,20262162,64,64,64,0.36501621043034305,0.63498378956965695,2.5792930554878035,0.62462747530748075,0.37537252469251925,92.752585979735159,1.6070291787746176,4.1449992007796395,0.053949597902624852,0.32142292678989443,0.28668212135389043,0.14524765773995768,0.088021465316638403,0.061125992162091865,0.01573518053256738,0.010910419994746479,0.011967199834016775,0.0017855152553802609,0.00029395390795365801,0.0004693428344188143,0.0023886263758189736,92.550057840266845
1256,3,tier3_voxel_grid,3,20262163,64,64,64,0.093650416857837121,0.90634958314216285,2.085820870356772,0.23023903162122314,0.76976096837877683,2524.1796191948383,1.1185707503441067,2.333138216038372,0.1106322173131542,0.65912875106562263,0.10567164688224082,0.053538599221618653,0.032444901541367067,0.022531172256485522,0.0058000214070315125,0.0040216042897163523,0.0044111356127031487,0.00065814476563219604,0.00010835204307208584,0.00017300077881100807,0.00088045282254474964,65.904678374038255
1257,3,tier3_voxel_grid,3,20262164,64,64,64,0.062435610764747525,0.93756438923525243,8.9990282351770148,0.16161568090468947,0.83838431909531053,8557.8440518627594,1.0623840993765454,9.5604245068926357,0.12049495881486746,0.71788936028044303,0.07417593378037389,0.037581278495472895,0.022774613051361962,0.015815696931019831,0.0040713097269332284,0.0028229545226762342,0.0030963850073118049,0.00046198298213177467,7.6057430815284997e-05,0.00012143744033192572,0.00061803153626063497,62.352391729174272
1258,3,tier3_voxel_grid,3,20262165,64,64,64,0.090125667534350709,0.9098743324656493,13.732604032396873,0.22283739168474007,0.77716260831525996,11.183843557590682,1.1122262015618312,15.27376202050546,0.11169600187948699,0.66546660643577293,0.10227455353881384,0.051817459971893083,0.031401874747461346,0.021806848395257077,0.0056135644462961725,0.0038923192301419779,0.0042693280430381583,0.00063698696911529331,0.00010486878133512168,0.0001674392132307774,0.00085214834815720288,65.508750117519071
1259,3,tier3_voxel_grid,3,20262166,64,64,64,0.17903186589675374,0.82096813410324621,4.7139362492616197,0.38697959016119654,0.61302040983880346,510.59473702674279,1.2722573586141566,5.9973400811611128,0.088105022188281729,0.5249153876505217,0.17761007034386256,0.089986241857858612,0.05453252045445648,0.037869790123206779,0.0097485204450987063,0.0067594046451048759,0.0074141184469435203,0.0011061920729847575,0.00018211520838111027,0.00029077506976310855,0.0014798414935360119,75.091865850943705
1260,3,tier3_voxel_grid,3,20262167,64,64,64,0.22064540406995201,0.77935459593004797,8.7085402356374928,0.4504098126338571,0.54959018736614285,14.000193556084803,1.3471617273259135,11.731812106328624,0.078988651723828615,0.47060153564231422,0.20672231957282911,0.10473597927461747,0.063471001946413808,0.044077066355804419,0.011346410453598422,0.0078673456097514641,0.0086293742239533337,0.0012875091529312452,0.00021196589941744357,0.00033843631039053945,0.001722403834149798,79.292892489226958
1261,3,tier3_voxel_grid,3,20262168,64,64,64,0.029710937083800282,0.97028906291619976,3.6205555703618475,0.081421754779115701,0.91857824522088427,338.9567473913396,1.0034796867508404,3.6331539696107171,0.13202065604657465,0.78655758917430962,0.037369732051800442,0.018933395725063338,0.011473818311917501,0.0079679260698578922,0.002051120165819053,0.0014222005538775081,0.0015599544509282627,0.00023274638248401854,3.8317627635549591e-05,6.1180013179170707e-05,0.00031136342655295799,58.517873868370629
1262,3,tier3_voxel_grid,3,20262169,64,64,64,0.29268531398462144,0.7073146860153785,13.964371223957784,0.54500698822063554,0.45499301177936446,97.118505694687059,1.4768335651723186,20.623052140067308,0.065392878858430079,0.38960013292093437,0.25013910804815881,0.12673311953174654,0.076801478653133609,0.053334337996996654,0.013729436648525566,0.0095196823332689001,0.010441755761322112,0.0015579178473981875,0.00025648396905794961,0.00040951628729366419,0.0020841511437335262,86.155021956048031
1263,3,tier3_voxel_grid,3,20262170,64,64,64,0.036318331244226766,0.96368166875577321,2.4961506500159252,0.098363272700286553,0.90163672729971345,67.818855862604011,1.0153729962396081,2.5345239645721152,0.12958577331120141,0.77205095398851198,0.045145295069109879,0.02287288909332778,0.013861188850454054,0.0096258215877482265,0.0024778990916966294,0.0017181194546231227,0.0018845359630598343,0.00028117418928623775,4.6290420374363431e-05,7.3909808705000413e-05,0.00037614917190141248,59.301094962649323
1264,3,tier3_voxel_grid,3,20262171,64,64,64,0.071551415167174226,0.92844858483282577,3.333115950106623,0.18239502321556542,0.81760497678443456,22.32931194888592,1.0787925473009137,3.5957406462648289,0.11750849313448493,0.70009648364994959,0.083712923697585137,0.042413199791515477,0.025702803422140898,0.017849161620677897,0.0045947684531903394,0.0031859090208187645,0.0034944951636594443,0.00052138131819531983,8.5836329628504758e-05,0.00013705096327653276,0.00069749343487708062,63.400483091870271
1265,3,tier3_voxel_grid,3,20262172,64,64,64,0.036055588421138415,0.96394441157886157,14.797904492714494,0.097697174478821938,0.90230282552117802,26.573164686183127,1.0149000591580493,15.018394145071102,0.12968150682617058,0.77262131869500739,0.044839579328595065,0.022717998041753625,0.013767323396538085,0.0095606372718575645,0.0024611192089961315,0.0017064846616605572,0.0018717742277208208,0.00027927012873331174,4.5976950053218626e-05,7.3409304901337849e-05,0.00037360195801221675,59.270036474989119
1266,3,tier3_voxel_grid,3,20262173,64,64,64,0.13548089985728248,0.86451910014271749,1.6307907068051044,0.31207237099908747,0.68792762900091253,66.675892636056616,1.1938656197431083,1.9469449578511777,0.098870898985231312,0.58905673001568126,0.14323028184105438,0.072567702710578622,0.043976719670640957,0.03053937596053612,0.0078615099255435784,0.005450994025967733,0.0059789755879423676,0.00089206767430021481,0.000146863365199214,0.00023449005517474285,0.0011933901821495124,70.502267959395155
1267,3,tier3_voxel_grid,3,20262174,64,64,64,0.2597098755709033,0.7402901244290967,10.891404788290178,0.50385421902097227,0.49614578097902773,812.16372183268174,1.4174777760276258,15.438324237122195,0.071307470909939399,0.42483831006908834,0.2312514291673364,0.11716366642240046,0.071002298837982744,0.049307131466722429,0.012692744734752452,0.0088008634953780918,0.0096533123575267381,0.0014402814959537194,0.00023711719797026885,0.00037859424479009786,0.0019267796001588256,83.077107469877447
1268,3,tier3_voxel_grid,3,20262175,64,64,64,0.39473924559269397,0.60526075440730609,1.3171453182660318,0.65372652444928947,0.34627347555071053,51.365060134714675,1.6605306420668491,2.1871601610356382,0.049767400492637941,0.29650607505807258,0.30003756514580543,0.15201420083546763,0.092122054941713757,0.063973622662000532,0.016468223521665822,0.011418695503166302,0.012524706747859266,0.0018686957080719761,0.0003076481169840237,0.00049120775510035465,0.0024999035114543558,95.042763292170306
1269,3,tier3_voxel_grid,3,20262176,64,64,64,0.12331860875320839,0.87668139124679156,12.082123869446256,0.28936334763494759,0.71063665236505247,844.1189759847291,1.171973495755775,14.15992894742922,0.10213470386882054,0.60850194849623196,0.13280763594527159,0.067287063315746368,0.040776601854117765,0.028317072845416406,0.0072894400175121856,0.0050543336285823774,0.0055438947895829309,0.00082715329052050898,0.00013617634545130139,0.00021742657683933693,0.0011065490259067905,69.18473094231959
1270,3,tier3_voxel_grid,3,20262177,64,64,64,0.030862208799748582,0.96913779120025145,11.354700942909483,0.08440247370450317,0.91559752629549684,3538.9290545909134,1.0055519758395473,11.417741968209802,0.13159225871617036,0.78400526757932654,0.038737777580487957,0.019626516760254068,0.011893856267149117,0.0082596189730254049,0.0021262083620030648,0.0014742650189352737,0.0016170618636490819,0.00024126685160148748,3.9720374090462986e-05,6.3419714640203131e-05,0.00032276193866704402,58.654666761579549
1271,3,tier3_voxel_grid,3,20262178,64,64,64,0.019833082737288957,0.98016691726271099,11.219425112764799,0.055332253714541604,0.94466774628545835,9532.7780764392173,0.98569954892712019,11.058982272873868,0.13577031271914763,0.80889743356631072,0.025395565358965075,0.012866677447312073,0.0077973291982207978,0.0054148096914901139,0.0013938916168289577,0.00096649307170540617,0.0010601072857745711,0.00015816880785343501,2.6039732253638217e-05,4.157645607948956e-05,0.0002115950480580446,57.338602794762927
1272,3,tier3_voxel_grid,3,20262179,64,64,64,0.14634773233264126,0.8536522676673588,9.4893404044459455,0.33166941457141574,0.66833058542858426,13.020520303538888,1.2134259181987541,11.514611593365359,0.09605435661396064,0.57227622881462359,0.15222463807044392,0.077124698344027798,0.046738302468869952,0.032457140995147564,0.0083551850050193558,0.005793297213838546,0.0063544341546193138,0.00094808637607365052,0.00015608586624207683,0.000249215203107017,0.0012683308740265296,71.666185772831938
1273,3,tier3_voxel_grid,3,20262180,64,64,64,0.21201506371961468,0.78798493628038535,9.1214845183052127,0.43784135873678709,0.56215864126321291,739.17027834845896,1.3316271146953063,12.146416110848676,0.080795025364414144,0.48136361589879878,0.20095383969035693,0.10181337570348348,0.061699876319510939,0.042847118515255571,0.01102979471237075,0.0076478113815554669,0.0083885759796608894,0.0012515818729813598,0.00020605110013942522,0.00032899241941630839,0.001674341042055954,78.436209322030265
1274,3,tier3_voxel_grid,3,20262181,64,64,64,0.0035655823791532382,0.99643441762084672,7.9203087818728921,0.010252160715996252,0.98974783928400378,49.952143844965583,0.95641804828247579,7.5751262669534247,0.14224935082316614,0.84749848846083764,0.0047053824858985125,0.0023839846782901021,0.0014447174428877691,0.0010032755847987716,0.00025826529586404229,0.00017907534280348084,0.00019642052402255941,2.9306090562235462e-05,4.8247360652083985e-06,7.7034366235558927e-06,3.9205098180013566e-05,55.374910811252008
1275,3,tier3_voxel_grid,3,20262182,64,64,64,0.1252046499624519,0.87479535003754805,7.8269134925639339,0.29294032084302352,0.70705967915697654,21.249284731568917,1.1753683699324133,9.1995065533568834,0.10162061119130709,0.60543906796566949,0.1344493412942277,0.068118834252520896,0.041280662971535327,0.028667115142504331,0.0073795486365118932,0.0051168129167226449,0.0056124258018649259,0.00083737816932200916,0.00013785969319811937,0.0002201143016200826,0.0011202276629955642,69.390075841562293
1276,3,tier3_voxel_grid,3,20262183,64,64,64,0.016179369553256884,0.98382063044674317,8.905934336659616,0.045441964285611959,0.95455803571438802,807.32457964834282,0.97912286519586245,8.7200039449563764,0.13719177300921126,0.81736626270517676,0.020856269112200131,0.010566840455327148,0.006403606055460382,0.0044469468003869419,0.0011447423305172371,0.00079373856473130132,0.00087061983174607045,0.00012989713657162499,2.1385295259819665e-05,3.4144928237216492e-05,0.00017377377517408188,56.899878844401336
1277,3,tier3_voxel_grid,3,20262184,64,64,64,0.010789451499173966,0.98921054850082601,2.3942047304293883,0.030606920248340021,0.96939307975166,33.041490907853593,0.96942101269851311,2.3209923743804284,0.13932390737715453,0.8300691723745055,0.014047503787091855,0.0071171756806193602,0.0043130763144259556,0.0029951906394845014,0.00077102822833152826,0.00053461361828618958,0.00058639612472280998,8.749074477826386e-05,1.4403823355667466e-05,2.2997929598141811e-05,0.0001170433576457459,56.25021002549714
1278,3,tier3_voxel_grid,3,20262185,64,64,64,0.27727494991150159,0.72272505008849841,7.1012904469373943,0.52619473512639048,0.47380526487360952,256.22931499074383,1.4490949098407027,10.290443839957387,0.068096628928865532,0.40570863594474399,0.24150494314555085,0.12235861503623857,0.074150487224285896,0.051493372492518889,0.013255531464453124,0.0091910871458659674,0.010081332947714516,0.0015041424913408603,0.00024763079571371843,0.00039538082809902867,0.0020122115546090231,84.729664212601264
1279,3,tier3_voxel_grid,3,20262186,64,64,64,0.046905020013049033,0.95309497998695092,13.412960542032527,0.12469565387659511,0.87530434612340491,46.928215602093331,1.0344290360234882,13.874755843715791,0.12580120922398119,0.74950313689942372,0.057230935221598028,0.02899608546199825,0.017571904225684661,0.012202706193408439,0.0031412461073840642,0.0021780693438812871,0.0023890364535117826,0.00035644604356649065,5.8682616777012674e-05,9.3695865045543948e-05,0.00047684634373953446,60.546557474735003
1280,3,tier3_voxel_grid,3,20262187,64,64,64,0.18963063917224432,0.81036936082775568,2.8229627752612965,0.40383339485314929,0.59616660514685071,10.683037279308772,1.2913351505100397,3.6453910602762853,0.08568274584558716,0.51048385930126361,0.18534537606283483,0.093905338843318309,0.05690753059056336,0.039519102031868175,0.010173089760366115,0.0070537914515899974,0.0077370194666477885,0.0011543691490473618,0.00019004672268193161,0.00030343895788453374,0.0015442918163468724,76.178769674952463
1281,3,tier3_voxel_grid,3,20262188,64,64,64,0.3836435275271799,0.6163564724728201,13.379657463448281,0.64308575247556754,0.35691424752443246,939.68720117865018,1.6405583495489238,21.95010876576465,0.051296722250606393,0.30561752527382607,0.29515382371133203,0.1495398504957435,0.090622575046491155,0.06293231761222802,0.016200168601523259,0.011232832255244836,0.012320840844370068,0.0018382787612690027,0.00030264049783665977,0.00048321231737790657,0.0024592123321510507,94.121129250844575
1282,3,tier3_voxel_grid,3,20262189,64,64,64,0.11085994276608918,0.88914005723391076,14.414498354921855,0.26520412364542384,0.73479587635457611,4586.9865304971399,1.1495478969789608,16.570156269907109,0.10560693567625475,0.62918894067832132,0.12171939878412039,0.061669201732622872,0.037372124176564513,0.025952853219152132,0.0066808376648623035,0.0046323424564151516,0.0050810296855862162,0.000758093467351173,0.00012480685149596045,0.00019927342297907752,0.0010141621842740434,67.818760088289167
1283,3,tier3_voxel_grid,3,20262190,64,64,64,0.14212817991842003,0.85787182008158003,12.682689145500923,0.32413545868752675,0.67586454131247331,615.80697565743355,1.205830723853156,15.293176232723944,0.097137158001421989,0.57872738331105134,0.14876681634411543,0.075372791025009586,0.045676629931643863,0.031719868706442285,0.0081653948330467976,0.0056617009806202469,0.0062100915517602521,0.00092655035068920234,0.00015254033572674136,0.00024355421580063869,0.0012395204126716952,71.215726496656572
1284,3,tier3_voxel_grid,3,20262191,64,64,64,0.099115630415403569,0.90088436958459639,7.3339103977433195,0.24155088504683345,0.75844911495316658,10.636341454527859,1.1284081347477264,8.2756441523244959,0.10900644583628601,0.64944266911688053,0.11086339118535825,0.056168999387667728,0.034038949119051858,0.023638149280658553,0.0060849817439464059,0.0042191893731001193,0.004627858724940162,0.00069048001769281048,0.00011367547768248345,0.00018150046471850456,0.00092371027201654905,66.515955264421422
1285,3,tier3_voxel_grid,3,20262192,64,64,64,0.056819542135980304,0.94318045786401972,3.2752810262678058,0.14849133046259086,0.85150866953740911,257.7062357087857,1.0522751758447644,3.4464969178569755,0.12238122747468573,0.7291274420627234,0.068152316864898699,0.034529409603322715,0.020925151407565526,0.014531349101361274,0.0037406902269225334,0.0025937104033536824,0.002844936374901031,0.00042446665622922257,6.9881022869238313e-05,0.00011157585069665049,0.00056784295047027067,61.702308764462977
1286,3,tier3_voxel_grid,3,20262193,64,64,64,0.051862314692272156,0.9481376853077278,11.138741721624291,0.1366953268420876,0.86330467315791237,112.99521926051693,1.0433521664460899,11.621630306740153,0.12407658238300073,0.73922809077491158,0.062738364589169301,0.031786427643192408,0.019262878189363026,0.013376993179864309,0.0034435335153320495,0.002387668628300661,0.0026189374585071316,0.00039074744718136354,6.4329743907685235e-05,0.00010271237607710026,0.00052273407119255376,61.125727682534588
1287,3,tier3_voxel_grid,3,20262194,64,64,64,0.19684141714403466,0.80315858285596531,14.523736617699679,0.41501790867048605,0.58498209132951395,1973.8428820035997,1.3043145508592624,18.94352100331318,0.084075275976352754,0.50090681535316117,0.19047867594831874,0.09650612811236009,0.058483633682364672,0.04061361761269304,0.010454842246515007,0.0072491522834588155,0.0079513028870697011,0.0011863403972461953,0.00019531023041275853,0.000311842961269177,0.0015870623087778229,76.911588607981514
1288,3,tier3_voxel_grid,3,20262195,64,64,64,0.19241716291130398,0.80758283708869605,4.4071403070683459,0.40818207536651935,0.59181792463348071,3442.4876287027078,1.2963508932403469,5.7132002737035874,0.085057741217729882,0.5067601834157508,0.18734126802075671,0.094916558624381364,0.057520339418404814,0.03994466354090178,0.01028263869258792,0.0071297502153323082,0.0078203355722868753,0.0011667999749465506,0.00019209324109791673,0.0003067065407540229,0.001560921525069071,76.462595488203874
1289,3,tier3_voxel_grid,3,20262196,64,64,64,0.15884738762495948,0.84115261237504058,11.534931049293517,0.35344394743982449,0.64655605256017545,17.181691434984391,1.2359252977249271,14.256313091334595,0.092924859339938243,0.55363119322023724,0.16221838557752011,0.082188036129419356,0.049806733438415698,0.03458799494900601,0.0089037138790143255,0.0061736347881132039,0.0067716111063701795,0.001010329492414609,0.00016633310845213698,0.00026557650865089143,0.0013515984624479563,72.98955031638603
1290,3,tier3_voxel_grid,3,20262197,64,64,64,0.39275059316337863,0.60724940683662143,5.653874136225947,0.65183827830376251,0.34816172169623749,1342.0755279868763,1.6569510676940815,9.3681927866275352,0.050038784554046825,0.29812293714219068,0.29917092633781589,0.15157511779683042,0.091855966434278249,0.063788839053122673,0.016420656139242939,0.011385713350898633,0.012488529954726352,0.0018632981032082262,0.00030675949559671946,0.00048978893374993968,0.0024926827042924169,94.878353288620914
1291,3,tier3_voxel_grid,3,20262198,64,64,64,0.07096045351103876,0.92903954648896125,10.686881128083073,0.18106711465849742,0.81893288534150255,249.56023076585549,1.0777288163198697,11.517559748320124,0.11769934389737428,0.70123354144412831,0.083103460205898622,0.042104414771272768,0.025515676756055504,0.017719212601046065,0.0045613167052250096,0.0031627143317521371,0.0034690538443260116,0.00051758545413213921,8.5211406894257296e-05,0.00013605317757119456,0.0006924154043237065,63.332804097402423
1292,3,tier3_voxel_grid,3,20262199,64,64,64,0.098533455984089705,0.90146654401591031,13.226648656059849,0.24035529989770782,0.75964470010229213,3564.1833752715092,1.1273602207713616,14.911197548960864,0.10917827870579745,0.65046642139649469,0.11031465950069802,0.055890984171552409,0.033870469247613215,0.023521149418591021,0.0060548633951589348,0.0041983059879912256,0.0046049525817367654,0.00068706240382332927,0.00011311282723758614,0.0001806021063451342,0.00091913825696016182,66.450991449157897
1293,3,tier3_voxel_grid,3,20262200,64,64,64,0.32948879029479311,0.67051120970520683,6.474759862828158,0.58719851045988036,0.41280148954011964,32.67162995328674,1.5430798225306275,9.9910713000613036,0.059328994290502687,0.35347249524961694,0.26950353817147726,0.13654411892577248,0.082747037819594735,0.057463196812298147,0.014792296105758919,0.010256645156784221,0.011250100571466519,0.001678523503703657,0.00027633958434069791,0.00044121884508855415,0.002245494963595121,89.468642099175895
1294,3,tier3_voxel_grid,3,20262201,64,64,64,0.050430380869221747,0.94956961913077831,11.418679727946634,0.13325030798104665,0.86674969201895335,50.588420044238369,1.0407746855645992,11.88427280341652,0.12457171020961075,0.74217798180934258,0.061157221661216579,0.030985340691021667,0.018777411859142747,0.013039863924071348,0.003356748998384737,0.0023274941977006022,0.0025529345515396796,0.00038089976360254982,6.270849476766214e-05,0.00010012380131728635,0.00050956003828177688,60.958696862987132
1295,3,tier3_voxel_grid,3,20262202,64,64,64,0.44194238767810479,0.55805761232189521,3.8929663524250229,0.69627278363881551,0.30372721636118449,323.81817207114079,1.7454962978205886,6.795158355697998,0.043652532129760314,0.26007468423142416,0.31956480709769286,0.1619076889338478,0.098117603049423976,0.068137196005400247,0.017540019265205667,0.012161854546457768,0.013339847941672891,0.0019903153899549506,0.00032767067387109284,0.00052317686096157187,0.0026626038743266505,98.848533326779531
1296,3,tier3_voxel_grid,3,20262203,64,64,64,0.0096434854199900898,0.99035651458000995,10.408663319840155,0.027414439535421144,0.97258556046457889,567.17239347128657,0.96735827375598205,10.068906581187781,0.13978273970888935,0.83280282075568957,0.012582267019031928,0.0063748126494331406,0.003863197240169901,0.0026827747456120029,0.00069060547661092949,0.00047885029249600329,0.00052523158078574158,7.836494861853218e-05,1.2901420373526432e-05,2.0599111092934125e-05,0.00010483505119650179,56.111704679929368
1297,3,tier3_voxel_grid,3,20262204,64,64,64,0.30318592288428614,0.69681407711571386,10.196475724059187,0.5574259322622731,0.4425740677377269,4435.6131678439187,1.4957346611917151,15.251222162475216,0.063607993195926249,0.37896607454180065,0.2558389681464987,0.12962095685072375,0.078551535599783548,0.054549654815676314,0.014042286041554304,0.0097366050604012922,0.010679689555381665,0.0015934177492094906,0.00026232840798836985,0.00041884783710120592,0.0021316421979544003,87.113337129577118
1298,3,tier3_voxel_grid,3,20262205,64,64,64,0.37006951739452065,0.62993048260547935,13.824703554334157,0.62971062891022833,0.37028937108977167,123.41782039134674,1.6161251313101372,22.342450847072008,0.053219032730946012,0.31707033835882564,0.2890151107205301,0.14642966811240898,0.088737774871102265,0.061623429145835344,0.015863231799563969,0.010999207860948625,0.012064587664933336,0.0018000455933207737,0.00029634607436535937,0.00047316229772136168,0.0024080647694981585,92.979248027995894
1299,3,tier3_voxel_grid,3,20262206,64,64,64,0.12672268018154384,0.87327731981845613,11.346932712140099,0.29580436861029047,0.70419563138970953,80.096838042959121,1.178100824326779,13.367830781752744,0.10120898216879264,0.60298664922091694,0.13576383885003052,0.068784825177185399,0.041684259821141705,0.028947390615957747,0.0074516977340994715,0.0051668394769704409,0.0056672979189586886,0.0008455651306433561,0.00013920753341814754,0.00022226633679326842,0.0011311800150917183,69.555078137710453
1300,3,tier3_voxel_grid,3,20262207,64,64,64,0.048243192152069368,0.9517568078479306,11.489328732678043,0.12795519737410133,0.87204480262589867,9651.3986185390731,1.0368377458737248,11.912569704792121,0.12533273843970996,0.74671206418618874,0.058726951457595919,0.029754042927896192,0.018031233676046386,0.012521684845736345,0.0032233582580892001,0.0022350040609003096,0.0024514858492626257,0.0003657635405874277,6.0216579958451693e-05,9.6145074285463951e-05,0.00048931110374299074,60.703152540532315
1301,3,tier3_voxel_grid,3,20262208,64,64,64,0.24282980788179562,0.75717019211820435,11.672383446502298,0.48142529501097381,0.51857470498902614,449.43098588578158,1.3870936541872321,16.190689007883432,0.074531019124394152,0.444043685864632,0.22095733905913817,0.11194815988952483,0.067841652156752849,0.04711223885082455,0.012127730894663478,0.0084090956166774696,0.0092235979656686163,0.0013761677840778478,0.00022656199486991026,0.00036174123210019833,0.0018410095666758297,81.460548524004452
1302,3,tier3_voxel_grid,3,20262209,64,64,64,0.2142030585060245,0.7857969414939755,9.0097462167548397,0.44105542449935314,0.5589445755006468,97.927793141570902,1.3355655053108439,12.033106258702642,0.080333090768468229,0.47861148473217857,0.20242898323976574,0.10256075801100221,0.062152797123076038,0.043161646720269849,0.011110761219635942,0.0077039517352007637,0.0084501540702521891,0.0012607693706143004,0.00020756366119169283,0.00033140745685005023,0.0016866318914943376,78.65411457539787
1303,3,tier3_voxel_grid,3,20262210,64,64,64,0.36225744404329041,0.63774255595670959,5.5936810721963486,0.62182805722174073,0.37817194277825927,514.10394898142431,1.6020633992779227,8.9614317129994578,0.054351938165036764,0.32382000461322252,0.28539728655698793,0.14459669546874401,0.087626975974299692,0.060852041343833145,0.015664659540925812,0.010861522326514262,0.01191356595306314,0.0017775130398263971,0.000292636482898197,0.00046723936175546764,0.0023779211728926189,92.31480407962664
1304,3,tier3_voxel_grid,3,20262211,64,64,64,0.084673104036033578,0.91532689596396644,5.2012559693475273,0.21121969216307648,0.78878030783692354,34.610524009673838,1.1024115872648605,5.733924848939238,0.11336573041985014,0.67541457741707345,0.096942436595858258,0.049115939929058598,0.029764727846419491,0.020669941297865677,0.0053208994474398391,0.0036893919075938965,0.0040467452440364508,0.00060377744736291928,9.9401413486560047e-05,0.00015870971566866722,0.0008077213182861191,64.893665479491972
1305,3,tier3_voxel_grid,3,20262212,64,64,64,0.038296309827748412,0.96170369017225155,13.270487494110675,0.10335793919346251,0.89664206080653752,4774.3065397321689,1.0189333576899471,13.521742380556642,0.12886792575646822,0.76777413505006931,0.047437671953450451,0.024034323128820596,0.01456502894855548,0.010114599230396506,0.0026037212530279109,0.0018053617091323593,0.0019802284748224345,0.00029545158432831828,4.8640944154751928e-05,7.7662783112233957e-05,0.00039524918366145629,59.534679223058141
1306,3,tier3_voxel_grid,3,20262213,64,64,64,0.012639551302432914,0.98736044869756712,9.6271690293104353,0.0357324322552822,0.96426756774471778,5722.2170284726753,0.97275119234437912,9.3648401521626052,0.13858725433616248,0.8256803134085553,0.01639993417682406,0.0083090358583355374,0.0050353549447839747,0.0034967728130973872,0.00090014655875939726,0.00062414136225282673,0.00068459549773075361,0.0001021421654118582,1.6815923918426694e-05,2.6849220852984084e-05,0.00013664373331499132,56.473540564790284
1307,3,tier3_voxel_grid,3,20262214,64,64,64,0.25435091168908497,0.74564908831091503,2.7559094740841372,0.49683853292862218,0.50316146707137777,415.10131880177863,1.4078316410403529,3.8798565574585266,0.072315785101297325,0.43084568197008044,0.22803147511277319,0.11553227489283154,0.070013660018106577,0.048620577016197195,0.012516010454582326,0.0086783199236577444,0.0095188992541028836,0.0014202269593858493,0.00023381556871867812,0.00037332268353776045,0.0018999510447283996,82.566935767183722
1308,3,tier3_voxel_grid,3,20262215,64,64,64,0.29096218638111249,0.70903781361888751,6.2060647022250865,0.54293863984442314,0.45706136015557686,5283.5615351623974,1.4737319354860026,9.1460757453615393,0.06569014772037092,0.39137121243520595,0.24918980862789306,0.12625215644749027,0.076510010438787315,0.05313192959898215,0.013677332256082817,0.0094835543203779845,0.010402128400498267,0.0015520054152283567,0.00025551059034466462,0.00040796213777601894,0.0020762416109622191,85.996768643988474
1309,3,tier3_voxel_grid,3,20262216,64,64,64,0.22807652501047318,0.77192347498952685,7.114932620086015,0.46100186935284959,0.53899813064715041,100.50325457646686,1.3605377450188516,9.6801343828928967,0.077466331459660309,0.4615317991874901,0.21158370241258767,0.10719900161977626,0.064963616968933768,0.045113604134849203,0.01161323817295626,0.0080523579442721271,0.008832306794838124,0.0013177868458045924,0.00021695059283696045,0.00034639514364610444,0.0017629087223484823,80.024496166579596
1310,3,tier3_voxel_grid,3,20262217,64,64,64,0.10550424859812882,0.89449575140187121,10.61770667039306,0.25452648228750657,0.74547351771249337,9225.2823566807856,1.1399076474766319,12.103205032244695,0.10714155640610157,0.6383319613063918,0.11681873559437372,0.059186277976088893,0.035867448709020026,0.024907940134545361,0.006411853956859179,0.0044458352078974566,0.0048764574038061741,0.00072757112837360004,0.00011978188136741736,0.00019125028173418515,0.00097333001344053721,67.226474278436143
1311,3,tier3_voxel_grid,3,20262218,64,64,64,0.0092689269323468458,0.99073107306765318,10.482330434202861,0.026368024357823587,0.97363197564217641,311.51065119274313,0.9666840684782243,10.133101831268334,0.13993313344939243,0.83369884219278401,0.012101999123702953,0.0061314846506210991,0.0037157381531094632,0.0025803726444033814,0.00066424491390367618,0.00046057247167032397,0.0005051833760001713,7.5373741319906474e-05,1.2408970324566604e-05,1.9812838498711879e-05,0.00010083347426933186,56.066405675123306
1312,3,tier3_voxel_grid,3,20262219,64,64,64,0.3714577782188484,0.6285422217811516,4.5714682436498073,0.63109708592037927,0.36890291407962073,2275.1215585600889,1.6186240007939272,7.3994882180388384,0.053019767219256816,0.31588314686036389,0.28965144590037534,0.14675206768854426,0.088933152087853629,0.061759107712158166,0.015898158459401707,0.011023425220708474,0.012091150710520759,0.0018040088197884131,0.00029699855039700204,0.00047420407652339687,0.0024133666941081118,93.096765907383343
1313,3,tier3_voxel_grid,3,20262220,64,64,64,0.2310860924279981,0.76891390757200195,8.932463296681771,0.46523258073844448,0.53476741926155547,260.39262793415872,1.3659549663703967,12.201342602023752,0.07685828168755228,0.4579091375740032,0.2135254506750402,0.10818278946713109,0.065559801783424257,0.045527621194967546,0.011719815309033654,0.0081262561314606966,0.0089133627371284323,0.0013298804536247928,0.00021894159418477574,0.00034957408493802499,0.0017790873075109986,80.319209855792508
1314,3,tier3_voxel_grid,3,20262221,64,64,64,0.1048035504260617,0.89519644957393829,6.8875517386319922,0.25311612631341335,0.7468838736865866,9029.0980889568964,1.1386463907669111,7.842485928413681,0.1073442567442902,0.63953961694229644,0.11617143162760835,0.058858321057902167,0.035668703690004251,0.024769922817622591,0.0063763252509587264,0.0044212004029493043,0.0048494364794211802,0.00072353958604347681,0.00011911815832195508,0.0001901905453367515,0.00096793669724458441,67.14875776595683
1315,3,tier3_voxel_grid,3,20262222,64,64,64,0.20621957166740029,0.79378042833259976,12.611770618716102,0.42923544502504712,0.57076455497495293,890.87698014553462,1.3211952290013205,16.662611170706747,0.082031891554110295,0.48873266342084265,0.19700402688736479,0.099812200829248091,0.06048714526741783,0.04200494452373766,0.010813000525026902,0.0074974911719178586,0.0082236958019325564,0.0012269816259121227,0.0002020010990314326,0.00032252596686033739,0.0016414313265975277,77.856670485413687
1316,3,tier3_voxel_grid,3,20262223,64,64,64,0.12445911440871892,0.87554088559128107,13.367826370513976,0.29152884713116417,0.70847115286883589,14.426107188178603,1.174026405935694,15.694181148946916,0.10182347217391981,0.60664768069491604,0.13380152432499831,0.067790617421347774,0.041081760442771897,0.028528988443857844,0.0073439917733397336,0.0050921585881560883,0.0055853834628100084,0.00083334343190695633,0.00013719544413771635,0.0002190537253585187,0.0011148300724792926,69.308950057995744
1317,3,tier3_voxel_grid,3,20262224,64,64,64,0.019917533467284396,0.98008246653271558,12.041715753749218,0.055559294364393032,0.944440705635607,31.518835690276642,0.98585156024111198,11.871344263813643,0.1357376817966339,0.80870302383897308,0.025499769060700946,0.012919472311301116,0.0078293233891207851,0.005437027870375798,0.0013996110668289517,0.00097045880959508173,0.0010644571437853473,0.00015881780995456995,2.6146579116650945e-05,4.174705360576248e-05,0.00021246327000801766,57.348727265620759
1318,3,tier3_voxel_grid,3,20262225,64,64,64,0.048669231108986848,0.9513307688910132,7.5326899031171628,0.12898977460814134,0.87101022539185868,1652.044890640208,1.0376046159961763,7.8159538143421576,0.12518404608184125,0.74582617931001749,0.059201786151687835,0.029994618192251039,0.018177024579782427,0.012622928486784762,0.003249420607563165,0.0022530751073825718,0.0024713072516070974,0.00036872090879051263,6.0703458991232383e-05,9.6922451891549074e-05,0.0004932674114091455,60.752968939480986
1319,3,tier3_voxel_grid,3,20262226,64,64,64,0.17064700551571632,0.82935299448428368,9.5311621152013757,0.37328386550349069,0.62671613449650931,27.365794754374051,1.2571646099282894,11.982239702720427,0.090073410361799583,0.5366427241347097,0.17132421268699735,0.086801508546849662,0.05260254170616166,0.036529527660898363,0.0094035072836023258,0.0065201802848981472,0.0071517228906645474,0.001067042457771652,0.00017566990787074111,0.00028048415160088225,0.0014274679261753276,74.22371717829165
1320,3,tier3_voxel_grid,3,20262227,64,64,64,0.06436748851215994,0.9356325114878401,11.049054990371573,0.16607279355011104,0.83392720644988894,14.880256017093592,1.0658614793218879,11.776762097146333,0.11985437001518329,0.71407283643470565,0.076221592286948067,0.038617712526351773,0.023402701954973189,0.016251869599369851,0.0041835902059422139,0.0029008072794758076,0.0031817785575782675,0.00047472376433869073,7.81549781248496e-05,0.00012478649871475834,0.0006350758982935561,62.575244415980237
1321,3,tier3_voxel_grid,3,20262228,64,64,64,0.09821760923620558,0.90178239076379441,5.2347774152659712,0.23970572929187484,0.76029427070812516,5913.1552593699789,1.1267916966251701,5.8985037252026666,0.10927163682523564,0.6510226338828895,0.11001652935655465,0.055739936366638737,0.033778932837813296,0.023457582493775032,0.0060384998646459678,0.0041869598842637339,0.0045925074979810757,0.00068520558792583707,0.00011280713492396763,0.00018011402133230841,0.0009166542460202243,66.415731539734125
1322,3,tier3_voxel_grid,3,20262229,64,64,64,0.02179654511368324,0.97820345488631677,9.8900189694513987,0.060592854996962361,0.93940714500303768,46.466056819805068,0.98923378120462968,9.783540861335922,0.13501424426649489,0.80439290073654279,0.027809996991994004,0.014089950589754773,0.0085386443846802509,0.0059296116902316041,0.0015264130222442387,0.0010583804312677739,0.0011608948260005657,0.00017320638499109049,2.8515406741687888e-05,4.5529252929200977e-05,0.00023171201612716733,57.573806651745883
1323,3,tier3_voxel_grid,3,20262230,64,64,64,0.024997243480129706,0.97500275651987034,4.8999954725937025,0.069088203384689933,0.93091179661531009,49.398076109938252,0.9949950382642333,4.8754711827479413,0.13379326883699044,0.7971185277783196,0.031709064185980636,0.016065415172696693,0.0097357947551390926,0.0067609657684473429,0.0017404219249140178,0.0012067693872069493,0.0013236566894064012,0.00019749057796321481,3.251337506155891e-05,5.1912627099074946e-05,0.00026419892077494668,57.956375201138655
1324,3,tier3_voxel_grid,3,20262231,64,64,64,0.11742002625993561,0.88257997374006436,2.544462386564061,0.27804140941485112,0.72195859058514888,13.422928486353722,1.1613560472678841,2.955026779681845,0.1037619247607942,0.61819666582435473,0.12761126307490248,0.064654318083500542,0.039181133143960933,0.027209108924103744,0.0070042256314749802,0.0048565723932556459,0.005326978463381319,0.00079478921079042066,0.00013084816486851655,0.00020891931325359896,0.0010632530113589152,68.540071025126636
1325,3,tier3_voxel_grid,3,20262232,64,64,64,0.18831882029265909,0.81168117970734088,10.77011178622414,0.40177443874988444,0.5982255612501155,414.68774892003319,1.2889738765267864,13.882392739716162,0.085978664823571166,0.51224689642654431,0.18440038736670367,0.093426559789865055,0.05661738591970527,0.039317612760893822,0.010121221971525166,0.0070178274943108084,0.0076975720518104732,0.0011484835649546545,0.00018907776403572125,0.00030189186568694106,0.0015364182003928337,76.044874315840417
1326,3,tier3_voxel_grid,3,20262233,64,64,64,0.046359491494554352,0.95364050850544568,1.1167274811942101,0.12336248609017311,0.87663751390982692,2207.1168196080807,1.0334470846901977,1.154078759833584,0.12599281585814578,0.7506446980516811,0.05661905792794554,0.028686077487634271,0.017384036437742677,0.012072242506034668,0.0031076618725739851,0.002154782791418685,0.002363494372922817,0.00035263514584786846,5.8055219013915936e-05,9.2694127574218121e-05,0.00047174820146445734,60.482665052929313
1327,3,tier3_voxel_grid,3,20262234,64,64,64,0.3100090954860899,0.6899909045139101,4.3465504928435603,0.56532875138933503,0.43467124861066497,6816.0308692509161,1.5080163718749617,6.5546693043892725,0.062472177742860235,0.37219907086780474,0.25946608517478337,0.13145863772952793,0.079665187731966694,0.055323024030313285,0.014241368359570065,0.0098746442585270506,0.010831099186696849,0.0016160081805780976,0.00026604752803685512,0.0004247859869194934,0.0021618632224153149,87.730486572048335
1328,3,tier3_voxel_grid,3,20262235,64,64,64,0.39675598533117978,0.60324401466882027,4.7205272681591834,0.65563314372745762,0.34436685627254238,1728.0636618383628,1.6641607735961235,7.8557163103613821,0.049493375792788577,0.29487348047975381,0.30091263657779838,0.15245755626779064,0.09239073256045395,0.064160204264092288,0.016516253747256016,0.011451998580467944,0.012561235550723717,0.001874145833053583,0.00030854538489162158,0.00049264038195643797,0.0025071945789730166,95.209152940765733
1329,3,tier3_voxel_grid,3,20262236,64,64,64,0.066227975641835884,0.93377202435816409,11.55164363935809,0.17033779364983484,0.82966220635016519,169.04700075125001,1.0692103561553046,12.351137009817222,0.11924139217237706,0.71042081417778813,0.078179077867551905,0.039609473694783598,0.024003718678050408,0.016669242150166953,0.0042910311194363504,0.0029753043904821976,0.0032634914352584741,0.00048691538741531975,8.0162115973083698e-05,0.00012799120442293346,0.0006513856062936019,62.789488600702519
1330,3,tier3_voxel_grid,3,20262237,64,64,64,0.38873719549357855,0.61126280450642145,6.2455235309761736,0.64800255968639309,0.35199744031360691,8827.5185578846704,1.6497269518884412,10.303408497704858,0.05059006485151718,0.30140737546208973,0.29741046591362025,0.15068317953451144,0.091315443343972361,0.063413475952058471,0.016324029386014183,0.011318714535202017,0.012415041654874472,0.0018523335933565139,0.00030495438051299483,0.00048690678860090832,0.0024780146036694679,94.545524941483862
1331,3,tier3_voxel_grid,3,20262238,64,64,64,0.087321851682489293,0.91267814831751071,3.8436466479190061,0.21688906662482688,0.78311093337517312,121.89102997926761,1.1071793330284807,4.2556061320401204,0.11255091193301127,0.67056002144216187,0.099544480792912018,0.050434267082398461,0.030563646669685064,0.021224745805532148,0.0054637183822272579,0.0037884193422336189,0.0041553644447596336,0.00061998351416287152,0.00010206945939322436,0.00016296966321252082,0.00082940146831004375,65.19285712265058
1332,3,tier3_voxel_grid,3,20262239,64,64,64,0.44551135853984636,0.55448864146015364,13.067111152970641,0.6993218437636437,0.3006781562363563,77.147290023615568,1.7519204453717234,22.892539190834139,0.043214312609431406,0.25746384362692487,0.32096421884193449,0.16261670167975942,0.098547271532856903,0.068435576772593126,0.017616829065311253,0.012215112732922803,0.013398264699279957,0.0019990312143185404,0.00032910558215596731,0.0005254679137536313,0.0026742637287575448,99.128893192746077
1333,3,tier3_voxel_grid,3,20262240,64,64,64,0.068745139595537158,0.93125486040446281,5.6743166985980782,0.17606582001369259,0.82393417998630736,8695.3239948916125,1.0737412512719668,6.0927479120661161,0.11841814406875281,0.70551603591755452,0.080808041232241237,0.040941439459519627,0.02481090262984648,0.01722978632803724,0.0044353275721119856,0.0030753563027678434,0.0033732343442092181,0.00050328911233168483,8.2857763860952718e-05,0.00013229522279470824,0.00067329004597160662,63.078768916498099
1334,3,tier3_voxel_grid,3,20262241,64,64,64,0.083404765565964573,0.91659523443403546,9.9240492333463663,0.20848754399187719,0.79151245600812281,2415.0337980559652,1.1001285780187362,10.917730171269268,0.11375840246042458,0.67775405354769824,0.095688476332283556,0.048480620257489782,0.029379718068595111,0.020402573507782171,0.0052520730726564021,0.0036416692485466153,0.0039944001832867768,0.00059596752475707447,9.8115646107151821e-05,0.0001566567893767336,0.00079727336099580035,64.750134591611811
1335,3,tier3_voxel_grid,3,20262242,64,64,64,0.44603680670489299,0.55396319329510701,7.0742813673066074,0.69976885971235325,0.30023114028764675,1293.2874612001176,1.7528662520688072,12.40026906639093,0.043150066216574877,0.25708107407107189,0.32116938349690266,0.16272064846738751,0.098610264277141743,0.068479321715710945,0.01762808997990746,0.012222920797629483,0.013406829050671266,0.0020003090220157222,0.00032931595088010339,0.00052580379992689711,0.0026759731541794317,99.170083744736417
1336,3,tier3_voxel_grid,3,20262243,64,64,64,0.0031441646034238223,0.99685583539657618,4.4984919328391992,0.0090476290907137245,0.99095237090928623,14.841316539027234,0.95565949628616287,4.2990265345844767,0.14242246950546239,0.84852990140382378,0.0041525446822078286,0.0021038890946626487,0.0012749768489034778,0.00088540022132750076,0.00022792157367718639,0.00015803568885243159,0.00017334297582624749,2.5862902938330161e-05,4.2578753482166086e-06,6.7983559002353131e-06,3.4598871069620104e-05,55.323687895569329
1337,3,tier3_voxel_grid,3,20262244,64,64,64,0.16928783169509176,0.83071216830490824,9.2770579058854015,0.37103277481660363,0.62896722518339643,3118.2719888139468,1.2547180970511651,11.640092441905997,0.090396943464014196,0.53857028171938226,0.17029104095026085,0.086278051506363848,0.052285321749221889,0.036309236115741654,0.0093467993740824762,0.0064808602968875169,0.007108594381017721,0.001060607651552629,0.00017461052939200418,0.00027879269016941498,0.0014188595719135944,74.082299808447885
1338,3,tier3_voxel_grid,3,20262245,64,64,64,0.21081976572950126,0.78918023427049877,5.6893919509481714,0.4360774768738111,0.56392252312618885,41.257108027806389,1.3294755783131023,7.5639076542367292,0.081048535440393296,0.48287398768579554,0.20014427972976331,0.10140321169492598,0.061451313020004845,0.042674505184601086,0.010985360228379495,0.0076170015105412108,0.0083547818742584004,0.0012465397669268962,0.00020522100542331442,0.0003276670449397189,0.0016675958140467968,78.316962150288973
1339,3,tier3_voxel_grid,3,20262246,64,64,64,0.17519868195608046,0.82480131804391954,6.6797741303789469,0.38075905570122809,0.61924094429877186,2822.0029259375679,1.2653576275209448,8.4523031459920865,0.088999054944487344,0.53024188935428451,0.1747550630228015,0.088539750795715785,0.053655933080598912,0.037261049144502831,0.009591817071318235,0.0066507500529951703,0.0072949396053144594,0.0010884104997847877,0.0001791877828573323,0.00028610098258241849,0.0014560536627566227,74.695897304164191
1340,3,tier3_voxel_grid,3,20262247,64,64,64,0.22971530055114314,0.7702846994488568,6.196597493281816,0.46330975349874753,0.53669024650125241,28.142990432762595,1.3634875409920577,8.448983478632373,0.077134635841343474,0.45955561065990896,0.21264294035670683,0.10773566511886722,0.065288840165692724,0.045339453483124716,0.011671376783759568,0.0080926699483487453,0.0088765234069141854,0.0013243839977280208,0.00021803669870103094,0.00034812927947804615,0.0017717342594264225,80.185087081632247
1341,3,tier3_voxel_grid,3,20262248,64,64,64,0.29712386158317394,0.70287613841682606,3.7075778807442106,0.55029498223080098,0.44970501776919902,570.3037344316466,1.4848229508497128,5.5050967293917434,0.064632873445690825,0.38507214432350817,0.25256611198325568,0.12796276243809063,0.077546653977243779,0.053851820645769745,0.01386264811246914,0.0096120481638821108,0.010543068117154013,0.0015730337274206952,0.00025897253474865746,0.00041348966694030719,0.0021043728638261879,86.561365797421587
1342,3,tier3_voxel_grid,3,20262249,64,64,64,0.32025524436798841,0.67974475563201153,10.840581684770358,0.57695730329485173,0.42304269670514827,78.893266504034514,1.5264594398623792,16.547708246316926,0.060800889467283015,0.36224180723786525,0.26480318298161021,0.13416268132983927,0.081303863932897985,0.056460993141075159,0.014534306744125697,0.010077761140565328,0.011053889905861182,0.0016492487241758003,0.00027152000309054358,0.00043352363892372974,0.0022063317526867764,88.649102957865608
1343,3,tier3_voxel_grid,3,20262250,64,64,64,0.0059487927625312487,0.99405120723746876,12.910218260981909,0.017028257330340513,0.98297174266965948,949.05171837331864,0.96070782697255608,12.402947731249341,0.14127547110729546,0.84169627156236404,0.0078153733663714944,0.0039596633039680239,0.0023995937118640709,0.0016663838291712939,0.0004289640046909939,0.00029743398521043314,0.00032624334719975678,4.8675753849759625e-05,8.0136128905154007e-06,1.279497120535846e-05,6.5117443918812212e-05,55.664255157855109
1344,3,tier3_voxel_grid,3,20262251,64,64,64,0.38192225825404391,0.61807774174595609,5.371356499907435,0.6414118015697462,0.3585881984302538,160.60237389051295,1.6374600648572788,8.7953817627099937,0.051537307195793233,0.30705089123446055,0.29438553890847913,0.14915059856902901,0.090386684667948358,0.062768504917471685,0.016157999595600509,0.011203593215729153,0.012288769720709624,0.00183349372539201,0.00030185272523628462,0.0004819545166985026,0.0024528110074518729,93.977212929947783
1345,3,tier3_voxel_grid,3,20262252,64,64,64,0.21057829439141476,0.78942170560858527,3.0963345628034844,0.43572044814148925,0.56427955185851075,56.015256945636004,1.3290409299045465,4.11515536664393,0.08109984861672187,0.48317970324178888,0.19998041605355224,0.10132019007137334,0.061401001124640905,0.042639566382905239,0.010976366209095229,0.0076107652600178001,0.0083479415824763616,0.0012455191902257898,0.00020505298529088894,0.00032739877483662359,0.001666230507074782,78.292854433356737
1346,3,tier3_voxel_grid,3,20262253,64,64,64,0.20138379113713259,0.79861620886286744,13.652464136134919,0.42194994089143523,0.57805005910856477,3776.7237627839299,1.3124908240468385,17.918733904305629,0.083078984755319496,0.49497107435324528,0.19366023580752437,0.098118067201294887,0.059460484137765689,0.041291985702403666,0.010629469176591234,0.007370234666058845,0.0080841132710559403,0.0012061558068632624,0.00019857249158755812,0.00031705166530394789,0.0016135709649858056,77.370472621225261
1347,3,tier3_voxel_grid,3,20262254,64,64,64,0.19307483059586425,0.80692516940413572,10.21430066140784,0.40920353510002805,0.59079646489997195,4678.9747287138307,1.2975346950725555,13.253409494079223,0.084910934144032474,0.50588553075593945,0.18781008224180215,0.09515408361268704,0.057664281825775092,0.040044623504452231,0.010308370595120056,0.0071475921373432083,0.0078399056572359613,0.0011697198464043963,0.00019257394694636564,0.00030747406191747101,0.0015648276703440524,76.529466287866867
1348,3,tier3_voxel_grid,3,20262255,64,64,64,0.035759355226691256,0.96424064477330873,8.9661814410192111,0.096945427485374394,0.90305457251462562,52.907473220018851,1.0143668394080441,9.0949971298857193,0.12978955002420225,0.77326502249042339,0.044494553803265967,0.022543190665633064,0.013661388460073663,0.0094870713743492457,0.0024421817220549929,0.0016933538344835054,0.001857371552765193,0.00027712123875000438,4.5623172841597344e-05,7.2844444918999086e-05,0.00037072721623815775,59.235010547230743
1349,3,tier3_voxel_grid,3,20262256,64,64,64,0.19998787012314145,0.80001212987685855,12.822859278639967,0.41982886205263825,0.58017113794736175,5978.124576408879,1.3099781662216545,16.797665683551113,0.083383832188057408,0.49678730575930435,0.1926867349528496,0.097624842446707535,0.059161585234301477,0.041084417105758671,0.010576036435042601,0.0073331856057980037,0.0080434756505044398,0.0012000926431789049,0.00019757429756249502,0.00031545789430670399,0.0016054597866277803,77.229678252718529
1350,3,tier3_voxel_grid,3,20262257,64,64,64,0.32823523545074074,0.67176476454925926,10.324470371599594,0.58582111586594232,0.41417888413405768,864.78006061736994,1.5408234238113332,15.908185787006753,0.059526957326175252,0.35465192680788243,0.26887136232308512,0.13622382667725316,0.082552937663468939,0.057328405093263181,0.014757597740001748,0.010232586091001116,0.011223711152160497,0.0016745861824083617,0.00027569137314332299,0.00044018387575340954,0.0022402276944033976,89.357838915497894
1351,3,tier3_voxel_grid,3,20262258,64,64,64,0.033823578494939568,0.96617642150506045,1.0238130871251734,0.092013509248715791,0.90798649075128424,82.470890804540829,1.010882441290891,1.0349546729386589,0.13049837922254146,0.77748811152874275,0.042230976169680093,0.021396347786704288,0.012966390741955608,0.0090044342708025752,0.0023179402711206057,0.0016072076089829277,0.0017628812310353152,0.0002630232113689527,4.3302178814461332e-05,6.9138619325631267e-05,0.00035186715892533102,59.005904906752612
1352,3,tier3_voxel_grid,3,20262259,64,64,64,0.27075882720877043,0.72924117279122957,12.038598315038627,0.51802173721729505,0.48197826278270495,458.3632280122344,1.4373658889757868,17.303870569117905,0.069271275238463909,0.41270698754424107,0.2377538235246168,0.12045810817424805,0.072998761947336996,0.0506935636050116,0.013049642990641425,0.0090483287125125191,0.0099247469775360538,0.0014807797463035927,0.00024378452770590619,0.00038923966691737299,0.0019809573444646987,84.120107117851049
1353,3,tier3_voxel_grid,3,20262260,64,64,64,0.24642341860598085,0.75357658139401917,3.9511992713542128,0.48628215072356151,0.51371784927643849,8176.9752606018365,1.3935621534907656,5.5062417654595208,0.07383297812371141,0.43988487115272706,0.2231864656247107,0.1130775481155023,0.068526072188777556,0.047587530342083253,0.012250081422745161,0.0084939307188351687,0.0093166501690621854,0.0013900512431167529,0.00022884766396632554,0.00036539065598342887,0.0018595825787786405,81.807056950408537
1354,3,tier3_voxel_grid,3,20262261,64,64,64,0.29211757814078909,0.70788242185921091,2.4918255265531224,0.54432646942091878,0.45567353057908122,29.495953894937138,1.4758116406534203,3.6774651185644367,0.065490684939575661,0.39018284563950556,0.24982677376758944,0.12657487519313781,0.076705581075305951,0.053267742484531942,0.013712293492656416,0.0095077956548681852,0.010428717743000861,0.0015559725652156047,0.00025616371231529801,0.00040900494791946019,0.0020815487843777454,86.102911804628789
1355,3,tier3_voxel_grid,3,20262262,64,64,64,0.071940874603759308,0.92805912539624069,14.152634674294557,0.18326871958552551,0.81673128041447451,176.44508705694122,1.0794935742867666,15.277678190129061,0.11738292302813008,0.69934835738634449,0.084113919713067906,0.042616364647896698,0.025825923261990819,0.017934661473907917,0.0046167780039312887,0.0032011699478848655,0.0035112342593074872,0.00052387880391089161,8.6247497040230076e-05,0.00013770745558100054,0.00070083452100640382,63.445065090234749
1356,3,tier3_voxel_grid,3,20262263,64,64,64,0.08558740563264701,0.914412594367353,13.694172496374787,0.21318219540302055,0.78681780459697948,3795.0218815901894,1.1040573301387646,15.119151524807249,0.11308367391940619,0.67373413067757326,0.097843156807875975,0.049572290330181498,0.030041280540140644,0.020861991699753377,0.0053703374628922768,0.0037236711146977791,0.0040843447243278921,0.00060938731822543361,0.00010032498076395093,0.00016018433353227952,0.00081522609062943143,64.997025695154832
1357,3,tier3_voxel_grid,3,20262264,64,64,64,0.0021984351431604465,0.99780156485683957,5.0912935579779806,0.0063374926566888987,0.99366250734331107,6132.6808203535438,0.95395718325768875,4.8568760617066902,0.14281197795709097,0.85085052938622008,0.002908687034603963,0.0014736879191475105,0.00089306892848507974,0.00062018649799127864,0.00015964970325349631,0.00011069751064674219,0.0001214196366112069,1.8115901504025444e-05,2.9824668409667075e-06,4.7619691483064775e-06,2.4235088456322451e-05,55.208671224479247
1358,3,tier3_voxel_grid,3,20262265,64,64,64,0.24696503675746456,0.75303496324253549,11.387728664934425,0.48701025419960575,0.51298974580039425,21.023333607960655,1.3945370661634362,15.880609722662918,0.073728333038682176,0.4392614127617121,0.22352063960412902,0.11324685754979462,0.068628675320079144,0.047658782486968428,0.012268423298654968,0.0085066485627298301,0.0093305998593049555,0.0013921325474387128,0.00022919031437899348,0.00036593775031197817,0.0018623669058150851,81.859170632517674
1359,3,tier3_voxel_grid,3,20262266,64,64,64,0.21031243316878809,0.78968756683121188,12.063976147390576,0.43532708742144499,0.56467291257855501,1069.2976518183125,1.3285623797038184,16.027744859067326,0.081156383528792106,0.48351652904976289,0.19979987726821613,0.10122871999442035,0.061345569385972576,0.042601072135948742,0.010966456939668247,0.0076038943956469908,0.0083404052083498395,0.0012443947575130586,0.00020486786707969346,0.00032710320500885752,0.0016647262636204794,78.266304833373027
1360,3,tier3_voxel_grid,3,20262267,64,64,64,0.11643921606839384,0.8835607839316062,8.4818849369023077,0.27613870554559639,0.72386129445440361,396.77240279917044,1.1595905889231088,9.8355139491605925,0.10403538672703198,0.61982590772737167,0.12673798867838687,0.064211873120211094,0.038913007278135077,0.027022910483598714,0.0069562940401404821,0.0048233377067267201,0.0052905246755982575,0.00078935027811562436,0.00012995273957879382,0.00020748962842166604,0.0010559769166830647,68.432518186826613
1361,3,tier3_voxel_grid,3,20262268,64,64,64,0.36917460114589284,0.63082539885410716,7.8011099143864122,0.62881460042224457,0.37118539957775543,1132.8008153339115,1.6145142820626073,12.595003372717066,0.053347812472285941,0.3178375871054695,0.28860386504549435,0.14622131026026064,0.088611508026309765,0.061535743873415101,0.01584065967365195,0.010983556856922028,0.012047420709593443,0.0017974842706159682,0.00029592439730808458,0.00047248902514387335,0.0024046382835293343,92.90340322192219
1362,3,tier3_voxel_grid,3,20262269,64,64,64,0.058045902851123425,0.94195409714887657,11.196300090832299,0.15137872264192506,0.84862127735807491,7688.7104846977209,1.0544826251320221,11.80630391154674,0.12196624332743131,0.72665503403064358,0.06947752868774508,0.035200828917400305,0.021332037912908074,0.01481390905701482,0.0038134274006880351,0.0026441447223861186,0.0029002557461666962,0.00043272034821087777,7.1239849127228803e-05,0.00011374542677695392,0.00057888457350085542,61.844549030077758
1363,3,tier3_voxel_grid,3,20262270,64,64,64,0.052247681140653937,0.94775231885934608,7.7090040813250766,0.13761955610699422,0.86238044389300583,151.52014389673559,1.0440458260531769,8.048553534134351,0.1239437495464675,0.73843669434653836,0.063162553432528051,0.032001343158838479,0.019393119040752974,0.013467438177940719,0.0034668160555847479,0.0024038122176402161,0.0026366447108180217,0.00039338938260238755,6.4764692441018158e-05,0.0001034068386167613,0.00052626839923083457,61.170642758446107
1364,3,tier3_voxel_grid,3,20262271,64,64,64,0.1100393059951619,0.88996069400483813,1.7295314032447762,0.26357965419650914,0.73642034580349081,49.154293293669589,1.1480707507912915,1.9856244166403461,0.10584040900690364,0.63057993679658719,0.12097382423593035,0.061291455969183901,0.03714320664266129,0.025793882775604099,0.0066399151613561452,0.0046039677136173436,0.0050499065741511197,0.00075344987561434048,0.00012404236520335103,0.00019805280248811195,0.001007950080699061,67.72820442053083
1365,3,tier3_voxel_grid,3,20262272,64,64,64,0.014648162171551314,0.98535183782844871,4.1889833986314011,0.041257497112088204,0.95874250288791174,1326.6501412916286,0.97636669190879233,4.0899838633825913,0.137793176432739,0.82094932645517271,0.018935745322478933,0.0095938059989979941,0.0058139378984494823,0.0040374551949697562,0.0010393301464381008,0.00072064812903616961,0.00079044987950406987,0.0001179357191359179,1.9416056750489601e-05,3.1000734679628678e-05,0.00015777203164765873,56.715614598819982
1366,3,tier3_voxel_grid,3,20262273,64,64,64,0.031808866051054596,0.9681911339489454,14.769590296386946,0.086844243380433714,0.91315575661956627,12.117413263360151,1.0072559588918983,14.876757836427711,0.13124132069188318,0.78191443592768306,0.039858464290928895,0.020194313311302003,0.012237946390202604,0.0084985703480014909,0.0021877197238764795,0.0015169156126859313,0.0016638435804573581,0.00024824671908866891,4.08694873890882e-05,6.5254451577022963e-05,0.00033209946492416474,58.767045132676706
1367,3,tier3_voxel_grid,3,20262274,64,64,64,0.065499986478334521,0.93450001352166545,4.521851582767404,0.16867212933863707,0.83132787066136293,12.805257778059758,1.0678999756610021,4.8288851951799749,0.11948078614481412,0.71184708451654877,0.077414596321230905,0.039222148690126343,0.023768996032644703,0.016506240380863048,0.0042490708636367652,0.0029462100936031147,0.003231579073960756,0.00048215403900277664,7.9378243100097288e-05,0.00012673963026087312,0.0006450159702076631,62.705700720294146
1368,3,tier3_voxel_grid,3,20262275,64,64,64,0.0061822462303226123,0.9938177537696774,2.550197458258459,0.017688774407752364,0.98231122559224759,557.92522590441536,0.96112804321458079,2.4510662928667504,0.1411805397300899,0.84113068586215767,0.0081185275573549872,0.0041132565450339676,0.0024926726802393167,0.0017310219747746867,0.00044560329109574737,0.00030897129186624152,0.00033889815373909006,5.056386054499824e-05,8.3244566875798243e-06,1.3291281357488581e-05,6.7643315058259202e-05,55.692568180711852
1369,3,tier3_voxel_grid,3,20262276,64,64,64,0.3755638163042439,0.62443618369575615,3.7278731786784558,0.63517284762041126,0.36482715237958874,1020.8521289307297,1.6260148693476391,6.061577219573417,0.052433987252958641,0.31239316512663007,0.29152207768730226,0.14769982433364612,0.089507501650273449,0.062157961409088601,0.016000832210866379,0.011094616888868701,0.012169237981203344,0.0018156594995621764,0.00029891663137642497,0.00047726658917986782,0.0024289527390438663,93.443365241913952
1370,3,tier3_voxel_grid,3,20262277,64,64,64,0.13687030176494328,0.8631296982350567,9.3036648581766208,0.31461372102073193,0.68538627897926807,307.93452186524576,1.1963665431768979,11.130593365253148,0.098505648992814179,0.58688062998645385,0.14439667244042587,0.073158655162613398,0.044334842490450478,0.030788072259762631,0.0079255298461648003,0.0054953839978884363,0.0060276651585415971,0.00089933219501421872,0.00014805934168099264,0.00023639961642454502,0.0012031085117649362,70.651781117594382
1371,3,tier3_voxel_grid,3,20262278,64,64,64,0.30228692746039959,0.69771307253960035,13.249997054265419,0.55637499989137074,0.44362500010862926,1120.6351714395416,1.4941164694287192,19.797038818659978,0.06375903616019081,0.37986596394843847,0.25535662701774597,0.12937657844703357,0.078403439957352869,0.054446810662311072,0.014015811684857896,0.0097182483373849469,0.010659554805964127,0.0015904136293863984,0.00026183383211773648,0.00041805817030420988,0.002127623346911859,87.031698814350477
1372,3,tier3_voxel_grid,3,20262279,64,64,64,0.313155295099946,0.686844704900054,9.4784979409162347,0.56892958105443225,0.43107041894556775,155.36887854008918,1.5136795311799029,14.347408319495761,0.061954656348061923,0.36911576259750584,0.26111873980147254,0.13229595612401332,0.080172610661644023,0.05567540091827744,0.014332077953827727,0.0099375402493837028,0.0109000872633889,0.0016263012537348492,0.00026774210279344862,0.00042749163735609027,0.002175633088540158,88.013594251438278
1373,3,tier3_voxel_grid,3,20262280,64,64,64,0.42643115809441651,0.57356884190558355,6.5301535334973124,0.68275617906805264,0.31724382093194736,380.54285867349887,1.7175760845699497,11.216035537704936,0.045595176659214788,0.27164864427273255,0.31336115928354491,0.15876460728580777,0.096212865605976666,0.066814462219724507,0.017199518372247698,0.011925758891687958,0.013080884136252585,0.0019516777945623378,0.00032130966848322682,0.00051302053298730641,0.0026109152767776131,97.618135579047376
1374,3,tier3_voxel_grid,3,20262281,64,64,64,0.11473571141239433,0.88526428858760564,7.6743876358102483,0.27282021803825107,0.72717978196174893,28.840779187401328,1.1565242805423097,8.8756156391082452,0.10451232911063561,0.62266745285111336,0.12521491920754135,0.063440209117688717,0.03844537153590695,0.026698163575428951,0.0068726970129724986,0.0047653734097917611,0.0052269459751455756,0.00077986428798008456,0.00012839103694827896,0.00020499612886512768,0.001043286749981754,68.245473033849024
1375,3,tier3_voxel_grid,3,20262282,64,64,64,0.30558948008332504,0.69441051991667502,13.81324272102295,0.5602245737278323,0.4397754262721677,44.161259708828133,1.500061064149985,20.72070757545972,0.063205764551557006,0.37656966172061068,0.25712344650195451,0.13027173853067833,0.078945915502097591,0.054823529633949507,0.01411278746912091,0.009785489163344303,0.010733308557116461,0.0016014177447726634,0.00026364546756112931,0.00042095072621494686,0.0021423444310218853,87.331233384238189
1376,3,tier3_voxel_grid,3,20262283,64,64,64,0.23381701166532282,0.76618298833467713,3.4565479662191985,0.469042645039493,0.530957354960507,78.079625432832344,1.3708706209975809,4.7384800569588377,0.076310688500775797,0.45464666645973123,0.2152741366670895,0.10906876220679244,0.066096709710126988,0.045900473766795763,0.011815795796584537,0.0081928068410832069,0.0089863595274932116,0.0013407716298897386,0.00022073463617399759,0.00035243695352620518,0.0017936573039373819,80.585850169689067
1377,3,tier3_voxel_grid,3,20262284,64,64,64,0.30482300684385449,0.69517699315614556,7.3688163817961172,0.55933386637760407,0.44066613362239593,63.238177925997199,1.498681412318938,11.043508142189133,0.063333779523971637,0.37733235409842431,0.2567146430426715,0.13006461802851227,0.078820398503190683,0.054736365087622169,0.014090349389606995,0.0097699311040728726,0.010716243549131402,0.0015988716326902114,0.00026322629466721563,0.00042028145192119605,0.0021389382935175375,87.261806973852885
1378,3,tier3_voxel_grid,3,20262285,64,64,64,0.26053335960890917,0.73946664039109078,5.0085798637432353,0.50492382804561398,0.49507617195438602,16.032229030071086,1.4189600472960364,7.1069747203430769,0.071153743684326101,0.42392242827005994,0.23174234222563983,0.11741238779901018,0.071153026363406632,0.04941180331585069,0.012719689580708382,0.0088195464450566453,0.0096738049318180856,0.0014433390035182882,0.00023762056320027439,0.00037939794515742185,0.001930869872247506,83.155253383494411
1379,3,tier3_voxel_grid,3,20262286,64,64,64,0.10201339285915775,0.89798660714084222,8.9720109391983751,0.24746900546146694,0.752530994538533,12.717700194270911,1.1336241071464841,10.170887890257246,0.10815587687956672,0.64437511765896627,0.11357960105758604,0.057545168644432168,0.034872920808433475,0.024217296046338571,0.0062340669136179607,0.0043225616739604837,0.0047412436342556376,0.00070739713181479781,0.00011646058511434189,0.00018594731907512507,0.00094634164683832993,66.838773540577833
1380,3,tier3_voxel_grid,3,20262287,64,64,64,0.10159594688415748,0.89840405311584248,13.045688806762161,0.24661981248944059,0.75338018751055946,364.6977071027294,1.1328727043914835,14.779104759166355,0.10827792528846424,0.64510226222209521,0.1131898512430434,0.057347701682071373,0.034753253946681106,0.024134194093568029,0.0062126746354200721,0.0043077287497814221,0.0047249739977192695,0.00070496968975332212,0.00011606094916715425,0.00018530923853557918,0.00094309426369985417,66.792324205146926
1381,3,tier3_voxel_grid,3,20262288,64,64,64,0.36873979268173296,0.63126020731826704,13.773758685873085,0.6283786058457167,0.3716213941542833,122.31777772695592,1.6137316268271193,22.227150011678141,0.053410474842449214,0.3182109193118341,0.28840375881411817,0.14611992632578541,0.088550068395468681,0.061493077480851373,0.015829676401791375,0.010975941303438715,0.012039067516001874,0.0017962379678220183,0.00029571921531612388,0.00047216142038995486,0.0024029710047329673,92.866527644351422
1382,3,tier3_voxel_grid,3,20262289,64,64,64,0.40694982783853656,0.59305017216146338,13.170375084196086,0.66514447621590311,0.33485552378409689,46.251926252302447,1.6825096901093657,22.159283701534868,0.048126380262974215,0.28672914352112266,0.30527800486927076,0.15466927256357574,0.093731053721213972,0.065090982460894425,0.016755856614128449,0.01161813381508524,0.012743462591762813,0.0019013342452327837,0.00031302148219017356,0.00049978716291900968,0.0025435666896296942,96.044940942596327
1383,3,tier3_voxel_grid,3,20262290,64,64,64,0.41482332457961935,0.58517667542038065,12.448120336864287,0.67235000618145335,0.32764999381854665,87.281929655665422,1.6966819842433147,21.120501513250456,0.047090781174747985,0.28055921264379868,0.3085850906086326,0.15634480941016748,0.094746445024067663,0.065796115016872894,0.016937373308995168,0.011743993405507811,0.012881512902414434,0.00192193145586662,0.00031641245325049721,0.00050520137217366389,0.0025711212235044563,96.684535012688315
1384,3,tier3_voxel_grid,3,20262291,64,64,64,0.27838897928762985,0.72161102071237015,13.941245083374806,0.52757880724591977,0.47242119275408023,57.390268593492102,1.4511001627177336,20.230143008972984,0.06789770618038253,0.40452348657369769,0.24214018374417823,0.12268046004218527,0.074345528366215982,0.051628817673646202,0.013290398045786527,0.0092152628485432306,0.010107850301327475,0.0015080989005313936,0.00024828214939972952,0.00039642081490284348,0.0020175043592028587,84.833467265016012
1385,3,tier3_voxel_grid,3,20262292,64,64,64,0.045168486563384576,0.95483151343661543,4.4252743032924293,0.12044307524501539,0.87955692475498459,2088.6122708404419,1.0313032758140923,4.5637998853614077,0.12641240181835381,0.75314452293663081,0.055279150659567101,0.028007212717827194,0.016972637915246416,0.011786549206438469,0.003034118106868388,0.002103789199690737,0.0023075615579847613,0.00034428992760689099,5.6681324555568654e-05,9.0500492783777872e-05,0.00046058413644608305,60.343066106821205
1386,3,tier3_voxel_grid,3,20262293,64,64,64,0.04989997364484168,0.95010002635515833,1.3411247023583841,0.13196989265822159,0.86803010734177843,18.490660947329125,1.039819952560715,1.394528224384298,0.12475573511093073,0.74327437223084769,0.060569555899666762,0.03068759950299093,0.018596977860664762,0.012914562588345283,0.0033244936669147278,0.0023051290769014357,0.0025284031521944274,0.0003772396602889686,6.2105922670168529e-05,9.9161701857040593e-05,0.00050466362572708237,60.896771813930613
1387,3,tier3_voxel_grid,3,20262294,64,64,64,0.26167165322019087,0.73832834677980919,2.0333845189845601,0.50639866363423747,0.49360133636576253,58.776981672677245,1.4210089757963433,2.8894576527223901,0.070941776154086922,0.42265956021167561,0.2324192400758131,0.11775533847484083,0.071360857742498396,0.049556130602424489,0.01275684261217153,0.0088453075207876805,0.0097020612172187375,0.0014475548626451519,0.00023831463078776178,0.00038050613130489406,0.0019365097637448316,83.263164487453395
1388,3,tier3_voxel_grid,3,20262295,64,64,64,0.060713211795872198,0.93928678820412781,3.215371614812828,0.15761718946019765,0.84238281053980235,1555.8265833083428,1.0592837812325699,3.405991002206807,0.12106963328211602,0.72131317725768629,0.072340766332835621,0.036651489877833544,0.022211152284883576,0.015424404894793145,0.003970582513955552,0.0027531125404878409,0.0030197781527585613,0.00045055318156283049,7.4175713739920926e-05,0.0001184329882670636,0.00060274097907997599,62.15337094140768
1389,3,tier3_voxel_grid,3,20262296,64,64,64,0.36546671216575716,0.6345332878342429,6.3068945576676096,0.62508297297153947,0.37491702702846053,41.407680693620712,1.6078400818983629,10.140477862124628,0.053884132493717575,0.32103289453474293,0.28689117881896559,0.14535357682201214,0.088085653290148558,0.061170567125159891,0.015746655112632239,0.010918376210279681,0.011975926686076934,0.0017868173082999897,0.00029416826823031397,0.00046968509372243402,0.0023903682360116576,92.588410881768866
1390,3,tier3_voxel_grid,3,20262297,64,64,64,0.055457453235059184,0.94454254676494087,2.7456878659376907,0.14527014171887181,0.85472985828112824,1499.7147414733529,1.0498234158231063,2.8824874142027617,0.12284418580557172,0.73188567247555647,0.066673904116762592,0.033780370954433328,0.020471226845338995,0.01421612384201087,0.0036595442824746971,0.002537445632004929,0.002783221815546761,0.00041525879735375719,6.8365109693939005e-05,0.00010915546108053434,0.00055552486217139954,61.544140229515648
1391,3,tier3_voxel_grid,3,20262298,64,64,64,0.30267742601326858,0.69732257398673148,10.927912772490403,0.55683177513618332,0.44316822486381668,33.487974713687933,1.4948193668238834,16.335255651280733,0.063693387133774468,0.3794748377300422,0.25556627084761491,0.12948279461113998,0.078467807965418759,0.054491510649324143,0.014027318448847737,0.0097262268685272962,0.010668306135116296,0.0015917193343067456,0.00026204879363252262,0.00041840138957740489,0.0021293700926774749,87.067169543271959
1392,3,tier3_voxel_grid,3,20262299,64,64,64,0.17637381185043011,0.82362618814956989,11.587623570025148,0.38267326850646027,0.61732673149353978,86.038340586839979,1.267472861330774,14.686998402323692,0.088723938881512518,0.52860279261202725,0.17563361961760485,0.088984871987733388,0.053925680766547995,0.037448373848513967,0.0096400385877560973,0.0066841857670647828,0.0073316138921023901,0.0010938823310776777,0.0001800886243300452,0.00028753931518737827,0.0014633737685416863,74.817451210641593
1393,3,tier3_voxel_grid,3,20262300,64,64,64,0.045013109241225896,0.95498689075877408,8.3276110423381891,0.120061316557131,0.87993868344286896,3529.7604102483056,1.0310235966342065,8.5859634882422533,0.1264672692536411,0.75347141418922781,0.055103936800403923,0.027918440517709368,0.016918841115660548,0.011749190333372656,0.0030245011077589912,0.0020971209889793659,0.0023002474664872079,0.00034319865963031664,5.6501666339055459e-05,9.0213640681174683e-05,0.00045912426010838296,60.324843229537144
1394,3,tier3_voxel_grid,3,20262301,64,64,64,0.027211248146579738,0.97278875185342029,10.438805378703659,0.074907319391946767,0.92509268060805327,84.754429328184827,0.99898024666384344,10.428160372093236,0.13295692907291903,0.79213575153513427,0.034379834504791158,0.017418562454210498,0.010555814908037607,0.0073304239711541441,0.0018870130444754252,0.0013084123698600435,0.0014351447792985213,0.00021412468519436067,3.525189035073474e-05,5.6285089900704618e-05,0.00028645169467356803,58.220393467016955
1395,3,tier3_voxel_grid,3,20262302,64,64,64,0.36751818934306624,0.63248181065693376,6.0511362118262229,0.62715140381244994,0.37284859618755006,1379.5332380932432,1.6115327408175191,9.7516041245044534,0.053586851779717753,0.31926174440783234,0.28784051608763783,0.14583455908218479,0.088377133125283003,0.06137298359316281,0.015798761582468256,0.010954505663588328,0.012015555626836918,0.001792729976197486,0.00029514168575204273,0.00047123930520375624,0.0023982780841346912,92.762836520969373
1396,3,tier3_voxel_grid,3,20262303,64,64,64,0.2738933101309986,0.7261066898690014,11.312683630649879,0.52196981905845252,0.47803018094154748,208.85191247026717,1.4430079582357975,16.324292508031611,0.068703845781575512,0.40932633515997197,0.23956585473080835,0.12137617480221938,0.073555119076324352,0.051079922561698694,0.013149100319983819,0.009117290185972288,0.010000388037562953,0.0014920654495996354,0.00024564252168152791,0.00039220624138791506,0.0019960551312135739,84.413837298731224
1397,3,tier3_voxel_grid,3,20262304,64,64,64,0.29057739371335917,0.70942260628664089,13.583912335525302,0.54247556599532321,0.45752443400467679,129.5174335164651,1.4730393086840465,20.009636835946882,0.065756701999959255,0.39176773200471754,0.24897727395938823,0.12614447563836595,0.076444754841877294,0.053086613231083636,0.013665666822038449,0.0094754657709913634,0.01039325639676939,0.001550681705570006,0.00025529266466416676,0.00040761418575425621,0.002074470778820441,85.96139049073642
1398,3,tier3_voxel_grid,3,20262305,64,64,64,0.39210591878374906,0.60789408121625099,11.012055239305734,0.65122440096739143,0.34877559903260857,2976.9054463209181,1.6557906538107483,18.233658144490118,0.050127012736133091,0.2986485862964755,0.29888917815349964,0.15143236992106071,0.091769459860667382,0.063728765068652118,0.016405191768726905,0.01137499070447363,0.012476768716150815,0.0018615433175281965,0.00030647060077674431,0.00048932766853118507,0.0024903351873240801,94.82498332994949
1399,3,tier3_voxel_grid,3,20262306,64,64,64,0.10467233207723005,0.89532766792276997,2.587743639975264,0.25285166435093143,0.74714833564906857,797.61860474186551,1.138410197739014,2.9459137488821159,0.10738226596339362,0.63976606968567495,0.11605005285478955,0.058796824434506116,0.035631436149944927,0.024744042592232434,0.0063696631093012497,0.0044165810238835784,0.0048443696687562165,0.00072278361406474367,0.00011899370073651445,0.00018999182957099667,0.00096692537314508936,67.134198126598363
1400,3,tier3_voxel_grid,3,20262307,64,64,64,0.3168793436140151,0.68312065638598485,8.0634195277471168,0.57315709197192932,0.42684290802807068,1651.157003409993,1.5203828185052271,12.259484508386249,0.06134706655625511,0.36549584147181557,0.26305901916122726,0.13327899975099161,0.080768344471491255,0.056089104780857102,0.014438574465940759,0.010011382533730167,0.010981081888105449,0.0016383857129267248,0.00026973159797936448,0.00043066817382781341,0.0021917994348518142,88.34751132429642
1401,3,tier3_voxel_grid,3,20262308,64,64,64,0.4254861194214114,0.57451388057858854,8.8902653433815111,0.68191844872637963,0.31808155127362037,2220.7406265154918,1.7158750149585404,15.254584179060144,0.045715577626550125,0.27236597364707021,0.31297667041463134,0.15856980578450366,0.096094814039035956,0.066732481998995591,0.017178414852654127,0.011911126186225401,0.013064834111554447,0.0019492831187530233,0.00032091542692728997,0.00051239106542690831,0.0026077117276718698,97.54254101855301
1402,3,tier3_voxel_grid,3,20262309,64,64,64,0.34229071445606685,0.65770928554393315,13.840892765058324,0.60103790880075703,0.39896209119924297,156.71204835443478,1.5661232860209202,21.676544458676325,0.057339956930040195,0.34162213426920279,0.27585533701393289,0.13976226137548312,0.084697262824450573,0.058817519169149429,0.015140928594665383,0.010498379077148888,0.01151524876310875,0.0017180838141923295,0.00028285249865658748,0.00045161771913865999,0.0022984179508303694,90.59204196495007
1403,3,tier3_voxel_grid,3,20262310,64,64,64,0.11062543701297335,0.88937456298702666,10.676776803444385,0.2647403402891268,0.73525965971087315,108.96489743429699,1.1491257866233522,12.268959542859989,0.10567359192821846,0.62958606778265469,0.12150653847667647,0.061561355938347231,0.037306768597079897,0.025907467418939026,0.006669154357406541,0.0046242415140073856,0.0050721440884520753,0.00075676772954648831,0.00012458859191658434,0.00019892493783616323,0.0010123886389189153,67.792890165624399
1404,3,tier3_voxel_grid,3,20262311,64,64,64,0.26885903615209333,0.73114096384790672,5.4851393632170238,0.51561370703121912,0.48438629296878088,837.26878356415727,1.433946265073768,7.8653951032941576,0.069617364128114506,0.41476892884066635,0.23664862205763262,0.11989815723049159,0.072659426337098654,0.050457913973673017,0.012988981570509171,0.0090062674492336608,0.0098786116735631851,0.0014738963240997613,0.0002426512924390474,0.00038743028171166682,0.0019717488407667181,83.941615921722843
1405,3,tier3_voxel_grid,3,20262312,64,64,64,0.18079390858999903,0.819206091410001,13.476935107563435,0.38981647335823971,0.61018352664176034,19.763218052749878,1.2754290354619982,17.188874345223571,0.087697297334411409,0.52248622930734889,0.17891210031390381,0.090645916073197164,0.05493228931799065,0.038147407274104393,0.0098199852317434281,0.0068089567195481968,0.0074684701196874514,0.0011143013836159607,0.00018345026477095032,0.00029290669357610194,0.0014906899661015828,75.273371769986795
1406,3,tier3_voxel_grid,3,20262313,64,64,64,0.14703102125539788,0.85296897874460209,13.674891650472041,0.33288055407665995,0.66711944592334005,184.34719798549733,1.2146558382597161,16.610286980814909,0.095880288228520252,0.57123915769481981,0.15278050865946657,0.077406330490046443,0.046908974234312201,0.032575663005195737,0.0083856951883182259,0.0058144522881777572,0.0063776383027861787,0.00095154845250879723,0.00015665583667200122,0.00025012524896753265,0.0012729623702084714,71.738953206654799
1407,3,tier3_voxel_grid,3,20262314,64,64,64,0.2640324445877591,0.7359675554122409,13.487868449975689,0.50944391731697081,0.49055608268302919,531.7339298718249,1.4252584002579665,19.223697809902248,0.070504103706351101,0.42005197897667812,0.23381690479652842,0.11846346609030198,0.071789989828439912,0.049854138871514332,0.012833556523037661,0.0088984992198124693,0.0097604050474330677,0.0014562598061866553,0.00023974774773528171,0.00038279432395007802,0.0019481550620309117,83.486565902440759
1408,3,tier3_voxel_grid,3,20262315,64,64,64,0.35257047734896374,0.64742952265103626,13.579294827557552,0.61185938321272892,0.38814061678727108,1789.7550260005737,1.5846268592281347,21.518115313125378,0.055784664108015858,0.33235595267925522,0.28082201453492056,0.14227863133000374,0.086222207006836055,0.059876507744320337,0.015413535644838952,0.010687398669568988,0.011722576733629128,0.0017490173040116358,0.00028794515759166515,0.00045974893602213979,0.0023398001509856892,91.483428274057758
1409,3,tier3_voxel_grid,3,20262316,64,64,64,0.040523476487439793,0.95947652351256019,3.7610197285717302,0.10894022561301252,0.89105977438698747,28.806363636424631,1.0229422576773914,3.8473060123143754,0.12806562380866662,0.76299415057832087,0.049999745791098761,0.02533239927712656,0.015351675469706481,0.010660881309582974,0.0027443463264812985,0.0019028679697051575,0.0020871791610383873,0.00031140870750337891,5.1268005840656136e-05,8.1857293014955614e-05,0.00041659630191389848,59.797203984780957
1410,3,tier3_voxel_grid,3,20262317,64,64,64,0.32808101395210615,0.6719189860478938,6.4135554585993244,0.58565137995921024,0.41434862004078976,1608.923381836549,1.5405458251137911,9.8803760858809557,0.059551352249392751,0.35479726779139703,0.26879345949021993,0.13618435716324392,0.082529018761694647,0.057311794751716126,0.014753321871198549,0.010229621299819421,0.011220459192240113,0.0016741009875316766,0.00027561149427939789,0.000440056336804648,0.0022395786104617344,89.344197179070235
1411,3,tier3_voxel_grid,3,20262318,64,64,64,0.11361903298035432,0.88638096701964564,9.2247853610888804,0.27063532404348634,0.72936467595651366,1190.2995276935856,1.1545142593646378,10.650146238955282,0.10482634823756552,0.62453832771894813,0.12421212943265322,0.062932145115231153,0.038137479906762646,0.026484350032991922,0.0068176566844387254,0.0047272096849009402,0.0051850857238996285,0.00077361870687252796,0.00012736281107987731,0.00020335440738961506,0.0010349315372660559,68.122693649790762
1412,3,tier3_voxel_grid,3,20262319,64,64,64,0.1721288687223643,0.82787113127763567,11.636413137848363,0.37572819441428634,0.62427180558571371,4235.7078724476787,1.2598319637002555,14.659925213882955,0.089722104517059878,0.53454970106865385,0.17244607399655407,0.087369900209199061,0.052946992472337362,0.036768729482382953,0.0094650831159388878,0.0065628755810167713,0.0071985536396980514,0.0010740296409038768,0.00017682022556257622,0.00028232081153755885,0.0014368152391551628,74.377679794188666
1413,3,tier3_voxel_grid,3,20262320,64,64,64,0.094735754929894181,0.90526424507010583,2.477883802733265,0.23250126067678681,0.76749873932321322,1082.290270874156,1.1205243588738094,2.7765291594214885,0.11030708337318014,0.65719165595003304,0.10670993073986036,0.054064646321020024,0.032763691098702134,0.022752553801463467,0.0058570099065812491,0.0040611188325378449,0.0044544775216784505,0.0006646114111922317,0.00010941666334233876,0.00017470060957256749,0.00088910377083613475,66.026325518991342
1414,3,tier3_voxel_grid,3,20262321,64,64,64,0.43463869123086263,0.56536130876913737,9.0782213442645521,0.68996256320190574,0.31003743679809426,206.33076495145653,1.7323496442155528,15.726653515846735,0.044559454807511084,0.26547798199058315,0.31666863705622383,0.16044034275629968,0.097228377276807457,0.067519678364541202,0.017381056584727685,0.012051633401939226,0.013218950811862803,0.0019722774468603592,0.00032470104152092195,0.00051843538406094584,0.0026384730770615847,98.271606131135712
1415,3,tier3_voxel_grid,3,20262322,64,64,64,0.18512793262059979,0.81487206737940021,8.1935421379851334,0.39673457145636271,0.60326542854363729,8240.5922663139954,1.2832302787170795,10.514201361406798,0.086703008764808784,0.51656241977882855,0.18208726489904778,0.09225461499293805,0.055907176199969828,0.038824411771728011,0.0099942611430974566,0.0069297957136674089,0.0076010135406613917,0.0011340769621499263,0.00018670596845345158,0.00029810492756118573,0.0015171453370881778,75.718441299997664
1416,3,tier3_voxel_grid,3,20262323,64,64,64,0.15177752290511387,0.84822247709488607,1.9315061317127091,0.34122657335991624,0.65877342664008376,70.035701586343905,1.2231995412292049,2.3626174141923819,0.094680774799059592,0.5640926518410242,0.15661103902767776,0.079347070851729637,0.048085081395643055,0.033392403749816134,0.0085959422961414591,0.005960232900245381,0.0065375391789558018,0.00097540578402405959,0.00016058352970689708,0.00025639641778633834,0.0013048782281896885,72.243074132125201
1417,3,tier3_voxel_grid,3,20262324,64,64,64,0.090856743365053949,0.909143256634946,10.191934893561539,0.22437951444733467,0.77562048555266538,24.713740785937933,1.1135421380570971,11.349148972315248,0.11147436364683634,0.664146121905829,0.1029823338437886,0.052176057260787681,0.031619188123237683,0.021957760399012496,0.0056524125294050084,0.003919255616529854,0.0042988734793151509,0.00064139517052674486,0.00010559451472106637,0.00016859795871833642,0.00085804555129203306,65.590979328069238
1418,3,tier3_voxel_grid,3,20262325,64,64,64,0.28882986198687155,0.71117013801312845,1.2347689723927802,0.5403670296659735,0.4596329703340265,1270.395767525519,1.4698937515763688,1.8149791971605214,0.066059746787866067,0.39357322354616042,0.24800952967700271,0.12565416745436092,0.07614762340799125,0.052880272043357511,0.013612550042656527,0.0094386357917848589,0.010352859077394045,0.001544654395002657,0.00025430037322874836,0.00040602983915342044,0.002066407564040819,85.800543845399076
1419,3,tier3_voxel_grid,3,20262326,64,64,64,0.022882811431602295,0.97711718856839769,13.59565843073219,0.063487112539641635,0.93651288746035832,23.737882751119997,0.99118906057688416,13.475867907881634,0.1345982734098583,0.80191461405050002,0.029138359776021951,0.01476296634008409,0.0089464983456110526,0.0062128434897642778,0.0015993231434639061,0.0011089346681720171,0.0012163457303452764,0.00018147970180750069,2.987746388602999e-05,4.7703987618786049e-05,0.00024277989286674491,57.703761819902574
1420,3,tier3_voxel_grid,3,20262327,64,64,64,0.0005022209667868814,0.99949777903321313,13.927047741635374,0.001452415450924666,0.99854758454907533,44.61015475626693,0.95090399774021628,13.243285374239928,0.14351407503036542,0.85503350951870993,0.00066660779267399583,0.0003377372124213468,0.00020467197056290632,0.00014213325378557677,3.6588238961694246e-05,2.536946132356182e-05,2.7826739345195913e-05,4.1517705309062848e-06,6.8351651928441312e-07,1.0913397367848685e-06,5.5541550634125875e-06,55.002160870794285
1421,3,tier3_voxel_grid,3,20262328,64,64,64,0.36678501708816214,0.63321498291183786,6.2843751514002761,0.62641326192546787,0.37358673807453213,40.084489338857196,1.6102130307586917,10.11918275896085,0.053692939613478062,0.31989379846105409,0.28750173482939101,0.14566291536748729,0.088273115397801888,0.061300749090228139,0.015780166825898199,0.010941612477935993,0.012001413611289133,0.0017906199767947334,0.00029479431119539863,0.00047068466804939653,0.0023954553693966399,92.700541311669397
1422,3,tier3_voxel_grid,3,20262329,64,64,64,0.15797660913556921,0.84202339086443079,3.5627194493315999,0.35195276538056808,0.64804723461943192,520.4917391810236,1.2343578964440247,4.3976708850971677,0.093139176231038331,0.55490805838839363,0.16153398527018165,0.081841284329453742,0.049596598541859924,0.034442067998191862,0.0088661490586423516,0.0061475881872218334,0.0067430416399322235,0.0010060669064403994,0.00016563134810518293,0.00026445603982428183,0.001345896060714612,72.897892910460229
1423,3,tier3_voxel_grid,3,20262330,64,64,64,0.33795885921992552,0.66204114078007448,12.790268594197869,0.59640081388943278,0.40359918611056722,2517.9260737199452,1.5583259465958659,19.931407414268769,0.058006413288579417,0.3455927728219878,0.27372707295471366,0.13868397519497822,0.084043811119166298,0.058363733451406302,0.015024114127705827,0.010417382555160892,0.011426406943549338,0.0017048285476020473,0.00028067025047727906,0.00044813342272970256,0.0022806853219431876,90.213572729393277
1424,3,tier3_voxel_grid,3,20262331,64,64,64,0.28354148339392993,0.71645851660607007,13.601802052207013,0.53393084342874109,0.46606915657125891,761.33675172893857,1.4603746701090738,19.863727184880741,0.066984773625697436,0.39908438294556148,0.24505554574760507,0.12415752983803453,0.075240646744223622,0.052250427399880749,0.013450414119426088,0.0093262143921689598,0.010229548576471886,0.0015262563751150594,0.00025127146052230574,0.00040119371200428565,0.0020417950632884811,85.312016688122199
1425,3,tier3_voxel_grid,3,20262332,64,64,64,0.054141799907963493,0.94585820009203647,1.4196073798741713,0.1421444507456453,0.8578555492543547,241.14958930897728,1.0474552398343342,1.4869751885566909,0.12329341892755251,0.73456213032680218,0.065239321498602593,0.033053538865504488,0.020030759670155975,0.013910243986443336,0.0035808040513817174,0.002482848928145718,0.0027233368921729204,0.00040632392154869748,6.6894138414324531e-05,0.00010680682814508866,0.00054357196513043463,61.391178430125706
1426,3,tier3_voxel_grid,3,20262333,64,64,64,0.011413601442985881,0.98858639855701413,10.526635036042185,0.032339995261435203,0.96766000473856484,25.002607528638002,0.97054448259737447,10.216567554546957,0.13907482494852405,0.82858517979004076,0.014842924483203519,0.0075201760228886579,0.0045572983638662188,0.0031647892144024956,0.00081468664760632904,0.00056488538349466235,0.0006196000035608994,9.2444788583455939e-05,1.5219420160187449e-05,2.4300155918727705e-05,0.00012367077775004754,56.325591369525732
1427,3,tier3_voxel_grid,3,20262334,64,64,64,0.14678575151595671,0.85321424848404326,12.402016598631679,0.33244609220911281,0.66755390779088719,22.2710393683506,1.2142143527287219,15.05870655683843,0.09594273031342615,0.57161117747746104,0.15258110588779938,0.077305302963827746,0.046847750590272408,0.032533146603403867,0.0083747505273953204,0.0058068635066495233,0.006369314474272812,0.00095030653100669786,0.00015645137598323716,0.00024979879588561996,0.0012713009526161699,71.712838677882146
1428,3,tier3_voxel_grid,3,20262335,64,64,64,0.015575209397917834,0.98442479060208221,9.5782983354866236,0.043793738810678697,0.95620626118932128,61.401702473521944,0.9780353769162522,9.3679146227639709,0.13742866062291806,0.81877760056640325,0.02009979138058772,0.010183570587885698,0.0061713408618673188,0.0042856515941321486,0.001103221381741033,0.0007649488734537761,0.00083904158005239685,0.00012518563756439507,2.0609629220942808e-05,3.2906457553893333e-05,0.00016747082661937041,56.827203058563988
1429,3,tier3_voxel_grid,3,20262336,64,64,64,0.091342747214472428,0.90865725278552756,14.596647033118959,0.22540266995217259,0.77459733004782738,4100.0627413188085,1.1144169449860504,16.266750793688125,0.11132731285210094,0.66327001719572642,0.10345192636444654,0.052413976575029012,0.031763369495884292,0.022057886310602501,0.0056781871506279852,0.0039371271587194182,0.0043184760534440625,0.0006443198893947631,0.00010607601861095425,0.00016936675407825148,0.00086195818133479117,65.645612048895487
1430,3,tier3_voxel_grid,3,20262337,64,64,64,0.19010082338354906,0.80989917661645094,9.4085461143185753,0.4045695372905766,0.59543046270942335,103.71705020818457,1.2921814820903883,12.15754906231594,0.085576945378355848,0.50985351733106754,0.18568323964380587,0.094076517616308822,0.057011266558937491,0.039591140868837707,0.010191634148194878,0.0070666497126908789,0.0077511231748630827,0.0011564734329671692,0.00019039315628411308,0.00030399209265970201,0.0015471068850268612,76.22671732284131
1431,3,tier3_voxel_grid,3,20262338,64,64,64,0.073709524709462904,0.9262904752905371,8.4424943343586172,0.18722219637224724,0.81277780362775276,7783.8431233314932,1.0826771444770331,9.1404956581869179,0.11681471819444995,0.69596308543330276,0.085928427010209807,0.043535685788738204,0.02638304063773747,0.018321548379513861,0.0047163712389867232,0.0032702256553069275,0.0035869786807685437,0.00053517992881099068,8.8108029913666112e-05,0.0001406780837942016,0.00071595293846683165,63.647322517661195
1432,3,tier3_voxel_grid,3,20262339,64,64,64,0.38623248546442424,0.61376751453557576,7.7625148662467023,0.64559166573828974,0.35440833426171026,6265.1852785878618,1.6452184738359636,12.77103286137538,0.050936565329122968,0.30347176893258732,0.29630395008022481,0.15012256266627477,0.090975704177150396,0.063177546073208912,0.016263295823982501,0.011276603250353954,0.012368851484258984,0.0018454419850081564,0.00030381979754038718,0.00048509525157473289,0.0024687951487120836,94.337114451508356
1433,3,tier3_voxel_grid,3,20262340,64,64,64,0.15454922469290058,0.84545077530709944,7.5455780904910554,0.34604649999725723,0.65395350000274277,17.481241744877657,1.228188604447221,9.2673930247077365,0.093988041349221452,0.55996545865352132,0.15882321644187627,0.080467871780647446,0.048764297443782155,0.033864081364879305,0.0087173625326671684,0.0060444229591782991,0.0066298838604412994,0.00098918368025981119,0.0001628518197311213,0.00026001809329548363,0.0013233100204988529,72.536353784876525
1434,3,tier3_voxel_grid,3,20262341,64,64,64,0.28411797260945032,0.71588202739054974,8.1493584330695636,0.53463652767361725,0.46536347232638275,7515.8061319849267,1.4614123506970107,11.909573064344698,0.066883350695800078,0.39848012163058266,0.24537943008558993,0.12432162601971754,0.075340090594743142,0.052319485600690725,0.013468191225671132,0.0093385406374905961,0.010243068738027368,0.0015282735934324053,0.00025160356029339017,0.00040172396060331156,0.0020444936573576602,85.365401042955185
1435,3,tier3_voxel_grid,3,20262342,64,64,64,0.18433491446470282,0.81566508553529715,3.5934941662415181,0.39547502671367274,0.60452497328632726,898.0726787136241,1.281802846036465,4.6061510495038114,0.086884034087490958,0.51764093919883625,0.18150917800237912,0.09196172694217733,0.055729683248945117,0.038701152829217399,0.0099625315687534577,0.0069077951410250384,0.0075768819994924156,0.0011304765179783024,0.00018611321819190737,0.00029715851017965699,0.0015123287353329758,75.637150478402759
1436,3,tier3_voxel_grid,3,20262343,64,64,64,0.20577779489268999,0.79422220510731001,10.940560162458752,0.42857385849128321,0.57142614150871673,17.822116967051745,1.320400030806842,14.445915975554644,0.082126976636598917,0.48929916487211783,0.19670038185339433,0.099658358902307231,0.060393915593031526,0.041940201721225666,0.010796334297622213,0.0074859351849791162,0.0082110205057439756,0.0012250904621457384,0.00020168975194098692,0.0003220288531225576,0.0016389013657698245,77.812352866848144
1437,3,tier3_voxel_grid,3,20262344,64,64,64,0.33914889847772089,0.66085110152227911,4.9592182979881283,0.59767932472684382,0.40232067527315618,7840.8026491230785,1.5604680172598977,7.7387015446205387,0.057822662105274314,0.34449801316788187,0.27431386462420032,0.13898127352377443,0.084223976740726125,0.058488848414350043,0.015056321482705066,0.01043971441015514,0.011450901854974299,0.0017084832068903577,0.00028127192631107595,0.00044909409116647008,0.0022855744515904337,90.317713818405636
1438,3,tier3_voxel_grid,3,20262345,64,64,64,0.3847696331709497,0.6152303668290503,5.8253047630212684,0.64417748389766993,0.35582251610233007,8130.7477137965343,1.6425853397077093,9.5685602030682269,0.051139815531638794,0.30468270057069125,0.29565489017479962,0.14979371610078021,0.090776420023384569,0.063039154357309862,0.01622767073951583,0.011251901618677392,0.012341757260329746,0.0018413995063306608,0.0003031542740163016,0.00048403264043497574,0.0024633872020907062,94.215145860776616
1439,3,tier3_voxel_grid,3,20262346,64,64,64,0.31397938467162423,0.68602061532837577,5.5753133071143504,0.56986830404366451,0.43013169595633549,1442.7998570248888,1.5151628924089235,8.4475078364933402,0.061819740432592307,0.36831195552374318,0.26154958075637019,0.13251424193570535,0.080304893944568717,0.0557672642709965,0.01435572560989404,0.0099539370018099493,0.010918072200083204,0.0016289846198756441,0.00026818387217132449,0.0004281969904279888,0.0021792228417615704,88.087597093257159
1440,3,tier3_voxel_grid,3,20262347,64,64,64,0.076710005588869562,0.92328999441113047,10.138973769836399,0.19387627855631917,0.80612372144368083,76.694270260572239,1.0880780100599652,11.031994403533773,0.11585837473661229,0.69026534670706852,0.088982417543133172,0.045082991806889045,0.027320722836060608,0.018972716302009224,0.0048839962452248342,0.0033864530615254052,0.0037144638368922962,0.00055420081040824336,9.1239485924130413e-05,0.00014567793717271444,0.00074139869107948649,63.989688474392331
1441,3,tier3_voxel_grid,3,20262348,64,64,64,0.401165032346738,0.59883496765326205,1.2141167901661991,0.65977260920798519,0.34022739079201481,11.399822025585477,1.6720970582241284,2.0301211131774228,0.048898440139495389,0.2913289506525194,0.30281250616750011,0.15342012626208373,0.092974059153707503,0.064565292007620415,0.016620532280012468,0.011524302967853528,0.012640543318264846,0.0018859786118806169,0.00031049344530033378,0.00049575076140404906,0.0025230242323575607,95.57172103812303
1442,3,tier3_voxel_grid,3,20262349,64,64,64,0.14256548023775975,0.85743451976224028,9.0541178567936473,0.32492065815692567,0.67507934184307428,37.698136791420715,1.2066178644279675,10.924860352643476,0.097024306919201372,0.57805503492387289,0.14912719538357797,0.075555377267686005,0.045787278935401368,0.031796708260431697,0.0081851750314746452,0.0056754161249734109,0.0062251351406693613,0.00092879486551852213,0.00015290985589944803,0.00024414421185287835,0.0012425230794403353,71.262498140455605
1443,3,tier3_voxel_grid,3,20262350,64,64,64,0.44406143763048933,0.55593856236951067,4.0434099512945814,0.69808584138571605,0.30191415861428395,13.618226699522241,1.7493105877348807,7.0731798383521891,0.043391954357053994,0.25852220425722994,0.32039693706565925,0.16232928804931249,0.09837309613273304,0.068314621683916735,0.017585692553831668,0.012193523376721239,0.013374584204846537,0.0019954980666605864,0.00032852391109026047,0.00052453918602016203,0.0026695371549240138,99.015117738407497
1444,3,tier3_voxel_grid,3,20262351,64,64,64,0.37956813092391989,0.62043186907608017,4.5087022132621266,0.63911210709923372,0.36088789290076628,62.852057328118221,1.6332226356630559,7.3637145121638241,0.05186782577086653,0.30902006712989977,0.29333005973835813,0.14861583945489457,0.090062615546628602,0.062543457010140108,0.016100067293398388,0.011163424261392751,0.012244710014126499,0.0018269199838866555,0.00030077047348875494,0.00048022653455913821,0.0024440167883601057,93.77997003472781
1445,3,tier3_voxel_grid,3,20262352,64,64,64,0.15252186538595394,0.84747813461404609,6.6553437627067318,0.34252482549927177,0.65747517450072823,48.078410871612753,1.224539357694717,8.1497303764224416,0.094494186340163114,0.56298098816056508,0.15720689126293119,0.079648959721258558,0.048268028928651077,0.033519450594906644,0.0086286469602766622,0.0059829095782004682,0.0065624123127848242,0.00097911687438076911,0.00016119449593070094,0.00025737191976625919,0.0013098428501845847,72.321914180249991
1446,3,tier3_voxel_grid,3,20262353,64,64,64,0.18898517622253497,0.81101482377746503,6.1472281444319297,0.40282125485252157,0.59717874514747837,39.604555800008001,1.2901733172005632,7.930989726690405,0.08582821346099069,0.5113505316864877,0.18488083927257556,0.093669981017721976,0.056764901504455706,0.03942005409659307,0.010147592634056917,0.0070361123181274556,0.0077176279378945081,0.0011514759183088137,0.00018957040276271211,0.00030267843953479351,0.0015404213104900323,76.112910505911273
1447,3,tier3_voxel_grid,3,20262354,64,64,64,0.10690405938605252,0.89309594061394748,11.881503637628592,0.2573346781343101,0.7426653218656899,200.23104263079316,1.1424273068948945,13.573754202597925,0.10673795457911391,0.63592736728657595,0.11810759907599135,0.059839281382675358,0.036263174998853925,0.025182749943762978,0.0064825960717469489,0.0044948861980112793,0.0049302594573505058,0.00073559843540503501,0.00012110343729651058,0.00019336034997556871,0.00098406878324062996,67.381574601795563
1448,3,tier3_voxel_grid,3,20262355,64,64,64,0.1755243382945906,0.82447566170540942,9.6918513384719827,0.38129017015218419,0.61870982984781575,43.900344993699726,1.2659438089302633,12.269339199011092,0.088922721677707026,0.52978710817010877,0.17499882594310348,0.088663253416146059,0.053730776845998418,0.03731302395997238,0.0096051965368390817,0.0066600270732260812,0.007305115194798731,0.0010899287054225851,0.00017943772890453803,0.00028650006006726629,0.0014580846877055458,74.729597198896457
1449,3,tier3_voxel_grid,3,20262356,64,64,64,0.092114544670754972,0.90788545532924503,1.9531463632471302,0.22702419317313322,0.77297580682686684,776.84676470286308,1.1158061804073587,2.1793327833513039,0.11109426296164279,0.66188154386522402,0.10419614869725499,0.052791037237785714,0.031991871852242615,0.022216568436530915,0.0057190354348104983,0.0039654504395088292,0.0043495427182768604,0.0006489550592558924,0.00010683911838879279,0.00017058516078414759,0.00086815901829394488,65.73231968229436
1450,3,tier3_voxel_grid,3,20262357,64,64,64,0.25374160755823599,0.74625839244176406,5.2449595702827905,0.49603477098448201,0.50396522901551799,13.698975652128905,1.4067348936048247,7.3782676430633689,0.072431304034739019,0.43153392498077897,0.22766257654791866,0.11534537222783205,0.06990039522127045,0.048541920939991913,0.012495762643212794,0.0086642805470164164,0.0095035000278684487,0.001417929383198939,0.00023343731292000688,0.00037271873970888065,0.001896877393543415,82.508751616261719
1451,3,tier3_voxel_grid,3,20262358,64,64,64,0.08089615564720451,0.91910384435279546,6.7581817766315915,0.20305017533773478,0.79694982466226527,745.79057686154863,1.0956130801649679,7.4043523526100934,0.11453987641827382,0.68240994824399148,0.093192914670374022,0.047216242540364738,0.028613493118005526,0.019870473068921549,0.0051150986666667567,0.0035466942786195241,0.0038902259677300417,0.00058042465310174333,9.55567837002699e-05,0.00015257117016080179,0.00077648042008979484,64.465744629202064
1452,3,tier3_voxel_grid,3,20262359,64,64,64,0.050072590971628195,0.94992740902837181,6.6844461265628494,0.13238685289372049,0.86761314710627957,674.5710257389419,1.0401306637489307,6.9526973864157853,0.12469580840994222,0.74291733869633736,0.060760926035561276,0.030784557289785533,0.018655735203814479,0.012955366281897928,0.0033349974389065814,0.002312412155968942,0.0025363916680031461,0.00037843155288223585,6.230214697270316e-05,9.9475004275690457e-05,0.00050625811565196131,60.916928128611993
1453,3,tier3_voxel_grid,3,20262360,64,64,64,0.19575910343778058,0.80424089656221942,5.8277442232595797,0.41335336980678494,0.58664663019321506,337.99969031109805,1.302366386188005,7.5898581836746013,0.084314508196301527,0.50233212199691357,0.18971471094295786,0.096119064813470295,0.058249069633149034,0.04045072597958644,0.010412910342205293,0.0072200776448646401,0.0079194120881521668,0.0011815822659570639,0.00019452688718296412,0.00031059223276431064,0.0015806969764948409,76.80193697807519
1454,3,tier3_voxel_grid,3,20262361,64,64,64,0.051105453756956847,0.94889454624304315,13.631178305433282,0.13487655596125803,0.86512344403874197,1764.04879303806,1.0419898167625223,14.203548984735695,0.12433798126342795,0.74078546277531399,0.061903612492943891,0.031363500024973096,0.019006580020719317,0.013199008414542383,0.0033977163054132223,0.0023559000062522996,0.0025840917377477879,0.00038554843932125617,6.3473818049110108e-05,0.00010134575819026019,0.00051577894310539678,61.037468928541102
1455,3,tier3_voxel_grid,3,20262362,64,64,64,0.07842265546746445,0.92157734453253559,11.853564112064062,0.19764484438935442,0.80235515561064563,535.57766616017909,1.0911607798414358,12.934144260420277,0.11531674582669577,0.68703840978394981,0.09071205719266108,0.04595931470641848,0.027851782867646138,0.01934150783725036,0.0049789313322580846,0.003452278913960132,0.0037866655606307214,0.00056497336213193574,9.3012998454068403e-05,0.00014850962396154802,0.00075580999398185556,64.184679218949924
1456,3,tier3_voxel_grid,3,20262363,64,64,64,0.37816094289511071,0.62183905710488929,2.9679648506665997,0.6377317491734088,0.3622682508265912,1178.7779091367956,1.6306896972111993,4.8398297036669993,0.052066214704955288,0.31020203612163588,0.29269652382447864,0.14829485812843249,0.089868097802700136,0.06240837529969611,0.016065294277447205,0.011139313434845435,0.012218263820524969,0.0018229741918235826,0.00030012086772738286,0.00047918933858709069,0.002438738187145721,93.66183909081856
1457,3,tier3_voxel_grid,3,20262364,64,64,64,0.38002673956841643,0.61997326043158352,12.29222427627222,0.63956104709771699,0.36043895290228301,27.904145888529822,1.6340481312231496,20.086086107218453,0.051803302848150178,0.30863565005413285,0.29353610746474484,0.14872023365115269,0.090125879424808625,0.062587390240606847,0.016111376677317095,0.011171265933636647,0.012253311228270477,0.001828203291534382,0.00030098174768370756,0.00048056386645647172,0.0024457335715051469,93.818432483955291
1458,3,tier3_voxel_grid,3,20262365,64,64,64,0.15061170466201582,0.84938829533798421,5.2598216508532003,0.33918747476495376,0.6608125252350463,474.84602864670768,1.2211010683916284,6.4227738374062611,0.094973839799946766,0.56583868543509952,0.15567516423195921,0.078872909361037372,0.047797735011839905,0.03319285773293295,0.0085445747438261457,0.0059246157957131371,0.0064984722129130951,0.00096957696317890273,0.00015962391613819042,0.00025486424644893758,0.0012970805489658838,72.119474257563027
1459,3,tier3_voxel_grid,3,20262366,64,64,64,0.012054377534293989,0.98794562246570605,13.262177744851723,0.034115066952971125,0.96588493304702883,420.67585035603594,0.97169787956172937,12.886829993043177,0.13881970663882584,0.82706522640820301,0.015657620182963211,0.0079329420565780653,0.004807438515408804,0.0033384975807380685,0.00085940301796902884,0.00059589070817383768,0.00065360849420864045,9.7518881078460025e-05,1.6054780885182833e-05,2.5633938392180309e-05,0.00013045879657564452,56.402939935127449
1460,3,tier3_voxel_grid,3,20262367,64,64,64,0.25224154617263267,0.74775845382736739,14.435128024387573,0.49405061777591963,0.50594938222408037,410.72377874716045,1.4040347831107389,20.267421844896756,0.07271647212973166,0.43323291009434872,0.22675191975901937,0.11488398745445326,0.069620791649966776,0.048347751873997383,0.012445779236822236,0.0086296231781123629,0.0094654857571441538,0.0014122576252905059,0.00023250355702118323,0.00037122785413685322,0.0018892898299555263,82.365350831360615
1461,3,tier3_voxel_grid,3,20262368,64,64,64,0.12853540567831723,0.87146459432168277,2.7689317073944584,0.29920705754971533,0.70079294245028467,532.31590866743397,1.181363730220971,3.2711154905746396,0.10071993811789932,0.60007300433238531,0.13732555382739609,0.069576068947283451,0.042163761089185438,0.029280377469184039,0.0075374159051287935,0.0052262745273135734,0.0057324898295307474,0.00085529181294734214,0.00014080886181120654,0.00022482310500249433,0.0011441921749321363,69.751791164071122
1462,3,tier3_voxel_grid,3,20262369,64,64,64,0.025315677836936386,0.97468432216306367,3.6851696795639532,0.069928019643022296,0.93007198035697769,1543.6886787685528,0.99556822010648549,3.6688378186738726,0.13367256807582997,0.79639941228114774,0.0320945104175408,0.016260701722323193,0.0098541402659873979,0.0068431501168049807,0.0017615779914679905,0.0012214385275490581,0.0013397466780550311,0.00019989121642413209,3.2908598263961738e-05,5.2543662009735389e-05,0.00026741044659600794,57.994379206815566
1463,3,tier3_voxel_grid,3,20262370,64,64,64,0.026727379758400806,0.97327262024159922,5.3999013452290772,0.073639525797283806,0.92636047420271617,497.14080180387117,0.99810928356512152,5.3896916630089304,0.1331391399438708,0.79322133425884533,0.033797961674144478,0.017123756257874243,0.010377159542507378,0.0072063577966837199,0.0018550756707948421,0.0012862677138350852,0.0014108551988759668,0.00021050066144671846,3.4655258123748022e-05,5.5332474361523889e-05,0.00028160354863609896,58.162735523702935
1464,3,tier3_voxel_grid,3,20262371,64,64,64,0.23558525363445504,0.76441474636554496,10.365823315937741,0.47149508224022985,0.52850491775977015,3245.4978213475206,1.3740534565420193,14.243195357168108,0.075958217309738119,0.45254670045003204,0.21639971939757752,0.10963903932914608,0.066442303083040388,0.046140469064851565,0.011877575887316827,0.0082356437653757341,0.0090333456227608706,0.0013477819907974494,0.00022188876968183384,0.00035427970600272946,0.0018030356236788181,80.758098662244393
1465,3,tier3_voxel_grid,3,20262372,64,64,64,0.25725260428224467,0.74274739571775528,3.1425684227611779,0.50064917368742501,0.49935082631257499,522.9822729853006,1.4130546877080403,4.4406210412259455,0.071768109064386618,0.42758271724818836,0.22978042567873,0.11641838167901168,0.070550649178277636,0.04899348600013273,0.012612005463855663,0.0087448807023157316,0.0095919070887867386,0.0014311197834715444,0.00023560888199281193,0.00037618598527422025,0.0019145232455762195,82.843525796912388
1466,3,tier3_voxel_grid,3,20262373,64,64,64,0.049403856949572729,0.95059614305042728,2.5385345609745835,0.13077012545578284,0.86922987454421718,7950.6746913293073,1.0389269425092307,2.6373519498873361,0.12492816903693889,0.74430170550727826,0.060018904799094136,0.030408611813725953,0.018427908661226299,0.012797153470892509,0.0032942699667514682,0.0022841726435199466,0.0025054168852857938,0.00037381009190213968,6.1541304122740892e-05,9.8260201103878651e-05,0.00050007561815796763,60.838823472190967
1467,3,tier3_voxel_grid,3,20262374,64,64,64,0.23177116234284886,0.76822883765715111,9.635698391002153,0.46619093603223927,0.53380906396776073,1146.710353130916,1.367188092217128,13.173812100373883,0.076720544161902451,0.4570885198058583,0.21396530216972601,0.10840564047386572,0.06569485161806729,0.045621405763358748,0.011743957528449762,0.0081429958029814575,0.0089317238079525824,0.0013326199392618963,0.0002193926026577546,0.00035029418965283686,0.0017827521362651887,80.38616866859833
1468,3,tier3_voxel_grid,3,20262375,64,64,64,0.32153386736212719,0.67846613263787281,8.8356288477339433,0.57838874595659873,0.42161125404340127,28.324454581684279,1.5287609612518289,13.507564450526132,0.060595158490874525,0.36101609555252673,0.26546016499903441,0.13449554163782595,0.08150558045287927,0.056601073999476975,0.014570366651182332,0.010102764268438258,0.011081314828813268,0.0016533405433973183,0.00027219364967361292,0.0004345992197822913,0.002211805706094987,88.763056353195864
1469,3,tier3_voxel_grid,3,20262376,64,64,64,0.25843329041291385,0.74156670958708615,9.1538276775934655,0.50219165578457214,0.49780834421542786,35.947868258635154,1.4151799227432449,12.954313145581697,0.071546419187160662,0.42626192502826721,0.23048837090567165,0.11677706252571339,0.07076801319088169,0.04914443316833722,0.0126508625990704,0.0087718233652300838,0.0096214594095325821,0.0014355290120509491,0.0002363347844840236,0.00037734500076446733,0.001920421822835666,82.955832530949777
1470,3,tier3_voxel_grid,3,20262377,64,64,64,0.19460673086707289,0.80539326913292708,2.4525347154499197,0.41157560172828334,0.58842439827171666,44.927786406605584,1.3002921155607312,3.1890115536385122,0.08457001403833897,0.50385438423337769,0.18889877769607469,0.095705671775835957,0.05799854951123825,0.04027675374504934,0.010368126046339203,0.0071890252221703645,0.0078853519375904381,0.0011765004657638685,0.00019369025752005416,0.00030925642423540711,0.0015738986464657182,76.685054875472176
1471,3,tier3_voxel_grid,3,20262378,64,64,64,0.040205824964613321,0.95979417503538667,9.7065939075972931,0.10814672399269738,0.89185327600730258,492.54910413318458,1.022370484936304,9.9237351203900186,0.12817966809943124,0.76367360790787131,0.049635556355311118,0.025147882495012711,0.015239856540644992,0.010583229307803652,0.0027243569860469908,0.0018890078109923371,0.0020719765117244854,0.00030914046074150822,5.0894578619664339e-05,8.1261058756430094e-05,0.00041356188704348826,59.759792728355649
1472,3,tier3_voxel_grid,3,20262379,64,64,64,0.10610182504468961,0.89389817495531043,4.1310093106373884,0.255726812730938,0.744273187269062,68.233167052565577,1.1409832850804413,4.7134125739489372,0.10696904152950944,0.63730414573955252,0.11736964520282345,0.059465396638514939,0.036036597279442729,0.025025404370714273,0.0064420918457974334,0.0044668014794561495,0.0048994544618147524,0.0007310023068006924,0.00012034676497985968,0.00019215220570459963,0.00097792017488911487,67.292711870271049
1473,3,tier3_voxel_grid,3,20262380,64,64,64,0.26513325637794011,0.73486674362205995,12.764567167437093,0.51085768742691695,0.48914231257308305,179.32439616008617,1.4272398614802924,18.218099075908803,0.070300912678928879,0.41884139989415414,0.23446577573200331,0.11879221691406514,0.071989215961803743,0.049992490295484318,0.01286917123547182,0.0089231936597551544,0.0097874913830393543,0.0014603011079204076,0.00024041307749613183,0.00038385662571689043,0.0019535614341606349,83.590549767412384
1474,3,tier3_voxel_grid,3,20262381,64,64,64,0.040771854680256979,0.95922814531974299,1.918273123247983,0.10956006297986519,0.8904399370201348,2929.6489653728445,1.0233893384244626,1.9631402625181809,0.12797653903419062,0.7624633979859442,0.05028422942053927,0.025476533067704272,0.015439021920903687,0.010721538542134836,0.002759960837936237,0.001913694720477642,0.0020990545874756653,0.00031318053009863917,5.1559705491223633e-05,8.2323036579140207e-05,0.00041896661052456862,59.82644928773778
1475,3,tier3_voxel_grid,3,20262382,64,64,64,0.06476204578235388,0.93523795421764611,14.016460184461195,0.16697951843175407,0.83302048156824593,67.254878202058123,1.066571682408237,14.949559520348844,0.11972405295797987,0.7132964286102661,0.076637747231822734,0.038828557662820284,0.023530476117776367,0.016340601619973333,0.0042064317879571596,0.0029166451182989278,0.0031991504444741424,0.00047731566298645601,7.8581688977212574e-05,0.00012546780852390325,0.00063854328814354265,62.620710218568789
1476,3,tier3_voxel_grid,3,20262383,64,64,64,0.10102314234259341,0.89897685765740665,7.1857893010374791,0.24545274501626058,0.75454725498373942,365.91797685703688,1.131841656216668,8.1331756637102739,0.10844565951716109,0.6461015954665783,0.11265420817225201,0.05707631781952123,0.034588792738723319,0.024019984968868355,0.0061832746840728555,0.0042873434852870387,0.0047026142229359864,0.00070163359446485409,0.0001155117193331352,0.00018443230824116542,0.00093863130256061523,66.728557818526028
1477,3,tier3_voxel_grid,3,20262384,64,64,64,0.24925592684268419,0.75074407315731584,2.8862484228916365,0.49007869767458789,0.50992130232541211,774.91843460469499,1.3986606683168314,4.036882148090017,0.073287327688602757,0.43663397463680936,0.22492894762680982,0.11396037760017219,0.069061075272989075,0.047959060107175981,0.012345721390624193,0.0085602453197820474,0.0093893879813394861,0.0014009037796554123,0.00023063434459934506,0.00036824336768350531,0.001874100883756808,82.079275569595936
1478,3,tier3_voxel_grid,3,20262385,64,64,64,0.051573518968124191,0.94842648103187577,6.2679588862265696,0.13600189840579344,0.86399810159420654,1739.171960343172,1.0428323341426236,6.5364301956336526,0.12417624387352394,0.73982185772068254,0.06242010523782382,0.03162518136414836,0.019165161407012406,0.013309134331450664,0.003426065148885099,0.002375556456205533,0.0026056521052433531,0.00038876526243851624,6.4003411802882244e-05,0.00010219133644848531,0.00052008234433430158,61.092057853084071
1479,3,tier3_voxel_grid,3,20262386,64,64,64,0.12544518314926692,0.87455481685073311,10.965794625719177,0.29339501917189659,0.70660498082810341,174.33975411577424,1.1758013296686805,12.893595901794278,0.10155526066510703,0.60504972016299641,0.13465803189246503,0.068224567461285968,0.041344738304060095,0.028711611882698364,0.007391003080281202,0.0051247551702017649,0.0056211373395108474,0.00083867793731956498,0.00013807367730223909,0.00022045596030612381,0.0011219664664653482,69.416236945833361
1480,3,tier3_voxel_grid,3,20262387,64,64,64,0.02037445205676899,0.97962554794323098,2.5769518800954643,0.056786478997131705,0.94321352100286826,33.131734496161933,0.98667401370218411,2.5426114546511811,0.13556130736021832,0.80765221364264994,0.026063003800948701,0.013204835508672507,0.0080022562072529762,0.0055571200552501469,0.0014305254478100794,0.00099189414550899862,0.0010879686995746421,0.00016232575183920206,2.6724100491926074e-05,4.266915571726703e-05,0.00021715612406525609,57.403492865280654
1481,3,tier3_voxel_grid,3,20262388,64,64,64,0.40978039278021783,0.59021960721978217,13.320821448622665,0.66774883683864139,0.33225116316135861,833.84222365265271,1.6876047070043922,22.480280977860676,0.047752074209260635,0.28449908895209797,0.30647331512636378,0.1552748771764319,0.094098055890168397,0.065345844972240719,0.016821463853948507,0.01166362439840911,0.01279335937863856,0.0019087788835271875,0.00031424711188633394,0.00050174407010744712,0.0025535259769193775,96.27547246999579
1482,3,tier3_voxel_grid,3,20262389,64,64,64,0.092343748266025094,0.90765625173397491,7.0444407435851817,0.22750496570824241,0.77249503429175759,4007.6571485897043,1.1162187468788451,7.8631368192669315,0.11102516497698604,0.66146986931477159,0.10441680644239491,0.052902833608247865,0.032059621518559282,0.022263616796352692,0.0057311467218321257,0.0039738481333140814,0.0043587538100552459,0.00065032936110738038,0.00010706537319044487,0.00017094641153480946,0.00086999753165355317,65.758057342785747
1483,3,tier3_voxel_grid,3,20262390,64,64,64,0.40788532183997994,0.59211467816002006,4.630477584906501,0.66600695361763684,0.33399304638236316,2259.7098144288825,1.6841935793119638,7.7986206176474973,0.048002422578373428,0.28599062380398971,0.30567385177150175,0.154869828618837,0.093852592602714044,0.065175384426838054,0.016777583544431762,0.011633198779501447,0.012759986743880505,0.0019037996612112566,0.00031342736987969048,0.000500435225331174,0.0025468648735101178,96.121204957226936
1484,3,tier3_voxel_grid,3,20262391,64,64,64,0.29678374545748626,0.7032162545425138,10.056568221754633,0.54989178895536972,0.45010821104463028,25.173525409329041,1.4842107418234751,14.926066580608829,0.064690821520351799,0.38541738952427851,0.25238106039957475,0.12786900594932255,0.077489836651217892,0.053812364185770629,0.01385249114815164,0.0096050055534496331,0.010535343361696462,0.0015718811880710696,0.00025878278927049818,0.00041318670896584991,0.0021028310198786832,86.530294472956797
1485,3,tier3_voxel_grid,3,20262392,64,64,64,0.14376197470824895,0.85623802529175108,14.651546781490667,0.32706381034871623,0.67293618965128377,198.99028467295327,1.2087715544748481,17.710372978523431,0.0967162870419183,0.57621990260936551,0.15011082713372523,0.076053734846152438,0.046089288379070351,0.032006436953542855,0.0082391638295658473,0.0057128507423244747,0.0062661956632492294,0.00093492112650497654,0.00015391843779349,0.00024575456868803155,0.001250718668099296,71.390366216088282
1486,3,tier3_voxel_grid,3,20262393,64,64,64,0.12580887533082924,0.8741911246691707,7.3649138802339138,0.29408189880174379,0.70591810119825626,10.072984753479876,1.1764559755954924,8.6644969441473734,0.10145654038751584,0.60446156081074043,0.1349732855711516,0.068384290914589849,0.04144153223949424,0.028778829865464289,0.007408306473754997,0.0051367529537507187,0.0056342972245899507,0.0008406414021144788,0.00013839692749450442,0.00022097207918516981,0.001124593150153987,69.455781495412054
1487,3,tier3_voxel_grid,3,20262394,64,64,64,0.029207321658285126,0.9707926783417149,3.4227956272411548,0.08011398693271124,0.91988601306728879,567.62470894784008,1.002573178984913,3.4316030930188242,0.13220861212972512,0.78767740093756367,0.036769512440485583,0.018629294122000855,0.011289529841292925,0.0078399480184764593,0.0020181757886160948,0.0013993576642769921,0.0015348990062462626,0.00022900809121032534,3.7702183255749462e-05,6.0197361131258293e-05,0.00030636241571872921,58.457991861961418
1488,3,tier3_voxel_grid,3,20262395,64,64,64,0.00029819997854027124,0.9997018000214597,11.797034108440807,0.00086272301664490152,0.99913727698335508,1984.5814926562568,0.95053675996137243,11.213514578591122,0.14359882729011506,0.85553844969324,0.00039595963086772339,0.0002006131692883631,0.00012157349314500349,8.4426001798164788e-05,2.1733117663173787e-05,1.5069254592262415e-05,1.6528857838847085e-05,2.4661180756239817e-06,4.060032775527515e-07,6.482469663236388e-07,3.2991231318630462e-06,54.977302583825526
1489,3,tier3_voxel_grid,3,20262396,64,64,64,0.27631882229096372,0.72368117770903628,12.091187076826726,0.52500378218459287,0.47499621781540713,15.329537411550715,1.4473738801237346,17.500468354688653,0.068267796044475706,0.40672842177093144,0.24095833748172038,0.12208167696977031,0.073982660115802429,0.051376825937870609,0.013225529807008017,0.0091702846719072372,0.010058515552689768,0.0015007381187666748,0.00024707032521687069,0.00039448595034955478,0.0020076572534910059,84.64047885026433
1490,3,tier3_voxel_grid,3,20262397,64,64,64,0.091279675246851197,0.90872032475314879,2.512880904294037,0.22526997893903619,0.77473002106096378,2337.2447889266009,1.1143034154443321,2.8001117742596873,0.11134638357873408,0.66338363748222973,0.10339102583951877,0.052383121289882109,0.031744670898924771,0.022044901179224856,0.0056748444909959818,0.0039348094337712256,0.0043159338343884569,0.00064394058839124856,0.00010601357332411738,0.00016926705052906532,0.00086145076008558067,65.638523417586399
1491,3,tier3_voxel_grid,3,20262398,64,64,64,0.022437509439351036,0.97756249056064892,7.7569553431152878,0.062302028145197773,0.93769797185480219,201.69301593383267,0.99038751699083194,7.6823917416767165,0.13476859708129188,0.80292937477351034,0.028594447569766031,0.014487392915408183,0.0087794982230636406,0.0060968712306661106,0.0015694693223784295,0.001088234700617376,0.0011936407704625828,0.00017809210464144427,2.9319755167196925e-05,4.6813519474649447e-05,0.00023824803355212444,57.65050282183676
1492,3,tier3_voxel_grid,3,20262399,64,64,64,0.20496573927109493,0.79503426072890504,12.894994348745923,0.42735567682038844,0.57264432317961156,12.255837840955421,1.3189383306879707,17.007702320565766,0.082302057141947452,0.49034226603766412,0.19614127915712787,0.099375089207338854,0.06022225145731408,0.041820990565439628,0.010765646712988576,0.007464657104547542,0.0081876814371534407,0.0012216082554814597,0.00020111646742035201,0.00032111351580414493,0.0016342429397724634,77.73083798082132
1493,3,tier3_voxel_grid,3,20262400,64,64,64,0.084006753618336247,0.91599324638166379,11.78027872589511,0.20978570848867703,0.79021429151132294,74.942497390923819,1.1012121565130053,12.972586140067232,0.11357182659776338,0.6766424649135595,0.096284288342675328,0.04878248874706996,0.029562653251159903,0.020529611776179554,0.0052847755289613533,0.0036643443956419024,0.0040192716379774023,0.00059967836458506665,9.8726571085777141e-05,0.00015763222550235388,0.0008022376478384203,64.818279626576185
1494,3,tier3_voxel_grid,3,20262401,64,64,64,0.08082133069584814,0.91917866930415182,11.88462280949544,0.20288730510504313,0.79711269489495684,287.25731661218163,1.0954783952525267,13.019347523527639,0.11456328458745511,0.68254941030750171,0.093118162941288676,0.047178369534854728,0.028590541715602158,0.019854534601658244,0.0051109957531445451,0.0035438494107365775,0.0038871055468412963,0.00057995908394794474,9.5480135868911744e-05,0.00015244879005477728,0.00077585759104524868,64.45725176963731
1495,3,tier3_voxel_grid,3,20262402,64,64,64,0.056627442469975676,0.94337255753002436,14.988051458217106,0.1480379456250262,0.85196205437497374,928.48694461161733,1.0519293964459562,15.766371924343254,0.12244638922221053,0.72951566515276323,0.067944229113141158,0.034423981827065103,0.020861261170052131,0.014486980899316134,0.0037292688717118988,0.0025857910927363495,0.0028362500023552529,0.00042317064288361798,6.9667656902998261e-05,0.00011123517896324594,0.00056610916989830611,61.680013597840357
1496,3,tier3_voxel_grid,3,20262403,64,64,64,0.43731314425135476,0.5626868557486453,11.058641724101468,0.69228431069749463,0.30771568930250537,3228.1236071159906,1.7371636596524385,19.210670528225258,0.044225766709478205,0.26348992259302717,0.31773423779201576,0.160980229967364,0.097555554073755699,0.067746884379050673,0.017439544431385637,0.012092187558296429,0.013263433031012966,0.0019789142275598859,0.00032579367157097537,0.00052017993676389579,0.0026473516287186748,98.483362652134247
1497,3,tier3_voxel_grid,3,20262404,64,64,64,0.10517714143724019,0.89482285856275978,14.55339597561146,0.2538684739464353,0.7461315260535647,2442.2244696818311,1.1393188545870323,16.580958433285176,0.10723612722064493,0.63889539883291979,0.11651673282545293,0.059033268103657471,0.035774723267598875,0.02484354749366911,0.0063952778687938966,0.0044343417215476928,0.0048638506619939062,0.00072569019297194829,0.00011947221819861617,0.00019075585663750239,0.00097081373591333109,67.190200371808444
1498,3,tier3_voxel_grid,3,20262405,64,64,64,0.18322020243844681,0.81677979756155317,8.7441337107603001,0.39369978750189594,0.60630021249810406,11.509121190409852,1.2797963643892043,11.190710532764115,0.087139176473670615,0.51916103602443342,0.18069440541669954,0.091548921954193452,0.055479519490728706,0.038527428069365155,0.0099178109783374657,0.0068767868902559013,0.0075428702993345616,0.0011254019466219649,0.00018527777863075538,0.00029582460183209895,0.001505540075896324,75.522773063424864
1499,3,tier3_voxel_grid,3,20262406,64,64,64,0.15769348578852566,0.84230651421147429,12.979390175730559,0.35146710897053068,0.64853289102946932,4813.4767828334288,1.2338482744193462,16.014598171340566,0.093208976139973629,0.55532391488949573,0.16131108599760305,0.081728352287856312,0.049528160648008288,0.034394541702780668,0.0088539147404433725,0.0061391051863675401,0.006733736978290935,0.0010046786438946825,0.00016540279491900913,0.00026409111934759549,0.0013440388710192182,72.868074395913283
