run_id,thickness_cm,w_regolith,incident_energy_mev,target_dose_sv_per_particle,target_secondary_neutrons,target_secondary_gammas,transmission_probability,target_secondary_protons,target_secondary_pions,target_secondary_light_ions,sem_dose,sem_neutrons,rel_sem_dose,rel_sem_neutrons,p_nuclear_interaction,mean_neutrons_given_interaction,log_mean_dose,log_std_dose,n_events,target_dose_sv_per_particle_shrunk,target_dose_sv_per_particle_shrunk_sem,target_dose_sv_per_particle_gp_only,target_secondary_neutrons_shrunk,target_secondary_neutrons_shrunk_sem,target_secondary_neutrons_gp_only
0,6.639443076880144,0.1920618567281157,231.3570852319424,9.799867164532196e-14,0.0664,0.1399,0.9343,0.0548,0.0,0.0002,2.081453058189084e-16,0.0044498409082135,0.0021239604815484,0.0670156763285174,0.0377,1.7612732095490715,-30.022176844001805,0.651409591380475,10000,9.792524464006318e-14,8.689354012920702e-16,9.780330333120839e-14,0.06718889755303736,0.003955392904390955,0.0701587128671084
1,10.65349123172878,0.1931560505709857,300.64137933754125,7.935275169216799e-14,0.1008,0.2229,0.8953,0.0843,0.0001,0.0003,2.3723385989125006e-16,0.0057712448160403,0.0029896110069572,0.0572544128575432,0.0543,1.856353591160221,-30.26596303260989,0.7590786568415318,10000,7.936705913619797e-14,8.681782061878672e-16,7.938915811208338e-14,0.09993429019279819,0.0047984989087919505,0.09799555154199986
2,13.854229362781425,0.218966503324204,5594.274502626339,1.2431057920032e-13,0.5283,1.325,0.8291,0.2387,0.2234,0.0087,1.5435198851564466e-15,0.0155584098612853,0.0124166414080425,0.0294499524158344,0.1745,3.0275071633237824,-30.31122556946074,1.04322739771456,10000,1.2493042999089805e-13,1.2730536225134625e-15,1.2531737477404274e-13,0.5378899350468656,0.0076620481904158795,0.5409604244984608
3,4.402463064579641,0.3171602942553581,173.03998549332994,7.300008897544018e-14,0.0473,0.095,0.9542,0.0347,0.0,0.0,1.3661796276078446e-16,0.0037050835030234,0.0018714766608948,0.0783315751167746,0.0262,1.8053435114503815,-30.30105486130992,0.5709769970784553,10000,7.264835184181013e-14,8.593237675995899e-16,7.206676816545843e-14,0.047746142180688365,0.003406120129966743,0.050180767351827735
4,7.723323925545913,0.4364160445804736,126.2156393597328,2.0915506270617e-14,0.0514,0.1462,0.8766,0.0144,0.0,0.0001,8.047267540352072e-17,0.0035237828685335,0.0038475126713319,0.0685560869364501,0.0321,1.601246105919003,-31.672477854156234,1.1139014529692393,10000,1.9981923461417417e-14,8.552148487731672e-16,1.842728722487809e-14,0.05077585959621334,0.003261638728343804,0.047043039864688996
5,14.101879105263343,0.5620745270993925,55.19152134540765,1.2789495841367189e-17,0.0027,0.0208,0.0,0.0,0.0,0.0,2.242478354342821e-18,0.0008884536763351,0.1753375099501264,0.3290569171611782,0.0014,1.9285714285714288,-36.03512889238873,2.2528810492735114,10000,1.807551062431294e-16,8.685388381726645e-16,5.28601071801493e-16,0.002711194189776082,0.0008840712913194252,0.0038375208127256755
6,11.576275442394737,0.270838556613743,2847.6317369599137,8.133083792248999e-14,0.436,0.9003,0.8421,0.2001,0.0815,0.0017,9.037806839493703e-16,0.0137335086895553,0.0111123985321618,0.031498873141182,0.1579,2.7612412919569347,-30.54054978614668,0.8251543761505244,10000,8.150648005214238e-14,1.041812746193874e-15,8.167043535559497e-14,0.4264035974755227,0.0073241950945962895,0.42258937754643267
7,6.951357757630788,0.4755470075886156,17.70980412294754,1.732793867e-18,0.0,0.0027,0.0,0.0,0.0,0.0,6.855893335057261e-19,0.0,0.3956554478650668,,0.0,0.0,-35.82265448107545,2.2244730599152707,10000,0.0,8.533403512139903e-16,-3.949474695556184e-17,0.0,1e-15,0.00045219456583917017
8,4.968735087360645,0.3508425019363357,15.172828814996782,4.668431645400002e-19,0.0,0.0012,0.0,0.0,0.0,0.0,3.237398326366713e-19,0.0,0.6934659372289741,,0.0,0.0,-37.432920272058624,3.3095398353034766,10000,0.0,8.514945802834226e-16,-9.6553123354574e-17,0.0,1e-15,-0.00026206674114354067
9,12.255591164852651,0.2775946649037018,16.620110316220735,9.811485000000001e-19,0.0,0.0005,0.0,0.0,0.0,0.0,6.3676557431925345e-19,0.0,0.6490002016200945,,0.0,0.0,-34.17739084665435,1.3194149658151817,10000,0.0,8.532235883816966e-16,-8.560648799116577e-17,0.0,1e-15,0.0002832205174508884
10,5.995715553211527,0.5763484954581973,347.81503336969377,7.085053239737804e-14,0.1018,0.1969,0.9157,0.0787,0.0,0.0004,2.839786340373754e-16,0.0052579882696773,0.0040081369105969,0.0516501794663784,0.056,1.8178571428571428,-30.37930983761439,0.670260409996195,10000,7.080022270393423e-14,8.797146066436205e-16,7.07198503419041e-14,0.10149699569961522,0.0044969604683612165,0.10067160148977607
11,13.18587570941034,0.6419142072880712,71.38731657476782,2.2590669047100006e-17,0.0078,0.0301,0.0,0.0,0.0,0.0,3.55184720855938e-18,0.0015146436592616,0.1572262955627396,0.1941850845207215,0.0043,1.813953488372093,-35.92027266866279,1.866161484518902,10000,0.0,8.639777281568491e-16,-2.7021915312832735e-16,0.007640241943464386,0.0014932256389477599,0.0021108756828174258
12,1.0081207326168689,0.2018446710344278,57.74922778858903,2.2953140747793e-14,0.0044,0.0218,0.9823,0.0077,0.0,0.0001,2.8064362155540265e-17,0.0007733846471072,0.0012226806982063,0.1757692379789252,0.0037,1.1891891891891893,-31.426008500696994,0.3651008019811579,10000,2.3134770005094774e-14,8.663455917173617e-16,2.3498066874821086e-14,0.0043991039531782634,0.0007704870147137642,0.004280197105006128
13,10.812415069382965,0.6834626624378594,238.96519089245191,7.365224922172932e-14,0.1536,0.2571,0.8308,0.0776,0.0,0.0002,2.705661821580134e-16,0.0067959784087541,0.0036735630617807,0.0442446510986601,0.0851,1.8049353701527613,-30.48743349040683,1.3632566349555608,10000,7.508139806211332e-14,8.794687238617056e-16,7.743757752657718e-14,0.1497924242384819,0.0053816888770362,0.1433894272670391
14,7.4241308590479775,0.6634542289006882,17.07400799306104,1.05390207e-18,0.0,0.0017,0.0,0.0,0.0,0.0,4.721768415270099e-19,0.0,0.448027245574164,,0.0,0.0,-35.44547503289692,1.64529960406982,10000,3.5608667052676695e-17,8.611185270187706e-16,1.0018618840983357e-16,0.0,1e-15,0.000401560266302059
15,12.565822199330029,0.4333525100897858,3187.30294335513,8.763110030309e-14,0.5398,1.1947,0.8117,0.244,0.11,0.0033,9.68816566429182e-16,0.0156998804015974,0.011055624807612,0.0290846246787651,0.1799,3.000555864369094,-30.4870574021322,0.8595312551230517,10000,8.787163463462069e-14,1.0641909447305597e-15,8.808548775611383e-14,0.5421988651185693,0.007588410369135514,0.5429301225019902
16,6.836296708629567,0.5249347821743156,4803.968860141667,1.0613748557337001e-13,0.3809,0.8186,0.8841,0.1718,0.1241,0.0063,1.3389635854787756e-15,0.0135963232162412,0.0126153693791171,0.0356952565404075,0.1266,3.0086887835703,-30.414258317760677,0.953776148157076,10000,1.053878179204914e-13,1.1649396196629732e-15,1.0494764613764601e-13,0.38555295526694017,0.007286319989736778,0.38742764891414017
17,14.253264618815656,0.0677661019571656,1255.0767899919908,6.801725770222e-14,0.3195,0.6759,0.8226,0.1881,0.0523,0.0017,6.155201280848981e-16,0.0101396378744816,0.0090494699268772,0.0317359557886749,0.1534,2.0827900912646675,-30.60285682142209,0.7665513826806071,10000,6.761040734719687e-14,9.651050043258017e-16,6.705853116971256e-14,0.31234222616860174,0.006683404086028777,0.30684345342169117
18,5.2680851231328205,0.0505023264521897,2999.730013756458,7.634107034047999e-14,0.196,0.4231,0.9341,0.0886,0.0413,0.0007,8.887560956874917e-16,0.0082792061530953,0.0116419129535864,0.0422408477198744,0.0861,2.2764227642276422,-30.60013779142843,0.789455243345946,10000,7.62098591882785e-14,1.0501288133999944e-15,7.607258216074293e-14,0.1987250752607318,0.006021799562018038,0.20178601460456289
19,12.29735841550444,0.3989347614008737,1196.109500301446,6.66177910498796e-14,0.3624,0.6729,0.8237,0.1804,0.0449,0.0016,5.837726629341197e-16,0.0116593403767881,0.0087630144100248,0.0321725727836317,0.1578,2.296577946768061,-30.61617461815186,0.7803960212468359,10000,6.679663040490613e-14,9.427328214165393e-16,6.701485456128004e-14,0.3633408743706946,0.006952458596610738,0.3638600171494946
20,8.311094905689956,0.5359801551037998,285.01618836259,8.312356450059416e-14,0.1119,0.2179,0.8906,0.0847,0.0,0.0001,2.283455816981976e-16,0.0057603087691296,0.0027470619561383,0.0514772901620162,0.0605,1.849586776859504,-30.220761664056628,0.801772443372989,10000,8.518226856163099e-14,8.714916718676494e-16,8.856853557380735e-14,0.1126483256483212,0.004793262368113503,0.11433296243068883
21,14.134193343997453,0.5774371314506664,21.92263944453668,8.916980899999998e-19,0.0,0.0017,0.0,0.0,0.0,0.0,4.683765650589264e-19,0.0,0.5252636181590639,,0.0,0.0,-35.63683393990822,1.422375423893358,10000,1.2810101662598777e-17,8.655340840701971e-16,3.6485197323149617e-17,0.0,1e-15,-0.0008289093761498223
22,9.572114066499708,0.3834581566209041,3580.456191707949,8.956540083148399e-14,0.4306,0.8877,0.8594,0.191,0.0935,0.0021,1.0454997598098648e-15,0.0140782876735198,0.0116730316629404,0.0326945835427772,0.1489,2.8918737407656145,-30.49490325249857,0.8817698590472185,10000,8.958541223114836e-14,1.0828274259564778e-15,8.960134006883233e-14,0.431833971687692,0.007351361955256503,0.4322965753915734
23,6.726590637700498,0.3046331938193508,22.140271525723712,2.66160558e-18,0.0,0.0044,0.0,0.0,0.0,0.0,8.019884578675365e-19,0.0,0.3013175445279674,,0.0,0.0,-35.688013530455905,1.7257755137144362,10000,0.0,8.53095445155412e-16,-6.901620519192944e-17,0.0,1e-15,0.0008425682179960259
24,5.910701571316164,0.0470241615732628,21.3738813646174,1.8706874499999997e-18,0.0,0.0037,0.0,0.0,0.0,0.0,7.045291755923054e-19,0.0,0.3766151184647683,,0.0,0.0,-35.67017389889911,1.683656057238542,10000,5.3758138705132445e-17,8.630069765677263e-16,1.5328859797717686e-16,0.0,1e-15,0.0007389984332604738
25,11.870707083674462,0.6872629895797087,236.9606142568327,6.788757891221788e-14,0.1456,0.2679,0.8196,0.0765,0.0,0.0002,2.6196960258528357e-16,0.0063548487322863,0.0038588738438297,0.043645939095373,0.0809,1.799752781211372,-30.57432000646625,1.35156148934497,10000,6.8613996788748e-14,8.802527184657227e-16,6.985013636200678e-14,0.14663762868331587,0.005164058476676026,0.14865496227173686
26,12.484134366578148,0.1569008475024169,40.61358931557567,4.400380315e-18,0.0006,0.0119,0.0,0.0,0.0,0.0,8.932263456448855e-19,0.0003741363358453,0.2029884422944214,0.6235605597422399,0.0003,2.0,-36.08598819430696,1.7271283968616948,10000,2.3433413860842516e-18,8.602501908377465e-16,-1.455177502775517e-18,0.0005994766203444729,0.0003737886712357952,0.00031825379431504874
27,14.809540389293224,0.5395534571538225,5124.671765990887,1.2256668850253998e-13,0.7859,1.9904,0.7668,0.3268,0.2441,0.0081,1.4569175274558154e-15,0.020037122239153,0.0118867332164695,0.0254957656688549,0.2324,3.381669535283993,-30.290427883656346,1.0257182227302724,10000,1.2216177837631273e-13,1.2886963503680802e-15,1.2183145611848154e-13,0.7805363609737461,0.008455621498403947,0.779374239572024
28,5.769121353984084,0.3410913109983047,12.375287048084571,2.6216023000000002e-19,0.0,0.0004,0.0,0.0,0.0,0.0,1.850666317159606e-19,0.0,0.7059294680812592,,0.0,0.0,-35.567575256376095,2.2207700063535807,10000,0.0,8.528754979278603e-16,-5.229476498717296e-17,0.0,1e-15,-0.00034906274558635375
29,8.126355812517653,0.2617247398364509,11.142891723245054,5.808538000000001e-19,0.0,0.0009,0.0,0.0,0.0,0.0,3.3608634923411677e-19,0.0,0.5786074727136444,,0.0,0.0,-35.09255658674198,1.14416328788573,10000,0.0,8.529210974554542e-16,-1.2794267154944408e-16,0.0,1e-15,-0.00019486124941023308
30,7.6719117537080095,0.4854750504916303,684.0812507079241,6.151691685714657e-14,0.212,0.3629,0.8859,0.1118,0.0162,0.0012,4.360042073912298e-16,0.0085283570098424,0.0070875497288609,0.0402280991030303,0.0977,2.169907881269191,-30.6057938852076,0.6894861481390869,10000,6.168827279254674e-14,9.06597138527455e-16,6.192681881015102e-14,0.2076098010082864,0.006069197755306599,0.20310495432381362
31,11.907110468556434,0.2812592943583976,504.3586049645101,6.259490496278e-14,0.1709,0.3303,0.8613,0.1301,0.0052,0.0002,3.762918648705181e-16,0.007264612615938,0.0060115414360684,0.042507973176934,0.0905,1.8883977900552489,-30.575355274077108,0.7987307169340206,10000,6.262360475261542e-14,8.948817961042182e-16,6.266590711958028e-14,0.169237221679289,0.005563351752527815,0.16687903198631943
32,4.0952897489681686,0.0951590967043191,52.21123765684881,2.0866821036169002e-17,0.0061,0.0333,0.0,0.0,0.0,0.0,2.668099343951745e-18,0.0012753202124033,0.1278632398929889,0.2090688872792306,0.0037,1.648648648648649,-35.64498594905131,1.92900200441696,10000,0.0,8.568727691499e-16,-1.0235343291869032e-15,0.006052177810648224,0.0012617556741221568,0.0038398905706368835
33,9.251022288464204,0.0135759956776697,83.67593728169197,4.63189046972088e-17,0.0107,0.0637,0.0,0.0,0.0,0.0,5.519793750884877e-18,0.0017489588004548,0.1191693496849355,0.1634540935004559,0.0068,1.5735294117647058,-35.908440315058485,2.3331597463954616,10000,0.0,8.580879644043772e-16,-2.463747210330181e-16,0.010725799652305737,0.0017163893620322638,0.011399223259274727
34,4.264185213693044,0.6729477176905709,32.09537824263906,6.166505133e-18,0.0003,0.0128,0.0,0.0,0.0,0.0,1.1918103992659886e-18,0.0002235978524046,0.1932716139143427,0.7453261746820798,0.0002,1.5,-35.88654671617638,1.706303223837647,10000,5.794418326239951e-17,8.634057040941861e-16,1.5781224036098796e-16,0.0003000579725938493,0.0002235268887722861,0.0003913468234339468
35,2.8133090249011827,0.1407236312989995,452.33012951355954,6.259283367400999e-14,0.0529,0.0966,0.971,0.0347,0.0009,0.0006,3.420924229244718e-16,0.0037804216906075,0.0054653608543451,0.0714635480266073,0.0286,1.8496503496503496,-30.50336819577165,0.4540318452984908,10000,6.249210520502877e-14,9.029028534327407e-16,6.231018342804099e-14,0.052420562318827676,0.0034672537909819557,0.04988118375807471
36,1.615100351019901,0.6421787855482795,4084.025521928997,8.474206222659999e-14,0.1209,0.2243,0.9666,0.0594,0.0312,0.0032,1.0849077609596194e-15,0.0068083003969735,0.0128024706084987,0.0563134855001943,0.0505,2.394059405940594,-30.56479058477688,0.8401127025906362,10000,8.512909346146797e-14,1.1118500118952585e-15,8.545986452230467e-14,0.11589765595814427,0.005425066847207233,0.10719719589472074
37,9.594111275261913,0.1883905535753963,11.717678037034334,2.0041799999999998e-20,0.0,0.0002,0.0,0.0,0.0,0.0,2.0041799999999998e-20,0.0,1.0,,0.0,0.0,-36.14612648835644,,10000,1.6193619862650475e-17,8.608260045759098e-16,4.629787354450624e-17,0.0,1e-15,-0.0004134592709074125
38,13.103683454025902,0.4116669133340901,88.40624833144463,5.06281608083653e-17,0.01,0.0617,0.0,0.0,0.0,0.0,6.184144943081482e-18,0.0014866812106508,0.1221483230743723,0.1486681210650827,0.0067,1.492537313432836,-35.799838961277494,2.335864984036809,10000,2.0166953226274317e-17,8.524885862907485e-16,-3.0372500786077885e-17,0.009934743795861666,0.0014651495529496292,0.007730717355879602
39,6.901285012411124,0.4636650232481049,4599.868139588928,1.0147324999434999e-13,0.3818,0.7858,0.8902,0.1612,0.111,0.006,1.2826700683157737e-15,0.0133977918360679,0.0126404748875904,0.0350911258147405,0.1294,2.9505409582689337,-30.445477128148347,0.9357442124426718,10000,1.0138834191839038e-13,1.1523617927195993e-15,1.0133484689837336e-13,0.370799137113016,0.00725056742668379,0.36624290199249465
40,6.930548418956815,0.3207634049192744,436.3461127605575,6.456056028471813e-14,0.1022,0.2086,0.9204,0.0822,0.0019,0.0009,3.4109551631112403e-16,0.0056585084493872,0.0052833419475738,0.0553670102679772,0.0542,1.8856088560885609,-30.494588800579315,0.6730400451096233,10000,6.450147845451698e-14,8.889950579510615e-16,6.441118731291501e-14,0.10272954163949663,0.004731105582491236,0.10395969015780508
41,5.737452464246407,0.3051805800521977,207.4970937953773,8.663865648679e-14,0.0661,0.1363,0.9338,0.0512,0.0,0.0002,1.871308100490056e-16,0.0043445329434416,0.0021598997218699,0.0657266708538825,0.0378,1.7486772486772486,-30.14636204968689,0.6242801324068754,10000,8.719435287231315e-14,8.642771097964938e-16,8.809853132298363e-14,0.0662342557452469,0.003881101278731648,0.06676475861049534
42,12.010254628684894,0.3629992220451958,503.26090478368,6.29801727606334e-14,0.1857,0.353,0.8472,0.1393,0.0055,0.0008,3.7799020106203724e-16,0.0073883022204678,0.0060017333153189,0.0397862262814639,0.0991,1.8738647830474269,-30.565610362974244,0.7774932074569536,10000,6.283094005526641e-14,8.95086350915055e-16,6.261160939880419e-14,0.18318054544706874,0.0056156870071149365,0.1797337044979494
43,9.973181983993008,0.1987203899480161,2547.7086392126844,7.512997332304e-14,0.3465,0.6811,0.8696,0.1705,0.0606,0.0012,8.172531056460533e-16,0.0117114256497266,0.010877856992336,0.0337992082243192,0.1321,2.623012869038607,-30.586001894158724,0.7824170093989162,10000,7.600498676596922e-14,1.0165147467427317e-15,7.690512785030292e-14,0.34724569011820117,0.006958855109437394,0.3476526527711246
44,4.998576762696128,0.6144381274245502,1602.5742823083815,6.702086613234999e-14,0.2497,0.4342,0.9058,0.1134,0.0307,0.0016,6.642083839921627e-16,0.0099621742351531,0.0099104715042105,0.0398965728280061,0.1017,2.455260570304818,-30.63164499200984,0.7038851794747076,10000,6.734904779096362e-14,9.69542279861949e-16,6.773689009708378e-14,0.24721593878207104,0.006537823770809394,0.24533676641994123
45,2.437120497203723,0.3220193390338206,150.32644706653073,6.8332919490808e-14,0.0255,0.0625,0.9703,0.0233,0.0,0.0001,1.0114811533241601e-16,0.0023633733419321,0.0014802252865256,0.0926813075267493,0.0167,1.526946107784431,-30.339333164098072,0.3533839748603388,10000,6.831642888016679e-14,8.580886070056854e-16,6.828842374588572e-14,0.025647039291158368,0.002281768469711718,0.02766662125452811
46,8.879361137878998,0.5585613926667027,1618.1794565978992,6.955916663307999e-14,0.3722,0.6826,0.8567,0.1642,0.0446,0.0023,6.796978810380546e-16,0.0125643345327249,0.0097715069621724,0.0337569439353169,0.1417,2.6266760762173607,-30.61243824449564,0.7619710434773315,10000,6.973784687292784e-14,9.791386888289774e-16,6.99560050754777e-14,0.378836880278373,0.007138592504879785,0.38200060928827506
47,4.476753401386024,0.6547623476543449,20.742282454393088,2.6076836800000002e-18,0.0,0.0038,0.0,0.0,0.0,0.0,8.310762331927742e-19,0.0,0.3187028547851993,,0.0,0.0,-35.41685870115803,1.6874197252796512,10000,1.8614728910457187e-17,8.600397568662985e-16,4.80876637470175e-17,0.0,1e-15,0.0003926055804674422
48,3.916914098923468,0.6228754113572238,500.4225389389181,6.259954814533e-14,0.1065,0.1863,0.9368,0.0676,0.0036,0.0004,3.768688362592155e-16,0.005362709284036,0.0060203124051995,0.0503540777843761,0.0579,1.839378238341969,-30.537353859368537,0.5769343382514216,10000,6.253625965762539e-14,9.000093357862702e-16,6.243727151644445e-14,0.10400761635307182,0.004567879694981865,0.09741898551828582
49,3.5431403909102657,0.6157951746518576,43.44669806915534,1.9404070631900002e-17,0.0032,0.0275,0.0,0.0,0.0,0.0,2.7887044856675808e-18,0.0007867896185069,0.1437174981770573,0.2458717557834352,0.0024,1.3333333333333333,-35.38636938491801,1.7063630650209278,10000,0.0,8.626018541190388e-16,-6.996865981550365e-16,0.0031969355859545246,0.0007836407004033384,0.002816394655702492
50,10.913621275374188,0.2721151249731414,20.40419671261192,1.192333774e-18,0.0,0.0043,0.0,0.0,0.0,0.0,4.428529487097001e-19,0.0,0.3714169290231814,,0.0,0.0,-36.622597292575776,1.8076744354581409,10000,0.0,8.53423310305502e-16,-1.8084160550612813e-17,0.0,1e-15,0.0005497249102078827
51,11.933495662660302,0.4311493313208034,275.83890480202854,9.61794233821719e-14,0.1145,0.2443,0.8587,0.0905,0.0,0.0002,3.0713974282854873e-16,0.0053685991828146,0.0031934038698497,0.0468873291075518,0.0695,1.6474820143884892,-30.150812039547635,1.1213501295381023,10000,9.411685770827619e-14,8.814846956284587e-16,9.095105298455265e-14,0.11705654094142535,0.004559424986800383,0.12367212285506711
52,9.061375151350836,0.0827589361038104,60.05456295732484,1.76308176507e-17,0.0029,0.0309,0.0,0.0,0.0,0.0,2.5803068410235882e-18,0.0006551350396613,0.1463520803257324,0.2259086343659671,0.0025,1.16,-35.945505021106115,1.9761494199911809,10000,1.6955153921832015e-16,8.569344914034192e-16,4.3755501157520304e-16,0.002904856629778849,0.0006532780341266615,0.003757903780478772
53,13.200825956742102,0.5132830542252205,123.64255653397176,1.3522114068921042e-16,0.0376,0.1054,0.0,0.0,0.0,0.0,1.274520214620198e-17,0.0034292564762639,0.094254508438849,0.09120362968787,0.022,1.709090909090909,-35.49765614513785,2.364621888054729,10000,0.0,8.50519408789737e-16,-6.505292694616341e-16,0.03753577563668731,0.0031881787330121617,0.0371265731037483
54,1.6418513360849811,0.2379825408071177,3012.245020050692,7.152634005999999e-14,0.0766,0.1558,0.9762,0.0346,0.0158,0.0008,8.279883159527796e-16,0.0048078639285607,0.0115759916592715,0.0627658476313413,0.0388,1.9742268041237117,-30.638948192245408,0.7457407317383635,10000,7.197154225222731e-14,1.0354780473059366e-15,7.248568674737592e-14,0.07871213963966105,0.004226576795256038,0.08589683193803564
55,5.8872047253506175,0.4583460981198715,315.0529112377388,7.4756185063583e-14,0.091,0.1694,0.9249,0.0724,0.0001,0.0002,2.476980727910386e-16,0.0054840593989078,0.0033134124297589,0.0602643889989869,0.0495,1.8383838383838385,-30.29766215304248,0.5480718501182754,10000,7.467613769551006e-14,8.716968296453643e-16,7.454981765451822e-14,0.08931524550636495,0.004628494031078461,0.08514365170375604
56,1.1370400370003213,0.6220886469489673,106.02741282677012,4.8701583815882e-14,0.0121,0.0323,0.9828,0.0136,0.0,0.0003,5.686477716797683e-17,0.0014267314240093,0.0011676165888763,0.1179116879346535,0.0092,1.315217391304348,-30.672056107952717,0.3049011612705661,10000,4.8664335499066806e-14,8.690503571913728e-16,4.858802251240985e-14,0.01212770028307373,0.0014095663172782951,0.013258164725667432
57,12.372526133460504,0.6065472162910684,1675.436270017252,7.271990745003e-14,0.5221,1.0041,0.7876,0.2307,0.0636,0.0025,7.030767482563304e-16,0.0149704231856362,0.0096682844204587,0.0286734786164264,0.1914,2.7277951933124345,-30.589496917812312,0.834168229690697,10000,7.27862053807583e-14,1.001310815757449e-15,7.287702826118798e-14,0.5214868140521591,0.0075636905297438405,0.5212766334918393
58,4.013130327035901,0.3910457083776168,327.43854806226614,7.2018681246271e-14,0.0576,0.1194,0.9544,0.0499,0.0,0.0003,2.6175323876968393e-16,0.0039306194138961,0.0036345186310008,0.0682399203801423,0.0327,1.761467889908257,-30.33472795852023,0.5104083572092627,10000,7.206257123458199e-14,8.714042168092689e-16,7.21292929182465e-14,0.058023053027408164,0.0035772307048902437,0.060063477122454315
59,4.929404494735478,0.014050550609081,1388.3622097289233,6.460075793119e-14,0.1458,0.2906,0.9367,0.0787,0.0226,0.0004,6.054158370436645e-16,0.0068803321065912,0.0093716522287327,0.047190206492395,0.0723,2.016597510373444,-30.638599890731697,0.6679730412949066,10000,6.451201623933695e-14,9.631866070113226e-16,6.438933449307353e-14,0.14816077831521463,0.005437314346505546,0.15208745080255262
60,11.1276859367518,0.4326497249014743,107.389614475078,8.085218847380001e-17,0.0227,0.0874,0.0,0.0001,0.0,0.0,8.235989235588301e-18,0.0022178735077297,0.1018647657046062,0.0977036787546161,0.0155,1.464516129032258,-35.68399844671886,1.9437677444414567,10000,0.0,8.528048112719846e-16,-1.020594501945781e-15,0.022909770923225044,0.0021479114830178173,0.026078268185441317
61,10.32105132884958,0.4019063941983481,1182.1611355195505,6.69518653553165e-14,0.3229,0.5827,0.8515,0.1542,0.0365,0.0017,5.878477192063102e-16,0.010983424901289,0.0087801544600225,0.034014942401019,0.1379,2.3415518491660623,-30.6071732588222,0.7543878725497071,10000,6.667017162073793e-14,9.450000455544428e-16,6.632363761408375e-14,0.3238942948458548,0.006792790866415913,0.3245101699192644
62,2.0605125278638448,0.5062892488882379,459.73378536241495,6.274858912323e-14,0.052,0.0893,0.9716,0.0365,0.0018,0.0005,3.490686603453561e-16,0.0036126036442583,0.0055629722551981,0.0694731470049691,0.0284,1.8309859154929575,-30.502824903278043,0.4420741256221057,10000,6.283250922095387e-14,8.912818380199051e-16,6.296128184055218e-14,0.05109166944394852,0.0033360968950978606,0.045830141225721335
63,7.353550368518053,0.6136961538630841,10.36377698232711,1.09573e-20,0.0,0.0002,0.0,0.0,0.0,0.0,1.09573e-20,0.0,1.0000000000000002,,0.0,0.0,-36.749940680093104,,10000,4.317798656299361e-17,8.651696162664712e-16,1.2849481776749027e-16,0.0,1e-15,5.2317723485323375e-05
64,9.510854259297492,0.4886788140863416,15.47723694489288,8.957635599999999e-19,0.0,0.002,0.0,0.0,0.0,0.0,4.008491251962997e-19,0.0,0.4474943423645182,,0.0,0.0,-35.59841812226435,1.3729977589120133,10000,2.3749604946450434e-17,8.547045872904555e-16,6.284905671071824e-17,0.0,1e-15,0.00025143468447169637
65,12.543660162457194,0.2008536213639569,145.96572069619847,1.4804831136132412e-14,0.0487,0.1651,0.8012,0.0112,0.0,0.0,8.237592960908422e-17,0.0035403508877568,0.0055641249029878,0.0726971434857673,0.0316,1.5411392405063291,-32.06050666327966,1.39994300564608,10000,1.429039955263523e-14,8.596803726432432e-16,1.338133956638133e-14,0.04884365613903271,0.0032772188573464427,0.04970372212770066
66,3.266166609786664,0.4907885156193133,4022.028932040989,8.863092761049e-14,0.1925,0.3751,0.9436,0.087,0.0514,0.0031,1.1331100856760737e-15,0.0090062470679315,0.0127845901676195,0.0467856990541896,0.0761,2.5295663600525624,-30.53581167808165,0.8656121676642525,10000,8.79587093667992e-14,1.1162564395044847e-15,8.744602421127213e-14,0.1886562292570939,0.0062501921290692795,0.18508511982305145
67,13.105596286690098,0.1271663207797722,18.01823326402776,8.424851399999999e-19,0.0,0.0021,0.0,0.0,0.0,0.0,4.117276468244505e-19,0.0,0.4887061234391037,,0.0,0.0,-36.456561415915786,1.6606311639089473,10000,5.13869759226892e-18,8.56194073966255e-16,1.2641065934732281e-17,0.0,1e-15,0.0002555046783959125
68,12.67586992798139,0.2089594938526671,75.46339776557821,2.3407062216429e-17,0.0046,0.0426,0.0,0.0,0.0,0.0,3.714239570445448e-18,0.0010285863109043,0.1586802964038131,0.2236057197618234,0.003,1.5333333333333334,-36.13662503462808,1.9331368889363647,10000,0.0,8.579178407635261e-16,-3.960314266507995e-16,0.004596288280752108,0.0010213949930607666,0.004333622085268857
69,8.777675185712948,0.1744764781645066,2192.741015113971,7.465766541891e-14,0.3065,0.6249,0.8784,0.1539,0.0497,0.0021,7.959577452876493e-16,0.0107520851807253,0.0106614336360702,0.0350802126614203,0.124,2.471774193548387,-30.586124117896144,0.7844867281177106,10000,7.416487798812867e-14,1.0109496112281804e-15,7.364297360361585e-14,0.30143653339570053,0.006736658824672829,0.29816428117977756
70,5.641520217267333,0.0277288122490302,332.3536469525538,7.21741241345154e-14,0.0644,0.1457,0.9443,0.0611,0.0,0.0003,2.703754452365013e-16,0.0044885720143351,0.0037461548509073,0.069698323203962,0.0338,1.9053254437869824,-30.333895530683307,0.5125935619787848,10000,7.199943885245421e-14,8.85128814257428e-16,7.168973045035213e-14,0.06439076508794653,0.004004710726566046,0.06435472560039814
71,1.7111615044222988,0.5638661433395125,47.70040121749896,2.6124831849700006e-17,0.0043,0.0342,0.0019,0.0,0.0,0.0,2.7215713443816044e-18,0.0009839958459172,0.104175650202811,0.2288362432365784,0.0028,1.5357142857142858,-35.39001200138926,1.8458490551520503,10000,8.121227227775576e-16,8.675284498713336e-16,2.417165939964722e-15,0.00429577474017034,0.0009781509042609013,0.00394327932188665
72,1.0641101276521316,0.2188089148916298,16.98810258595099,3.9234880994000005e-18,0.0,0.0043,0.0,0.0,0.0,0.0,1.118870710984755e-18,0.0,0.285172449269276,,0.0,0.0,-34.75767770835047,1.8888327957192828,10000,4.9054168192692825e-17,8.797426569283895e-16,1.5843858959361172e-16,0.0,1e-15,-0.0006107233513062416
73,1.1082892701909672,0.6209928906105022,4275.853647555168,8.766686908679999e-14,0.0642,0.1347,0.9804,0.0327,0.0175,0.0032,1.1525620456392037e-15,0.0044395728376385,0.0131470652213898,0.0691522248853357,0.0319,2.012539184952978,-30.55363333487704,0.8589689509561429,10000,8.72663545645283e-14,1.1473115579754554e-15,8.691745088656396e-14,0.06565993508109186,0.00398651575700492,0.07173766743620388
74,1.04981326734754,0.5712207091467114,242.8997722210545,8.842567062489e-14,0.0193,0.0448,0.9841,0.0182,0.0,0.0001,1.607659913370088e-16,0.0020330185233862,0.0018180918527493,0.1053377473257128,0.0125,1.544,-30.08521074752525,0.3206544810326738,10000,8.850662841038351e-14,8.90358308095962e-16,8.870302633005515e-14,0.01931387817323179,0.001984932238862214,0.019596885606804615
75,3.0820351213264208,0.002321732237353,1918.1810840071075,6.747594279363e-14,0.1237,0.2203,0.9615,0.0508,0.018,0.0005,7.121203205289524e-16,0.0064532158959343,0.0105536920426131,0.0521682772508841,0.0573,2.158813263525305,-30.6462828380564,0.7107082070671314,10000,6.711646955102165e-14,9.916236872934092e-16,6.668015339556252e-14,0.1210402501072528,0.005236492940957629,0.11591250476012974
76,8.91808289895764,0.6462839145449162,1131.6687432212457,6.678012716407e-14,0.3923,0.6524,0.8357,0.1675,0.0381,0.0018,5.826071467568257e-16,0.0125911049790103,0.0087242593193246,0.0320956028014538,0.1517,2.586025049439684,-30.601954289542952,0.733869953799862,10000,6.651960564537147e-14,9.53315803825239e-16,6.61642842409231e-14,0.37381798470730654,0.007166961299644141,0.36495981857560583
77,13.530754933019717,0.0630157584409998,131.46432469973936,1.3291407141359995e-16,0.0274,0.1462,0.0,0.0001,0.0,0.0,1.2438849601544904e-17,0.0024465327613288,0.0935856487522519,0.0892895168368182,0.0194,1.4123711340206186,-35.578599321280656,1.9283292067846485,10000,4.267701407293971e-16,8.640736540946877e-16,9.98334561918048e-16,0.027793203820017872,0.002361532713752502,0.03315877695320736
78,14.487291783265064,0.2483579649060472,4842.451021643115,1.1440418625092e-13,0.5714,1.4054,0.8047,0.2742,0.2019,0.0075,1.3866772945256774e-15,0.0155252796248809,0.0121208614821516,0.0271705978734353,0.1978,2.8887765419615774,-30.35078782041113,1.0021653128388748,10000,1.1417117686091601e-13,1.1966870902099725e-15,1.1402706979587345e-13,0.5578504950228619,0.007703086055081776,0.5534255720538982
79,11.754008874473646,0.3257250095008107,145.1381930941921,1.2887621318792136e-14,0.0576,0.1813,0.7537,0.0064,0.0,0.0001,8.579095796644035e-17,0.0038871242549598,0.0066568496888827,0.0674847960930533,0.0372,1.5483870967741935,-32.18963332073969,1.386492965082162,10000,1.2735446829230669e-14,8.577572736380334e-16,1.2474297282578318e-14,0.0571711842406572,0.003544184413386094,0.05505759730054041
80,5.696258666261096,0.2352948186921149,1885.969732293104,6.866857862727999e-14,0.1978,0.4034,0.9225,0.0963,0.0302,0.0011,7.118895851956053e-16,0.0084955714035812,0.0103670353956153,0.0429503104326655,0.0872,2.268348623853211,-30.632534720135112,0.7300837666032284,10000,6.8945529818976e-14,9.808894189666553e-16,6.925097820284342e-14,0.2061006174833602,0.006058826698275363,0.21469239813126853
81,3.7857128171544088,0.1868505259503399,7695.990485103663,1.2445486957900001e-13,0.1701,0.4114,0.9501,0.0887,0.1043,0.0085,1.7146944008310232e-15,0.0081069828738644,0.0137776400926007,0.0476600991996735,0.0679,2.5051546391752577,-30.36123333893278,1.0275970019222322,10000,1.228131270337971e-13,1.2732937831441e-15,1.22081957036973e-13,0.1757642852889053,0.005958439453766151,0.18241875218199055
82,10.663704333198174,0.0194074666010056,18.84740799343761,8.22312131e-19,0.0,0.0032,0.0,0.0,0.0,0.0,3.541549831572745e-19,0.0,0.4306819391398162,,0.0,0.0,-36.31709982355888,1.646433400537631,10000,6.582901532807537e-17,8.664014956461951e-16,1.96521785838694e-16,0.0,1e-15,0.0005775805813552914
83,9.722691767193847,0.1242957655213959,802.1674192370633,6.210171536524e-14,0.2048,0.4018,0.8845,0.117,0.0217,0.0012,4.744952729647339e-16,0.0080282090913304,0.0076406145977462,0.0392002397037621,0.1015,2.017733990147783,-30.61490163958853,0.6754595869648482,10000,6.235360939143871e-14,9.185864768601386e-16,6.270537186718179e-14,0.2059006360253659,0.005890841745745211,0.20718447230559575
84,8.817096962433954,0.068951008203956,2374.251249726264,7.386954464009999e-14,0.2735,0.6073,0.8904,0.1451,0.0516,0.0013,7.907811218885873e-16,0.0106301963814179,0.010705103513787,0.0388672628205408,0.1085,2.52073732718894,-30.591485299734455,0.7580538536506769,10000,7.407592692600367e-14,1.012249979506785e-15,7.430099617726889e-14,0.27989757522340175,0.0067297384539586795,0.28417663235329843
85,1.403703866717728,0.2796189345770688,22.583406082218385,5.212099832000001e-18,0.0,0.0057,0.0,0.0,0.0,0.0,1.3656808518300777e-18,0.0,0.2620212382436341,,0.0,0.0,-35.21642616929668,1.9478468173889525,10000,1.9492499439662747e-17,8.553028317033824e-16,4.412580827667276e-17,0.0,1e-15,0.00023336609228047367
86,12.656712117335084,0.6367225976235803,465.2727884656819,6.343587671815778e-14,0.2286,0.3961,0.8147,0.15,0.0022,0.0007,3.5427296943780994e-16,0.0085616315123588,0.0055847414391673,0.037452456309531,0.1143,2.0,-30.574368724642547,0.9266664227975556,10000,6.327859898588054e-14,9.005465335037656e-16,6.301280720176156e-14,0.22954984129565664,0.006186707646719395,0.2305877936706583
87,1.4216364675557407,0.5267218438188352,31.025033287364764,7.77384671217e-18,0.0003,0.0162,0.0,0.0,0.0,0.0,1.4919045156988436e-18,0.0001731877576503,0.1919132922139124,0.5772925255010092,0.0003,1.0,-35.82232108417862,1.8883655413659275,10000,2.913935403132497e-17,8.686364985287475e-16,7.344674607003956e-17,0.0003000422962155859,0.00017315524828291404,0.00041267328311231366
88,9.839404275590116,0.0666560851960568,5800.034272652403,1.2467244652045e-13,0.3817,0.9296,0.8758,0.1875,0.1788,0.0098,1.584400419488394e-15,0.0126718810228342,0.0127085050763682,0.0331985355589054,0.138,2.7659420289855072,-30.320745247829265,1.037849182813498,10000,1.2258546795250037e-13,1.2431147092227288e-15,1.2153872407995486e-13,0.3777598445763927,0.007221543352127486,0.37586470831206675
89,8.903899608311539,0.6766127713036227,2069.939747098575,7.720008048768e-14,0.5015,0.9204,0.8306,0.2075,0.0653,0.0027,8.070917648388652e-16,0.0153968659586337,0.010454545639595,0.030701627036159,0.167,3.002994011976048,-30.5581926759309,0.8068293141290518,10000,7.670942090828393e-14,1.0241504616173885e-15,7.615237444704395e-14,0.4852259750675282,0.007667344682166299,0.4798594426300067
90,8.876816309514467,0.6807851673135633,220.74619995597587,7.222305477831339e-14,0.1199,0.2379,0.8526,0.0746,0.0,0.0002,2.378018447891628e-16,0.0058134136768217,0.0032926029717115,0.0484855185723245,0.0703,1.705547652916074,-30.449912056585006,1.1589009801455554,10000,7.273324305843108e-14,8.763510270817631e-16,7.360821429959431e-14,0.1210853934760171,0.00484989806472543,0.12379918756431277
91,9.599815991049631,0.6128823332208269,58.50766136513221,2.033480640926e-17,0.0033,0.0307,0.0,0.0,0.0,0.0,2.9064001196183897e-18,0.0006549457194222,0.1429273562346225,0.1984683998249266,0.0029,1.137931034482759,-35.832260376333664,1.9686536212885195,10000,2.651741514264888e-16,8.610224984037869e-16,7.221151195530315e-16,0.003308517408302218,0.0006530984341427621,0.0048120345303475365
92,3.862365416428448,0.4323645544227229,8835.883683024646,1.28520230469048e-13,0.2303,0.5586,0.9378,0.1033,0.1488,0.0096,1.828792673897004e-15,0.0100257789036195,0.0142296093558394,0.0435335601546657,0.0838,2.7482100238663483,-30.3566496692575,1.0489170081146872,10000,1.2904430271229048e-13,1.3129971746163785e-15,1.2926844461769868e-13,0.22431756693107385,0.006614167334738771,0.21970739940274298
93,3.334722771482993,0.0191130449710606,819.6661554996499,6.07700496039e-14,0.0936,0.1539,0.9625,0.044,0.0086,0.0003,4.696759418634995e-16,0.0057971773067996,0.0077287404720722,0.0619356549871755,0.0471,1.9872611464968155,-30.620412973406825,0.5819855368859287,10000,6.092337814918227e-14,9.28922974190252e-16,6.116764505555833e-14,0.09207836068048182,0.004858168000070319,0.08848898137138994
94,5.561790381203026,0.1972836191312782,73.93626958548262,4.53516787306e-17,0.0119,0.0649,0.0,0.0,0.0,0.0,4.76376760361112e-18,0.001753894698852,0.1050406012952477,0.1473861091472345,0.0075,1.586666666666667,-35.65278552174283,1.8417890298945887,10000,0.0,8.556350896630366e-16,-1.1939337682668877e-15,0.011906327378363179,0.0017188172133036123,0.012059784123549078
95,7.109448217360104,0.3205770147440337,250.7568304358097,1.0153183320508671e-13,0.0742,0.1751,0.9199,0.0645,0.0,0.0004,2.470751861626271e-16,0.0045465924768242,0.0024334750822784,0.0612748312240467,0.0439,1.6902050113895215,-30.002789664250983,0.6826723531656446,10000,9.982921757745951e-14,8.700697175910304e-16,9.719436506752848e-14,0.07597060173063598,0.004020817116036605,0.08232537066806202
96,3.981778305811969,0.4372192197786449,15.357944113651424,5.62572987e-19,0.0,0.0009,0.0,0.0,0.0,0.0,3.934140842191296e-19,0.0,0.6993120773840668,,0.0,0.0,-36.49008898762508,2.751894616130233,10000,0.0,8.515884132071756e-16,-1.2149180586129332e-16,0.0,1e-15,-0.00036540489333217185
97,4.751515022579659,0.0705017404611249,3060.566171790364,7.504132923260001e-14,0.1935,0.3959,0.9397,0.086,0.036,0.0013,8.734914897221555e-16,0.0084577141292922,0.0116401388228966,0.0437091169472466,0.0804,2.406716417910448,-30.608932689353743,0.7739031211391988,10000,7.557548842691806e-14,1.0426929158013922e-15,7.613187071022209e-14,0.191293887824574,0.0060791258161249535,0.18893601397617743
98,2.896126633785088,0.0681787618661671,648.6954602659844,6.062712983887e-14,0.0749,0.1281,0.9637,0.0461,0.0063,0.0002,4.1420047354294494e-16,0.0046250554714307,0.0068319327443633,0.0617497392714383,0.0402,1.86318407960199,-30.58248249924921,0.509078591840009,10000,6.069012832896827e-14,9.088394268455802e-16,6.078693437330954e-14,0.07358311269465011,0.0040920686652396775,0.06883692676741754
99,2.70984775845078,0.4280362438143066,537.9167074081427,6.097578695706999e-14,0.0708,0.1163,0.9638,0.0445,0.004,0.0005,3.7103277704553613e-16,0.0049720426507434,0.0060849198601858,0.0702265911121958,0.0345,2.0521739130434784,-30.551445183524077,0.4960562280479485,10000,6.09621877101719e-14,8.924521186460304e-16,6.094239582060776e-14,0.06932226006582949,0.004309797160490659,0.06485687832035228
100,13.620729367357272,0.0671372089694071,10.114114454286462,3.4957533e-19,0.0,0.0002,0.0,0.0,0.0,0.0,3.4313985013257987e-19,0.0,0.9815905777234908,,0.0,0.0,-35.28934750919498,2.8048969722988195,10000,0.0,8.638661414005248e-16,-2.6717533258194548e-17,0.0,1e-15,4.387190293322907e-05
101,1.844533919878223,0.6636664663327428,3412.513681788304,7.783472769699999e-14,0.1231,0.2399,0.965,0.0544,0.0257,0.0021,9.515607901979584e-16,0.0069079237793344,0.0122254014159624,0.0561163588898004,0.0496,2.481854838709677,-30.60157660420394,0.7939167986638604,10000,7.792731042600629e-14,1.0758844131363603e-15,7.802200530401695e-14,0.12415926331438189,0.0055060653794503246,0.12600458102265477
102,5.345739164703064,0.3772348704734226,2602.9574770825443,7.497442617867e-14,0.2382,0.4476,0.9221,0.109,0.0394,0.0018,8.45806248514381e-16,0.0101082290055856,0.0112812633803792,0.0424358900318457,0.0916,2.6004366812227078,-30.599759814083637,0.7742118731094068,10000,7.495682662031669e-14,1.0184850575826072e-15,7.494016287221749e-14,0.24530443613598124,0.006567002072926791,0.2504928940924931
103,11.993362161497762,0.2844436572721222,248.40836780874344,8.812729404721073e-14,0.099,0.2244,0.8707,0.0828,0.0,0.0002,2.664601359399406e-16,0.0054261260844573,0.0030235824079336,0.054809354388458,0.0561,1.7647058823529411,-30.20500633106699,1.0482771478168793,10000,8.842577947085942e-14,8.7526257377047575e-16,8.889700890343927e-14,0.10014643881912781,0.004594187141187322,0.10304909432224604
104,1.6791626805550637,0.6708951611552795,29.734950173945403,8.312992483e-18,0.0004,0.0132,0.0,0.0,0.0,0.0,1.4939377671258117e-18,0.0001999699947489,0.179711189464071,0.4999249868722806,0.0004,1.0,-35.40965864978536,1.6032842769159013,10000,7.759549033928909e-17,8.673856165413715e-16,2.1879730560222827e-16,0.00040011643698009236,0.00019992382372771892,0.0006521775566087629
105,5.7849433747321495,0.6405562500961274,45.146960122382,1.4595673634999998e-17,0.0025,0.0246,0.0,0.0,0.0,0.0,2.488552803927112e-18,0.0007276179923519,0.1704993456389457,0.2910471969407792,0.0017,1.4705882352941178,-35.94993249495066,1.6905565293094706,10000,1.5043417555851243e-16,8.58904427409316e-16,3.966567721899956e-16,0.0025033323324742795,0.0007251160174866812,0.0029853847622852425
106,10.106562486237337,0.1764238663008661,127.69306281102482,1.2602085272084959e-14,0.0383,0.147,0.8201,0.0072,0.0,0.0001,6.776539811526296e-17,0.0031247859812702,0.0053773162656954,0.0815871013386479,0.0257,1.490272373540856,-32.17110443459731,1.2406745157434065,10000,1.1733266418681652e-14,8.609458388742306e-16,1.01528607064769e-14,0.038283545439481044,0.002938750747799321,0.03815756863833687
107,8.303511502669199,0.6746467647709978,27.22257045112367,3.318777647000001e-18,0.0003,0.0065,0.0,0.0,0.0,0.0,9.184782551758504e-19,0.0003,0.2767519710174335,1.0000000000000002,0.0001,3.0,-35.93979295981867,1.8294426262018275,10000,4.7388667439876397e-17,8.627357717261135e-16,1.316072522246267e-16,0.0002995071343234252,0.00029982928804151484,-0.00013319104674988647
108,4.669413435438113,0.6082287925744052,3036.625371746976,7.839780706001e-14,0.2796,0.551,0.9118,0.1264,0.0479,0.0015,8.934621320856058e-16,0.0114592982137456,0.0113965194383779,0.0409846144983751,0.1001,2.793206793206793,-30.573419216886894,0.7955035836528198,10000,7.849105814554188e-14,1.0545881652282876e-15,7.859035662167339e-14,0.2816222267260451,0.006931841142068652,0.2827892084972299
109,11.92436125875672,0.6656379717730083,31.435740046033224,2.4449115270000007e-18,0.0001,0.0077,0.0,0.0,0.0,0.0,6.041806936851687e-19,0.0001,0.2471176101928406,1.0000000000000002,0.0001,1.0,-36.181843310669045,1.4551449816866888,10000,4.129824930883568e-17,8.619991045866377e-16,1.1479671003239537e-16,0.0001000129966831944,9.999367909627118e-05,0.00020281040907191294
110,5.5011409971517695,0.3611055445232079,30.24199266627304,4.913446037e-18,0.0005,0.0098,0.0,0.0,0.0,0.0,1.1442373102057136e-18,0.0005,0.2328787782727639,1.0,0.0001,5.0,-35.833173894551734,1.676011771220296,10000,0.0,8.53792101927872e-16,-7.993436005408796e-17,0.0004987487713823771,0.000499164955998445,0.00012508732490393304
111,10.502633288695623,0.4096716853425925,1382.8377936515258,6.76091455949e-14,0.3471,0.6263,0.8394,0.173,0.0445,0.0019,6.211367943528856e-16,0.0111245015373024,0.0091871711864931,0.0320498459732137,0.1471,2.359619306594153,-30.61202785915671,0.7463559350145195,10000,6.769494932054218e-14,9.545670489671896e-16,6.779776607904829e-14,0.349283010346899,0.006829984876822408,0.350603721969157
112,2.0724457730165207,0.6940613327068065,187.858570625634,8.684361870415e-14,0.0316,0.0729,0.9662,0.0301,0.0,0.0001,1.417630409509865e-16,0.0024332562696122,0.0016323944472412,0.0770017806839322,0.0215,1.4697674418604652,-30.111586875419704,0.4222164722031405,10000,8.702925210526853e-14,8.811043152672576e-16,8.743851431191366e-14,0.03200074990422463,0.002352847690697125,0.037765447653129613
113,3.315264561654794,0.020469209632649,517.7048570549748,6.1175485676885e-14,0.0562,0.1148,0.9667,0.0431,0.0033,0.0003,3.6564665447544354e-16,0.0038164921801644,0.0059770126943773,0.0679091135260571,0.0328,1.7134146341463414,-30.543855884238223,0.4885034990934715,10000,6.116142495799912e-14,9.011922993047508e-16,6.113831394114945e-14,0.05688356748399492,0.003511058057038379,0.060648706866734556
114,12.108525081023206,0.3403896150645823,48.80167763167508,1.2533978082e-17,0.001,0.0194,0.0,0.0001,0.0,0.0,2.0088139600603284e-18,0.0003462831084519,0.1602694648832343,0.3462831084519138,0.0009,1.1111111111111112,-35.724220832239915,1.7168845096823628,10000,0.0,8.539963706734045e-16,-2.0086653082014583e-16,0.0010016206942186179,0.00034600656524997063,0.0020151094177292272
115,11.697912261502823,0.3131585207040185,1141.545518150625,6.6794433026088e-14,0.3287,0.6195,0.834,0.1701,0.0443,0.0013,5.867815558884425e-16,0.0108350067252897,0.0087848871426045,0.0329632087778817,0.1507,2.181154611811546,-30.60985757675368,0.7590829409587532,10000,6.661944054349608e-14,9.426405339365652e-16,6.640842550516579e-14,0.32367250900347005,0.006759497383020521,0.3204690351327133
116,6.986492624976656,0.2832223103744698,983.4848371862846,6.414274531199899e-14,0.2307,0.3833,0.8977,0.1123,0.0231,0.0013,5.384072948816505e-16,0.0091124121178456,0.0083938922829505,0.0394989688679916,0.1026,2.2485380116959064,-30.61128623761644,0.6729415834287878,10000,6.402023453463099e-14,9.32842324481733e-16,6.386119470665425e-14,0.21744082347324825,0.006268744145861621,0.20552813536984668
117,2.3704012811618007,0.4827363563813128,162.50066365074713,7.410842579058e-14,0.0305,0.0634,0.9708,0.0242,0.0,0.0003,1.1497483034188563e-16,0.0026301457690927,0.0015514407318108,0.0862342875112388,0.0194,1.5721649484536082,-30.270289202334624,0.4315316611042164,10000,7.40003433801467e-14,8.598409244133357e-16,7.381526582135137e-14,0.03069024809304344,0.0025190661942320397,0.03280093829099723
118,2.563650805238842,0.1966894385047605,170.79382042674362,7.921921293968002e-14,0.0328,0.0641,0.9743,0.0245,0.0,0.0002,1.2124999530158907e-16,0.002941646023595,0.0015305629884749,0.0896843299876552,0.0191,1.7172774869109948,-30.201134755997334,0.4201929931541158,10000,7.918092155204471e-14,8.61608070536025e-16,7.911427745366233e-14,0.032442511994861464,0.0027879509817207403,0.029287160047310218
119,14.889873715979222,0.656370328499398,175.71175363921847,9.30381066864157e-16,0.0941,0.218,0.0544,0.0006,0.0,0.0,3.60297025185476e-17,0.0049241185702996,0.0387257477626726,0.0523285714165739,0.059,1.5949152542372882,-34.48148209861512,2.492265689757086,10000,1.863457373307416e-15,8.735670629414022e-16,3.92114677763725e-15,0.09587099201249524,0.004334886591261393,0.10197087420090381
120,11.267308461800226,0.1021441243253661,281.6863438256595,8.529749883655958e-14,0.0881,0.2155,0.8919,0.0857,0.0,0.0001,2.3003600923848394e-16,0.0049916260510041,0.0026968669934772,0.056658638490399,0.0504,1.748015873015873,-30.19781222969993,0.8573095833925862,10000,8.620533572737409e-14,8.698408361392714e-16,8.766140102066183e-14,0.08909698573860077,0.004328125766581199,0.09211723807701934
121,4.853848049222166,0.6861596638003143,24.499813782201265,3.86133469e-18,0.0006,0.0077,0.0,0.0,0.0,0.0,9.74661209802113e-19,0.0004242428528564,0.2524156251791043,0.7070714214274962,0.0003,2.0,-35.65908460239216,1.5160651663121243,10000,4.534165301833418e-17,8.655888600410504e-16,1.2780167554952437e-16,0.0005993795318685102,0.000423762695123565,0.000325737817149091
122,2.420773000116009,0.597953425340456,141.03689055219596,6.123015327022001e-14,0.0298,0.0646,0.9659,0.0252,0.0,0.0,9.687285410061776e-17,0.0026290468213249,0.0015821102663764,0.0882230476954684,0.0192,1.5520833333333333,-30.46095892795149,0.4309944857706902,10000,6.130267633216122e-14,8.63520174533114e-16,6.143588828202715e-14,0.029953845125981617,0.002517625060571138,0.03165431659292546
123,12.55561524555796,0.4882441516647003,393.96616972464017,6.728754457134745e-14,0.1595,0.3092,0.8431,0.126,0.0006,0.0003,3.1351506251036373e-16,0.0066551036085401,0.0046593327859947,0.0417247875143582,0.0888,1.7961711711711712,-30.491265639770745,0.9081359884135048,10000,6.73260699089409e-14,8.837203528257003e-16,6.738580476678764e-14,0.16176700326560448,0.0052772534635518635,0.16560707931828395
124,8.593934207834126,0.102519928009238,1583.7432492489463,6.785194035537198e-14,0.2484,0.4742,0.8881,0.1288,0.0421,0.0016,6.548732073836744e-16,0.0094667156855261,0.0096515030219298,0.0381107716808621,0.1097,2.2643573381950777,-30.6235955770062,0.7499804545050337,10000,6.810517804126459e-14,9.667515113712007e-16,6.84068100134433e-14,0.2497615470857522,0.006387370746249322,0.2508993770151727
125,5.077287355189608,0.2501631405170912,12.4487054714154,4.380587999999999e-19,0.0,0.0006,0.0,0.0,0.0,0.0,3.66997136382405e-19,0.0,0.8377805362713978,,0.0,0.0,-34.7828831534803,1.3517896387850272,10000,0.0,8.523723349661193e-16,-3.291239644445277e-17,0.0,1e-15,-0.00028264845494546664
126,2.4710890149874105,0.4653928133359505,1002.0606632631154,6.146680804144e-14,0.094,0.1587,0.96,0.0462,0.0117,0.001,5.19074546808821e-16,0.0052667992098989,0.0084447942450317,0.0560297788287117,0.0469,2.0042643923240937,-30.637941257636477,0.6020775037786428,10000,6.158049454603932e-14,9.337356525419325e-16,6.174024617951161e-14,0.09425668510149594,0.00450768114456734,0.09495960208013829
127,11.22992936012284,0.1251691926361756,1475.8467418971609,6.8129955367684e-14,0.2906,0.6072,0.8543,0.1646,0.0476,0.001,6.3733562656870495e-16,0.0099852458414127,0.0093547048890481,0.0343607909202091,0.1333,2.180045011252813,-30.615080387577148,0.7634757058014338,10000,6.841318087233128e-14,9.646219110575368e-16,6.876577166144522e-14,0.29329755613770414,0.00653671261375302,0.29532054426514387
128,2.7231539782475123,0.0182062386123686,8883.09853537721,1.2299551343060004e-13,0.1322,0.2955,0.9654,0.0605,0.0791,0.0073,1.7806753283233637e-15,0.0067938892906176,0.0144775632757377,0.0513909931211623,0.0553,2.390596745027125,-30.388043149938618,1.0218949930203594,10000,1.2319719368171405e-13,1.3457264839921167e-15,1.2330361215645378e-13,0.13287188742967398,0.00558739996267489,0.13427608003818028
129,5.853788849839964,0.143678043330632,110.22977797088096,2.854747988980144e-14,0.0334,0.1003,0.929,0.0184,0.0,0.0,7.123677165991042e-17,0.0029848509064094,0.0024953786441008,0.0893667936050735,0.0203,1.645320197044335,-31.29582699929929,0.9015712983604866,10000,2.79371122924774e-14,8.567309351664276e-16,2.6891781836419418e-14,0.03282128130158518,0.0028221299323626194,0.027943440788324128
130,13.463387310416085,0.1926764365501102,57.91932394785732,9.383947340850001e-18,0.0019,0.0248,0.0,0.0,0.0,0.0,1.4931823467065542e-18,0.0005913323662685,0.1591209213426064,0.3112275611939635,0.0012,1.5833333333333333,-36.28077268977047,1.6309366051390566,10000,0.0,8.603194610608793e-16,-4.2688430285081745e-16,0.0019038183946348472,0.0005899693117371639,0.002729220557794343
131,6.5842631005923495,0.2921275920799186,22.44354026868917,2.6151073489999998e-18,0.0,0.0046,0.0,0.0,0.0,0.0,8.366006946656819e-19,0.0,0.3199106510811467,,0.0,0.0,-36.12276573620487,1.990542643920864,10000,0.0,8.537470028706902e-16,-6.405471962511186e-17,0.0,1e-15,0.0008457941747255504
132,8.552296271228833,0.1221288324548394,1429.1667505987427,6.5278947902973e-14,0.2297,0.4422,0.8899,0.1238,0.0355,0.001,6.107654745647216e-16,0.0086058815422774,0.0093562395563195,0.0374657446333368,0.1073,2.1407269338303823,-30.636199990838744,0.7084339961573256,10000,6.591050576447147e-14,9.54914980366947e-16,6.669929571749054e-14,0.23733880632122753,0.006100922812673668,0.24505668006362213
133,4.337205068147366,0.0703257672173268,608.363452965314,6.172533578998241e-14,0.1018,0.1758,0.9489,0.0604,0.0079,0.0007,4.115699980981865e-16,0.0056219957918579,0.0066677644249443,0.0552258918650092,0.0521,1.9539347408829173,-30.568062759417177,0.5619940367559395,10000,6.160691671196431e-14,9.072870738156316e-16,6.142663020192373e-14,0.09810069265858998,0.004724243934299082,0.08921183005612321
134,1.702041255669306,0.385415058741535,11.641419267138724,4.6267653e-20,0.0,0.0002,0.0,0.0,0.0,0.0,4.5861870142850636e-20,0.0,0.9912296641208628,,0.0,0.0,-37.679940998614725,3.339792430967785,10000,0.0,8.667042000106706e-16,-1.1675564174767474e-16,0.0,1e-15,4.613280991519475e-05
135,3.446460799773128,0.0059341760623301,43.684383074684256,1.36781645122e-17,0.0016,0.0265,0.0,0.0,0.0,0.0,1.96879878386808e-18,0.0005654873805822,0.1439373522750105,0.3534296128638982,0.0011,1.4545454545454546,-35.74512212074604,1.6987587541421014,10000,3.7565613180692434e-18,8.601905792082491e-16,-1.4549273305422983e-17,0.0016012672623347136,0.0005643484443794118,0.0019149181004894933
136,2.343006751035867,0.5362004177924453,1508.9283927879817,6.513004114276e-14,0.1119,0.1949,0.9594,0.052,0.0148,0.0012,6.36599122659531e-16,0.0060167648405031,0.009774277913692,0.0537691227926999,0.0529,2.11531190926276,-30.644801788816007,0.6715440526756442,10000,6.480012929739897e-14,9.646945177368676e-16,6.438801123309155e-14,0.110778053179068,0.004961326036533379,0.108394592842042
137,6.211265499854784,0.2220911276607407,986.7472692745616,6.280859092073799e-14,0.1705,0.3242,0.9202,0.0893,0.0205,0.0013,5.2404832369754865e-16,0.0075847694673462,0.0083435771447074,0.0444854514213853,0.081,2.1049382716049383,-30.62545050877427,0.6558835612822014,10000,6.315643368196948e-14,9.29181226433086e-16,6.361379855343938e-14,0.17489248382564485,0.005703308670093882,0.18060735674702555
138,9.36239600463676,0.569687613572914,11.849880104901729,2.9894700000000003e-19,0.0,0.0003,0.0,0.0,0.0,0.0,2.1471425700063573e-19,0.0,0.718235195538459,,0.0,0.0,-34.152996307424715,0.254999432404252,10000,5.914827598197426e-18,8.55573691792481e-16,1.563833826959485e-17,0.0,1e-15,-0.00016111781151276205
139,12.54741683255354,0.2757075046939672,2323.6928600490246,7.808286297664486e-14,0.4042,0.8823,0.8368,0.1956,0.0689,0.0018,8.231394835625108e-16,0.0127482739164478,0.010541871188928,0.0315395198328744,0.1609,2.512119328775637,-30.554672989017977,0.8320346015853047,10000,7.822298634058026e-14,1.0185606292867433e-15,7.836657085397775e-14,0.41419835160529767,0.007169541768566627,0.418823588533047
140,5.707208155632944,0.3355164574017691,99.9974995002386,1.4148985334045832e-14,0.0298,0.1119,0.8912,0.0097,0.0,0.0,5.649810911936451e-17,0.0028199275166429,0.0039930855665965,0.0946284401558027,0.0178,1.6741573033707866,-32.01399834304157,0.970176956833854,10000,1.3596133993413332e-14,8.541753199030269e-16,1.2672798389736117e-14,0.029464196178813996,0.0026805877858263384,0.026315959618182838
141,14.010184526107867,0.139250568250431,1170.56904798301,6.707039776076599e-14,0.3123,0.6472,0.825,0.1775,0.0458,0.0012,6.008030442392787e-16,0.0099853313257081,0.0089577975425505,0.0319735232971762,0.1527,2.045186640471513,-30.61619049682399,0.817064066621409,10000,6.688588307091498e-14,9.54163276118415e-16,6.66485992204089e-14,0.3115717752896101,0.006581493582230257,0.31101239623085136
142,11.544440173674143,0.6702036092066358,8126.1631248673875,1.54348611873527e-13,0.8165,2.3944,0.798,0.3077,0.386,0.0114,1.9341357710129107e-15,0.0218972766359747,0.0125309566930069,0.0268184649552661,0.2138,3.8189897100093546,-30.17570475549792,1.132108179459028,10000,1.5449409747931087e-13,1.357719316134846e-15,1.5455596923227886e-13,0.8176265578423426,0.008348427652298816,0.8178181583992763
143,7.021857670699345,0.3561003621325862,9428.786093291825,1.4298868505576e-13,0.34,0.97,0.9029,0.1539,0.2119,0.0093,1.9348255545451936e-15,0.0124914211985808,0.013531319305375,0.0367394741134732,0.1182,2.8764805414551606,-30.26635204783679,1.0941012901536946,10000,1.413870821068947e-13,1.3110740130671195e-15,1.4081452121756475e-13,0.36022722717831007,0.007222954518670402,0.3703873473750876
144,11.166817539349534,0.1064756092312941,66.3620353285986,2.2832310647600002e-17,0.0036,0.0414,0.0,0.0,0.0,0.0,3.561877352765922e-18,0.0008710797196513,0.1560016157690253,0.2419665887920295,0.0023,1.565217391304348,-35.99221739262077,1.8444242673976328,10000,0.0,8.637717701759744e-16,-3.5510284664539195e-16,0.0036003902672486227,0.0008667263982817548,0.003639143158058994
145,9.351450033633288,0.5114083689496574,210.3734542823606,7.02311939983937e-14,0.1024,0.2019,0.8764,0.0656,0.0,0.0002,2.1495831104174903e-16,0.005494947082943,0.0030607241427031,0.0536615926068658,0.0576,1.7777777777777777,-30.449596072847893,1.057691485022243,10000,6.989415843063473e-14,8.654993434813042e-16,6.936657963982466e-14,0.10297081456556734,0.004634172984103728,0.10437679287008814
146,5.137044910802264,0.695505994472531,11.279704900795808,3.1578290000000007e-19,0.0,0.0004,0.0,0.0,0.0,0.0,2.882008339514752e-19,0.0,0.912654972614018,,0.0,0.0,-35.50089468097165,1.7566864330243162,10000,4.6313846348304843e-17,8.721035756795466e-16,1.4642824780755578e-16,0.0,1e-15,1.2192900252727679e-05
147,2.799884678737216,0.5335238434904302,75.79035076348448,1.494403054595773e-14,0.018,0.0649,0.9408,0.0058,0.0,0.0,4.093114471857315e-17,0.0020755796306285,0.0027389628649845,0.115309979479366,0.0109,1.651376146788991,-31.90650927157741,0.7178759335395174,10000,1.433480752484152e-14,8.611511210435905e-16,1.3205992706116064e-14,0.01780572553361797,0.0020193105650126142,0.014367692892416073
148,12.785472918321034,0.0458687111412687,972.835903781169,6.480347603218e-14,0.2495,0.5475,0.8523,0.146,0.0324,0.001,5.315740597631062e-16,0.0088166177344164,0.008202863369538,0.0353371452281222,0.125,1.996,-30.60976893704525,0.7384897547526147,10000,6.484541496751354e-14,9.375666060402289e-16,6.490407146775222e-14,0.2537667851442986,0.00621402503170076,0.25797853927329717
149,12.334292259677548,0.5679078998530039,20.08016985235893,1.1847548999999998e-18,0.0,0.0026,0.0,0.0,0.0,0.0,4.246389271414274e-19,0.0,0.358419219993458,,0.0,0.0,-35.5656806441593,1.4349285634392013,10000,2.441011091790266e-18,8.546539159002549e-16,4.5887765297730355e-18,0.0,1e-15,-0.00014871063200416756
150,1.5316047281852518,0.6580540653346955,4535.037091280931,9.08501567422e-14,0.097,0.2137,0.9707,0.0486,0.0321,0.002,1.2186803985207397e-15,0.0056993287530044,0.0134141804727857,0.0587559665258192,0.0439,2.2095671981776763,-30.539953433728098,0.8790137166295507,10000,9.085603551827502e-14,1.178450984294428e-15,9.086111605479736e-14,0.0987295147399024,0.004832943886194532,0.10315656877124524
151,7.746384140100058,0.4876238635306153,23.314866526711853,2.630372595e-18,0.0,0.0048,0.0,0.0,0.0,0.0,7.361850723893342e-19,0.0,0.2798786277612256,,0.0,0.0,-35.76392586573102,1.845130753640738,10000,0.0,8.561567527535667e-16,-6.187576628364798e-17,0.0,1e-15,0.0004211196573900844
152,13.002853079657497,0.698852671700186,18.985928372907296,1.0308429699999999e-18,0.0,0.0021,0.0,0.0,0.0,0.0,3.951144430305505e-19,0.0,0.3832925620383776,,0.0,0.0,-35.5783352550007,1.1384747363193106,10000,5.689153276910716e-17,8.64813272079792e-16,1.667532880752204e-16,0.0,1e-15,-8.82866616296607e-05
153,7.574060188806993,0.3375995405300192,403.3757068945283,6.654824395960534e-14,0.1048,0.2085,0.9142,0.0865,0.0011,0.0006,3.197564037917013e-16,0.0058843146173408,0.0048048811623908,0.0561480402418023,0.0566,1.8515901060070672,-30.45060676820678,0.6240618810809848,10000,6.654517563028991e-14,8.827628200664881e-16,6.654055608951889e-14,0.10478812998681458,0.004859454915069727,0.10476267310447547
154,14.160503771766791,0.5164593734381598,130.87116412586116,1.3789125764531984e-16,0.0373,0.1182,0.0,0.0001,0.0,0.0,1.2973510592823557e-17,0.0029140556226704,0.0940850842494574,0.0781248156211914,0.0238,1.5672268907563025,-35.67161812533317,2.4693367087017064,10000,0.0,8.586429260010556e-16,-1.0984809123262501e-15,0.03781100433248823,0.0027644462745091743,0.04240772786857977
155,14.060135424517169,0.589097024527552,15.853268355278129,1.4583785999999998e-18,0.0,0.0019,0.0,0.0,0.0,0.0,5.842081813085442e-19,0.0,0.4005874615196247,,0.0,0.0,-34.61008305597933,1.1174736658504825,10000,3.3715659339613855e-18,8.675237846951305e-16,7.278280627436994e-18,0.0,1e-15,8.29139885119845e-05
156,1.4466145694274128,0.2620294353887247,22.866091194860854,5.8683182400000014e-18,0.0,0.007,0.0,0.0,0.0,0.0,1.4368783040641342e-18,0.0,0.2448535074785129,,0.0,0.0,-35.29018734775117,1.7383247558287438,10000,2.709073851329488e-17,8.55848592186666e-16,6.39747675331476e-17,0.0,1e-15,0.000261293781325167
157,7.295574425191495,0.6080110318211077,1027.381664736712,6.4830772894541e-14,0.2881,0.481,0.8739,0.1308,0.0287,0.0022,5.501260430359519e-16,0.0104163664043133,0.0084855697144137,0.0361553849507577,0.122,2.361475409836065,-30.615394099858865,0.7122671170924557,10000,6.478014930116258e-14,9.386667190351175e-16,6.471320000294929e-14,0.28648402102436143,0.0066600625202292785,0.2853665544430073
158,10.013404628239376,0.0371911378515782,1151.1825387912368,6.5705211577178e-14,0.2431,0.4943,0.8734,0.14,0.0379,0.0009,5.783683478273727e-16,0.0088378758649904,0.0088024729537323,0.0363548986630622,0.1192,2.039429530201342,-30.615990180371465,0.725083845876782,10000,6.565131515672291e-14,9.589708337120865e-16,6.557223616721853e-14,0.24135038526821223,0.006221953846142484,0.23963108732862004
159,7.163630782894325,0.4421038397452047,4066.084298230776,9.342414993588701e-14,0.3631,0.7328,0.8915,0.157,0.0882,0.0043,1.1675682604273477e-15,0.0132107263740164,0.0124974994284518,0.036383162693518,0.1225,2.964081632653061,-30.49318692874098,0.9009285522131216,10000,9.409899154010197e-14,1.1175701290924908e-15,9.456985905923104e-14,0.3653914250685357,0.007215157985051409,0.3663654859895916
160,14.968184690978664,0.051231773354208,11.036297207182743,0.0,0.0,0.0,0.0,0.0,0.0,0.0,0.0,0.0,,,0.0,0.0,,,10000,1.8314833580702734e-17,8.798242951951538e-16,6.275682177323392e-17,0.0,1e-15,8.071950564800257e-05
161,4.534374284827706,0.1180498387440038,8936.412346527155,1.27815319635e-13,0.2066,0.5155,0.9447,0.0977,0.1312,0.0103,1.812219238662193e-15,0.0094202185777085,0.014178419643571,0.045596411315143,0.076,2.718421052631579,-30.357529797927068,1.0408502195105074,10000,1.2860670275513138e-13,1.2836614742302137e-15,1.2891661331278884e-13,0.20932038074062906,0.006445791908353581,0.21171541235231894
162,10.646241428365824,0.6714280566615047,5739.249223454185,1.3139419689128997e-13,0.7107,1.8275,0.8054,0.2818,0.2592,0.0125,1.605602725241092e-15,0.0194442371626115,0.0122197384909586,0.0273592755911235,0.2019,3.520059435364041,-30.262935982644336,1.058884274893768,10000,1.3126962288533487e-13,1.2720659895303664e-15,1.312015831023754e-13,0.7068750003740827,0.008104031895179793,0.7060708848464213
163,12.586719462262636,0.5848723989821484,34.25343288164539,3.937298847e-18,0.0003,0.0077,0.0,0.0,0.0,0.0,1.0988547368865265e-18,0.0002235978524046,0.2790884765386279,0.74532617468208,0.0002,1.5,-35.942103416929264,1.6418181463557808,10000,2.418738522174725e-17,8.569814905180626e-16,5.993473670303878e-17,0.0003002735733579199,0.00022352413672978573,0.000714976193631256
164,4.904577291472471,0.5808524333958154,481.31027773929145,6.37612712462754e-14,0.1103,0.1983,0.9288,0.0765,0.0031,0.0006,3.6979558809315277e-16,0.0057945447340466,0.0057996896997996,0.0525344037538225,0.0582,1.895189003436426,-30.513525617768085,0.5906230594374765,10000,6.355912301282563e-14,8.993797007603096e-16,6.32382281784476e-14,0.10984020797602718,0.004815970004906948,0.10881314155466437
165,9.366874652419735,0.4104653381755827,360.36945672083874,6.966317901938744e-14,0.1275,0.2513,0.8862,0.1017,0.0002,0.0005,2.880610512268177e-16,0.0061031221362496,0.0041350546340506,0.0478676245980367,0.0677,1.8833087149187595,-30.419535116688607,0.7919966090150204,10000,6.952105410941584e-14,8.788349742356817e-16,6.929890765918982e-14,0.12476345932040153,0.004981705315998577,0.1193000722130323
166,13.801967198211797,0.1957607216858502,488.1199842912727,6.320687580887228e-14,0.1563,0.3318,0.8595,0.1297,0.0039,0.0005,3.6621040272766197e-16,0.0067565964922892,0.0057938380601981,0.0432283844676218,0.0861,1.8153310104529616,-30.557419363359298,0.8237983839155752,10000,6.304133052648095e-14,8.969058250966707e-16,6.27833466376428e-14,0.1588142436411499,0.0053553039252178325,0.16306273262660254
167,1.9997269063905787,0.3369701733079288,687.0569452913544,6.097487723046e-14,0.0554,0.1011,0.9753,0.0312,0.0049,0.0005,4.3370830954631476e-16,0.0038980255848757,0.0071129017268386,0.070361472651187,0.03,1.846666666666667,-30.58785733928035,0.5229896977384545,10000,6.075060765244233e-14,9.126867178194802e-16,6.041328531566816e-14,0.05632004998246859,0.0035584355927259386,0.060920941533887996
168,4.224477432262422,0.5199600604749768,582.6008294747841,6.131256674009e-14,0.113,0.1985,0.9369,0.0739,0.006,0.0009,3.98133932346719e-16,0.0059233950282642,0.0064935127252859,0.0524194250288875,0.0563,2.0071047957371224,-30.564787336706782,0.5385964718469924,10000,6.129318272134653e-14,8.994077276754452e-16,6.126505913907545e-14,0.11201300194505232,0.004884043140629356,0.10991700854429018
169,8.374851097951446,0.0931027338982918,2430.9066772303127,7.451386199519e-14,0.2645,0.5824,0.8942,0.1317,0.0508,0.0019,7.998333657969319e-16,0.0098246438796903,0.0107340210852118,0.0371442112653697,0.1149,2.3020017406440383,-30.58803688861663,0.7717184169984399,10000,7.452791125341896e-14,1.0127280489859096e-15,7.454280654264371e-14,0.27372300171307856,0.006500013019587441,0.2809028166170786
170,2.651327447960653,0.1400737365015149,108.61476431795172,4.5072366221695e-14,0.0163,0.0474,0.9724,0.0167,0.0,0.0002,6.438411009969057e-17,0.0019859066902899,0.0014284608396862,0.121834766275455,0.0105,1.5523809523809524,-30.761022299261384,0.429766174064126,10000,4.559021213876165e-14,8.715077244129586e-16,4.668237715626797e-14,0.016392693506480906,0.0019369458671770724,0.01820333964389037
171,9.873380959929415,0.2999107393144325,577.6356796905475,6.2425792718927e-14,0.1688,0.3421,0.8835,0.1185,0.0098,0.0005,4.046008729294615e-16,0.0070792420192247,0.0064813093323649,0.0419386375546487,0.0877,1.9247434435575828,-30.567672123196672,0.6590279223769747,10000,6.222389414352619e-14,9.009850668027177e-16,6.193168168148059e-14,0.17157110847911822,0.005476132153800747,0.17569976183725133
172,9.19173699521518,0.3879200768021949,223.8569768093536,8.149329058597859e-14,0.0983,0.2061,0.886,0.0693,0.0,0.0001,2.3430667768025024e-16,0.0052159784933571,0.0028751652558813,0.0530618361480889,0.0559,1.7584973166368516,-30.2829748078553,0.9842620922176364,10000,8.19661714674988e-14,8.697332862976451e-16,8.271638527049802e-14,0.09769729775468523,0.004461076926824361,0.0960553902832185
173,14.11494638137114,0.3430669442556652,61.8380059684452,1.42741844302e-17,0.0018,0.0266,0.0,0.0,0.0,0.0,2.5416266056949862e-18,0.0005654272462457,0.1780575708632184,0.3141262479143191,0.0012,1.5,-36.06220860562357,1.8241683351793188,10000,1.6123342051970824e-17,8.578081249282052e-16,1.942491687220332e-17,0.001806475985908102,0.0005642502354986145,0.003357128518650082
174,10.7518996129421,0.0855862744762922,304.6215719418008,7.7844961859025e-14,0.0941,0.2132,0.8954,0.0858,0.0003,0.0003,2.3893764151486347e-16,0.0051659643551588,0.0030694040540166,0.0548986647732078,0.0542,1.736162361623616,-30.287410714036817,0.7761191021140283,10000,7.732717216237447e-14,8.728563974252355e-16,7.648069810313918e-14,0.09355525096020062,0.00444228335967333,0.09200922198478659
175,2.0232607526299367,0.0821527330489128,174.58586180715133,8.353088701848799e-14,0.0212,0.0509,0.9802,0.0201,0.0,0.0002,1.1522687406081164e-16,0.0021715265489409,0.0013794522981098,0.1024304975915529,0.0132,1.606060606060606,-30.13590803261124,0.3202527730509277,10000,8.355598203149576e-14,8.707388198125481e-16,8.360580365628971e-14,0.02126287635394936,0.0021106388725843257,0.022337168434680643
176,10.298127021014023,0.6116548846287035,9345.976182026106,1.563193937610348e-13,0.6434,2.0028,0.8343,0.252,0.3505,0.01,2.0408331143350896e-15,0.0186418452906246,0.0130555337071925,0.0289739591088353,0.1832,3.5120087336244543,-30.188111930107425,1.1487719015347415,10000,1.578301676369952e-13,1.3741935016133416e-15,1.5840837411166507e-13,0.6903679886277501,0.008131799588958481,0.7014052974071602
177,6.873416207255483,0.1304856738755902,2683.6027159342148,7.534003656471999e-14,0.2567,0.5164,0.9107,0.1203,0.0477,0.0011,8.53326357162085e-16,0.0103562172690424,0.0113263331964146,0.0403436590145789,0.1019,2.519136408243376,-30.59793570661888,0.7811448959228235,10000,7.549248076455643e-14,1.0300636584543303e-15,7.564672104908305e-14,0.2567474458687261,0.006638563553608806,0.2567805408496412
178,14.85989987531356,0.1674357730926522,15.738010234365538,3.3620484999999996e-19,0.0,0.0013,0.0,0.0,0.0,0.0,2.6810704402171605e-19,0.0,0.7974514467049362,,0.0,0.0,-36.49654884458517,1.5257961213726632,10000,4.137093315355709e-17,8.642667530229466e-16,1.214664984912702e-16,0.0,1e-15,0.0001002339658186524
179,14.737138321160256,0.3545892434616576,83.23910297928394,2.99931285562871e-17,0.0065,0.0433,0.0,0.0,0.0,0.0,3.858982198999401e-18,0.0011072025965282,0.1286622098044016,0.1703388610043515,0.0049,1.326530612244898,-36.045886071644034,2.1137403432017736,10000,0.0,8.630109473670434e-16,-6.53223638814496e-16,0.006457118432681384,0.001098591917860588,0.0037322783772416324
180,4.9854347586416194,0.4533405476002533,18.634676619375256,2.204189897e-18,0.0,0.004,0.0,0.0,0.0,0.0,7.885808724368001e-19,0.0,0.3577644891259567,,0.0,0.0,-35.86042002655597,1.830063715704368,10000,0.0,8.556434234085995e-16,-1.0620874703587254e-16,0.0,1e-15,0.0003484807426162029
181,9.764090331132955,0.6896672552520011,139.02839488895515,4.3492853255366174e-16,0.0602,0.1679,0.0269,0.0004,0.0,0.0,2.2303262755025084e-17,0.0037840491411701,0.0512802933945781,0.0628579591556497,0.0392,1.5357142857142858,-34.857765338872774,2.416349559934554,10000,2.2655514861728453e-15,8.628901903450122e-16,5.761937400134747e-15,0.06150859942871677,0.0034824281609918736,0.06874938339777156
182,12.429669321318809,0.4143626436676317,14.141300129098678,3.3083696e-19,0.0,0.0008,0.0,0.0,0.0,0.0,3.2370121283711253e-19,0.0,0.978431227384971,,0.0,0.0,-37.053687646496,2.463576125049332,10000,0.0,8.573803043823421e-16,-1.2309235135206082e-16,0.0,1e-15,5.9515955287525735e-05
183,5.83995139574499,0.0025809807640444,197.55983467298392,8.4308623189815e-14,0.0506,0.1231,0.9497,0.0403,0.0,0.0,1.6269689817456194e-16,0.0036885396205616,0.001929777667087,0.0728960399320488,0.0302,1.6754966887417218,-30.160082740205464,0.5559284447767159,10000,8.425707978619671e-14,8.685938031428094e-16,8.416433432902826e-14,0.05099207150501819,0.0034088852515353468,0.05328752041915706
184,8.567644684579177,0.1526433516429937,73.77525203283555,3.2624969080891903e-17,0.0123,0.0553,0.0,0.0,0.0,0.0,3.861171299102806e-18,0.0020628370099581,0.1183501902953297,0.1677103260128554,0.0063,1.9523809523809523,-35.96964080670395,2.2421170804508206,10000,0.0,8.542232614173689e-16,-9.376925272581506e-17,0.012116168255765202,0.002006260793129486,0.008902039663299277
185,3.396493378673859,0.4954637056458531,9750.336516788891,1.3302465244628001e-13,0.2125,0.5355,0.9475,0.0972,0.1359,0.0094,1.870233886650992e-15,0.0099811991981797,0.0140593029356438,0.0469703491679045,0.074,2.871621621621621,-30.33195409672178,1.0663127722956147,10000,1.3252661869049117e-13,1.3516562162069306e-15,1.322966650850402e-13,0.20986094688494067,0.006784200458761602,0.20759479455676805
186,12.166526511718528,0.5121697980112696,4895.891327264383,1.1562225744011962e-13,0.6256,1.4957,0.8088,0.2708,0.1983,0.009,1.4099986831706865e-15,0.0173416417116063,0.0121948724613072,0.0277200155236674,0.1969,3.1772473336719145,-30.3448041321328,1.0021185987137124,10000,1.1555192587655735e-13,1.206261935813117e-15,1.1550870819979763e-13,0.6351450960528827,0.007766440872263002,0.6375398612779326
187,6.485725770428813,0.6543396587537774,56.58806224912616,2.21033589946e-17,0.006,0.0341,0.0,0.0,0.0,0.0,2.6237165529214127e-18,0.0012792824771588,0.1187021643887883,0.2132137461931386,0.0037,1.6216216216216215,-35.66290396656304,1.775622527511593,10000,2.536422348615085e-16,8.67783489565962e-16,7.281336564210189e-16,0.006024076983934756,0.0012659925973830413,0.007164874688675188
188,11.157941275532078,0.058487238480836,1707.9462298570963,7.055459203696999e-14,0.293,0.6271,0.8617,0.1601,0.0499,0.0011,7.106582667571107e-16,0.0101983087102742,0.0100724594422533,0.0348065143695365,0.13,2.253846153846154,-30.60347363931481,0.7478936729716911,10000,7.053647670285804e-14,9.859900816956927e-16,7.051546258789638e-14,0.29423507703907625,0.006617464694363821,0.2951332812029512
189,3.3794576541706,0.255095582753698,23.384115375385772,3.085143e-18,0.0001,0.0054,0.0,0.0,0.0,0.0,8.68431124001842e-19,0.0001,0.2814881268070369,1.0,0.0001,1.0,-35.53216707706505,1.613982245129568,10000,0.0,8.555451950037089e-16,-4.366414703913725e-17,0.00010006395400736915,9.999333439799916e-05,0.0005797476573902727
190,12.523507739489226,0.263739243192466,116.69032649493974,1.01325225275475e-16,0.0265,0.1069,0.0,0.0,0.0,0.0,9.254212434928989e-18,0.0023833470234742,0.0913317726140689,0.0899376235273291,0.0178,1.4887640449438202,-35.63672948309547,2.07802435459027,10000,0.0,8.520404618011936e-16,-6.345058648121518e-16,0.026554141000746816,0.0022973421907041065,0.027263955708980034
191,3.8021594758317128,0.1624690594254554,40.83103766222064,1.221682992e-17,0.0015,0.021,0.0,0.0,0.0,0.0,1.926735888145649e-18,0.0005914473611388,0.1577116077380611,0.394298240759228,0.0009,1.6666666666666667,-35.64368092602262,1.6065464178219515,10000,0.0,8.538388902173478e-16,-2.1266247926811392e-16,0.001497275970472694,0.0005900668652992609,0.0009157887035876056
192,13.115510845723868,0.3091260088277493,6703.466623951121,1.3853676529540314e-13,0.5999,1.5814,0.8178,0.2629,0.2962,0.0125,1.7359790839536841e-15,0.0165900428556467,0.0125308186621222,0.0276546805395011,0.1916,3.1310020876826723,-30.240941412059524,1.099469637011769,10000,1.3855950398215958e-13,1.270822388407768e-15,1.3856914846298477e-13,0.590737639830451,0.007729252628533235,0.5881974924235831
193,10.71282115257448,0.3021672187526852,37.06271055118432,4.3119020103800004e-18,0.0004,0.011,0.0,0.0,0.0,0.0,8.734294079466411e-19,0.0001999699947489,0.2025624436371797,0.4999249868722807,0.0004,1.0,-36.101034980278456,1.8022004500132545,10000,0.0,8.532687341085018e-16,-3.5224453228743586e-17,0.00039971721161321123,0.0001999164938427636,-0.00012855887904608676
194,11.340353522651638,0.4207473421635392,398.2587484857908,6.70364165040946e-14,0.1478,0.2966,0.8606,0.1218,0.001,0.0005,3.189333873957982e-16,0.0067379563671487,0.0047576139064103,0.045588338072725,0.079,1.870886075949367,-30.474937585845197,0.7933238180761271,10000,6.712013972966466e-14,8.832453868452593e-16,6.724724082719403e-14,0.1471140475580195,0.0053120453893970515,0.14598752981016433
195,2.627445565756596,0.439050496928196,1490.4667386332376,6.369325884324e-14,0.1206,0.2019,0.9576,0.0544,0.0145,0.001,6.162793455731916e-16,0.0063347909955811,0.0096757389520602,0.0525272885205732,0.055,2.192727272727273,-30.658971221129757,0.6646174620811776,10000,6.402303722098454e-14,9.537438314513464e-16,6.442204359058275e-14,0.1178912256940869,0.005121058920250119,0.11278215135284489
196,8.772878371909814,0.0765217492051606,6282.682011105974,1.2465808778516e-13,0.3412,0.8457,0.8934,0.1662,0.175,0.0096,1.6144521406744741e-15,0.0123488260717581,0.0129510420812557,0.0361923390145316,0.1237,2.758286176232821,-30.327799955681293,1.0287355598542784,10000,1.246951518011106e-13,1.2648836101001375e-15,1.2471442817550508e-13,0.34643166999402863,0.007159416120206534,0.3490805326038067
197,4.551816731602935,0.5327898169662036,3722.2286333022894,8.546458473653002e-14,0.2666,0.5119,0.9241,0.1148,0.0559,0.0039,1.040405178139881e-15,0.0107435555752571,0.01217352405499,0.0402984080092167,0.095,2.8063157894736843,-30.54244595135733,0.847740906097115,10000,8.584647847459634e-14,1.0828789980089825e-15,8.615529927873006e-14,0.26402240614726025,0.006737105577457984,0.2623519171771211
198,8.727931731741265,0.2686702563502529,600.6119005373671,6.1508475915987e-14,0.1691,0.3278,0.8922,0.1096,0.0109,0.0007,4.046835473672152e-16,0.0076900216282702,0.0065793135229031,0.0454761775769973,0.083,2.0373493975903614,-30.58262207919485,0.6477615405730521,10000,6.164095502074252e-14,8.99933388253624e-16,6.183029937648181e-14,0.1672846876419138,0.005743016922294962,0.16499545308142158
199,9.543418148784689,0.3794084905578135,12.043682128961157,1.482281e-20,0.0,0.0003,0.0,0.0,0.0,0.0,1.2659726233584251e-20,0.0,0.8540706002157656,,0.0,0.0,-37.44802735864116,1.1658361660328451,10000,0.0,8.524497712414565e-16,-5.673042004768542e-17,0.0,1e-15,-0.0003165192911367687
200,1.863543278512808,0.1858446648038474,26.803613335962165,5.6541018e-18,0.0,0.0098,0.0,0.0,0.0,0.0,1.2522504056224098e-18,0.0,0.2214764519489921,,0.0,0.0,-35.456363374342594,1.5359783890251777,10000,0.0,8.593557575083563e-16,-1.2443087303255425e-17,0.0,1e-15,0.0004559418209339472
201,6.518606837830628,0.0942838347623436,13.135178822660546,2.9137335e-19,0.0,0.0009,0.0,0.0,0.0,0.0,2.256415761428773e-19,0.0,0.7744070490416414,,0.0,0.0,-36.23537037529078,1.4221773144544585,10000,1.5814182212991024e-17,8.567876126784563e-16,4.314363796615988e-17,0.0,1e-15,-0.0004174558818450802
202,4.0159098532428885,0.2426134181001142,37.199334724115104,7.695895165175599e-18,0.0021,0.0188,0.0,0.0,0.0,0.0,1.323946367040282e-18,0.001117892646186,0.1720327965265458,0.5323298315171646,0.0006,3.5,-36.15728225702287,2.1193638208554297,10000,2.89135518713168e-19,8.53283441911609e-16,-1.2137241162640498e-17,0.0020721293836168508,0.001108678847075949,0.00040225918877451194
203,3.8238925054710777,0.128541884892208,1537.0634486875397,6.51498240592e-14,0.1322,0.2336,0.9505,0.0645,0.0204,0.0008,6.377176316335142e-16,0.0066239492502861,0.0097884781861273,0.0501055162654023,0.0614,2.1530944625407167,-30.64573202560638,0.6708023258191539,10000,6.512107718191989e-14,9.610565630107568e-16,6.50865472662777e-14,0.13393912065508257,0.005260216772398083,0.13690831826775535
204,10.893615058910749,0.5114738635619985,6447.977947864616,1.3630756260709445e-13,0.6301,1.5645,0.8221,0.2632,0.2788,0.0118,1.721906995831126e-15,0.0181240240295774,0.0126325125539403,0.028763726439577,0.1902,3.3128286014721344,-30.257813405234263,1.085605709411747,10000,1.3685792151420327e-13,1.2569986085060116e-15,1.3708373733848846e-13,0.6172998525394375,0.007816888636790087,0.6143746254270449
205,4.605151634023914,0.4947833410156301,246.21075181260352,9.78913822871026e-14,0.065,0.1285,0.941,0.0512,0.0,0.0003,1.9977456110434732e-16,0.0041157251996934,0.0020407778134998,0.0633188492260535,0.0366,1.7759562841530054,-30.01679438046418,0.5892524450038619,10000,9.732910961469343e-14,8.716545027139496e-16,9.6344772025518e-14,0.06590269558717456,0.003718001137469989,0.0699077654269986
206,9.454843882101269,0.5072475580852,15.504055478144812,9.686219000000002e-19,0.0,0.0009,0.0,0.0,0.0,0.0,4.903197359997304e-19,0.0,0.5062034381008009,,0.0,0.0,-34.160356769339764,1.0203741831368176,10000,2.6611486713677208e-17,8.554091452743106e-16,7.090988192880931e-17,0.0,1e-15,0.00025446724563077394
207,10.459429469076374,0.5586067479209021,3864.2930430866704,9.909520194918e-14,0.573,1.2546,0.8254,0.2415,0.1311,0.006,1.180338150635907e-15,0.0168936567848395,0.0119111533900625,0.0294828216140306,0.1774,3.229988726042841,-30.434166739249505,0.9203788511151334,10000,9.816582135482152e-14,1.1267787999921102e-15,9.750396464503275e-14,0.5678485235815621,0.007698194207469307,0.5664984897796269
208,5.377539441528644,0.6162745978656426,103.851466991614,8.48983769235476e-15,0.0343,0.1193,0.7276,0.0031,0.0,0.0,6.26920439724823e-17,0.0030550424429838,0.0073843630755082,0.0890682927983635,0.0218,1.573394495412844,-32.46694468994563,1.1560544065802103,10000,9.379347168542707e-15,8.614377069275459e-16,1.1014111104240844e-14,0.03419433820817575,0.0028833466088150784,0.03333278268492805
209,2.33387502012509,0.5840074512019356,1557.3846161748568,6.3271533965e-14,0.1098,0.2042,0.9575,0.0558,0.0138,0.001,6.143385840948579e-16,0.0062400552745134,0.0097095572937222,0.0568311045037653,0.0493,2.227180527383368,-30.66437349774301,0.6556294074485618,10000,6.38921757352628e-14,9.614382800719067e-16,6.470789809197528e-14,0.11117614764810234,0.0050993918854060905,0.11394278620486778
210,1.6820361177726144,0.4732827945577118,6545.247274971389,1.1233043682780001e-13,0.0949,0.2033,0.9715,0.0494,0.0514,0.0058,1.5769936235804209e-15,0.0054637335438712,0.0140388808956375,0.0575735884496443,0.0432,2.196759259259259,-30.43461064884882,0.9862682146067472,10000,1.1273711956680767e-13,1.2405724888477916e-15,1.1294180686612516e-13,0.09576167704700052,0.004659574964376347,0.0980597984047973
211,2.2005214448144708,0.2076439407129201,5009.35067819667,9.799884762240001e-14,0.1232,0.2184,0.9675,0.0561,0.043,0.0054,1.3389877244590222e-15,0.0067087015634671,0.0136633007116398,0.054453746456714,0.0511,2.410958904109589,-30.50400060665224,0.9180542858256604,10000,9.799428878111866e-14,1.1863472443073785e-15,9.79912900128659e-14,0.11785961206797611,0.005356391597346307,0.10846864067330542
212,9.963030480799103,0.656733812841721,791.5029878715799,6.2948884921152e-14,0.3334,0.5533,0.8293,0.1587,0.0239,0.0013,4.826164083072869e-16,0.0109177087173254,0.0076667983700076,0.0327465768366089,0.1427,2.3363700070077087,-30.63399023758698,0.8242317802431252,10000,6.282575945743806e-14,9.282344505309618e-16,6.263990557986312e-14,0.3306557012950615,0.006833387080112674,0.3288882057728977
213,11.49192240555148,0.3697215986480442,221.0030446644909,7.238069488394706e-14,0.1021,0.2203,0.8653,0.0692,0.0,0.0003,2.2751801800739416e-16,0.0054507366523255,0.0031433522208123,0.0533862551647949,0.0593,1.7217537942664418,-30.43109244187133,1.152674930411885,10000,7.207442732445287e-14,8.67154169495983e-16,7.159746388180255e-14,0.1021007580573925,0.00460801347129856,0.10210265695089032
214,5.908876338708316,0.6560238835964606,852.6213521361326,6.311039640527146e-14,0.2308,0.389,0.8874,0.1169,0.0227,0.0016,5.013232619405431e-16,0.0092098652629566,0.0079435923476257,0.0399040955933998,0.1024,2.25390625,-30.61298980382348,0.6905943650446448,10000,6.307267737789206e-14,9.3147518856095e-16,6.301752339279298e-14,0.22867513953230234,0.006339627425250605,0.22676166019053637
215,7.9266574971568335,0.0135312332750281,1482.4182103623411,6.771105393779999e-14,0.2246,0.4468,0.9029,0.1165,0.0354,0.0008,6.523756585741347e-16,0.0090013102578811,0.0096346995155829,0.0400770714954635,0.1006,2.2326043737574555,-30.616563894120567,0.7107150683153143,10000,6.735233566400515e-14,9.77105295410781e-16,6.68766100617612e-14,0.22232082647599632,0.006305060905730667,0.22012537587587575
216,11.372345317605932,0.0121195165984066,5214.315303297848,1.1289495325204999e-13,0.3917,0.9822,0.8645,0.1948,0.1675,0.0088,1.4186513998363406e-15,0.0127821535487935,0.0125661188473948,0.0326325084217347,0.143,2.739160839160839,-30.370287947980607,0.9774256996779312,10000,1.1349855399022132e-13,1.2198815732472944e-15,1.1388740168022165e-13,0.3969605979620222,0.007380800107126551,0.3995919881503641
217,9.951640741107086,0.5536199140225339,74.39173424990022,3.96724797916955e-17,0.0121,0.0503,0.0,0.0,0.0,0.0,5.266854012732815e-18,0.0018154031422405,0.1327583765972528,0.1500333175405418,0.0072,1.6805555555555556,-35.90843591930467,2.550443606309408,10000,2.3184350661476874e-16,8.515517192274521e-16,5.466161321719203e-16,0.011968185835831974,0.0017767259468343063,0.008973191126291163
218,13.685374042790102,0.3199709186690755,26.686603965383007,1.6600548899999998e-18,0.0,0.0033,0.0,0.0,0.0,0.0,5.621708796017746e-19,0.0,0.3386459586295816,,0.0,0.0,-36.0679575182692,1.5860607768060386,10000,0.0,8.543365174983796e-16,-1.6875701591057085e-16,0.0,1e-15,-0.0007500332987318559
219,13.765209859256224,0.5032578505495878,95.76484715860332,5.534297916716301e-17,0.0125,0.0543,0.0,0.0,0.0,0.0,7.206883137561739e-18,0.0016476184220402,0.1302221753511571,0.1318094737632214,0.0085,1.4705882352941178,-35.756577159849364,1.901782451171189,10000,1.6762823936242504e-16,8.561005494762248e-16,3.6340307228647763e-16,0.012412165762330792,0.0016188534004223725,0.009962339651953644
220,3.993434966192953,0.632386273137653,112.62240898627736,3.256363263317345e-14,0.0387,0.1021,0.9301,0.0233,0.0,0.0,7.903529374034843e-17,0.0033408602387279,0.002427103100894,0.0863271379516269,0.0233,1.6609442060085835,-31.147597115114145,0.8048108161566759,10000,3.2052830517030786e-14,8.640616657449365e-16,3.109165767483329e-14,0.03813452286693614,0.0031211850147832786,0.034253886038768666
221,9.203208425148468,0.4571737674286786,2914.5044429392924,8.199051796444e-14,0.4251,0.865,0.8562,0.1945,0.0753,0.0024,9.12331358683343e-16,0.0144138743916234,0.0111272788772846,0.0339070204460678,0.1423,2.9873506676036543,-30.53449064398121,0.8158234833015092,10000,8.197250009925327e-14,1.0428784383610975e-15,8.195602103241567e-14,0.43015406288825897,0.007403691893930074,0.4319654100199034
222,6.8911306383442215,0.5142672530939688,26.388048637554164,3.9931098779e-18,0.0007,0.0091,0.0,0.0,0.0,0.0,8.848971876966595e-19,0.000608266388024,0.2216060200582389,0.8689519828915656,0.0002,3.5,-35.93291935460935,1.8038128119809012,10000,0.0,8.530388529935121e-16,-2.2021226298210334e-17,0.0006971472842995951,0.0006067704721179883,0.00011930311506211377
223,1.4721925417894413,0.2295361500702528,53.808422017622014,1.5475480353809e-14,0.0044,0.0324,0.9694,0.0068,0.0,0.0,2.585597273740753e-17,0.0007733846471072,0.0016707702860443,0.1757692379789252,0.0037,1.1891891891891893,-31.83506991936154,0.4918787629831362,10000,1.4210360528264528e-14,8.564390907143562e-16,1.20015160219913e-14,0.004395450473363898,0.000770416982885056,0.003806048410670504
224,4.9386892529855455,0.5862729221952769,31.68178003211197,7.620645883500003e-18,0.0,0.0121,0.0,0.0,0.0,0.0,1.463915730022744e-18,0.0,0.1920986426088071,,0.0,0.0,-35.76510563976291,1.9430820648574607,10000,1.699266664258962e-17,8.570006544346215e-16,3.3541318924076465e-17,0.0,1e-15,7.076037391623435e-05
225,4.925671221799396,0.3911061939118667,1210.6153236812677,6.389465651561e-14,0.1856,0.3019,0.9288,0.0831,0.022,0.001,5.748339068361711e-16,0.0083989474478545,0.0089965881058572,0.0452529496112855,0.0803,2.311332503113325,-30.635468398749868,0.6647715440393485,10000,6.404314595217723e-14,9.467187353821916e-16,6.423807821773341e-14,0.18294117491526285,0.006027051268398667,0.18011851878019286
226,6.038745908809078,0.4543628233838403,314.67748222304795,7.501686503098679e-14,0.0809,0.159,0.9288,0.0685,0.0001,0.0004,2.490249887183605e-16,0.0044941671924701,0.0033195867171401,0.0555521284606945,0.0467,1.7323340471092077,-30.29473003207233,0.5630634254528611,10000,7.48908990451721e-14,8.718632047899853e-16,7.469230977502905e-14,0.08208465572618269,0.003985852196123263,0.08645086723934062
227,14.046114862314903,0.5044584212355333,63.84008258656212,1.7580445315330002e-17,0.0026,0.0236,0.0,0.0,0.0,0.0,2.3357419869055065e-18,0.0006159236447755,0.1328602287945891,0.2368937095290644,0.0021,1.238095238095238,-35.673116113181926,1.924906379132752,10000,1.0455641807907542e-16,8.649329043242452e-16,2.758913565839116e-16,0.0026007568168942338,0.0006144237184931353,0.002755577544754667
228,3.971410957527117,0.0399731301842231,16.949591526115082,7.2364655e-19,0.0,0.0011,0.0,0.0,0.0,0.0,3.7080532405765104e-19,0.0,0.512412204628974,,0.0,0.0,-35.08672950154384,1.6890521487459815,10000,2.950418791178085e-17,8.615317990598683e-16,8.359813535703959e-17,0.0,1e-15,-0.0003852900596768294
229,12.769714046786785,0.4443824172099316,1161.230105789096,6.878462129675432e-14,0.3944,0.7493,0.8022,0.1945,0.0477,0.0019,6.077850156137768e-16,0.0115212038352674,0.0088360596330339,0.0292119772699478,0.1738,2.2692750287687,-30.59865157108612,0.8223818611852123,10000,6.795346600033086e-14,9.491407448808934e-16,6.696232103924056e-14,0.38810890277019083,0.0069308709806530505,0.38454100303703964
230,10.42401095183229,0.5213147348272392,201.15452464436376,6.00207812694172e-14,0.1052,0.21,0.8593,0.0617,0.0,0.0001,1.9823722609784722e-16,0.0054162929779473,0.0033028098252839,0.0514856746953174,0.0604,1.7417218543046358,-30.64347552021273,1.2549075901701898,10000,5.947178334170021e-14,8.628481306120696e-16,5.861350596827922e-14,0.10533193608492523,0.0045880760908870695,0.10566712606692777
231,7.203630134515177,0.0028424364199359,107.87999456210736,1.989436759968404e-14,0.0289,0.1074,0.9095,0.0127,0.0,0.0,5.895122930798629e-17,0.0026659313042484,0.0029632120253434,0.0922467579324726,0.018,1.6055555555555556,-31.65959813057364,0.9575779780924064,10000,1.9447421043705872e-14,8.691401361844261e-16,1.85318145273883e-14,0.028599131823173016,0.002556462147360019,0.025159645187938395
232,6.705071699138766,0.1005243190960569,547.8896817680144,6.185168120073e-14,0.1094,0.2319,0.9268,0.0804,0.0058,0.0005,3.9510843457031107e-16,0.0056432569173185,0.0063879983033613,0.0515837012551968,0.0586,1.8668941979522184,-30.559693097749257,0.5880125191966483,10000,6.188942885147938e-14,9.08240455479494e-16,6.195079137105564e-14,0.1103352365755223,0.0047301197424188856,0.11254430710388391
233,13.56920575594586,0.1562206930379075,51.92243069374989,9.131901774e-18,0.0015,0.0176,0.0,0.0,0.0,0.0,2.016071201612061e-18,0.0005383344503169,0.220772326674838,0.3588896335446254,0.0011,1.3636363636363635,-36.34835452435104,1.9827041115289128,10000,4.6441620309005784e-17,8.574368352739633e-16,1.1271737023277122e-16,0.0015032577169541877,0.0005373079546468807,0.0023550522563735576
234,8.717215878735221,0.3355919866295309,9493.656328041849,1.4859139814858998e-13,0.4617,1.2059,0.8773,0.1922,0.2693,0.011,1.96857663630436e-15,0.0155915881411123,0.0132482543460274,0.0337699548215559,0.1429,3.230930720783765,-30.22617087345536,1.1102493715447863,10000,1.4671734035930477e-13,1.317333655813285e-15,1.4606598881948405e-13,0.45171017577774364,0.007701214805869273,0.4484864579892103
235,6.940092765652133,0.292230411934934,34.70822081459566,6.029593626e-18,0.0005,0.0132,0.0,0.0,0.0,0.0,1.1649932489498593e-18,0.0003316413704589,0.1932125647616338,0.6632827409178078,0.0003,1.6666666666666667,-35.98400024486586,1.666802511472659,10000,0.0,8.524346048441012e-16,-3.9936963122833067e-17,0.0004990962510503358,0.00033139649153840435,-0.0001122030328539747
236,4.383908394919881,0.5845110799226594,13.489957968077931,1.11389002e-18,0.0,0.0016,0.0,0.0,0.0,0.0,4.943747901601683e-19,0.0,0.4438272911002186,,0.0,0.0,-35.29108955015591,1.4192155545172969,10000,2.155273861263595e-17,8.555752436475284e-16,5.694191643138589e-17,0.0,1e-15,-0.00042889748931385085
237,10.793703756881532,0.5656865020598782,12.653040322999017,3.477005e-19,0.0,0.0008,0.0,0.0,0.0,0.0,2.4938653020470997e-19,0.0,0.7172452446997057,,0.0,0.0,-34.65414978600314,0.8666064427524582,10000,2.184558860184681e-17,8.557375082687095e-16,5.915170043312869e-17,0.0,1e-15,-3.293734952442007e-05
238,1.8793158281951927,0.4409135829723549,2772.52619787698,7.133883860265999e-14,0.1101,0.1869,0.9676,0.0496,0.0189,0.0014,8.132838225921755e-16,0.0062162418844762,0.0114002952462117,0.0564599626201292,0.048,2.29375,-30.6368800903116,0.7464580895300599,10000,7.136542384468838e-14,1.026928370839995e-15,7.139562227146993e-14,0.1082220322905923,0.00508158805300506,0.10443909959870196
239,11.984382321198398,0.46216196967427,3837.861528245248,9.459560055606e-14,0.539,1.1853,0.8194,0.2481,0.1362,0.004,1.103776923253882e-15,0.0159384222346609,0.0116683748162236,0.0295703566505768,0.1793,3.0061349693251533,-30.460814758124663,0.9095359840967928,10000,9.613344236304983e-14,1.1018731231248535e-15,9.729952101439771e-14,0.5595699135726572,0.007605382433118421,0.5656344062958876
240,2.1058811673998656,0.6232646128366616,968.1180436004388,6.12290871544e-14,0.0901,0.1516,0.9615,0.0463,0.0087,0.0004,5.088674145543062e-16,0.0050715649534544,0.0083108770390632,0.0562881792836235,0.0462,1.9502164502164503,-30.63546001650191,0.5954597474148796,10000,6.139308181047687e-14,9.498953108371987e-16,6.167771996238344e-14,0.09056278465161459,0.004420338431198717,0.09202565083580641
241,13.451042104458258,0.6850185987474058,2896.795531046936,8.80644917574033e-14,0.7368,1.5709,0.7526,0.3172,0.109,0.0032,9.38554086082676e-16,0.019145997830442,0.0106575768207255,0.0259853390749756,0.2274,3.2401055408970976,-30.474418750762613,0.8746755341177292,10000,8.794646522694323e-14,1.0692573378320598e-15,8.78262628578445e-14,0.741226293790915,0.008279337155805424,0.7422443771215019
242,10.48970337829262,0.3691027524641714,83.00223070751338,3.9169869273924e-17,0.0092,0.0551,0.0,0.0,0.0,0.0,4.540466858838629e-18,0.0014736869326005,0.1159173350078369,0.160183362239187,0.0055,1.6727272727272726,-35.77738211510205,1.9493574042091912,10000,5.89036041304436e-17,8.512699283333613e-16,9.110320570829184e-17,0.009247022462965186,0.0014526159740206187,0.010856198039302184
243,7.4818498471882675,0.1603874673571199,48.5174625197038,1.1689880571e-17,0.0025,0.0257,0.0,0.0,0.0,0.0,2.1426787871180897e-18,0.0009744074850875,0.1832934711440594,0.3897629940350314,0.0014,1.7857142857142858,-36.038775361165655,1.606991982428695,10000,9.205283484929672e-17,8.521664141134513e-16,2.2482012100199963e-16,0.002489323247508538,0.0009682630427624174,0.0016507437059569696
244,6.813625063229674,0.1430872312902713,26.53865710207509,3.0685586173000003e-18,0.0,0.0059,0.0,0.0,0.0,0.0,9.138464416190184e-19,0.0,0.2978096740492135,,0.0,0.0,-36.10862991866795,1.9517157428404537,10000,2.2029746701935202e-17,8.626646479231024e-16,5.822944519379577e-17,0.0,1e-15,0.0007066642463643968
245,3.961483562560975,0.2626367237472884,98.49084349816236,2.9535991860900127e-14,0.0213,0.0769,0.9433,0.0185,0.0,0.0,6.479201682365133e-17,0.0019455100875991,0.0021936631459268,0.0913385017652188,0.0158,1.3481012658227849,-31.223768396775387,0.7014916125321777,10000,2.865463933565457e-14,8.566236423876239e-16,2.7140463625076342e-14,0.021317362201215724,0.0018982613597180952,0.021661846255334544
246,6.297654826079671,0.0908055821712343,297.8493650294822,7.7585576565611e-14,0.0669,0.1491,0.9446,0.0547,0.0,0.0003,2.328214923579181e-16,0.004804658934279,0.0030008347255244,0.0718185191969962,0.0334,2.002994011976048,-30.25226005738708,0.5861476980531894,10000,7.692237776953993e-14,8.738079775689546e-16,7.58093387767062e-14,0.06723880608316966,0.004205696496170035,0.0683492216610985
247,11.228287343204013,0.5138640432035875,85.5061857434019,5.2863280014359e-17,0.0152,0.0562,0.0,0.0001,0.0,0.0,6.124366977018901e-18,0.0020729992119084,0.1158529507695203,0.1363815270992433,0.0087,1.7471264367816093,-35.68907760640014,2.017680578279546,10000,2.6232315743208935e-16,8.524812164257138e-16,6.098128441586781e-16,0.014971048070238156,0.0020157682177494776,0.010995456172743251
248,10.09525710467908,0.5089048990636299,644.6645835384707,6.111400715903454e-14,0.2229,0.4076,0.8556,0.1305,0.0149,0.001,4.2040767544896193e-16,0.0082938795411908,0.00687907232715,0.0372089705751048,0.1117,1.9955237242614143,-30.628639169623145,0.8138794605906708,10000,6.134309333245926e-14,9.06983472157777e-16,6.16805757511137e-14,0.23123483352374577,0.005988451133666869,0.2403125209745386
249,1.6493076144786332,0.4831023954691542,100.07315514110884,4.2944312904692e-14,0.015,0.0403,0.9771,0.0137,0.0,0.0002,5.816013459819581e-17,0.0018809183356484,0.0013543151738688,0.1253945557098967,0.0094,1.5957446808510638,-30.80500565419188,0.3810126403820374,10000,4.3098329590885335e-14,8.56891974054039e-16,4.33650514056571e-14,0.01501221463694559,0.001839645811836215,0.015281417188329427
250,10.62957008026146,0.0115161711275483,89.02562561373841,5.2667373838470004e-17,0.0117,0.0678,0.0,0.0,0.0,0.0,6.234498421339345e-18,0.0016360252619888,0.118374962846267,0.1398312189734085,0.0079,1.481012658227848,-35.79616250482934,1.9169194105212848,10000,1.6242847875135283e-16,8.582267628225619e-16,3.5950002860624175e-16,0.011687574522313718,0.0016096589149665126,0.011311369499012791
251,3.832854608261524,0.2661478127664258,2881.001565356972,7.55138262209685e-14,0.1785,0.3419,0.9428,0.0776,0.0335,0.0009,8.778358583555171e-16,0.0084965283557115,0.0116248361695617,0.0475995986314371,0.0745,2.3959731543624163,-30.603779091564352,0.7825496617565074,10000,7.50662035204424e-14,1.0326772389633192e-15,7.464111885917608e-14,0.17853650291245496,0.006067627329479035,0.17857449299028955
252,8.21157979974082,0.524099153845125,254.62606671576995,9.840106785645301e-14,0.1068,0.2012,0.8913,0.0765,0.0,0.0004,2.7361130808260832e-16,0.0054187002344864,0.002780572549088,0.0507368935813334,0.0607,1.759472817133443,-30.07540758431748,0.8730628448469057,10000,9.745944643451146e-14,8.745719099334043e-16,9.601208624599256e-14,0.10725797154069666,0.00458953875065222,0.10842043627265863
253,12.727699483684432,0.0958012729139214,286.8792203742945,8.4540622026428e-14,0.112,0.2325,0.8819,0.0862,0.0,0.0004,2.3928869388553713e-16,0.0057627181860723,0.0028304581649604,0.0514528409470747,0.063,1.7777777777777777,-30.203309091047828,0.8069351281263029,10000,8.563705017048278e-14,8.712291276949551e-16,8.739068091295912e-14,0.10768476825263092,0.00481057824386298,0.09776532042393778
254,10.995557842479949,0.034935504159902,1585.4857886112093,7.054015655925999e-14,0.268,0.5912,0.8671,0.1533,0.0442,0.0012,6.743847506917394e-16,0.0097214736899849,0.0095602956328172,0.0362741555596455,0.1216,2.2039473684210527,-30.58789022043548,0.7414264511624922,10000,7.014311075208528e-14,9.785741557762225e-16,6.965130323451244e-14,0.2753654159450916,0.0064994932065209595,0.28131870024085287
255,9.399913575369668,0.2579787830784213,933.1198603597262,6.319109763676999e-14,0.2415,0.4215,0.8827,0.1253,0.0265,0.0013,5.139266783254501e-16,0.009409921873372,0.0081328968406208,0.0389644798069237,0.1082,2.231977818853974,-30.61745593020464,0.6880631647280517,10000,6.351645783283069e-14,9.33383177937723e-16,6.398049044023226e-14,0.24271897770683495,0.006365436750134362,0.24374737063211616
256,12.478967458302751,0.0935105969995734,1304.718204866322,6.74974521281788e-14,0.3148,0.6091,0.8439,0.1701,0.0456,0.0013,6.104645067653876e-16,0.0105024342946105,0.0090442600056385,0.0333622436296395,0.1434,2.195258019525802,-30.61267525794716,0.769465617704854,10000,6.737346108384112e-14,9.558054646195654e-16,6.721706112896497e-14,0.3029618689010948,0.006684972244864818,0.2948988573092305
257,11.914687354195982,0.0846579088213758,1283.220028121652,6.685983079594356e-14,0.2723,0.557,0.8618,0.1505,0.0396,0.0009,6.014357788993608e-16,0.0096366258335449,0.00899547264388,0.0353897386468781,0.1276,2.134012539184953,-30.609721850630848,0.7343081712618885,10000,6.684953952410333e-14,9.5141048312315e-16,6.683669268219526e-14,0.2788407537581938,0.0064438542497061504,0.2841307133786489
258,13.758622413666156,0.5166684275856402,251.62962004181315,7.626405659766451e-14,0.1345,0.2764,0.8207,0.0894,0.0,0.0003,2.8377574375463833e-16,0.0056836788632488,0.0037209631432499,0.0422578354144898,0.0826,1.6283292978208233,-30.439360533448248,1.3270150700287906,10000,7.7100608419209e-14,8.803407874876338e-16,7.844838774708402e-14,0.13507272710970442,0.004761097365340412,0.13642000749148084
259,10.182481060796354,0.1424392958855368,7731.949643781988,1.3628320020308999e-13,0.4107,1.1072,0.8762,0.1856,0.246,0.0113,1.7935242055486118e-15,0.0136887285431815,0.0131602736278271,0.033330237504703,0.1397,2.939871152469577,-30.2833932785256,1.071535365998579,10000,1.3704815550886556e-13,1.2865877277982968e-15,1.3736109512849698e-13,0.42188363772286164,0.0073584154310154855,0.42642863191502234
260,11.824293540818294,0.2282378962822453,3991.085991439452,9.649063689023e-14,0.449,1.028,0.8414,0.2144,0.1259,0.0049,1.1662545383588486e-15,0.0139835422531415,0.0120867119955442,0.0311437466662394,0.1618,2.775030902348578,-30.462974136495507,0.9288779030373816,10000,9.686483216809575e-14,1.1246184447540263e-15,9.713834355558567e-14,0.448995531661679,0.007360905954722789,0.44899381891651713
261,3.626368038426224,0.276273830217645,302.88441547125234,7.572440926713602e-14,0.0528,0.1057,0.962,0.044,0.0001,0.0002,2.405893296761261e-16,0.0039828133624647,0.003177170109408,0.0754320712588026,0.028,1.8857142857142857,-30.26788299813096,0.4316395867821312,10000,7.523739748963167e-14,8.732810765055796e-16,7.443988550119617e-14,0.05243812191194266,0.0036177555845460035,0.050731123868365785
262,13.275077179439013,0.15431808041168,1203.3766296411952,6.673273304361e-14,0.2911,0.6132,0.8388,0.1674,0.0401,0.0015,5.856749979435434e-16,0.0097951862446487,0.0087764275675747,0.0336488706446196,0.1396,2.085243553008596,-30.609877908448787,0.7587007936652906,10000,6.676695086467454e-14,9.444042218332798e-16,6.680912442115288e-14,0.3011677869992745,0.006496022852129267,0.30907224259761323
263,10.075726483423947,0.3181657006755614,119.99743083017049,1.5407491827820715e-16,0.0329,0.1259,0.0034,0.0002,0.0,0.0,1.3107194922308186e-17,0.0028640145352155,0.0850702701567625,0.0870521135323867,0.0209,1.5741626794258374,-35.492898818680146,2.2158657768165577,10000,1.1787440362644117e-15,8.534105259418964e-16,2.899303674428324e-15,0.03325499319779665,0.002717809771699849,0.03646806519952872
264,5.25303540074594,0.0839635494165625,71.11158037585628,4.1460379090840006e-17,0.0116,0.0596,0.0,0.0001,0.0,0.0,5.0916251393001695e-18,0.0017569441326543,0.1228070087864942,0.1514607010908917,0.0073,1.5890410958904109,-35.66022486112434,1.8533314500255416,10000,1.0459745923753411e-16,8.617253188834439e-16,2.235663137879725e-16,0.011558715814989818,0.0017224291825395388,0.010538814416695769
265,13.9607661992162,0.1231911173976851,7272.2537535830525,1.3975080624214e-13,0.531,1.5352,0.8288,0.2503,0.3001,0.0112,1.7754547969626376e-15,0.0156610480761245,0.0127044333031351,0.0294934992017411,0.1772,2.9966139954853275,-30.24273307851426,1.090769059796084,10000,1.4062146462729583e-13,1.3139200506508028e-15,1.410313943278831e-13,0.5357795093098897,0.007864161319104562,0.5373910208320445
266,3.7465649556720577,0.0216028907566809,2670.0711805151723,7.307348033189999e-14,0.1447,0.3052,0.9516,0.0668,0.0268,0.001,8.317175274253845e-16,0.0070086448840208,0.0113819339608257,0.0484356937389136,0.0646,2.239938080495356,-30.61669027002779,0.755116586020816,10000,7.298600235318239e-14,1.0293034802694902e-15,7.289113225518681e-14,0.1455273765862111,0.005498800649234079,0.14685214026328258
267,8.86503990373612,0.2287179909200117,101.58096609374294,8.943676420389001e-17,0.0215,0.0988,0.0,0.0,0.0,0.0,9.495387525593805e-18,0.0023160983206986,0.1061687283760295,0.1077255032883093,0.014,1.5357142857142858,-35.64130353344713,1.9276624390928143,10000,4.939435772586054e-16,8.542035116180409e-16,1.1809117121015028e-15,0.021624720059894655,0.002236770764163908,0.023352426794579384
268,5.637490420810365,0.2267329312913207,7561.601901199472,1.2741609070447e-13,0.2653,0.6309,0.9246,0.1257,0.1559,0.0094,1.73877101326455e-15,0.0105034576812745,0.0136464005735152,0.0395908695110237,0.0946,2.8044397463002118,-30.3464380465915,1.0448314453607583,10000,1.2717367635983313e-13,1.279256645218119e-15,1.2706772029948885e-13,0.2655437927705608,0.006705111199838671,0.2657114774788542
269,9.781052523259875,0.5555632634059283,7178.214817897523,1.4157450548397852e-13,0.5885,1.525,0.8352,0.2541,0.2969,0.0116,1.778296656719746e-15,0.0174300647077276,0.01256085374016,0.0296177820012363,0.1767,3.3305036785512168,-30.24028031722276,1.1124384894107278,10000,1.4110988136907995e-13,1.270902165786117e-15,1.4092688044361924e-13,0.5951009695358176,0.007768085042455859,0.5967370358379297
270,6.9172959290224885,0.1964589294257811,289.7435859936334,7.987480894491999e-14,0.077,0.1563,0.931,0.0684,0.0,0.0003,2.1624156840597167e-16,0.0048548385087142,0.0027072561582599,0.0630498507625224,0.0425,1.811764705882353,-30.22298706899795,0.5555187697940346,10000,7.998430087460464e-14,8.676491387141385e-16,8.016011673269867e-14,0.076847706882834,0.004231751228469755,0.07636601344674951
271,14.023876704214748,0.2939407753447579,106.21977951507748,8.09399084660712e-17,0.0174,0.0748,0.0,0.0001,0.0,0.0,8.835166005531941e-18,0.001957065918844,0.1091571039919758,0.1124750528071317,0.012,1.45,-35.68358562244619,2.33392687340879,10000,2.766057731494036e-16,8.556249853940102e-16,6.15486562766371e-16,0.017339603832351714,0.0019093931340119655,0.016145021306588347
272,10.950449783865476,0.0422164398072146,2956.3538623286845,7.990181148147e-14,0.3295,0.7727,0.8648,0.1734,0.0783,0.0017,8.907020501164847e-16,0.011604587094945,0.01114745753071,0.0352187772228983,0.135,2.4407407407407407,-30.55285113582872,0.8054289830966505,10000,8.017008657628361e-14,1.0526349188536853e-15,8.045425161704398e-14,0.3387312656862218,0.007015431561807832,0.3440481492122739
273,3.3867835862126583,0.671976424141693,1103.5978984217356,6.451933697423e-14,0.1613,0.2848,0.9317,0.0825,0.0182,0.0014,5.615724834417912e-16,0.0076061827746669,0.0087039407064287,0.0471555038727027,0.0727,2.218707015130674,-30.61012267175856,0.6340817215829635,10000,6.410042662076077e-14,9.540259168123482e-16,6.347793556273187e-14,0.1595973413735749,0.005800277200124246,0.15723133490710778
274,6.1212489515301085,0.2698903101782251,1219.9092086381982,6.466831962232999e-14,0.2005,0.3571,0.9105,0.1065,0.027,0.0011,5.782831444652529e-16,0.0084792195818053,0.0089422942770507,0.0422903719790791,0.093,2.1559139784946235,-30.62534481594449,0.6704508781292536,10000,6.455615834552844e-14,9.491060185604163e-16,6.440720166934203e-14,0.2001230176042063,0.0060537853615067905,0.19973106804001517
275,1.9798305015901327,0.4617220002384799,80.45211003505695,2.8449576117899e-14,0.0127,0.0436,0.9664,0.0132,0.0,0.0,4.7060480759288304e-17,0.0014946887332956,0.0016541715969427,0.1176920262437516,0.0096,1.3229166666666667,-31.229964524885904,0.5141509272849749,10000,2.7642292182460836e-14,8.666754670682407e-16,2.603281629485089e-14,0.012710530820601527,0.0014734769742574846,0.013073679185806125
276,11.146510374019565,0.5528816232302711,11.933791881681389,2.44262e-20,0.0,0.0002,0.0,0.0,0.0,0.0,1.8048368894094823e-20,0.0,0.7388938473481274,,0.0,0.0,-36.689703370991325,0.4429331758559308,10000,2.8415375428337693e-17,8.54675579645744e-16,7.696863705912141e-17,0.0,1e-15,-7.393683809528429e-05
277,9.432166952159164,0.3143484556333056,79.55083791672953,4.4107767549909083e-17,0.0104,0.0534,0.0,0.0,0.0,0.0,5.4173822597286024e-18,0.0015650651561178,0.1228215019859867,0.150487034242104,0.0068,1.5294117647058822,-35.59367428344643,2.0922019605749744,10000,0.0,8.51435778108734e-16,-3.6962704245913207e-16,0.010418463144393755,0.001539856848573888,0.010977798124151394
278,6.8545594834093215,0.4169354290288508,124.30344227808908,2.692730430626376e-14,0.0468,0.1221,0.9015,0.0198,0.0,0.0,8.438418023506173e-17,0.0035131481922944,0.0031337774949656,0.0750672690661217,0.0289,1.6193771626297575,-31.38361901144067,1.0462056787128329,10000,2.588478853063078e-14,8.550915645524155e-16,2.4157482084327514e-14,0.04644250531175062,0.003253443038505887,0.04428920056127003
279,10.2681547739574,0.5710043395523128,91.82709256920715,7.17560927230854e-17,0.0163,0.0646,0.0,0.0001,0.0,0.0,8.200886124844871e-18,0.001823119133885,0.1142883595472929,0.1118477996248473,0.0116,1.4051724137931034,-35.66686723905743,2.3999904328070985,10000,0.0,8.573870516667158e-16,-8.904044308412614e-16,0.016370027146417335,0.0017839878520745942,0.017948972563734567
280,9.250550281139216,0.2180285200070551,65.3069707944329,2.21368753201163e-17,0.0041,0.0356,0.0,0.0,0.0,0.0,3.265372789058107e-18,0.0008534587507219,0.1475082974375695,0.2081606709077993,0.003,1.3666666666666667,-35.89965416043755,2.0371604662544587,10000,1.7939222017263384e-16,8.521646819904637e-16,4.3917860503242655e-16,0.004112859796663634,0.0008493054183583693,0.005424487866153932
281,14.818859026649967,0.5464227664172248,164.52075246185942,4.807227432144767e-16,0.073,0.194,0.025,0.0003,0.0,0.0001,2.4763748511407362e-17,0.0040851889646487,0.0515135779635017,0.0559614926664208,0.0465,1.5698924731182795,-34.9044450349848,2.309983004067129,10000,6.767402668882397e-16,8.696960560601805e-16,1.0878720003029696e-15,0.0744254263298794,0.003711002722437203,0.08115452657578522
282,4.440313265759621,0.1074814619208357,228.9292321894884,1.0341989329119195e-13,0.0493,0.1079,0.959,0.0391,0.0,0.0,1.9533052601583994e-16,0.003894671725163,0.0018887132813593,0.0789994264738959,0.0271,1.8191881918819188,-29.94829604770549,0.5034413734676287,10000,1.0250065542508582e-13,8.678069606212262e-16,1.0095765430326445e-13,0.049557929287354266,0.0035530513759323584,0.05083771241083733
283,3.660358870124284,0.4754500605111498,39.77415080207884,1.1413583974500001e-17,0.0012,0.0206,0.0,0.0,0.0,0.0,1.933374920848505e-18,0.0005097862181334,0.1693924472074689,0.4248218484445534,0.0008,1.5,-35.92259336982932,1.9623481719801328,10000,0.0,8.589361487068228e-16,-3.2811350051713213e-16,0.0011996854621071289,0.0005089119634346985,0.0011082162816980767
284,12.303982826634794,0.0513741280527337,1752.1678413349207,7.077690544106999e-14,0.328,0.703,0.85,0.171,0.0529,0.0014,6.987611459502655e-16,0.0107439817253349,0.0098727281391536,0.0327560418455333,0.1396,2.349570200573066,-30.59678165828753,0.7499761766051364,10000,7.099857305542471e-14,9.852635114474242e-16,7.126542287004122e-14,0.3195770249508517,0.006778259301680949,0.31400786221307153
285,14.622281858377034,0.6520577023778706,202.4152683217713,3.122167169362489e-14,0.1412,0.2541,0.7808,0.031,0.0,0.0001,1.5636806684352903e-16,0.0065886718737319,0.0050083182085172,0.0466619821085829,0.0803,1.7584059775840597,-31.435800536461493,1.6304405154537374,10000,3.101657775403362e-14,8.725109316758714e-16,3.062351142419571e-14,0.136729737795588,0.005326360704164842,0.1282977011394606
286,8.183128841512985,0.5000253909061368,316.6041237177964,7.51594265118209e-14,0.1158,0.2261,0.8917,0.0909,0.0001,0.0003,2.5417723440981887e-16,0.0057812090636668,0.0033818410571539,0.0499240851784702,0.0663,1.746606334841629,-30.32649502795039,0.7522629754789087,10000,7.549027144818361e-14,8.74298872742913e-16,7.602191244070049e-14,0.11480797446119712,0.004804123333364523,0.11259429885957702
287,13.817176064217907,0.1111679519393211,10.159214554240018,6.610996e-20,0.0,0.0004,0.0,0.0,0.0,0.0,5.771288085318664e-20,0.0,0.8729831458555812,,0.0,0.0,-36.01720229067783,1.2955659208835577,10000,0.0,8.588275193365207e-16,-4.1445237128158957e-17,0.0,1e-15,-3.133664648130585e-06
288,3.5283569257631555,0.5278448124642569,76.2550929732596,2.459361123571e-15,0.0152,0.0749,0.3898,0.0007,0.0,0.0,3.5091059439692857e-17,0.001776854445691,0.0142683638866099,0.116898318795465,0.0106,1.4339622641509433,-33.11973720946757,1.1116109468158533,10000,4.097957794637032e-15,8.564714784121824e-16,6.951610576451131e-15,0.015213924511161122,0.0017408562188366244,0.015547170199648047
289,2.2992177572656955,0.6574867308439916,3323.4657328391127,7.746427178336999e-14,0.1479,0.306,0.9533,0.0716,0.0318,0.0028,9.364707330680202e-16,0.0075318146434429,0.0120890665013527,0.0509250482991412,0.061,2.4245901639344263,-30.603358248213123,0.7957218539777624,10000,7.76366287754552e-14,1.0682826849424232e-15,7.781214640976224e-14,0.1505156401311815,0.005775020931575058,0.1542471926509888
290,8.347726396592329,0.362589201289195,37.32858698760256,5.212901792000001e-18,0.0001,0.0138,0.0,0.0,0.0,0.0,9.660925994135582e-19,0.0001,0.1853272204161175,1.0000000000000002,0.0001,1.0,-36.02775032823543,1.589840265671914,10000,0.0,8.507671668774981e-16,-1.1346272729262817e-16,9.997121419599067e-05,9.99932694752522e-05,-0.00011385236544311783
291,5.084479982983345,0.1181976541509442,15.784282961639656,1.15529195e-18,0.0,0.0014,0.0,0.0,0.0,0.0,5.935264790967686e-19,0.0,0.5137458796426033,,0.0,0.0,-34.864396547629376,1.7048160648418251,10000,1.522833569008786e-17,8.559881787831072e-16,3.9734180069192167e-17,0.0,1e-15,-0.00033377942792431337
292,5.1683167877106,0.4935844048386534,47.29143776574926,1.5511487323000002e-17,0.0022,0.0308,0.0,0.0,0.0,0.0,2.120161668263095e-18,0.0005473079157069,0.1366833253391103,0.2487763253213299,0.0019,1.1578947368421053,-35.72918134616986,1.6385626675116889,10000,0.0,8.556873401168906e-16,-3.321173481357411e-16,0.002203561858258154,0.0005462186458885348,0.0030957262154532594
293,10.290577432511686,0.1846090680104417,13.576769677281908,1.6979799999999998e-20,0.0,0.0006,0.0,0.0,0.0,0.0,1.580710521242633e-20,0.0,0.9309358892581968,,0.0,0.0,-37.66590340267162,1.8093989272923776,10000,3.7356571858002025e-17,8.597085994784736e-16,1.0579517682623779e-16,0.0,1e-15,-0.0002999775854231612
294,9.409936440550712,0.6484484345469075,6631.419708032909,1.37866827359288e-13,0.6062,1.5598,0.8377,0.2399,0.2667,0.0089,1.7266836697798788e-15,0.0180705509180281,0.012524286681959,0.0298095528175984,0.1779,3.407532321528949,-30.251608472983715,1.08888523748565,10000,1.379178812726184e-13,1.2693297795245102e-15,1.3793976279655006e-13,0.6251151282619856,0.00787510741946812,0.6295496975651756
295,9.265812744159758,0.4305494167414565,2816.681767708062,8.229556849205e-14,0.4433,0.8723,0.8543,0.1923,0.0693,0.0027,9.118828146527614e-16,0.014670379443058,0.0110805822398669,0.0330935696888293,0.1491,2.973172367538565,-30.53427421703803,0.8290442201872257,10000,8.150483766295732e-14,1.043797031144802e-15,8.077553226959938e-14,0.4252082554415273,0.00743692591366067,0.4189509716591301
296,8.521146532661492,0.1056138710324162,1735.086155450449,6.941358628984002e-14,0.2646,0.522,0.8915,0.1269,0.0425,0.001,6.954869770309937e-16,0.0098279368554281,0.0100194646927901,0.0371426185012402,0.1131,2.339522546419098,-30.614897867903515,0.740092286834248,10000,6.940332649672602e-14,9.793641607078278e-16,6.93914811045061e-14,0.260599090725747,0.0064938667926834285,0.2574986560605439
297,12.825754281676012,0.1842196548521659,178.56739004566504,4.4964107967249225e-14,0.078,0.1825,0.8614,0.0461,0.0,0.0003,1.5538583547060662e-16,0.0048387954486772,0.0034557748945844,0.0620358390856054,0.0443,1.7607223476297968,-30.920686995227715,1.2340991405325998,10000,4.555558522725305e-14,8.652562312741407e-16,4.65855232066278e-14,0.07646986026162941,0.004227043161839729,0.07154015591363123
298,9.523633957412,0.1027221831757716,4339.540773650345,9.564570204372501e-14,0.3447,0.7732,0.8808,0.168,0.1098,0.0047,1.194657780379372e-15,0.0121689358326819,0.0124904491770391,0.0353029760159034,0.1266,2.7227488151658767,-30.478335339319525,0.9058894980560096,10000,9.67842696544128e-14,1.1417580948349222e-15,9.763616640449346e-14,0.3512244118919888,0.0070711212078933055,0.3545504524430143
299,3.303447177717976,0.6700466424703934,261.18965719943503,8.5663928183452e-14,0.061,0.1261,0.9455,0.0509,0.0,0.0001,1.9143118973887096e-16,0.0039508810341611,0.0022346767630001,0.0647685415436261,0.0351,1.7378917378917378,-30.14502200179306,0.5194371170461506,10000,8.605587009427508e-14,8.819638995413906e-16,8.68558864747688e-14,0.06133067522762951,0.0036188753436915927,0.06305381885551231
300,1.2289614446816968,0.4670122614080679,3466.64726325377,7.755350332e-14,0.0671,0.1291,0.9827,0.0299,0.0133,0.0011,9.578199016587872e-16,0.0044633788966563,0.0123504401562189,0.0665183144062053,0.0328,2.0457317073170733,-30.607465672257216,0.7932750484892728,10000,7.73306278331132e-14,1.0882873431077559e-15,7.7086770905023e-14,0.06807039968003326,0.003992876934242842,0.07195890718800026
301,7.7808394141569535,0.1586856449044367,159.47586321846651,5.3886054913854453e-14,0.052,0.1353,0.9178,0.0405,0.0,0.0001,1.3294110773125104e-16,0.0035029740339757,0.0024670781326222,0.0673648852687642,0.0328,1.5853658536585369,-30.662649372145587,0.90030776483195,10000,5.429132911202679e-14,8.597242293905629e-16,5.496848776181152e-14,0.05249552370201867,0.0032464349731601,0.05551171305078624
302,6.2407086054714656,0.1175483436987861,38.680771480693934,8.3889399167e-18,0.0011,0.0167,0.0,0.0,0.0,0.0,1.6024578702273485e-18,0.0004999039811794,0.1910203060385865,0.4544581647085691,0.0007,1.5714285714285714,-36.13488352985799,1.897957763163876,10000,7.988879937794836e-17,8.573797277276834e-16,2.067999824337859e-16,0.0010973805576370635,0.0004990749646564824,0.0003095716363773482
303,2.154582109803971,0.0052430916754499,18.123688051351056,2.249030321e-18,0.0,0.003,0.0,0.0,0.0,0.0,8.756932770001409e-19,0.0,0.3893648159491136,,0.0,0.0,-35.359714059217936,1.8851930222323048,10000,3.9256058928418276e-17,8.678263232899663e-16,1.1514206611469848e-16,0.0,1e-15,-0.00047669771218064594
304,10.782251342700048,0.0644072013161496,52.24386116038272,8.926054334999998e-18,0.0014,0.0211,0.0,0.0,0.0,0.0,1.7042167338023114e-18,0.0006323321788415,0.1909260990177819,0.4516658420296434,0.0008,1.75,-36.235627835659606,1.8007127095550073,10000,0.0,8.584560259647692e-16,-1.6054107286699963e-16,0.0013994994010731183,0.0006306829211628046,0.0013039088428641321
305,6.133772008094165,0.3984998163344319,1457.8888448317607,6.626610617596067e-14,0.23,0.4091,0.9073,0.1057,0.0307,0.0016,6.2945516690035385e-16,0.0094551012630214,0.009498900768802,0.0411091359261801,0.0958,2.400835073068893,-30.63319637963388,0.7328713722131404,10000,6.635093164981962e-14,9.584586760946583e-16,6.645334585257511e-14,0.23187105922461623,0.006384204821560326,0.2334388923484158
306,3.4424916457528907,0.6386086474814365,4485.4502512955305,9.342635271230001e-14,0.1973,0.438,0.9384,0.0907,0.0574,0.0031,1.2276753070123502e-15,0.0089902921829801,0.0131405676382646,0.0455666101519519,0.0762,2.589238845144357,-30.511335386453343,0.8911898490637783,10000,9.367169273908011e-14,1.1570444023123844e-15,9.385494002751757e-14,0.21121510247222544,0.0062802058513495235,0.22447676096436991
307,2.52277256172718,0.4565788471164304,6743.964432980172,1.1784813430843004e-13,0.1482,0.3099,0.9569,0.0707,0.0718,0.0083,1.651242586735673e-15,0.0075927228939356,0.0140116141543155,0.0512329480022647,0.0597,2.4824120603015074,-30.4026940889362,1.0084079463967617,10000,1.1664804318337087e-13,1.2540878768666908e-15,1.1609377934518192e-13,0.14616837231981686,0.0057433288810755136,0.14345121506900957
308,10.611790427648572,0.3470818141119465,1418.0102690049523,6.856209668927999e-14,0.3421,0.6388,0.8427,0.1779,0.0429,0.0019,6.459199009083579e-16,0.0111919294551249,0.0094209473178108,0.0327153740284271,0.1431,2.390635918937806,-30.609979862893443,0.7586514300286585,10000,6.836275809215725e-14,9.618433936487931e-16,6.812863607674723e-14,0.3382604729560008,0.006842504349996684,0.33596868978360483
309,2.6907152905272484,0.2974606936653047,350.3722815053808,6.936182661851e-14,0.0484,0.0822,0.9723,0.0354,0.0003,0.0001,2.8773891913193033e-16,0.0038764992873303,0.0041483757444061,0.0800929604820313,0.0242,2.0,-30.370328405258395,0.406088142651496,10000,6.950968047300485e-14,8.757078062005915e-16,6.97320215778471e-14,0.0473416842571286,0.0035372871196590267,0.042076126389652704
310,4.590570359946174,0.3236934154360254,14.361185438999852,8.54555e-19,0.0,0.0013,0.0,0.0,0.0,0.0,5.979737414589914e-19,0.0,0.6997486896209039,,0.0,0.0,-34.3837197883995,1.3372550784237414,10000,0.0,8.507827681794139e-16,-1.1675253164590435e-16,0.0,1e-15,-0.00042123463714563436
311,2.131573193597056,0.0416395686057518,147.77003389704845,6.955497556800001e-14,0.0197,0.0514,0.9795,0.0197,0.0,0.0002,8.932706183621473e-17,0.0021003885743395,0.0012842655914512,0.1066187093573399,0.0125,1.576,-30.31609820481621,0.2872526575382931,10000,6.910064244710645e-14,8.780464242545265e-16,6.807351074010411e-14,0.019706790083001528,0.002047320877259018,0.019836093006890154
312,2.9232123040037776,0.2384103608425262,335.89826131009187,7.098017094723002e-14,0.0412,0.0788,0.9715,0.0353,0.0001,0.0001,2.758561890219457e-16,0.0031829654611561,0.0038863838356634,0.0772564432319442,0.0239,1.7238493723849373,-30.34531231510057,0.4399130519606828,10000,7.119242137463086e-14,8.745365488005806e-16,7.151667496821428e-14,0.04145129679604191,0.0029871938073172564,0.043307679732906945
313,12.245729640640604,0.3596765480881293,1846.3202923987187,7.41993381849844e-14,0.4389,0.835,0.8182,0.2076,0.0685,0.0018,7.423512869851592e-16,0.0133388332116098,0.0100048235623668,0.0303915087983818,0.1731,2.535528596187175,-30.57556924989841,0.8190181617807651,10000,7.385755399506247e-14,9.92308130656913e-16,7.348373092194263e-14,0.4191924550859012,0.007271844413122684,0.410858402855355
314,13.42099140732477,0.047873668298722,8611.925841563276,1.4893825884989998e-13,0.5038,1.4953,0.8394,0.2427,0.3305,0.0134,1.9490981619754864e-15,0.0152191234363815,0.0130866184217971,0.0302086610487922,0.1687,2.986366330764671,-30.216683530174777,1.1110502840496217,10000,1.4861728980389884e-13,1.3857223536882106e-15,1.4847007552803864e-13,0.5098717002361455,0.008121687012810016,0.5122893054148545
315,2.83637758291845,0.1191352189060432,35.999571439934854,7.34805006e-18,0.0013,0.015,0.0,0.0,0.0,0.0,1.372833481309501e-18,0.0006707279534943,0.1868296310041063,0.5159445796110621,0.0006,2.1666666666666665,-35.769360649999015,1.5731393772465316,10000,0.0,8.52907776066913e-16,-4.822356654794465e-17,0.001295537071955425,0.0006687279924969868,0.0005505153594241863
316,2.699837298694681,0.1384416496653229,5661.588483915776,1.0682254036519999e-13,0.1172,0.2338,0.9694,0.0494,0.0486,0.0038,1.44271538239195e-15,0.0065719658454306,0.0135057205853714,0.0560747939029921,0.0499,2.3486973947895797,-30.44722431697153,0.962267170364314,10000,1.0662195545887157e-13,1.2374360179207715e-15,1.0648891503160897e-13,0.12074066614510104,0.0052958131002881935,0.12729725830677371
317,8.119014873563922,0.1828190949659432,54.66098983165837,1.7627931572499997e-17,0.0023,0.0296,0.0,0.0,0.0,0.0,2.7845164924592364e-18,0.0007138080639746,0.1579604777229309,0.3103513321628857,0.0016,1.4375,-35.87044046404371,1.8241410871739816,10000,1.0117441936392235e-16,8.555342966238621e-16,2.4574510149680814e-16,0.002305035267647722,0.0007113760699549379,0.0030402049389992303
318,8.644559822565796,0.5175856052133173,42.70171155112746,8.848841062e-18,0.0016,0.0207,0.0,0.0,0.0,0.0,1.4144579687119409e-18,0.0008122868834334,0.1598466916516463,0.5076793021459343,0.0007,2.2857142857142856,-35.96069487329804,1.669403118322416,10000,1.4703315138391975e-17,8.54714897448082e-16,2.4720754489451586e-17,0.0015953776937536373,0.0008087322585462518,0.0010707075779088637
319,11.084501825801317,0.5126377163060944,11.883394329705109,3.1617099999999994e-20,0.0,0.0002,0.0,0.0,0.0,0.0,3.1617100000000006e-20,0.0,1.0000000000000002,,0.0,0.0,-35.69024846742845,,10000,1.0212274825677764e-17,8.535689922101825e-16,2.7359833512890446e-17,0.0,1e-15,-0.00014209048223468024
320,4.373658698539947,0.4538638705604743,76.16167562246687,5.81767195771e-17,0.0138,0.0652,0.0002,0.0,0.0,0.0,5.57071313542906e-18,0.0015300948071972,0.0957550232451031,0.1108764353041464,0.0101,1.3663366336633664,-35.26145646037491,1.8668103541964776,10000,6.79924629650841e-16,8.534278266650796e-16,1.7249485235784466e-15,0.013849347521190079,0.0015067399847924208,0.015428937004273835
321,1.726827137373227,0.4064889501326052,1524.1788765302588,6.340554797600001e-14,0.0786,0.1383,0.9723,0.0383,0.0102,0.0017,6.316940806656537e-16,0.0048025524933148,0.0099627572165255,0.0611011767597314,0.0384,2.046875,-30.668677700980265,0.6592334314641471,10000,6.342654866837792e-14,9.646476754893074e-16,6.345325058392537e-14,0.0779186420586989,0.0042150947397615575,0.07563346360392391
322,12.92843674843422,0.0540569974570686,19.538497645869487,1.41293151e-18,0.0,0.0026,0.0,0.0,0.0,0.0,5.167095002781002e-19,0.0,0.365700316413851,,0.0,0.0,-35.62118006132195,1.4713693513854686,10000,5.006415086908515e-17,8.622677773185975e-16,1.4243917786592235e-16,0.0,1e-15,0.00030452372707623354
323,11.180727972302051,0.5995485138504743,6108.574724401489,1.3575424742762e-13,0.7002,1.7428,0.8118,0.2689,0.2898,0.0118,1.673368657927276e-15,0.0195466161526823,0.0123264552648304,0.0279157614291378,0.1966,3.5615462868769074,-30.250788801340757,1.0781176502873184,10000,1.3608202489660997e-13,1.2620441072177076e-15,1.362322792767591e-13,0.689847194342042,0.007979459164699557,0.6877768906769776
324,8.176223102433092,0.1834388040764397,142.34982383329236,4.0182807637901325e-14,0.0468,0.1295,0.9096,0.0345,0.0,0.0001,1.0694092757866783e-16,0.0036417443938616,0.002661360264876,0.0778150511508907,0.028,1.6714285714285717,-30.96168746883201,0.9674767842163228,10000,3.933877110978036e-14,8.592025613643556e-16,3.7892606748244086e-14,0.0470424698928315,0.003355817422067153,0.048407218315026576
325,2.375657460688797,0.2513163267384049,12.000493264257903,1.1314369e-19,0.0,0.0008,0.0,0.0,0.0,0.0,5.925642136844546e-20,0.0,0.5237271417296488,,0.0,0.0,-36.19771422969744,0.6450378095741932,10000,0.0,8.642788665875557e-16,-4.437569284004927e-17,0.0,1e-15,0.00017592479933287164
326,9.647035729814103,0.4395126218258461,3419.9739040326576,8.714741136834e-14,0.4578,0.963,0.8509,0.1979,0.0951,0.0038,1.0084747407495093e-15,0.0152468082730862,0.0115720561852039,0.0333045178529625,0.1507,3.037823490378235,-30.507666511287937,0.8571125848331758,10000,8.759937545208478e-14,1.070416508593845e-15,8.79696976943871e-14,0.4564149933086744,0.007506552479942556,0.4559718623868585
327,9.065695793225434,0.2964539131713919,4498.445688156213,1.0063224976281e-13,0.4001,0.8721,0.8726,0.1836,0.1175,0.0052,1.2548946067477282e-15,0.0136792072530211,0.0124701038653663,0.0341894707648617,0.1358,2.9462444771723124,-30.443800620623666,0.9340708078231648,10000,1.0126380717148131e-13,1.139865480119746e-15,1.0166187445325077e-13,0.39779423185295104,0.007296244179277284,0.3968774189715271
328,10.742573146860154,0.1045703559328056,19.829749402535924,1.5000559369999997e-18,0.0,0.0029,0.0,0.0,0.0,0.0,6.183886244408523e-19,0.0,0.4122437098429699,,0.0,0.0,-36.29785444807258,2.0926089938550767,10000,3.361415212275907e-17,8.588188219510072e-16,9.175777935279814e-17,0.0,1e-15,0.0006557899775072318
329,4.742199004229495,0.593906878284155,394.83085648720953,6.6713902849554e-14,0.0904,0.1856,0.9269,0.0768,0.0005,0.0004,3.1771165892069637e-16,0.0051073860769726,0.0047623005902857,0.05649763359483,0.051,1.772549019607843,-30.443273572305163,0.5812562736711415,10000,6.664943439402783e-14,8.876118480856214e-16,6.65457624658969e-14,0.09046110170020949,0.004403231189144403,0.09063799825261301
330,5.49285471838011,0.4401829419937856,1400.9180444575234,6.639298070189521e-14,0.2057,0.356,0.9176,0.1002,0.0271,0.0008,6.184876777392524e-16,0.0085747363580672,0.0093155582292089,0.0416856410212313,0.0896,2.2957589285714284,-30.62085980300301,0.6980534122268475,10000,6.612731758449354e-14,9.54854222794347e-16,6.580497327596098e-14,0.2110158701054986,0.006093120470319513,0.21643778463291247
331,3.947355090296581,0.5287689011191564,5612.082165019005,1.1178714954576e-13,0.2271,0.504,0.933,0.1074,0.0959,0.0076,1.4706227804120748e-15,0.0093819700029425,0.0131555620336313,0.0413120651824858,0.088,2.580681818181818,-30.411063528083336,0.9895796536120148,10000,1.1138947928991007e-13,1.220168567851487e-15,1.1116152131990598e-13,0.2297201736373365,0.006373359413994259,0.23196546872342524
332,14.368702539273531,0.3952655892394594,6886.733275510794,1.4374038708128677e-13,0.7133,1.9138,0.7989,0.2879,0.3315,0.0115,1.7757524640803137e-15,0.019123464165474,0.0123538867547094,0.0268098474211047,0.2102,3.393434823977165,-30.216545039799843,1.1306007421465138,10000,1.4362473108307454e-13,1.3364571059538211e-15,1.4356531147433349e-13,0.7014345527082382,0.008116029217162977,0.6988278820433979
333,14.484044967064335,0.5613710372169479,227.5534770192939,5.6780557388535844e-14,0.1287,0.2666,0.8064,0.0692,0.0,0.0002,2.332716297136628e-16,0.0060363295741263,0.0041083011587477,0.0469023276932896,0.074,1.7391891891891893,-30.760653239604807,1.411197644149654,10000,5.6088145878949606e-14,8.772183083358628e-16,5.487465172600271e-14,0.13036312302485717,0.004983714123044545,0.13392416885831865
334,13.440129052799634,0.1917289142019264,406.1958054414284,6.67722856498223e-14,0.1269,0.3035,0.8672,0.1174,0.0009,0.0003,3.218894495306904e-16,0.0057430773365617,0.0048207043745483,0.0452567166001715,0.0738,1.7195121951219512,-30.472512313320216,0.7707990608279905,10000,6.693181547216365e-14,8.909309259055878e-16,6.719593201527848e-14,0.12886059781331327,0.0047989515710277425,0.13339716341862815
335,6.745666011012012,0.049503135523261,43.18786021275126,6.225059700800001e-18,0.0004,0.0197,0.0,0.0,0.0,0.0,1.1883674403600373e-18,0.0001999699947489,0.1909005692278448,0.4999249868722806,0.0004,1.0,-36.39698332399086,1.6276076711918328,10000,9.725811494586545e-17,8.629779749279281e-16,2.71806821487894e-16,0.00040025358122213687,0.00019991777439022092,0.0008855889432570208
336,6.770555652135084,0.1117848202659276,2315.6882787386817,7.434386401254001e-14,0.2602,0.4852,0.9103,0.12,0.0466,0.0011,8.157894426371359e-16,0.0106311287307514,0.0109731913113842,0.0408575277892061,0.1029,2.5286686103012634,-30.59625478536478,0.7649647315726087,10000,7.367496646937096e-14,1.014119702949824e-15,7.299677050208677e-14,0.24859720688735207,0.0067102301666759935,0.24091353786445657
337,10.169069510003984,0.0011793674793791,3119.6069399416574,8.209131458845999e-14,0.3203,0.7732,0.8785,0.16,0.0752,0.0017,9.373520164998302e-16,0.0113403549929063,0.0114184066998922,0.0354054167746062,0.1286,2.4906687402799377,-30.54429323416407,0.8250501088818831,10000,8.149154315220767e-14,1.0650075360246914e-15,8.089691758196645e-14,0.3219197659611832,0.0070310946611261745,0.32293123361682696
338,11.254134672667622,0.1259172900994169,8524.007278490035,1.4178802143147e-13,0.476,1.2929,0.8552,0.2153,0.3051,0.0127,1.8634082725303218e-15,0.0148224279535116,0.0131422122526123,0.0311395545241841,0.1585,3.003154574132492,-30.25810834689728,1.1004099470479771,10000,1.4350606489971332e-13,1.3119616656690844e-15,1.4419683763200107e-13,0.4693823193767925,0.007549313326184801,0.46706438847911547
339,5.052103929427793,0.6939145482546945,22.03437491202466,3.2911650940000006e-18,0.0,0.0069,0.0,0.0,0.0,0.0,8.998683276771138e-19,0.0,0.2734193824909088,,0.0,0.0,-36.0141080179333,1.8749177677725768,10000,4.2139041908039e-17,8.6417720982802e-16,1.1787195023938785e-16,0.0,1e-15,0.00043514666309912853
340,1.4770034482295848,0.3039168446445026,432.5301487314536,6.285150091412e-14,0.0297,0.0586,0.9806,0.026,0.0002,0.0001,3.23398150254097e-16,0.0024703038760695,0.0051454324168962,0.0831752146824748,0.0198,1.5,-30.48776206628581,0.4255756469628605,10000,6.288751654899496e-14,8.895514848473185e-16,6.294588019683639e-14,0.029736908847392544,0.0023768464965935134,0.030197200034752972
341,14.19237347109176,0.3333586686645594,1065.1114157649583,6.6632853694848e-14,0.348,0.671,0.8073,0.1847,0.0452,0.0012,5.596548713529946e-16,0.0108637655598882,0.0083990830396667,0.0312177171261156,0.1613,2.157470551766894,-30.603340691835648,0.7854965781014602,10000,6.643781233251563e-14,9.511124482558628e-16,6.615452373953201e-14,0.3506944227217105,0.006834193743321482,0.3524590712275689
342,6.992489667736449,0.2140290434386736,10.877346882850572,3.211179e-19,0.0,0.0006,0.0,0.0,0.0,0.0,2.0995471760402141e-19,0.0,0.6538243978427283,,0.0,0.0,-34.650219465021465,0.7795144250966813,10000,0.0,8.535973920279241e-16,-6.848506440776165e-17,0.0,1e-15,0.00010851989594620748
343,6.7642373580948885,0.2153378178326372,11.6027366461654,3.7102759e-19,0.0,0.0006,0.0,0.0,0.0,0.0,2.6565098108155544e-19,0.0,0.7159871347614755,,0.0,0.0,-35.633384746814684,1.986178040279231,10000,0.0,8.515988802918802e-16,-1.0078798285549442e-17,0.0,1e-15,-0.00015549327284572478
344,9.805916614583657,0.5983100263807754,8773.268038822147,1.5253856034894e-13,0.6663,1.8562,0.8271,0.2614,0.3623,0.012,1.9754544579968496e-15,0.0191658854247961,0.0129505251228141,0.0287646486939758,0.1875,3.5536,-30.19878301464605,1.121931918001976,10000,1.5264475312789923e-13,1.341159739796926e-15,1.526846342764227e-13,0.654085078247074,0.008008415273567179,0.6515012731579188
345,3.495293996550662,0.0045068975311266,45.41336537599603,1.3228533304e-17,0.0015,0.0269,0.0,0.0,0.0,0.0,2.1921390361020266e-18,0.0003870271036993,0.1657129317155042,0.2580180691328934,0.0015,1.0,-35.81138716578256,1.5872044658363655,10000,8.17279469060228e-18,8.605931050434096e-16,-1.2071504875148505e-18,0.0015015148038220242,0.0003866631461159522,0.0023057888536915094
346,11.50522619898982,0.1656079567247875,3748.1464591482472,9.150670479869e-14,0.3972,0.8777,0.8531,0.1986,0.11,0.0038,1.097016618766699e-15,0.0127882590666984,0.0119883741981538,0.0321960198053838,0.1491,2.6639839034205237,-30.489884486611626,0.8850803511941173,10000,9.177197728447547e-14,1.1031916016261951e-15,9.197887911978317e-14,0.4079989583935132,0.007176249785262359,0.4129625946766401
347,14.704436760717297,0.0608274250554399,658.6795506760116,6.26880260941809e-14,0.2149,0.4964,0.8379,0.1537,0.0184,0.0011,4.4236164155488523e-16,0.0078751508430048,0.0070565571946753,0.0366456530619118,0.1193,1.801341156747695,-30.61353754838648,0.8293619970336769,10000,6.273094394256517e-14,9.415197800391977e-16,6.281808341051511e-14,0.21294068398594276,0.005995608684515564,0.21023909837789423
348,8.457148846510133,0.564980944806753,4938.60600683399,1.1160779073305003e-13,0.4764,1.0503,0.8593,0.2063,0.1497,0.008,1.4011745554683809e-15,0.0153547348003174,0.0125544511388079,0.0322307615455865,0.1529,3.115761935905821,-30.380775130854968,0.9832582257587154,10000,1.1100848676370506e-13,1.185124726484118e-15,1.1067073000820745e-13,0.4893056322518417,0.00752413675996013,0.4933837814995752
349,14.180737253389593,0.0159317058126818,953.9083255347582,6.4000327947222e-14,0.2444,0.5602,0.843,0.1552,0.0357,0.0008,5.129583362369021e-16,0.0083362949432789,0.0080149329337798,0.0341092264454948,0.1295,1.8872586872586872,-30.620022326074807,0.7661315334425544,10000,6.425047796934078e-14,9.42573461443084e-16,6.464559323981341e-14,0.2533078750766977,0.006147988678328359,0.2639305798575503
350,5.6044334078507525,0.4460729640250527,133.4902956580109,4.156822855303855e-14,0.0471,0.11,0.923,0.0302,0.0,0.0001,1.0319913320396183e-16,0.0034827247863122,0.0024826444810436,0.0739432014079034,0.0288,1.6354166666666667,-30.91058986774289,0.8481625477360699,10000,4.1526714822263736e-14,8.574392417661711e-16,4.145698622042491e-14,0.047178236653552544,0.0032299614682218193,0.0476592914529831
351,1.306705891368488,0.0246010236422536,30.807079329532275,8.441560677000001e-18,0.0001,0.015,0.0,0.0,0.0,0.0,1.6366294742700396e-18,0.0001,0.1938775940720563,1.0000000000000002,0.0001,1.0,-35.68360995746396,1.640823023199204,10000,5.5504213151115427e-17,8.730981387383525e-16,1.5936944005196638e-16,0.00010005541750235699,9.999408990578417e-05,0.0005688515782897585
352,14.170170282171604,0.236038822876302,133.9417108532301,1.327279147090498e-16,0.0301,0.1307,0.0,0.0,0.0,0.0,1.2550615300719612e-17,0.0025768319709093,0.094558972980413,0.0856090355783841,0.0207,1.4541062801932367,-35.84028967612793,2.290778430730029,10000,1.8929440637804076e-16,8.59889410251698e-16,2.931440484184143e-16,0.030755588088669718,0.0024723363937098073,0.038350599248929654
353,7.694787016388394,0.6318886361813733,4750.943646336968,1.0627902634971e-13,0.4833,1.0339,0.8659,0.1992,0.1351,0.0062,1.334564724069177e-15,0.0160965220094926,0.0125571786824411,0.0333054459124614,0.1483,3.258934592043156,-30.41456883728205,0.9597960306710758,10000,1.0660508244282027e-13,1.1725957801658899e-15,1.0680668493349587e-13,0.4844182011447081,0.0076516981510758525,0.48474464908237735
354,4.460285668643744,0.4435081101934401,5825.846232645111,1.1499629419269e-13,0.2487,0.5274,0.9288,0.1134,0.1094,0.0086,1.542870828875085e-15,0.0105477939207997,0.0134167004224485,0.0424117166095686,0.088,2.826136363636364,-30.395160562179527,0.9931811261551144,10000,1.1443172058275113e-13,1.2257076425069885e-15,1.1414710723512836e-13,0.24527755695717876,0.006700579288838635,0.24296194185106573
355,9.848222801686877,0.2224134844702569,1314.102206622188,6.642376552205558e-14,0.2784,0.5154,0.8745,0.1411,0.0353,0.0014,6.095835100613535e-16,0.0104422338618134,0.0091771898998852,0.0375080239289274,0.1194,2.3316582914572863,-30.621064137809547,0.7308792634129085,10000,6.64017797407016e-14,9.511714798973238e-16,6.637520336581728e-14,0.2799257784393929,0.006657224561122805,0.28097056741329646
356,14.850449875898097,0.0618799713251371,40.38776166715505,2.735736394e-18,0.0003,0.0098,0.0,0.0,0.0,0.0,7.135967393789962e-19,0.0001731877576503,0.2608426531679192,0.5772925255010092,0.0003,1.0,-36.51321198831612,1.5314624784026354,10000,0.0,8.655973694776417e-16,-1.715388049792031e-17,0.0003002829445283075,0.0001731559831687386,0.0010711695299033819
357,6.631637877185289,0.2368594933196818,95.08852812359952,3.4550920096170162e-16,0.0229,0.1015,0.06,0.0001,0.0,0.0,1.3893665833987008e-17,0.002533416827149,0.0402121442650873,0.1106295557707013,0.0143,1.6013986013986017,-34.401077896184354,2.007023161791724,10000,2.1568857507236973e-15,8.538479506191923e-16,5.216447951433669e-15,0.022834677781533214,0.00243083555753238,0.022076711015838996
358,12.453362812489292,0.4072496326855493,443.5176456339243,6.391738120366579e-14,0.1677,0.3285,0.8517,0.1288,0.002,0.0004,3.3748844276181536e-16,0.0073132085504195,0.0052800730631695,0.0436088762696457,0.0909,1.844884488448845,-30.53345611203187,0.8138162322387864,10000,6.417919417978976e-14,8.849711393737275e-16,6.45641396853122e-14,0.16780595299247775,0.005582068050452629,0.16795384356886295
359,12.512761640276468,0.3856383054999463,10.847552918638828,1.34494e-21,0.0,0.0001,0.0,0.0,0.0,0.0,1.34494e-21,0.0,1.0,,0.0,0.0,-38.847597178505445,,10000,0.0,8.65939937673021e-16,-1.800352993682886e-16,0.0,1e-15,-0.00017539686735421056
360,8.40838741999285,0.4592407531435473,42.2816815551906,9.929327127909e-18,0.0018,0.0187,0.0,0.0,0.0,0.0,1.807152148993264e-18,0.0006478564438185,0.1820014715714003,0.3599202465658447,0.0012,1.5,-35.96790726127342,2.0914244786147123,10000,1.4816798373235554e-17,8.531308041849301e-16,2.2999279023528162e-17,0.0017944421831529135,0.0006460425624351708,0.0008060774735230425
361,6.340128986399554,0.4764768379323098,252.64459816235623,9.8831321079745e-14,0.0843,0.1705,0.9137,0.0694,0.0,0.0001,2.4235865300571753e-16,0.0050201465304429,0.0024522454051804,0.0595509671464173,0.047,1.7936170212765958,-30.034904064912784,0.7087806544826871,10000,9.795357786315018e-14,8.708154973858242e-16,9.656701277518354e-14,0.08511731726812569,0.004340266709284731,0.08753665409587122
362,2.2808631058667546,0.0859774579570841,40.27530006405368,1.2118304342999998e-17,0.0008,0.0225,0.0,0.0,0.0,0.0,1.852968664007922e-18,0.000316142364449,0.1529065958042445,0.3951779555613599,0.0007,1.1428571428571428,-35.66958299779115,1.7855286574347684,10000,1.734278273271528e-17,8.576949059097996e-16,2.6656437985517632e-17,0.0008003176463597859,0.00031593492092670894,0.0010421247667430078
363,2.1157397795178667,0.1053545610711304,5089.9130286670525,9.738846225490003e-14,0.1037,0.1798,0.9734,0.0445,0.0359,0.0035,1.3106937943669266e-15,0.0058888113240178,0.0134584093846391,0.0567869944456881,0.0467,2.2205567451820127,-30.49729560156423,0.9108348073583364,10000,9.796632559231777e-14,1.1909052129922933e-15,9.838430558051885e-14,0.10244581427264289,0.0049567305988872405,0.099397584501202
364,5.1319663453963775,0.4441463560754722,19.898854535470857,1.4666472460000005e-18,0.0,0.0043,0.0,0.0,0.0,0.0,5.409671581995136e-19,0.0,0.368846128252651,,0.0,0.0,-36.34097467586992,1.9626642368993577,10000,0.0,8.538787062204424e-16,-1.0028860400050865e-16,0.0,1e-15,0.0005069331444523539
365,6.7361734977099,0.2962312002492291,279.4910388749784,8.25670081408481e-14,0.0781,0.1555,0.9274,0.0667,0.0,0.0004,2.0704912581019182e-16,0.0048106499805456,0.0025076496105683,0.0615960304807377,0.0432,1.8078703703703705,-30.193573027224453,0.6257153424646965,10000,8.374856485240788e-14,8.65909514797041e-16,8.563850894939493e-14,0.07851393672680006,0.004200474743293165,0.07984223967651863
366,4.36130134741992,0.5370550735574836,911.97931062494,6.3483434036985e-14,0.1762,0.2855,0.9252,0.0872,0.0158,0.0014,5.085362873819811e-16,0.0077692594331257,0.0080105352694958,0.0440934133548568,0.0783,2.2503192848020435,-30.601355316670503,0.6327209716676436,10000,6.31903007944293e-14,9.257155370017292e-16,6.27977978050937e-14,0.16952588124845283,0.005778882804401973,0.16126042763617862
367,6.44752945362706,0.0719611616100156,11.757680436481566,6.6949773e-19,0.0,0.0012,0.0,0.0,0.0,0.0,3.4008997817019267e-19,0.0,0.5079777913066154,,0.0,0.0,-35.130241145331986,1.6541591533989528,10000,7.06585610041564e-17,8.578682665740919e-16,1.9572816184517806e-16,0.0,1e-15,1.6143295828219273e-05
368,1.5400422620122505,0.6165719765794478,120.7170438173506,5.455843427713e-14,0.0166,0.0439,0.9767,0.0161,0.0,0.0002,7.27031774590404e-17,0.0017066737454848,0.0013325744849961,0.1028116714147511,0.012,1.3833333333333333,-30.564517110063377,0.3613909004847163,10000,5.435678371709726e-14,8.775573687763528e-16,5.389705732874122e-14,0.01666783605857134,0.0016762381453309058,0.01851906226180869
369,5.532359415825206,0.2515339822263277,754.422823057834,6.158152590218972e-14,0.1373,0.2497,0.9297,0.0763,0.0129,0.0009,4.53420734870058e-16,0.0064582537813398,0.0073629343902622,0.0470375366448641,0.0691,1.9869753979739508,-30.602039301501136,0.6273436847599603,10000,6.171591238314032e-14,9.13496352587269e-16,6.190661964168104e-14,0.1395160364284905,0.005174188364524203,0.1434879822376475
370,1.455896339895942,0.1295360265114781,646.7860776345137,6.003593921212e-14,0.0374,0.0676,0.9824,0.0237,0.0034,0.0005,4.136583216280705e-16,0.0027750484841546,0.0068901782341827,0.0741991573303378,0.0241,1.5518672199170125,-30.590532130377262,0.4952187360958306,10000,6.010349536714497e-14,9.262171847701173e-16,6.023083068391764e-14,0.037813590088328894,0.002649795681214486,0.04208744896574991
371,6.609959592697476,0.3780089501320845,2511.0809811532577,7.58239678445047e-14,0.2959,0.5825,0.898,0.1408,0.053,0.0015,8.228814356186612e-16,0.0115458931990979,0.0108525240634488,0.039019578232842,0.1112,2.660971223021583,-30.58450218916839,0.793081963764397,10000,7.565953301397485e-14,1.0099468327290025e-15,7.550234793070597e-14,0.29597066424719537,0.006910015196813538,0.2960101000164812
372,11.75071202317142,0.5017643222788484,5854.081113765828,1.3438999354060998e-13,0.6579,1.577,0.8135,0.2728,0.2646,0.0121,1.671296423484477e-15,0.0179933080592061,0.0124361671539142,0.0273496094531176,0.2018,3.2601585728444005,-30.26019451767719,1.0766720645326378,10000,1.3287794554596997e-13,1.2652322998031889e-15,1.3217252859577164e-13,0.6404794429374755,0.00781506932981518,0.6364290759462924
373,5.957074742111273,0.6814903884799598,43.03049186808615,1.3422070012639998e-17,0.0033,0.0242,0.0,0.0,0.0,0.0,2.015625152731036e-18,0.0008769195509223,0.1501724511072328,0.2657331972492009,0.0019,1.736842105263158,-35.747505380878145,1.7982866254559684,10000,1.3974599773581134e-16,8.575225946242164e-16,3.644087456073142e-16,0.0032921711342817263,0.0008726768360421225,0.0024889705412415863
374,2.1868963933407093,0.0988510336893295,64.43962571068869,1.82550131286145e-14,0.0079,0.0448,0.9623,0.0085,0.0,0.0,3.396856428023506e-17,0.001401411929284,0.0018607800520827,0.1773939150992427,0.0054,1.462962962962963,-31.67841775116662,0.5711299852519355,10000,1.7985655740642884e-14,8.597442058357381e-16,1.749476767481001e-14,0.007881703237552887,0.0013839144271551862,0.0071626838854172425
375,5.278846274000113,0.2433663091304292,87.62492800942809,4.325165217043327e-15,0.0139,0.0858,0.58,0.002,0.0,0.0,4.289084156428719e-17,0.0016343029384448,0.0099165787691244,0.1175757509672551,0.01,1.39,-32.88030070232007,1.0602246500068406,10000,4.907467030936658e-15,8.569718345879308e-16,5.925264660143172e-15,0.014060901177791761,0.0016058368414362003,0.01855942875035224
376,14.99390825714122,0.5203370470640869,3147.756694068195,8.896811239846269e-14,0.683,1.5005,0.7654,0.3023,0.1256,0.0036,9.719304303234759e-16,0.0180300751069105,0.010924480739464,0.026398353011582,0.2184,3.1272893772893773,-30.481391527773734,0.9073442324572388,10000,8.898170550844532e-14,1.111675565105607e-15,8.899841478268489e-14,0.6759802046869681,0.008133896725141502,0.6741865015449278
377,10.636513045575398,0.4124889070927516,54.01872301614923,1.3811508309767002e-17,0.003,0.024,0.0,0.0,0.0,0.0,2.164041573863109e-18,0.0009050866909814,0.1566839425012528,0.3016955636604959,0.0018,1.6666666666666667,-35.97146982779313,2.200761364599562,10000,0.0,8.540841992774802e-16,-1.7866637938168063e-16,0.0029968023892359115,0.0009001715996385968,0.0027047873159458946
378,14.944217801936643,0.5057181143524397,12.914499572185196,5.102227300000001e-19,0.0,0.0006,0.0,0.0,0.0,0.0,3.1867735133173684e-19,0.0,0.6245847795368442,,0.0,0.0,-35.28821091946152,1.572174028942906,10000,1.638098049280579e-17,8.673966354198468e-16,4.873184870564015e-17,0.0,1e-15,0.0003164329284906786
379,7.389368748701721,0.38777600439454,664.7455996197001,6.157162709743158e-14,0.1721,0.3436,0.8982,0.1039,0.0121,0.0013,4.262036086929281e-16,0.0075824737645994,0.0069220780542066,0.0440585343672252,0.0865,1.9895953757225435,-30.595843252248763,0.6899099183169907,10000,6.171068042038215e-14,9.028467395258351e-16,6.190225687817277e-14,0.1742882980024802,0.005695629725514764,0.1771217633545667
380,12.803368848179362,0.6254325168585052,1197.6661078527777,6.700618685517021e-14,0.4679,0.8458,0.7841,0.2086,0.0462,0.0015,5.910410123613412e-16,0.0133572003234228,0.0088206931344838,0.028547126145379,0.1871,2.5008017103153395,-30.622836395845912,0.8246664168574118,10000,6.723130826982342e-14,9.569954719412449e-16,6.754008687224213e-14,0.4717466397154957,0.0073472962061602075,0.4734154401005619
381,7.516335179325086,0.5752055558675813,5264.497316357243,1.1572176398996e-13,0.4521,0.9901,0.8758,0.1858,0.1514,0.0083,1.4892851784009954e-15,0.0155040187196625,0.0128695340189439,0.0342933393489549,0.1401,3.226980728051392,-30.368990742419435,0.9983025979231382,10000,1.1509543848427998e-13,1.2037782228131398e-15,1.1477698326375801e-13,0.4512973547740677,0.007545599971625967,0.4510482278592093
382,12.41701100605644,0.34775935159754,1054.429347861014,6.5116199064489e-14,0.334,0.633,0.8235,0.1711,0.0403,0.0019,5.483669021566323e-16,0.0106016809782202,0.0084213592014722,0.0317415598150305,0.1556,2.146529562982005,-30.626281239958583,0.7932477132451404,10000,6.548588947267114e-14,9.357537684551192e-16,6.596321893686442e-14,0.33220280039581773,0.0067071604571845855,0.3310034344578424
383,14.860998377150995,0.5482661759418299,9125.188877192551,1.6737460057466e-13,0.9059,2.9272,0.7662,0.359,0.4678,0.0142,2.0471101815492284e-15,0.0226930830122674,0.0122307098838218,0.0250503179294264,0.2397,3.7793074676679184,-30.103419521004746,1.161963180757566,10000,1.6752170266544937e-13,1.4496612383122703e-15,1.6759343522062896e-13,0.918344113477563,0.008970304519795922,0.9206486251187246
384,10.211103111158929,0.0227950214230411,749.7773556590201,6.190328788492e-14,0.1863,0.3872,0.8874,0.1142,0.0209,0.0004,4.553919511483124e-16,0.0074916515858886,0.0073565066849906,0.0402128372833531,0.097,1.920618556701031,-30.60772226208959,0.6750254945256311,10000,6.207639240942882e-14,9.190227214142556e-16,6.233603326230474e-14,0.18798061078823702,0.005705659600808189,0.19030181794233564
385,3.8553698275182495,0.2734420233526799,6606.918696754901,1.1698512593589999e-13,0.1805,0.4182,0.9439,0.0937,0.0921,0.0089,1.606669409365252e-15,0.0083557738657583,0.0137339631556715,0.0462923759875806,0.0733,2.462482946793997,-30.397625816269056,1.0041544831376308,10000,1.173086641932884e-13,1.2472390813157063e-15,1.1746677165641046e-13,0.18518688646474837,0.006033320318677142,0.190292132873476
386,7.1559277111761865,0.6095718421887302,1218.7940441485084,6.517907637471e-14,0.2874,0.5013,0.8753,0.1374,0.0329,0.002,5.770259896649857e-16,0.0103320278300006,0.0088529329005477,0.0359499924495499,0.1213,2.369332234130256,-30.618425397413127,0.6782580196414634,10000,6.547999995180926e-14,9.492380184897358e-16,6.588203772463394e-14,0.29609559477367803,0.006639371620667054,0.3022120065632541
387,3.6912455956729855,0.1732158739185391,1696.9302761781464,6.565367840312e-14,0.1274,0.234,0.9551,0.0596,0.0201,0.0005,6.696190182934669e-16,0.006575807792569,0.0101992612536031,0.051615445781547,0.0597,2.134003350083752,-30.653868183948912,0.6878197640428727,10000,6.579058824543476e-14,9.723533014690301e-16,6.595344878102657e-14,0.1323131808208293,0.005234566250516533,0.1408119004232174
388,11.601295938475,0.0770649595456437,689.2134605770087,6.207904847335001e-14,0.1976,0.4213,0.8699,0.1285,0.0205,0.0006,4.44641561309302e-16,0.0074927323523405,0.0071625060667639,0.0379186859936261,0.1049,1.8836987607244997,-30.605004114873623,0.7178978453701249,10000,6.21989647800199e-14,9.17102598008481e-16,6.238165492177013e-14,0.19741463263572154,0.0056796640386968505,0.197164252650153
389,3.038969876848201,0.0392843733896628,38.17811553121411,8.90603439e-18,0.001,0.0154,0.0,0.0,0.0,0.0,1.7709288409232464e-18,0.0003462831084519,0.1988459468460739,0.3462831084519138,0.0009,1.1111111111111112,-35.568745725407624,1.6645994687551398,10000,0.0,8.564552075048739e-16,-2.3610310577204344e-17,0.0009998872523764107,0.00034601255265452314,0.0009278192221934822
390,3.357651505832572,0.5507890278071503,266.3698683609924,8.33537827567194e-14,0.0576,0.1099,0.9534,0.0462,0.0,0.0004,1.9342137157018614e-16,0.0039686016403637,0.002320487027382,0.0688993340340932,0.0333,1.7297297297297298,-30.16782563665983,0.4956699916582412,10000,8.381949010296262e-14,8.727451464790392e-16,8.46570706691798e-14,0.05751002233033333,0.003611992281613615,0.05707577975765357
391,4.866311596798621,0.6302313833179509,17.318069094242954,1.97776854e-18,0.0,0.0046,0.0,0.0,0.0,0.0,6.94257599909712e-19,0.0,0.3510307631396099,,0.0,0.0,-36.08773387446875,1.809094299330677,10000,1.2389293163044022e-17,8.57953311456603e-16,3.101632424580177e-17,0.0,1e-15,0.00016561389774774615
392,11.066329656713332,0.3568283113078964,190.35383093758227,5.5763958121219864e-14,0.0865,0.1907,0.8689,0.0574,0.0,0.0001,1.7744689153810312e-16,0.0049136737192188,0.0031821071802752,0.0568054765227611,0.0512,1.689453125,-30.691839736704324,1.1511400287969569,10000,5.596018408599176e-14,8.617055628383344e-16,5.627420311875776e-14,0.08678619184110195,0.004269576287139553,0.08766821264455879
393,5.814055126146606,0.0766493042884,2146.6546390049507,7.104543561218e-14,0.2062,0.4165,0.9258,0.0985,0.0344,0.0009,7.678382443926815e-16,0.0087152596963692,0.0108077068959662,0.0422660509038273,0.0851,2.4230317273795534,-30.62135582367026,0.7441806552502984,10000,7.099382671276225e-14,1.00398272393155e-15,7.093684862192985e-14,0.20584055432859882,0.006146789923726479,0.20548477817676306
394,12.357864164732298,0.3643843973629896,31.163720956852643,4.45404699e-18,0.0002,0.0077,0.0,0.0,0.0,0.0,1.0546744614308148e-18,0.0001414142842854,0.236790151473192,0.7070714214274962,0.0002,1.0,-35.86419855234802,1.923215585780773,10000,0.0,8.527504870294258e-16,-1.7721366441998026e-16,0.00019985436969018004,0.00014139546515090678,-0.00034719775902150585
395,8.84165099552047,0.0352806969090453,3373.022382664588,8.138712658507999e-14,0.3042,0.6751,0.8932,0.1429,0.0731,0.0017,9.542482850769877e-16,0.0113251517387711,0.0117248061839293,0.0372292956567098,0.1185,2.5670886075949366,-30.56088468721641,0.8284070069018946,10000,8.178908290158915e-14,1.0634811948761627e-15,8.216183308245666e-14,0.30444654032441526,0.006949612692773751,0.3045954509936243
396,13.094719361593954,0.0589616814146762,1640.977177509159,7.14434827710147e-14,0.3364,0.724,0.8389,0.1769,0.0536,0.0014,6.901354588826226e-16,0.010809032681917,0.0096598798394892,0.0321314883529045,0.1536,2.1901041666666665,-30.58930498004813,0.8036004554782235,10000,7.113894039769954e-14,9.889830731643376e-16,7.074733853807462e-14,0.32636993759431704,0.006805298600416174,0.3197832567302815
397,8.042999430350827,0.384124960707108,64.57267957403799,3.0899842664e-17,0.0056,0.0402,0.0,0.0,0.0,0.0,4.1532167057163466e-18,0.0009984806940395,0.1344089920093693,0.1783001239356281,0.004,1.4,-35.656893084674984,1.877747811636816,10000,1.1274855622017068e-16,8.522710173596502e-16,2.4815620598991193e-16,0.005622006488728316,0.0009918614225466087,0.0072652988056277346
398,6.125186649718108,0.3685769263497836,1008.227187187016,6.437302561974e-14,0.2117,0.3666,0.9013,0.1078,0.0244,0.0012,5.387742021398306e-16,0.0085787919060352,0.0083695646888254,0.0405233439113618,0.0939,2.2545260915867944,-30.611263626185217,0.6805964177701347,10000,6.412838285376222e-14,9.302437814928725e-16,6.381977521855987e-14,0.2052874807178764,0.006086679128423471,0.1987872946137053
399,7.601876643795114,0.5547317609952354,934.3950944476128,6.357177994738e-14,0.2687,0.458,0.8724,0.1324,0.0265,0.0008,5.185738614097003e-16,0.0101990407903539,0.008157296552636,0.0379569809838257,0.1138,2.36115992970123,-30.62333196156387,0.7199693956127913,10000,6.366953532969935e-14,9.2952038241312e-16,6.380108977481419e-14,0.2679711060469441,0.00659462293995662,0.2674474288049894
400,1.816046740592444,0.5406095759080377,25.48841948933901,3.8828180741e-18,0.0003,0.0095,0.0,0.0,0.0,0.0,8.572833856675572e-19,0.0001731877576503,0.2207889654645401,0.5772925255010092,0.0003,1.0,-35.89427439421001,1.761200055891574,10000,0.0,8.586814780847873e-16,-2.604201916696639e-17,0.00030000903845611585,0.00017315431006546247,0.0003234023043336698
401,3.793368360797068,0.2673875970430012,42.2572354951752,1.1173864962e-17,0.0005,0.0234,0.0,0.0,0.0,0.0,1.5926545396002166e-18,0.0002645411087143,0.1425338989701866,0.5290822174287092,0.0004,1.25,-35.84547171870626,1.6904562399235008,10000,0.0,8.533099366641985e-16,-4.2265844366862676e-16,0.0005006364062185357,0.0002644176109490966,0.0011817731191920144
402,6.174385454443744,0.6344397770313762,156.12758091833012,4.855840657778079e-14,0.0843,0.1627,0.8983,0.0423,0.0,0.0003,1.3601105943442856e-16,0.0046649252033355,0.0028009786362442,0.0553371910241465,0.0483,1.7453416149068324,-30.79664773064114,0.9744482887881236,10000,4.8778357202532585e-14,8.598492835694988e-16,4.914493309128771e-14,0.08138470313729844,0.004112618778390724,0.07121363452481717
403,9.946759209851727,0.3673796418512579,4449.864400346331,1.0502508045444001e-13,0.4614,1.039,0.8495,0.2163,0.1445,0.0084,1.3180163521995045e-15,0.0147815037558879,0.0125495390862496,0.03203620233179,0.1582,2.916561314791404,-30.41754396704051,0.9569706687698104,10000,1.0392965555015087e-13,1.15628728017041e-15,1.0328385308203971e-13,0.4569654360452158,0.007449046717144177,0.45545586841495067
404,7.472095251366358,0.3129534942422667,9582.05383377948,1.393867780658394e-13,0.3842,1.0339,0.8918,0.1748,0.2484,0.0114,1.929845916941088e-15,0.0136512882823262,0.0138452580920517,0.0355317237957475,0.1261,3.0467882632831085,-30.29159791496056,1.0966357144331778,10000,1.4088177854571847e-13,1.3173979131743785e-15,1.4143345641088116e-13,0.38130643075734205,0.007452609320266235,0.3800778922465232
405,6.6044620942728205,0.0367197835113366,150.96344910698892,5.5033584676072815e-14,0.0512,0.1149,0.9349,0.0405,0.0,0.0004,1.14229019692056e-16,0.0038960716032169,0.0020756238279662,0.0760951485003316,0.0276,1.855072463768116,-30.598319167307697,0.6739405846765464,10000,5.556111102460924e-14,8.620839824274041e-16,5.649317866790282e-14,0.05012758546575766,0.003562038639766956,0.04466570968756546
406,14.387017911096576,0.5781691630349041,24.210171453301875,1.953361704e-18,0.0,0.0045,0.0,0.0,0.0,0.0,5.96858422830033e-19,0.0,0.3055544815933551,,0.0,0.0,-35.96661656360253,1.8193752697182288,10000,2.2199959291627987e-17,8.600698605014068e-16,5.9494499620515e-17,0.0,1e-15,-0.0009079339176461254
407,6.719352080037488,0.5745158946343978,587.0936978494242,6.172317751621619e-14,0.1456,0.2864,0.9037,0.0987,0.0084,0.001,4.011403486014796e-16,0.0064671668004345,0.0064990229723038,0.0444173543985887,0.076,1.9157894736842105,-30.576661056994865,0.6550341590494798,10000,6.16645444565371e-14,9.005750962717513e-16,6.157913595089287e-14,0.15500872150813183,0.005181223115980907,0.17187065427124623
408,4.255728370048589,0.4023178768178156,139.65615731667978,5.348591015436265e-14,0.0422,0.094,0.9452,0.0318,0.0,0.0001,1.0530156204286275e-16,0.0037233455829714,0.0019687719950723,0.0882309379851055,0.0241,1.7510373443983402,-30.619281634982617,0.6390599178321882,10000,5.3824031734778954e-14,8.57109609304608e-16,5.438813591620518e-14,0.04217392437123265,0.003420361402170042,0.04203298406962412
409,11.122223143604334,0.06256341375954,3356.4565274872666,8.5819060558e-14,0.3555,0.8579,0.8651,0.1808,0.0862,0.0025,9.792426592092608e-16,0.0119810821561728,0.0114105497408404,0.0337020595110347,0.1414,2.514144271570014,-30.5119993246903,0.8430267604861025,10000,8.537799205105886e-14,1.0724579913959788e-15,8.497588469373395e-14,0.36154753921275773,0.007078227195673719,0.3647899757524019
410,14.353991669436798,0.6171266400482611,1818.0634125413503,7.66990093602211e-14,0.6088,1.1832,0.7537,0.2677,0.0783,0.0032,7.50589439521109e-16,0.0156977991479636,0.0097861686321908,0.0257848212023056,0.2161,2.817214252660805,-30.5479686941192,0.8382523960400706,10000,7.632579923393311e-14,1.0224593497366802e-15,7.581125297563314e-14,0.6023175785027568,0.00788628807686962,0.6001291698881533
411,7.218991081247383,0.4824334235983094,7011.350626938046,1.3216418998649998e-13,0.4213,0.9721,0.8835,0.181,0.2166,0.0101,1.723118311999143e-15,0.0144803867061593,0.0130377094746704,0.0343707256258232,0.1344,3.134672619047619,-30.296702108847427,1.0568893834598538,10000,1.3159148812181207e-13,1.2653599555749048e-15,1.3134854162417716e-13,0.4126460338103432,0.007431887440459986,0.40955125703272943
412,4.582068138510019,0.5052027241173396,9630.475337477112,1.3513076025709998e-13,0.281,0.6993,0.9271,0.1228,0.1738,0.0091,1.9068484555757337e-15,0.0113312285156538,0.0141111354065333,0.0403246566393376,0.0943,2.9798515376458115,-30.322963481675856,1.0677910708710154,10000,1.3566298794215523e-13,1.3450808852755325e-15,1.3588882583696894e-13,0.27979273961023193,0.007060320905778619,0.2790265939629242
413,4.788076207767382,0.2814652017864311,34.463486090490015,8.567482903e-18,0.0004,0.0154,0.0,0.0,0.0,0.0,1.5157040801990864e-18,0.0001999699947489,0.1769135809618418,0.4999249868722806,0.0004,1.0,-35.70540889241146,1.6579836884198826,10000,1.8029203890168968e-17,8.521425544260436e-16,3.3655929305332816e-17,0.0003998698642361819,0.0001999165398330163,0.0001565544137503705
414,13.98863291892583,0.3943075404755661,8303.960233862308,1.52384406068903e-13,0.6746,1.9533,0.809,0.2845,0.3734,0.0106,1.931708562076492e-15,0.0190559123838161,0.0126765501268091,0.0282477206994013,0.1981,3.4053508329126703,-30.18507752377834,1.1232975716086948,10000,1.5435297548170666e-13,1.3337362538093414e-15,1.5512290456486488e-13,0.7091535919191997,0.008143659086097354,0.7168742775480446
415,12.850861799678334,0.5471151069685736,128.7031627564221,1.469127675065541e-16,0.0395,0.1246,0.0,0.0,0.0,0.0,1.2401669332148837e-17,0.0030290084993688,0.0844151910186809,0.0766837594776932,0.0256,1.54296875,-35.58124148921525,2.461846356240138,10000,0.0,8.514859176552855e-16,-2.039821930164268e-15,0.0400695388524002,0.00285909316949964,0.04472295731437902
416,14.599708589104749,0.2478328222435708,41.86010736309861,4.052419028e-18,0.0001,0.011,0.0,0.0,0.0,0.0,7.694325269703295e-19,0.0001,0.1898699324166556,1.0000000000000002,0.0001,1.0,-35.94887914745132,1.4308316645867143,10000,0.0,8.608923821893862e-16,-1.6178442823963325e-16,0.00010031016537003667,9.999364324473182e-05,0.0025397291974494363
417,8.624330905741306,0.1740128476622148,4156.816578577091,9.516596960620002e-14,0.3574,0.7336,0.8868,0.1658,0.0977,0.0057,1.1825038836705714e-15,0.012894306895488,0.0124257009996725,0.0360780830875435,0.125,2.8592,-30.479754897432816,0.9019629707810308,10000,9.49684538265939e-14,1.1257909584446064e-15,9.482945493985272e-14,0.3471354664520534,0.0071830974484963514,0.3425166885189407
418,1.5961949563340436,0.5157355549182991,3967.267248223712,8.326002752789999e-14,0.0955,0.1742,0.9732,0.044,0.0249,0.0025,1.076446521195264e-15,0.0056675556564282,0.0129287312670483,0.0593461325280445,0.0432,2.2106481481481484,-30.578650214152432,0.8342592797158402,10000,8.372674733167108e-14,1.103946049873198e-15,8.411561675750158e-14,0.09510055301374942,0.004769243742060881,0.09413146395583402
419,11.287015117323111,0.4468211717541198,2466.077072872888,8.065379217382e-14,0.4807,0.9642,0.8231,0.2224,0.078,0.0022,8.647999026142834e-16,0.0144942664311077,0.0107223712525571,0.0301524161246261,0.1728,2.781828703703704,-30.536207769804992,0.8306094583058387,10000,8.013337109717354e-14,1.0298079956542162e-15,7.962819214970309e-14,0.475367727718887,0.0074331361515236425,0.47346491923747547
420,13.160921032372524,0.4529460763500464,49.58520655120408,8.404087641e-18,0.0006,0.0177,0.0,0.0,0.0,0.0,1.6641823719168391e-18,0.000282793205717,0.1980205874815006,0.4713220095283997,0.0005,1.2,-35.93277892892836,1.705888087737789,10000,0.0,8.562649829689877e-16,-7.057704363575598e-17,0.0006027012276505447,0.0002826438883442434,0.00315861235677542
421,8.457812642012014,0.3161307982193677,6674.021756512088,1.3064188712274e-13,0.3976,0.9639,0.8795,0.1849,0.2075,0.0104,1.675533956907669e-15,0.0133727075392641,0.0128253961559318,0.0336335702697791,0.1371,2.900072939460248,-30.29694695221894,1.0569432036592952,10000,1.2996182667831584e-13,1.2598344346392464e-15,1.2965428478680254e-13,0.4018695077392208,0.007254464265263635,0.4036499261204909
422,3.6490768155258535,0.1992766373995131,2864.1959143762183,7.378837514309999e-14,0.1542,0.3038,0.9533,0.0652,0.0251,0.0009,8.588190680810529e-16,0.0078973712618367,0.0116389480919659,0.0512151184295507,0.0641,2.405616224648986,-30.61910906966155,0.7632975682661707,10000,7.397572504260865e-14,1.0264248466667242e-15,7.41564630714021e-14,0.15875159433608482,0.005838533218716984,0.16423804669897316
423,13.306059060621472,0.4960802537933453,91.46154540405064,4.8303451972562e-17,0.0136,0.0538,0.0,0.0001,0.0,0.0,6.718149421640712e-18,0.0020885258423154,0.1390821804093183,0.1535680766408409,0.0074,1.837837837837838,-35.86583624354203,2.191464144475452,10000,9.304694819440668e-17,8.535362835401098e-16,1.683577902139973e-16,0.013328365680536958,0.002030389183523702,0.008651980010510818
424,6.35362309977082,0.5797937820720243,90.7285342538528,6.522108523921801e-17,0.0184,0.0848,0.0,0.0,0.0,0.0,5.959930711563088e-18,0.0020655678776224,0.0913804284259184,0.1122591237838287,0.0116,1.5862068965517242,-35.605484136112466,1.9010976482265431,10000,0.0,8.617761737723455e-16,-7.431169606586538e-16,0.018738724300888344,0.0020095309234105076,0.024728672653278855
425,9.145003200820156,0.0755098361161922,8390.608023925257,1.39664536178096e-13,0.3678,1.0152,0.889,0.1756,0.2256,0.0114,1.879858948318012e-15,0.0125534088919098,0.01345981592579,0.0341310736593524,0.1316,2.7948328267477205,-30.27306983904922,1.085217849816204,10000,1.3850913842829293e-13,1.3026115744858954e-15,1.3807295496308239e-13,0.37479800980570516,0.007214113539432941,0.37824868679260115
426,1.3465826503409106,0.2489249787891404,357.5054398066674,6.849889535340003e-14,0.0246,0.0448,0.9861,0.019,0.0001,0.0003,2.96353874973625e-16,0.0023409468176787,0.0043264037097923,0.095160439743039,0.0156,1.5769230769230769,-30.37862959627891,0.3507978073280949,10000,6.843370977861076e-14,8.808824307825259e-16,6.833144735000123e-14,0.024568945197027563,0.00226155482233042,0.024134262504013237
427,7.557519085811244,0.6451986244649459,232.66641687092127,8.649587239486119e-14,0.1153,0.2011,0.8838,0.0718,0.0,0.0002,2.440641222427001e-16,0.0058689041058395,0.0028216851912716,0.050901163103552,0.0616,1.8717532467532467,-30.21531633976543,0.93799374315352,10000,8.750692643310343e-14,8.80733164622838e-16,8.931541279036175e-14,0.11441735080246024,0.004870705664046108,0.1124640617596252
428,13.862016819012773,0.2594980361774934,359.10133200080867,7.050453089961028e-14,0.1234,0.2694,0.8564,0.1158,0.0002,0.0004,2.914642709795178e-16,0.0055281371211288,0.0041339792955225,0.0447985179994235,0.0746,1.6541554959785525,-30.42854218362358,0.9378327140144572,10000,7.025666402482301e-14,8.948566873432578e-16,6.978668559934951e-14,0.1253294309587957,0.0046738712804428135,0.13016562837290646
429,11.319593550377087,0.1388561782999135,617.8230847564504,6.26105350964223e-14,0.1854,0.3961,0.8669,0.1293,0.0178,0.0011,4.272004954401676e-16,0.0073067108059837,0.0068231407826536,0.0394105221466223,0.101,1.835643564356436,-30.58607839589364,0.728704899376917,10000,6.241309902710059e-14,9.1282070660222e-16,6.210903204517431e-14,0.18407200803487714,0.0055877454937558,0.1822013322101743
430,7.305023032826469,0.1471592484087521,92.23403364966462,6.692128109789861e-17,0.02,0.0933,0.0,0.0,0.0,0.0,6.274601616795257e-18,0.0023022880039224,0.0937609309603053,0.1151144001961233,0.0125,1.6,-35.466511436144955,1.912738122827614,10000,9.02267729432269e-16,8.557482357084281e-16,2.3517878757825704e-15,0.019928884013355554,0.0022247560014486685,0.018926033279519777
431,12.225006654897522,0.1328386589573107,1109.795129265138,6.5808091101312e-14,0.2812,0.5545,0.8488,0.1587,0.038,0.0013,5.619195412590869e-16,0.0098388178270371,0.0085387606881653,0.0349886835954378,0.1305,2.1547892720306514,-30.606804461456257,0.7306544768987775,10000,6.59238862733172e-14,9.396509710390468e-16,6.607210498704056e-14,0.2819597575252569,0.0064983096810963805,0.2825476360352541
432,11.769783362163006,0.58838917077154,235.8054141579304,7.221667898267204e-14,0.1325,0.2545,0.8372,0.0775,0.0,0.0002,2.598950263575918e-16,0.0064744549466874,0.0035988227376109,0.0488638109183958,0.0741,1.7881241565452093,-30.473548656895048,1.2555072705537884,10000,7.261915346810473e-14,8.736430289415606e-16,7.325166212303411e-14,0.13270130555630746,0.005185873071989766,0.13306161590996085
433,11.711035097359128,0.5295665484794719,386.25548102178345,6.73351903520431e-14,0.1517,0.2821,0.8534,0.1195,0.0007,0.0005,3.009698275978905e-16,0.0067847855037158,0.004469725651986,0.0447250198003683,0.0821,1.8477466504263091,-30.46914671158063,0.8762745184008512,10000,6.746892692169418e-14,8.837943706231261e-16,6.768382307087541e-14,0.15636438016704646,0.005342811801182113,0.16397818228218983
434,10.970281630936917,0.0955465362309054,90.02153628698031,5.430116042675911e-17,0.0107,0.0683,0.0,0.0001,0.0,0.0,6.554630891078333e-18,0.0014137718610467,0.1207088548304443,0.1321282113127776,0.008,1.3375,-35.82895383159109,2.000888613260964,10000,1.4348834471940956e-16,8.542461422940703e-16,2.950803459742093e-16,0.010720859522604214,0.0013954711614421742,0.011510972314996454
435,3.1100099546435,0.1443878825530988,211.1845315724174,9.83084485041e-14,0.0316,0.077,0.9678,0.0347,0.0,0.0001,1.660062617882261e-16,0.0027678349103602,0.0016886266065047,0.0875897123531734,0.0193,1.637305699481865,-29.984914455009037,0.3957456444978762,10000,9.859249229444403e-14,8.685936970320773e-16,9.910074534083741e-14,0.032205266773485355,0.0026373982484793985,0.03817677661475545
436,6.58084262409032,0.5670254240508564,1928.4795173819489,7.040094311373999e-14,0.3317,0.5787,0.8816,0.142,0.0464,0.0015,7.229664336278949e-16,0.0120017463392424,0.0102692719962553,0.0361825334315418,0.1245,2.66425702811245,-30.613356390489,0.7441745730699552,10000,7.114224399364876e-14,9.87722308593081e-16,7.197733728377029e-14,0.3250993716551243,0.007018754197694265,0.32166858902207357
437,4.080710262928243,0.0314631438217832,57.27838475406365,2.1681979490300002e-17,0.0028,0.0396,0.0,0.0,0.0,0.0,2.8444318160816273e-18,0.000647501294047,0.1311887513478258,0.2312504621596538,0.0022,1.2727272727272727,-35.72266548643553,1.776347182872594,10000,1.6097160906859638e-16,8.62679267488583e-16,4.269392207995231e-16,0.0028154688268333568,0.0006457821256969551,0.005716933593480772
438,14.308973608006315,0.590015804557354,24.03669008548955,1.3416740500000001e-18,0.0,0.0022,0.0,0.0,0.0,0.0,5.279635659166635e-19,0.0,0.3935110512994296,,0.0,0.0,-35.832093825252265,1.8099500276893896,10000,2.2919134540743112e-17,8.595546378368446e-16,6.238392493063479e-17,0.0,1e-15,-0.0008874141396264523
439,2.4464190305860765,0.6618530520180961,111.2488958609168,4.277762783253e-14,0.0235,0.0686,0.9595,0.0216,0.0,0.0001,7.127120087315977e-17,0.0021852351189866,0.0016660858603983,0.0929887284675163,0.0164,1.4329268292682926,-30.826618501424367,0.5068329518875144,10000,4.2728611285228553e-14,8.635635485591235e-16,4.263642985271031e-14,0.02357225455041262,0.002122856625454844,0.024783931105289203
440,11.262033436830569,0.6372493131944998,69.50068000012917,2.18031151997062e-17,0.0063,0.0311,0.0,0.0,0.0,0.0,3.145769755181889e-18,0.0015317524690897,0.1442807473321188,0.2431353125539342,0.0034,1.8529411764705883,-35.92704189944639,2.2424238994171004,10000,0.0,8.570606802020294e-16,-1.9770176213696001e-16,0.006261158026024166,0.0015087199265784769,0.004998645779731914
441,5.155324602683393,0.6741789991688517,42.48567012554198,1.1447002091161e-17,0.0029,0.0222,0.0,0.0,0.0,0.0,1.664354457114998e-18,0.0007805254140591,0.1453965364783289,0.2691466945031533,0.0017,1.7058823529411764,-35.88233031796686,1.950490883571061,10000,3.4329940726962805e-17,8.569516810082097e-16,7.470814158620475e-17,0.0028968300633655623,0.0007775142126976323,0.0024883706053898114
442,4.879184767849459,0.2881362969750389,5694.548765789518,1.1349201049419998e-13,0.2543,0.5275,0.9278,0.1094,0.1024,0.0078,1.4991333106485109e-15,0.0102700388689545,0.0132091528215999,0.0403855244551889,0.0945,2.691005291005291,-30.39563302342083,0.9868852958458222,10000,1.1290386309243017e-13,1.2113684483155825e-15,1.1260011026917654e-13,0.2432377631113792,0.006626225635134188,0.23534864266760563
443,13.850501175749208,0.5815717096450886,603.9581123050353,6.103591359674948e-14,0.2983,0.5388,0.7931,0.1694,0.0125,0.0014,4.097241164676186e-16,0.0098519752913674,0.0067128366288505,0.0330270710404539,0.1427,2.090399439383322,-30.64633412653526,0.910278850362981,10000,6.116355998591957e-14,9.11286975534407e-16,6.13684106113785e-14,0.2970081517465546,0.006596596617617365,0.29595831529950384
444,6.426992779378312,0.4214161392217084,2570.826927509947,7.578963574770402e-14,0.2941,0.5648,0.9031,0.1318,0.0493,0.0014,8.455181477384221e-16,0.0111370068821128,0.0111561183715549,0.0378680954849128,0.1089,2.7006427915518825,-30.588862503445483,0.7798721530841062,10000,7.59104647677245e-14,1.017185084097091e-15,7.602379226294175e-14,0.2992946269489781,0.006821073785143284,0.30241297966911096
445,14.497347340197445,0.1865791156633762,1823.1040448125648,7.31178771993251e-14,0.3754,0.8299,0.8196,0.206,0.0622,0.0019,7.297038537586869e-16,0.0117992120982976,0.0099798282131394,0.0314310391536965,0.1619,2.3187152563310685,-30.58642041062921,0.8076837226505084,10000,7.305080493101509e-14,1.0128696597775518e-15,7.295873580709926e-14,0.38184805942020617,0.007064121001966746,0.38545051403305275
446,4.1464706240365485,0.5523585834963237,125.8339378589492,4.2755695941285484e-14,0.0422,0.1014,0.9345,0.0285,0.0,0.0001,9.502695058845823e-17,0.0030500567674435,0.0022225565154863,0.0722762267166728,0.0273,1.5457875457875458,-30.870478508786693,0.77763215707134,10000,4.2798338171891e-14,8.630122138040995e-16,4.287626945183492e-14,0.04193771034479488,0.002876811862766469,0.039823645460285634
447,8.00176434624576,0.1145751770093643,7922.66357569959,1.342581256485e-13,0.3495,0.844,0.8971,0.1557,0.1989,0.0123,1.7938080199430713e-15,0.0127589675963775,0.0133608897880745,0.036506345054013,0.1227,2.84841075794621,-30.294745172945355,1.0598780008750064,10000,1.341007208001052e-13,1.2887223245802573e-15,1.340358016046283e-13,0.3441695793842882,0.007214112717007647,0.34166466956783226
448,7.841499986567699,0.639983301332436,3274.5380496243097,8.62973234526184e-14,0.4683,0.9748,0.8579,0.1945,0.0907,0.0027,9.982125425758597e-16,0.0152401685447939,0.0115671321269184,0.0325436014195899,0.149,3.1429530201342284,-30.51610534267746,0.8631340539275014,10000,8.621760259383061e-14,1.0766354644239737e-15,8.614716806856434e-14,0.47125390388590277,0.007576222412564763,0.47222352574575965
449,5.019213479233426,0.4011384443300947,81.9904371271291,6.773424661319e-17,0.0124,0.0758,0.0006,0.0001,0.0,0.0,7.001700634168729e-18,0.0016866856526481,0.1033701706930224,0.1360230365038823,0.0084,1.4761904761904765,-35.52264603372816,1.920735090759516,10000,7.003738022373536e-16,8.553638367726983e-16,1.7923033894342303e-15,0.012597553592797572,0.0016554612611663785,0.017785595281725325
450,12.379248994788105,0.1578090654661793,262.68253921314226,9.736500069556755e-14,0.0929,0.2184,0.8798,0.0835,0.0,0.0003,2.8161760238455693e-16,0.0049203028299073,0.0028923904932234,0.0529634319688622,0.0564,1.6471631205673758,-30.093922009398437,0.9350001976311932,10000,9.5681614015356e-14,8.805817646980958e-16,9.29457904481994e-14,0.09388271435651162,0.004279082141130692,0.09693315253358281
451,14.679831231561508,0.419125310680377,269.1237708347555,8.612340832391721e-14,0.1392,0.2653,0.8273,0.0942,0.0,0.0004,3.1444380171166684e-16,0.0066488161860339,0.003651084041275,0.0477644840950717,0.0766,1.817232375979112,-30.30558194841501,1.283791906702593,10000,8.618089304241676e-14,8.92078042491638e-16,8.627952362808543e-14,0.13668449825978723,0.005314410659435043,0.13223410208840136
452,10.515142397191504,0.3245836179998153,4391.569361169283,1.03525129217374e-13,0.4574,1.0476,0.847,0.2134,0.1432,0.0072,1.2778355201517864e-15,0.0146355711878422,0.0123432400404802,0.0319973134845699,0.1562,2.9282970550576186,-30.41731029962548,0.9399267470107756,10000,1.0306706414860265e-13,1.1475568877347362e-15,1.0278266211919112e-13,0.4565391312268329,0.00743642225088269,0.4562395308734777
453,14.130475010798603,0.5550214456542955,7400.252392208594,1.5220788775914904e-13,0.8318,2.4313,0.7769,0.319,0.3929,0.0121,1.849342859714142e-15,0.020989876928971,0.0121501118433527,0.0252342833962142,0.2342,3.551665243381725,-30.16561109291984,1.1359578113510085,10000,1.51936059711303e-13,1.3671539221859671e-15,1.5179838754740875e-13,0.8416284232719378,0.00834065524037463,0.8434713176486703
454,13.911558662070416,0.121314622328726,3097.965276062896,8.489155352506999e-14,0.4344,1.0657,0.8225,0.2256,0.0934,0.0012,9.459364167320826e-16,0.0132312951262176,0.0111428802684442,0.0304587825189173,0.1674,2.5949820788530467,-30.51553783636641,0.8615708890366737,10000,8.509317721466837e-14,1.0913361323648882e-15,8.532797742401708e-14,0.4322524979729243,0.007388351910166294,0.43127949126192844
455,13.893792324989498,0.2948333143453343,8744.213496431,1.54703552541108e-13,0.6318,1.8777,0.8163,0.2788,0.3778,0.0112,1.9499693742606738e-15,0.0178127652390229,0.0126045545963951,0.0281936771747752,0.1913,3.302665969681129,-30.179570590831627,1.1402297531671373,10000,1.5589036985271922e-13,1.34494713705512e-15,1.563603976651728e-13,0.6459335311951147,0.008168730273179898,0.649697420756519
456,14.24224090650522,0.4721060674969037,28.041831780561,2.18811784e-18,0.0,0.0052,0.0,0.0,0.0,0.0,5.923183662486007e-19,0.0,0.2706976541302733,,0.0,0.0,-35.76152011400059,1.444950046062597,10000,0.0,8.630988351285604e-16,-8.093449860263417e-17,0.0,1e-15,-0.000539947631991472
457,9.437825015239856,0.6960776694379684,11.5446842883321,3.7865467e-19,0.0,0.0008,0.0,0.0,0.0,0.0,2.7132707280861883e-19,0.0,0.7165554641346924,,0.0,0.0,-36.08682257046607,2.5034803811740884,10000,6.899626217755067e-17,8.669214891843812e-16,2.0794694249767278e-16,0.0,1e-15,0.0001619268363199644
458,10.146905440184316,0.6243623235359987,6407.618713353565,1.3690601620588e-13,0.6399,1.607,0.8315,0.2485,0.2651,0.0101,1.722099223095779e-15,0.0182826755323848,0.0125786964723747,0.0285711447607201,0.1876,3.4109808102345416,-30.25703472801092,1.0864517215940652,10000,1.3726596490439038e-13,1.2669487872684991e-15,1.374199692364627e-13,0.6509903747948395,0.007876853427784837,0.6535181906583278
459,10.12920018185708,0.0641040239308155,85.73180110820739,4.976059516952126e-17,0.0119,0.0685,0.0,0.0,0.0,0.0,6.073113163718708e-18,0.0018100184022991,0.1220466343505179,0.15210238674783,0.0075,1.586666666666667,-35.88467042474271,2.109772962672063,10000,0.0,8.532543711978811e-16,-8.478925910607907e-17,0.011861115404683563,0.001772466524992598,0.010953048930244291
460,7.267976620662046,0.6351165805198631,140.25901947398782,2.918139111993144e-14,0.073,0.1592,0.8802,0.0202,0.0,0.0002,1.0158608709223482e-16,0.0047105539941596,0.0034811941169881,0.0645281369062962,0.0434,1.6820276497695852,-31.350952157554744,1.221146317807818,10000,2.898239691486571e-14,8.60626354997773e-16,2.863274275988631e-14,0.07119116488526371,0.004143676863153826,0.06500344047245436
461,8.756060265363324,0.1353526031545464,385.4066478905886,6.804535702411146e-14,0.1072,0.2202,0.91,0.0877,0.001,0.0002,3.1386929919878094e-16,0.0056386164437333,0.0046126482823444,0.0525990339900497,0.0575,1.8643478260869568,-30.432264421174025,0.6650878324652807,10000,6.8190430468503e-14,8.861132133667696e-16,6.842193201445704e-14,0.10408963852035831,0.00472426134658378,0.09676335995701568
462,4.773412561299458,0.386725843062208,169.90025147890918,6.895251954510299e-14,0.0545,0.1158,0.9412,0.0384,0.0,0.0002,1.4011974307286307e-16,0.0038903069864529,0.0020321192611563,0.0713817795679446,0.0326,1.6717791411042944,-30.37261011761619,0.6287341226719062,10000,6.867975556952131e-14,8.581924766472867e-16,6.823776081712426e-14,0.05462377421402092,0.003548000693650569,0.055235713798937325
463,2.978245595706713,0.1134299254190614,1077.2711976028263,6.196056930169999e-14,0.0977,0.1691,0.9601,0.0484,0.0125,0.0007,5.396943122788719e-16,0.0053477407223128,0.0087102865316,0.0547363431147683,0.0502,1.9462151394422311,-30.638694465494908,0.6031409508537197,10000,6.190010830905383e-14,9.35737847722373e-16,6.181956898859724e-14,0.0976431619858486,0.004556981655093945,0.0974924641662005
464,14.644236625765645,0.1371720819759185,494.6870991978404,6.2584797302012e-14,0.1712,0.3644,0.8439,0.1416,0.0048,0.0005,3.7201257220935543e-16,0.0074400666300205,0.0059441364076671,0.0434583331192791,0.0936,1.829059829059829,-30.569072056908023,0.7916114268834155,10000,6.253352182827939e-14,9.173357411155986e-16,6.243322787902555e-14,0.16808177580825479,0.0057485260081862185,0.1634628663212836
465,12.646546261737573,0.4799503808619445,403.80204150984696,6.650664365735763e-14,0.1702,0.3061,0.8405,0.1313,0.0011,0.0003,3.174252489485879e-16,0.0073775767609619,0.0047728351859697,0.0433465144592361,0.0887,1.918827508455468,-30.49261555477007,0.8557325326177412,10000,6.663485295438982e-14,8.834858988058387e-16,6.683090233077887e-14,0.16933893580579734,0.005615968597891833,0.16815249003988167
466,13.92137048427354,0.5598146244593126,2153.3269105213108,8.156936341132e-14,0.5984,1.2222,0.7716,0.2653,0.0851,0.0022,8.262117441813143e-16,0.0160747498816739,0.0101289468205737,0.0268628841605513,0.2134,2.804123711340206,-30.515973270203343,0.8575669149079623,10000,8.11581477626589e-14,1.0432033677936642e-15,8.064959167415212e-14,0.5917788807329356,0.007745681215086881,0.5897766939532127
467,11.191410906406764,0.4046145822500312,33.37172772870096,4.1158481220000004e-18,0.0007,0.008,0.0,0.0,0.0,0.0,9.710958153340242e-19,0.0005195940702122,0.2359406339955379,0.7422772431604224,0.0003,2.333333333333333,-36.09887996714313,1.8484531292176236,10000,0.0,8.529979246554557e-16,-1.4519346660518488e-17,0.0006966480778342014,0.0005186579719098246,-0.00023110368620815613
468,12.002232607411054,0.3055331779258078,6856.007020192802,1.3749495183195e-13,0.5224,1.4023,0.8413,0.2374,0.2666,0.0111,1.7635141476016137e-15,0.0158585930491121,0.0128260283312585,0.0303571842440892,0.169,3.0911242603550297,-30.25885456997739,1.0823060355397325,10000,1.377357903532413e-13,1.2710284449667895e-15,1.378331681445769e-13,0.5413330123085659,0.007617946216815462,0.5470123820418906
469,1.3724533301674453,0.1750619252477661,58.15463204503766,2.0234219142777e-14,0.0055,0.0283,0.978,0.0059,0.0,0.0,2.86166458328809e-17,0.0008871604732913,0.0014142698381862,0.1613019042347914,0.0046,1.1956521739130437,-31.559908310423896,0.4272525759763735,10000,1.9981658703149197e-14,8.5918544518257495e-16,1.9524087379529335e-14,0.005492143313051096,0.0008827009644030434,0.004716538758971434
470,11.240253154327847,0.1633445811478282,32.532369076881395,2.5180206829999998e-18,0.0012,0.0085,0.0,0.0,0.0,0.0,6.736492594086145e-19,0.0007347856769147,0.2675312653135241,0.6123213974289768,0.0003,4.0,-36.39877529297567,1.58399334651808,10000,1.0341191905645917e-17,8.545990875820204e-16,2.3706015279280892e-17,0.0011881300263625423,0.0007321608269630644,-0.00046437950739827705
471,2.22319509805474,0.4493407635468308,320.9286009538434,7.2516582429466e-14,0.0408,0.0782,0.9717,0.0317,0.0,0.0003,2.636352670491038e-16,0.0032116300311128,0.0036355169840709,0.0787164223311963,0.0234,1.7435897435897436,-30.31554190232908,0.405164152340116,10000,7.231023350725831e-14,8.781755783670517e-16,7.1969720487528e-14,0.04038195327852123,0.003013381881569223,0.03730597093640031
472,1.0975736935219105,0.4258130353889627,21.68713369853229,4.9433753299999995e-18,0.0,0.0091,0.0,0.0,0.0,0.0,1.0627681173365464e-18,0.0,0.214988352368653,,0.0,0.0,-35.63271898475781,1.5388092876650077,10000,2.0464741043816843e-17,8.632217837552476e-16,5.032619431554569e-17,0.0,1e-15,0.0001126811447177134
473,1.4575964976926308,0.3884044087825798,362.2714615541476,6.721504110084999e-14,0.0274,0.0482,0.9827,0.0228,0.0001,0.0002,2.840411295411987e-16,0.0023206599376588,0.0042258566667395,0.0846956181627305,0.0183,1.4972677595628416,-30.397920333978764,0.3747748375838139,10000,6.737369481549291e-14,8.807214119239114e-16,6.763035857505805e-14,0.02732374597896435,0.00224315188961819,0.026239056109210762
474,11.281073563992916,0.4678863739866291,16.876283094984792,1.0059307300000002e-18,0.0001,0.0009,0.0,0.0,0.0,0.0,5.346192601276144e-19,0.0001,0.5314672712380646,1.0000000000000002,0.0001,1.0,-35.583708240096186,1.875118187060295,10000,0.0,8.510103663693539e-16,-2.797816621602716e-17,0.00010003034347362787,9.999331683515118e-05,0.0003270218399538116
475,1.6683459361442785,0.371891448490216,10.419457986449377,8.21428e-19,0.0,0.0007,0.0,0.0,0.0,0.0,4.174592544799992e-19,0.0,0.5082116198619954,,0.0,0.0,-34.20035628686493,0.658838648401088,10000,7.673313351272755e-17,8.764422732346248e-16,2.5232836066087868e-16,0.0,1e-15,0.0008945353836614378
476,12.836721214790526,0.6176584993166371,4509.606325889395,1.1060967699498001e-13,0.748,1.7419,0.7865,0.2999,0.1854,0.0064,1.306409115936973e-15,0.0202561257663726,0.0118109839159575,0.0270803820406051,0.2117,3.5333018422295703,-30.35738257282353,0.9769317774988844,10000,1.1052691096493355e-13,1.1827109328359363e-15,1.1046897043650291e-13,0.741133951263252,0.008149328162315374,0.7398080246761448
477,6.015619270586456,0.4246502512083138,842.723206193722,6.29074443797369e-14,0.1906,0.3299,0.9119,0.0946,0.0176,0.0007,4.928024007143004e-16,0.0082893929454176,0.0078337692076557,0.0434910437849825,0.0862,2.211136890951276,-30.60452741069792,0.6482143023574005,10000,6.284065124423889e-14,9.210558176922142e-16,6.275076293189011e-14,0.1884276645486534,0.005978913178516758,0.18607209031355088
478,7.970079015265213,0.3990113231886181,118.45750784566428,9.404601767494538e-15,0.0397,0.139,0.7177,0.0052,0.0,0.0001,6.960388132011481e-17,0.0029314246238019,0.0074010450459145,0.0738394111788908,0.0263,1.5095057034220531,-32.40724630758602,1.286091471689884,10000,9.892271132368787e-15,8.549648734845953e-16,1.0708506628313218e-14,0.03973795297154407,0.002775167410247951,0.04006575169433496
479,13.875186280354646,0.1507631174319012,5012.398767686883,1.14204607935037e-13,0.4964,1.2723,0.8237,0.2447,0.2016,0.0087,1.4150384637071216e-15,0.0153649702971148,0.0123903797691949,0.0309528007596996,0.1743,2.8479632816982217,-30.35998376453091,0.9952843979053254,10000,1.1494269153075515e-13,1.1965318397577203e-15,1.153696393299816e-13,0.49882049562853803,0.007665176746237457,0.49962249283898785
480,3.704460635936421,0.1535104117662499,25.68578223889428,4.7093145719999996e-18,0.0002,0.0082,0.0,0.0,0.0,0.0,1.110885838008167e-18,0.0001414142842854,0.2358911941481081,0.7070714214274962,0.0002,1.0,-35.63743818130724,1.639273552078504,10000,4.154964606482122e-17,8.598351747412214e-16,1.0919061764839577e-16,0.00020012349398253022,0.00014139553402543317,0.0006657261028077399
481,1.2607422675321094,0.4483756086874902,1370.448944033839,6.200212497620002e-14,0.0535,0.0973,0.9802,0.0281,0.0071,0.0006,5.916487401573337e-16,0.0037182196701851,0.0095423945612258,0.0694994330875724,0.0285,1.8771929824561404,-30.668898665682843,0.6341772707130482,10000,6.204942393597291e-14,9.705036743948966e-16,6.212353395305321e-14,0.05365677527605002,0.003431921743980907,0.054558802184721186
482,9.615483811234576,0.5541492978542759,8067.668056257257,1.43461064087861e-13,0.5852,1.575,0.8449,0.2375,0.3038,0.0095,1.8847287501473478e-15,0.0179116213285638,0.0131375628790336,0.0306076919490153,0.168,3.4833333333333334,-30.24977343300218,1.1104423195312234,10000,1.457380215642166e-13,1.3084099924855192e-15,1.466102427529421e-13,0.5966233638178421,0.00783860623045851,0.5993293847342294
483,11.096782572318313,0.2847597276436855,1624.6672354904272,6.978671583779e-14,0.3253,0.6698,0.8481,0.1742,0.0476,0.0015,6.812087764110289e-16,0.0109781620959202,0.0097612958029778,0.0337478084719344,0.1395,2.3318996415770608,-30.60946553012265,0.7777979350217892,10000,7.008416474156891e-14,9.752789266600769e-16,7.043263756483098e-14,0.3363652636268476,0.0067958679948719024,0.34323992251184365
484,11.0346013895942,0.4186238732167306,6971.146320751852,1.4369927579713e-13,0.5794,1.4818,0.8342,0.2486,0.2968,0.0128,1.8115543228908278e-15,0.0169711038485003,0.0126065654321621,0.0292908247298936,0.1773,3.2679075014100394,-30.2217632383589,1.0995524067604971,10000,1.4037956026022947e-13,1.2746508239974493e-15,1.3912489709693032e-13,0.573093343039738,0.0077175753475270045,0.5714491388824154
485,7.383154595453669,0.434361233152972,2234.2116747730493,7.395405919713e-14,0.3318,0.6249,0.883,0.1466,0.0529,0.0013,7.89736937307893e-16,0.011829829689689,0.0106787503739692,0.0356534951467421,0.1252,2.650159744408945,-30.594583839546523,0.7850448094506028,10000,7.42337885808526e-14,1.0065957975158898e-15,7.452580795591195e-14,0.3294137031228726,0.006975702705317503,0.328141654731441
486,9.661840192582972,0.4202901220828923,5526.605355961819,1.196686987940111e-13,0.4713,1.117,0.8576,0.2093,0.1839,0.0078,1.5082914578973114e-15,0.0153114687442946,0.012603892856674,0.0324877333848814,0.1523,3.0945502298095864,-30.34519484214491,1.0374121936255736,10000,1.211056516143904e-13,1.2146624346748539e-15,1.2184500815388232e-13,0.48203177224678434,0.007512707246475026,0.48543462872575316
487,1.85362221753974,0.4138480225737988,1532.3519726553982,6.425709166314e-14,0.0859,0.1422,0.9713,0.0387,0.0119,0.0015,6.227215943674529e-16,0.0052301868499556,0.0096910952277764,0.0608869249121723,0.0416,2.0649038461538463,-30.650399127377312,0.657871779576791,10000,6.399286121929068e-14,9.590484126077945e-16,6.366396840235663e-14,0.08466732388931972,0.004492878359404572,0.0811963937932824
488,12.07257020907312,0.605886001749147,677.8451304852134,6.188171540938031e-14,0.308,0.5569,0.8095,0.17,0.0169,0.0009,4.392770455177691e-16,0.0104987914762722,0.0070986565678038,0.0340869853125721,0.1414,2.1782178217821784,-30.63042886001525,0.8548035917387478,10000,6.17417816122427e-14,9.136569293079074e-16,6.153296718006596e-14,0.3109201863698334,0.006708296745969819,0.3129349857950159
489,9.789865974375154,0.301596443502894,963.0797556879692,6.427527668126898e-14,0.248,0.4749,0.8695,0.1371,0.0293,0.0008,5.294601651994319e-16,0.0091245781158681,0.00823738445849,0.0367926536930165,0.1172,2.1160409556313997,-30.614072564506923,0.7106422983998808,10000,6.43418181885252e-14,9.365829109080996e-16,6.443463264785566e-14,0.25598789272177525,0.006273333321095271,0.26314821595566235
490,6.432591082875925,0.1777123116631163,874.5514723424627,6.240695342985e-14,0.1791,0.3126,0.9132,0.0974,0.019,0.0007,4.95895858692663e-16,0.0076241807306215,0.0079461635513114,0.0425694066478033,0.0841,2.1296076099881094,-30.61406538901625,0.6265652007460637,10000,6.257514925191688e-14,9.266366726844992e-16,6.281308750320644e-14,0.17505194262148563,0.005722369097356893,0.16982964184403046
491,2.778021954777923,0.1122242101875488,826.0067839458525,6.091658456313e-14,0.084,0.1383,0.9642,0.0445,0.0091,0.0011,4.718471095624778e-16,0.0051124371586719,0.0077457906241195,0.0608623471270475,0.043,1.9534883720930232,-30.617154265091905,0.5740545397500233,10000,6.101920786386229e-14,9.204232003587545e-16,6.116682823985304e-14,0.0832792664796153,0.004408547023243205,0.0811891092650606
492,13.175924436766172,0.4746024197166794,15.5965103864381,5.560799e-20,0.0,0.0007,0.0,0.0,0.0,0.0,3.9156547827926513e-20,0.0,0.7041532669662491,,0.0,0.0,-36.53978469994749,1.042352663879648,10000,0.0,8.557548066172009e-16,-1.407706463524192e-16,0.0,1e-15,0.00012882109889952864
493,4.392872498579761,0.3960031758373998,25.343485799746468,3.544101301e-18,0.0002,0.0078,0.0,0.0,0.0,0.0,8.262338842948882e-19,0.0001414142842854,0.2331293081441433,0.7070714214274962,0.0002,1.0,-35.87571548387026,1.657114528734197,10000,0.0,8.552509041325608e-16,-5.02754689559581e-17,0.00020007575877275974,0.00014139543203810437,0.00048415940601970187
494,9.861132404775937,0.2210936150396291,52.56840281299597,1.4100627776e-17,0.0014,0.0239,0.0,0.0,0.0,0.0,2.1639410076882897e-18,0.0004240542208234,0.1534641607497383,0.3028958720167807,0.0012,1.1666666666666667,-35.7879980610232,1.7844585048972588,10000,1.0700964170928197e-17,8.520784374218201e-16,5.091192297730968e-18,0.0014012548331513673,0.000423543917251207,0.001921687176968917
495,4.471525554355148,0.6066753526860817,696.7259555069401,6.165058473862e-14,0.152,0.2601,0.9241,0.0828,0.0096,0.0007,4.431174609734431e-16,0.0070904603138827,0.0071875629866631,0.0466477652229128,0.072,2.111111111111111,-30.595085922271828,0.6150985091855005,10000,6.154798381037601e-14,9.14544678353465e-16,6.139534560330533e-14,0.1500877476553842,0.005489629907328551,0.14722619161832373
496,2.2142969498651537,0.1467780714524912,51.271891361458486,4.867194177060999e-16,0.0047,0.0401,0.1809,0.0005,0.0,0.0,1.142043605294222e-17,0.0010899127446631,0.0234641060896368,0.2318963286517278,0.003,1.5666666666666669,-33.96586968650632,1.0409401764880006,10000,2.0317792716583617e-15,8.558800526588691e-16,4.716385515362853e-15,0.004679217963886905,0.0010814550785771353,0.0033557265406033987
497,8.216326006903126,0.2876308475928219,35.6809563278986,3.6955525283000004e-18,0.0001,0.0117,0.0,0.0,0.0,0.0,8.069815438987444e-19,0.0001,0.2183655996549901,1.0000000000000002,0.0001,1.0,-36.353161578761885,1.7225164019229144,10000,0.0,8.51856299322725e-16,-8.302763526729736e-17,9.995498995890349e-05,9.999327485171072e-05,-0.0002346510196299112
498,1.6960037479405838,0.0211689628526848,96.0036051318529,4.2713932009577e-14,0.0123,0.0302,0.9805,0.0137,0.0,0.0002,5.1527003256391513e-17,0.0018802192750985,0.0012063277912424,0.1528633556990719,0.0077,1.5974025974025974,-30.804465883218484,0.3412900659772967,10000,4.2835519116841536e-14,8.745883224063018e-16,4.310543141589226e-14,0.01227611927501715,0.0018436800479076343,0.011679549384983973
499,4.979443389199862,0.0581710856370765,204.4913494207116,8.988149837581302e-14,0.0527,0.113,0.9525,0.0418,0.0,0.0001,1.6974117216887974e-16,0.0040760191846014,0.0018884995826299,0.0773438175446201,0.0295,1.7864406779661015,-30.091795297261847,0.5304789482309868,10000,9.047341384884019e-14,8.65910907584538e-16,9.1488765896167e-14,0.05237229040196853,0.0036932853711157203,0.05086902412765561
500,2.6737293609062687,0.4083517260841635,132.81837894737163,5.685205627535e-14,0.0257,0.065,0.964,0.0244,0.0,0.0002,9.333087551286676e-17,0.0023716056694453,0.0016416446761545,0.0922803762430081,0.0178,1.4438202247191012,-30.537631256534084,0.4746056705973359,10000,5.688418336764386e-14,8.618395985747344e-16,5.694206325618675e-14,0.02587479572892911,0.002288581857091873,0.028241029526091657
501,5.028032570169868,0.0999543426181127,1782.3314700883252,6.66617937358466e-14,0.1766,0.3114,0.9374,0.0776,0.0271,0.0009,6.875918776940694e-16,0.0079188076597095,0.0103146321027411,0.0448403604740066,0.0776,2.275773195876289,-30.649542261000345,0.7161415241077471,10000,6.701657319030923e-14,9.787879049067397e-16,6.743597080584901e-14,0.17636267150423082,0.005840953514578712,0.17607947268947402
502,14.899791984464253,0.1108521355832549,2175.54970302211,7.652217031410509e-14,0.4001,0.9174,0.8202,0.211,0.0711,0.0012,7.964799331959444e-16,0.0121316411367822,0.0104084859319408,0.0303215224613402,0.1671,2.394374625972472,-30.56540079110346,0.8247546015215054,10000,7.670883207912224e-14,1.023178788411048e-15,7.692725249094567e-14,0.39693031644806165,0.007249396309013656,0.3951698691985917
503,12.14637809746738,0.6341387942543804,2246.9987595754355,8.180908491936472e-14,0.6128,1.247,0.7801,0.2612,0.0841,0.0035,8.471286132887363e-16,0.0165630628056815,0.0103549454699769,0.0270284967455638,0.2056,2.980544747081712,-30.524722641581672,0.892382379552422,10000,8.147924547426017e-14,1.0404186859995009e-15,8.110914519338342e-14,0.6004020784356839,0.007772390627540834,0.5969010422791341
504,6.388816300160681,0.032784607426577,783.809682782375,6.263234313276e-14,0.1426,0.2859,0.9259,0.0782,0.0159,0.0009,4.838911689110652e-16,0.0065658841813961,0.0077258991873475,0.0460440685932409,0.0727,1.9614855570839065,-30.60466515548177,0.6539972404217308,10000,6.234930714236026e-14,9.26142726356341e-16,6.193367903738231e-14,0.14322476966929304,0.005262378471534219,0.14434691782226305
505,7.904122526024117,0.2631483286793197,4366.041974932662,9.674076724040003e-14,0.3291,0.73,0.8911,0.1621,0.0991,0.006,1.2307538721667256e-15,0.0125886920097622,0.012722184320787,0.0382518748397515,0.1177,2.796091758708581,-30.47892140806698,0.9109496085421148,10000,9.727329696897474e-14,1.1389589735446755e-15,9.762892430952433e-14,0.33922211351348935,0.007118827060087255,0.3439807171189692
506,6.561225384511793,0.3382410887416144,5169.128650102472,1.080259297761e-13,0.3003,0.6699,0.9064,0.1426,0.1121,0.0071,1.3992753849803072e-15,0.0115872955231906,0.012953143637648,0.0385857326779575,0.1076,2.79089219330855,-30.417978645082577,0.962466482259244,10000,1.0845136608547908e-13,1.181808104955483e-15,1.0868811538261702e-13,0.31087095008107846,0.00692398962703364,0.3167417376205517
507,13.557725680695754,0.4144546814025174,813.7273401503944,6.314353344326069e-14,0.3287,0.6034,0.8063,0.1758,0.0304,0.0017,4.869261035179037e-16,0.0104315153573804,0.0077114167827722,0.0317356719117143,0.154,2.1344155844155845,-30.62898792582558,0.8091805493462225,10000,6.326832831615742e-14,9.238126793571802e-16,6.344504504495111e-14,0.32291234869116975,0.006691082514839473,0.318866556139761
508,10.448057196164136,0.2985849157350005,293.28147696976475,8.10747264947495e-14,0.1076,0.2071,0.8894,0.0847,0.0001,0.0002,2.382264601962799e-16,0.005977106037177,0.002938356630925,0.0555493126131693,0.0565,1.904424778761062,-30.246835563038104,0.7847753511393383,10000,8.215817438010075e-14,8.678889943439197e-16,8.382164889616424e-14,0.1066243330273676,0.004911432048230231,0.10459607154478381
509,12.531534887356525,0.62806453455504,25.436253268333708,1.273251845e-18,0.0002,0.0027,0.0,0.0,0.0,0.0,4.392217289033969e-19,0.0001414142842854,0.3449606066766759,0.7070714214274962,0.0002,1.0,-36.01573037843009,1.8396368583266591,10000,2.6482091821995043e-17,8.59172281058004e-16,7.234635944810063e-17,0.00019980904235066538,0.00014139583453838314,-0.0005318772707266495
510,3.1344555567631067,0.541273937774113,12.328195722205187,5.421191000000001e-19,0.0,0.0012,0.0,0.0,0.0,0.0,3.3761354565273653e-19,0.0,0.6227663730216044,,0.0,0.0,-34.6022650786867,1.093292291220456,10000,0.0,8.622458936440824e-16,-1.701870749811015e-17,0.0,1e-15,-0.0004672823888133282
511,9.654753070165777,0.5231006985719773,6471.988751615166,1.3281462224562e-13,0.5749,1.3879,0.8369,0.2433,0.2615,0.0111,1.6675242414819174e-15,0.0170507498898781,0.012555276017712,0.0296586360930217,0.1753,3.2795208214489446,-30.271683770671288,1.064835113015702,10000,1.3408816151917732e-13,1.2433735865743262e-15,1.346323607659373e-13,0.5606853194276737,0.0077103299232591654,0.557031500301107
512,3.671366028844167,0.2740509379398221,44.70641587969652,1.68384251e-17,0.0018,0.0295,0.0,0.0,0.0,0.0,2.1924093287807226e-18,0.0004895916359549,0.130202754459544,0.2719953533082803,0.0016,1.125,-35.59800516241598,1.6780920240281048,10000,0.0,8.533140809940265e-16,-6.227555992057219e-16,0.0017999258333218835,0.0004888099843927089,0.0017767540957906447
513,3.366483087423741,0.6678837400281012,1635.0027740835856,6.733912072531e-14,0.1737,0.3237,0.9346,0.0846,0.0251,0.0013,6.740797170232201e-16,0.0079409783347954,0.0100102245138146,0.0457166282947351,0.0728,2.385989010989011,-30.63105178261073,0.6989955877037273,10000,6.70252263464041e-14,9.79932745285902e-16,6.663102754105472e-14,0.1766871692294967,0.005932964204358145,0.18046147105477864
514,7.95929910142677,0.4675177007310049,182.41688315055532,6.122885188887618e-14,0.0737,0.1603,0.901,0.0487,0.0,0.0003,1.6703737211202704e-16,0.0043713546955363,0.002728082708707,0.0593128181212526,0.0451,1.6341463414634143,-30.55676320917966,1.002396226370018,10000,6.106866969526362e-14,8.604099105357618e-16,6.081217686253821e-14,0.07572513198199328,0.003898183225524538,0.08358975726409547
515,5.5230074397907885,0.1730209006790066,62.014955811567006,2.86014761815785e-17,0.0063,0.0444,0.0,0.0,0.0,0.0,3.4281475182455232e-18,0.0012514741782241,0.1198591113438231,0.1986466949562183,0.0039,1.6153846153846154,-35.74227146657737,2.004488397427516,10000,0.0,8.548043519998675e-16,-9.056027722775494e-16,0.006315842915920509,0.0012385373230816476,0.0070702803790166635
516,4.543737430126958,0.3074060246459319,66.94809432353672,3.05879952383e-17,0.0083,0.0519,0.0,0.0,0.0,0.0,3.3951934760580264e-18,0.0013576801278404,0.1109975809008502,0.1635759190169257,0.0058,1.4310344827586208,-35.73625997707093,1.8137613259238512,10000,0.0,8.518523709278284e-16,-1.7896673847687882e-16,0.008343040533543507,0.0013411857339318924,0.010082193712728366
517,8.546570997449848,0.6606586165065425,1463.0577005697764,6.88406213813244e-14,0.3891,0.6843,0.8458,0.1749,0.0425,0.0018,6.543732786001438e-16,0.0125158213305542,0.0095056271351098,0.0321660789785512,0.146,2.665068493150685,-30.61152979640297,0.780432471779698,10000,6.864293032024841e-14,9.798231282863952e-16,6.837593778791314e-14,0.39485750158621347,0.007177666318772264,0.39767904527744663
518,2.668464025548875,0.3799771941047506,311.98951092837024,7.326372544426999e-14,0.0384,0.0804,0.9702,0.036,0.0002,0.0003,2.4629534296760404e-16,0.0031294605529284,0.0033617638398002,0.081496368565845,0.023,1.6695652173913045,-30.299089124635863,0.3891093593568098,10000,7.314406911859434e-14,8.734808900522653e-16,7.295020976100984e-14,0.03878861892017716,0.0029436706138840146,0.04177309094387267
519,9.20868596937397,0.2260332674024409,23.45663205317021,3.3806058500000002e-18,0.0,0.0064,0.0,0.0,0.0,0.0,9.144979669584262e-19,0.0,0.2705130404239305,,0.0,0.0,-35.70749207517863,1.640735711418735,10000,0.0,8.534119075589241e-16,-5.1547228395612645e-17,0.0,1e-15,0.0006889597645192702
520,13.712010923384886,0.3165803589737926,2559.8849146244847,8.0313022162556e-14,0.481,1.0005,0.8107,0.2317,0.0814,0.0021,8.557140254360173e-16,0.0144646058529863,0.0106547357127717,0.0300719456403043,0.1737,2.769142199194013,-30.545585412779072,0.8604199482077005,10000,8.045559137726114e-14,1.0310942169718718e-15,8.059982425326634e-14,0.4776001448482586,0.007471381850055987,0.47636297978521014
521,5.098186323032146,0.4126306559723563,20.28047568135981,9.3396083e-19,0.0,0.0024,0.0,0.0,0.0,0.0,5.033397296945146e-19,0.0,0.5389302351090192,,0.0,0.0,-36.25402841458493,1.5610892171753508,10000,0.0,8.537672755731214e-16,-1.0805759665707418e-16,0.0,1e-15,0.0005592371911620486
522,13.319242562662712,0.5609259574074612,2449.3203946509625,8.14891201972649e-14,0.5926,1.2289,0.7775,0.2683,0.0854,0.002,8.625768106454253e-16,0.0163410289432058,0.0105851776109171,0.0275751416523892,0.2042,2.9020568070519097,-30.532513124429173,0.8665413762079248,10000,8.19157837077239e-14,1.0370970101997822e-15,8.235764698044215e-14,0.6000177031519977,0.007710682054218545,0.6021423209323669
523,13.231386397687007,0.6489432308856637,306.80587052974374,8.167682888050154e-14,0.1769,0.3109,0.8027,0.1169,0.0,0.0004,3.033359531535017e-16,0.0070855952160673,0.0037138556590792,0.0400542409048465,0.0982,1.8014256619144602,-30.36671795973309,1.3157118222514397,10000,8.168850145127036e-14,8.994124479490836e-16,8.171116968104125e-14,0.1762302965420404,0.005560708898003787,0.17515645111228026
524,1.041513148102492,0.3659429139141847,91.15545974691332,4.212077793007e-14,0.009,0.0249,0.9861,0.0105,0.0,0.0,4.5620155220288686e-17,0.0012377613684876,0.0010830795978181,0.1375290409430772,0.0066,1.3636363636363635,-30.8137125235093,0.27265078194989,10000,4.234112092041242e-14,8.693199506969224e-16,4.279713368871953e-14,0.009014206576859259,0.0012261956523948372,0.009763761280362826
525,11.441898341783016,0.3510299310098187,226.1019595598814,7.598034805141223e-14,0.1028,0.221,0.8696,0.0713,0.0,0.0001,2.3569079975422673e-16,0.0057919401461915,0.0031019968425881,0.0563418302158713,0.0572,1.7972027972027973,-30.367761437250262,1.065257791433393,10000,7.594257381682241e-14,8.682466332030567e-16,7.588397368947315e-14,0.10249138235314162,0.004808435103715565,0.10180695013741485
526,14.654714974006204,0.3453926410590193,243.3437531431768,7.453539407217094e-14,0.1176,0.2598,0.8279,0.0867,0.0,0.0002,2.684552777702758e-16,0.0054258610373653,0.0036017154146972,0.0461382741272566,0.0718,1.637883008356546,-30.429205017143232,1.2081371405062329,10000,7.510579118669098e-14,8.795845834477313e-16,7.605262484057347e-14,0.11710140107505096,0.004623221868970238,0.11578012360131373
527,14.717066085868789,0.2312792245707956,15.684252659649562,2.8936271999999996e-19,0.0,0.0011,0.0,0.0,0.0,0.0,1.2415875644779182e-19,0.0,0.4290765460311951,,0.0,0.0,-35.70892495773729,1.0115550934630673,10000,0.0,8.586237560622572e-16,-1.6611498945845778e-17,0.0,1e-15,7.257843518601592e-05
528,2.786341205616868,0.5833618908347032,1902.4389028579017,6.771072288917e-14,0.1612,0.2691,0.9487,0.0665,0.0215,0.0017,7.13111616626536e-16,0.0077529005376487,0.0105317383451033,0.0480949164866549,0.0662,2.435045317220544,-30.64546790297437,0.7210277976625088,10000,6.794938016055328e-14,1.0039493769042544e-15,6.827167706984451e-14,0.1552579410175477,0.005820082147885782,0.1475855832973679
529,11.71880131670244,0.328395060172455,217.60075608765425,7.079560177764998e-14,0.1012,0.2168,0.8674,0.0669,0.0,0.0003,2.211217369786462e-16,0.0054128352901772,0.0031233824054936,0.0534865147250713,0.0582,1.738831615120275,-30.43882057460522,1.0706329735711737,10000,7.045128335895156e-14,8.670775705490857e-16,6.990815540732182e-14,0.10027556405638494,0.004585434938825833,0.0979259457171267
530,12.70217826838836,0.2888396255058822,2832.05323688358,8.295404158302999e-14,0.4456,1.0202,0.8267,0.2188,0.0872,0.002,9.068292987941176e-16,0.0140585855754708,0.0109317072621043,0.0315497880957605,0.1654,2.694074969770254,-30.521804578125177,0.8327547405155152,10000,8.2743566785481e-14,1.0458796025111366e-15,8.254301898857086e-14,0.45329403484968783,0.007382872062582676,0.4562239351161712
531,6.334906456987262,0.2348107435837323,1088.0211584607396,6.35359260903257e-14,0.1973,0.3383,0.9131,0.0992,0.0255,0.0004,5.472173806983052e-16,0.0082112126632635,0.0086127237670283,0.0416179050342806,0.0921,2.1422366992399566,-30.625322389020152,0.6605242182153473,10000,6.381191184211193e-14,9.401805131757707e-16,6.418664940203986e-14,0.1950339340126711,0.005954832663741771,0.19252001774954997
532,1.6048754024934966,0.582318117618263,465.9893847860584,6.242174472989e-14,0.042,0.0782,0.9742,0.0324,0.0012,0.0005,3.5125086285637756e-16,0.0031693223976815,0.0056270593585024,0.0754600570876563,0.0246,1.7073170731707317,-30.509576550728163,0.4418683011213341,10000,6.256225817189629e-14,9.013369752209007e-16,6.280426930274204e-14,0.04177971381406288,0.002984893707944743,0.04005051956976208
533,4.768196024034218,0.6692404669142724,1948.587396466939,7.1219408057386e-14,0.2557,0.473,0.9123,0.1104,0.0354,0.0015,7.457936480347278e-16,0.0103238756889515,0.0104717754384281,0.0403749538089617,0.0953,2.683105981112277,-30.612677419753982,0.7575682841543415,10000,7.119806995243656e-14,1.0034626398421105e-15,7.117266400057072e-14,0.2636296942409269,0.006691113231301896,0.2693732987675843
534,1.4323413862650916,0.1335532455245188,53.39855282736166,1.6289821568567e-14,0.0044,0.03,0.9711,0.0077,0.0,0.0,2.6333707845084413e-17,0.0009477097738134,0.0016165743580579,0.215388584957602,0.0031,1.4193548387096775,-31.77873686849481,0.4858308940618107,10000,1.522630978301358e-14,8.615492252210614e-16,1.3234405234602676e-14,0.004390452302119953,0.0009423030076484787,0.0035608355859738927
535,5.4214220646077385,0.268816557853135,2700.6655514471613,7.438649687355e-14,0.2189,0.4231,0.9293,0.0942,0.0415,0.0009,8.430375520721826e-16,0.0094322412881335,0.0113332067983422,0.0430892703889153,0.0871,2.513203214695752,-30.605731325722203,0.7687993087503614,10000,7.482240287971662e-14,1.0173332405358317e-15,7.523522382396978e-14,0.22808551899148916,0.006371330498142958,0.2357938089160923
536,12.279987067534268,0.3502648260564869,18.771281843118725,5.3038535e-19,0.0,0.0017,0.0,0.0,0.0,0.0,2.619620437179981e-19,0.0,0.4939088979701233,,0.0,0.0,-36.08284552907831,1.6472113654565306,10000,0.0,8.506180929699124e-16,-1.3329893164611863e-16,0.0,1e-15,0.0002458981992460585
537,13.294092616526587,0.3818398036398263,1841.8037970428825,7.324321872997149e-14,0.4422,0.8741,0.8068,0.2134,0.0634,0.003,7.256011421017903e-16,0.0132137570863715,0.0099067347760465,0.0298818568212834,0.1746,2.532646048109965,-30.58298343623829,0.8097608811479307,10000,7.367040398439566e-14,9.856868638493987e-16,7.413849426743997e-14,0.44185231784029033,0.007274101597461273,0.4417011416815454
538,10.577538825949912,0.4847672316972804,72.1093180607239,2.62809288304681e-17,0.0067,0.0413,0.0,0.0,0.0,0.0,3.3408962908985163e-18,0.001107083358811,0.1271224587399413,0.1652363222106031,0.0047,1.425531914893617,-36.03621024322023,2.272841001894889,10000,7.048424932094238e-17,8.514933387608152e-16,1.4283663091468302e-16,0.006701496917152615,0.0010981143431353993,0.006792761143977755
539,7.210669104620813,0.3392694303728555,707.8198069971548,6.2221263971637e-14,0.1714,0.3319,0.9026,0.1015,0.0168,0.0011,4.529087186262259e-16,0.0075344462827787,0.0072790022207308,0.0439582630267139,0.0834,2.0551558752997603,-30.59829917191036,0.6538645858060855,10000,6.215113479725378e-14,9.097513348392213e-16,6.205556428841078e-14,0.1739396154014466,0.005674962069666054,0.17726941438814775
540,5.93539201797872,0.5998911731668392,4039.9884037437737,9.205192203653999e-14,0.3682,0.7286,0.894,0.1503,0.0885,0.0041,1.1436152249055833e-15,0.0134454808056614,0.0124235887703857,0.0365167865444362,0.1206,3.053067993366501,-30.50081581088412,0.8860157769084598,10000,9.276097495354029e-14,1.1227250740539955e-15,9.330710788449014e-14,0.3635896921498008,0.007287683171171853,0.361671827747007
541,5.544502274619299,0.5313488904949125,2538.083164667532,7.587635259331e-14,0.2931,0.5619,0.9094,0.125,0.0455,0.0023,8.397649238494337e-16,0.0116238010252682,0.0110675446980232,0.0396581406525699,0.1037,2.8264223722275794,-30.58903076988,0.7888538330188245,10000,7.565199061985769e-14,1.020505626726275e-15,7.543155116164221e-14,0.293573497295597,0.006940974170559536,0.2938358953221645
542,1.7805322633882072,0.5636452096704446,141.77805311032776,6.5105329951164e-14,0.0254,0.0512,0.9745,0.0216,0.0,0.0,9.099932676870616e-17,0.0023824465587207,0.0013977246845529,0.0937971086110545,0.016,1.5875,-30.387570511267583,0.3450614732538609,10000,6.508808792570025e-14,8.672673093258464e-16,6.505455499234096e-14,0.025290577580859362,0.002299789518150645,0.023795205273402065
543,8.49083954465546,0.0445762720317572,389.29279971447056,6.712333893537999e-14,0.0952,0.207,0.9203,0.0823,0.0006,0.0004,3.1036925701696044e-16,0.0053062709741554,0.0046238649915159,0.0557381404848266,0.0519,1.834296724470135,-30.43843679513481,0.6106680106263108,10000,6.756365536770195e-14,8.938488152563275e-16,6.834508408740838e-14,0.09412070292215026,0.004540294318785363,0.09117079326930824
544,7.658005644093365,0.2988111457545594,3281.209993923358,8.187855478349999e-14,0.3029,0.6524,0.8947,0.1506,0.0651,0.0029,9.690482517388026e-16,0.0114799101840468,0.0118351899871843,0.0379000006076159,0.1144,2.647727272727273,-30.558613498688683,0.8279043686858754,10000,8.20744422528238e-14,1.0593418279236438e-15,8.224253447269994e-14,0.32091315969789436,0.006892393943469015,0.3310660301075021
545,6.222822794557192,0.313878434611817,39.09788870838512,6.768534219e-18,0.0007,0.015,0.0,0.0,0.0,0.0,1.3351294678074949e-18,0.0004358554771936,0.1972553324853767,0.622650681705207,0.0003,2.333333333333333,-35.84894894806006,1.5709919299499553,10000,4.786212751476302e-17,8.524497292286815e-16,1.160188471419436e-16,0.0006989426789531294,0.0004353004977149875,0.0002845497267428554
546,12.74837182785462,0.5885927528850586,43.50015993658425,5.5268426653000016e-18,0.0011,0.0121,0.0,0.0,0.0,0.0,1.2100922826477714e-18,0.0004581484366436,0.2189482053189742,0.416498578766934,0.0007,1.5714285714285714,-36.265041235285295,1.8358247106247128,10000,2.0832527634647564e-17,8.585871497557431e-16,4.8455523173427303e-17,0.0011044346025813115,0.0004575204274645842,0.002718686277440624
547,6.104420645357175,0.4557148253440096,4145.709579320662,9.420373753344e-14,0.3302,0.6541,0.9009,0.1481,0.0827,0.0061,1.1863349165397593e-15,0.0125909749132037,0.0125932892643313,0.0381313595190907,0.1132,2.9169611307420493,-30.491231776160195,0.8950262178843945,10000,9.398557221631301e-14,1.1247775339017709e-15,9.38345648896012e-14,0.3249361557073711,0.0071174039343947565,0.3224642915164304
548,1.7449364974538435,0.4076502135484506,7102.661877939105,1.1567370851e-13,0.1054,0.215,0.9715,0.0541,0.0515,0.0058,1.6149887461234198e-15,0.0061231391690315,0.0139615887389294,0.0580942995164283,0.0449,2.3474387527839644,-30.41262764211665,0.9948263078790588,10000,1.1592084398820869e-13,1.291495776594525e-15,1.160648067774074e-13,0.1035531409502467,0.005058867947979655,0.0995815148579936
549,9.112570102488824,0.0429764510506844,3360.4277220471627,8.3178396774594e-14,0.3042,0.6868,0.8922,0.1466,0.0733,0.002,9.796800399757894e-16,0.0110062868323055,0.011778058702317,0.0361810875486705,0.1185,2.5670886075949366,-30.54597122022068,0.8351877437866364,10000,8.275510088606931e-14,1.0694113411393783e-15,8.237793160349956e-14,0.30943349135498305,0.006862292571930646,0.3127617785931682
550,3.1068503785221977,0.2560720706162786,6389.84823393642,1.1153391143509001e-13,0.1561,0.3257,0.9565,0.0758,0.0749,0.007,1.5192306874406689e-15,0.0075959890011038,0.0136212445873452,0.0486610442095056,0.0617,2.5299837925445705,-30.426931558852583,0.983121558782668,10000,1.1331427192248904e-13,1.2343102904707944e-15,1.1429603724803062e-13,0.15537041126747891,0.00574162378824308,0.1543979457585489
551,10.229406311103476,0.2492262274282182,28.261545277500304,2.79646151e-18,0.0001,0.0064,0.0,0.0,0.0,0.0,8.6092556896241365e-19,0.0001,0.3078624775931257,1.0,0.0001,1.0,-36.32315370896669,1.7869023568274622,10000,0.0,8.530843194215711e-16,-1.6841303134403375e-17,9.99733967715809e-05,9.999330928913513e-05,-9.881384025406392e-05
552,7.419236231570904,0.3491382201764294,30.14405054945191,2.8255623800000002e-18,0.0001,0.0094,0.0,0.0,0.0,0.0,6.180368911020726e-19,0.0001,0.2187305774866922,1.0000000000000002,0.0001,1.0,-35.93808989176621,1.4654984720266848,10000,0.0,8.537578093730926e-16,-6.469218963897098e-17,9.998242592207617e-05,9.999327363468513e-05,-3.064016128606628e-05
553,5.19967224309631,0.1954577606005501,15.948560834628433,1.32006577e-18,0.0,0.0019,0.0,0.0,0.0,0.0,5.06753688302725e-19,0.0,0.3838851819502333,,0.0,0.0,-35.08167833726211,1.446796506009819,10000,0.0,8.542699923553034e-16,-1.7952818637399484e-17,0.0,1e-15,-0.00019796712764724722
554,6.256692884107729,0.5193015639520385,3021.100750828088,8.10088020635e-14,0.3527,0.6919,0.8963,0.1444,0.0595,0.0025,9.2419311271983e-16,0.0129910410558496,0.0114085517768228,0.0368331189561941,0.1198,2.9440734557595998,-30.55045484862532,0.8093945092870137,10000,8.05047423030959e-14,1.0495894591973238e-15,8.003866590889859e-14,0.3414219627081698,0.007192329235374642,0.33643716623457154
555,10.026724026879512,0.3440040889814381,17.439927601339168,1.6056766500000002e-18,0.0,0.0025,0.0,0.0,0.0,0.0,6.846396181124218e-19,0.0,0.4263869802879812,,0.0,0.0,-35.62213916707699,1.7353977707910804,10000,0.0,8.527085547402083e-16,-2.826902293512438e-17,0.0,1e-15,0.0005391086057214833
556,13.954194997439268,0.6272618690149079,27.63047808784517,1.6824940780000001e-18,0.0,0.0043,0.0,0.0,0.0,0.0,6.209088313465949e-19,0.0,0.3690407232129318,,0.0,0.0,-36.145288796414704,1.6526598887247923,10000,2.7255731514680487e-17,8.649468580408381e-16,7.764386602373192e-17,0.0,1e-15,-0.0002909411385835503
557,4.036890113775714,0.3650453487876063,6162.308175498254,1.167816229995e-13,0.2139,0.4358,0.937,0.0974,0.1025,0.0089,1.584143744799307e-15,0.0090787070275523,0.0135650088097002,0.0424436981185245,0.0823,2.59902794653706,-30.392255179546574,1.0039843914240256,10000,1.1584681239625945e-13,1.2332237603250747e-15,1.1539827850780967e-13,0.21132593872731542,0.00627791562463725,0.20896723522408278
558,10.494045508691157,0.2398953613191514,780.8061943837904,6.289314287275e-14,0.2299,0.4378,0.8672,0.1327,0.0233,0.0011,4.747983067909709e-16,0.0086782561735075,0.0075492857425111,0.0377479607373097,0.1138,2.0202108963093144,-30.60438528099384,0.6895228867783856,10000,6.282043490237728e-14,9.155565436131049e-16,6.272235869273635e-14,0.23033116668097622,0.006129589142941905,0.23076040941603915
559,2.993215254347515,0.1148575502019158,349.09617050343985,6.911166442259e-14,0.0421,0.0887,0.9694,0.0361,0.0002,0.0003,2.8236965892424064e-16,0.0032425006370142,0.0040857019040615,0.0770190175062777,0.0248,1.6975806451612905,-30.369942207112988,0.4067361362587839,10000,6.961507082936976e-14,8.817768248927112e-16,7.044404302007136e-14,0.04224558107723796,0.0030387386606891245,0.04329590473495837
560,12.38904880467371,0.5255504305595327,12.147902407618494,2.21828e-19,0.0,0.0004,0.0,0.0,0.0,0.0,2.2182799999999995e-19,0.0,0.9999999999999998,,0.0,0.0,-33.74204427409436,,10000,1.423432507677641e-17,8.5706145812629e-16,3.899789604945995e-17,0.0,1e-15,-2.845595755779362e-06
561,13.195980021156885,0.3709450061795772,418.3341538711359,6.63640667983143e-14,0.1591,0.3072,0.849,0.1324,0.0011,0.0002,3.327642508284816e-16,0.0073799841067946,0.0050142233121393,0.0463858209100858,0.0805,1.9763975155279505,-30.49207762580189,0.8502997640749341,10000,6.627416025354776e-14,8.846694324719404e-16,6.614063815224946e-14,0.15881688364107033,0.0056188387608064935,0.15842643952855162
562,12.204639833921515,0.5284975374362632,1249.783283054552,6.715258561592432e-14,0.4115,0.736,0.8085,0.1899,0.05,0.0019,5.985097659556952e-16,0.0121635344434508,0.0089126838596929,0.02955901444338,0.1712,2.4036214953271027,-30.6146926600013,0.7969820613291231,10000,6.736345472195968e-14,9.510787925506996e-16,6.762864824217641e-14,0.41763518887894513,0.007062452735044896,0.4207554297254973
563,4.12297904951622,0.65903278402199,16.450295076644263,2.32460079e-18,0.0,0.0031,0.0,0.0,0.0,0.0,8.628802822446205e-19,0.0,0.3711950395769333,,0.0,0.0,-34.84464297708267,1.8806911516128149,10000,2.224234701006629e-17,8.587834638422857e-16,5.828645162895937e-17,0.0,1e-15,2.1984315038137137e-06
564,4.488363899500859,0.5787896224984057,188.2105900749777,7.732265122873302e-14,0.0645,0.1196,0.9373,0.0449,0.0,0.0005,1.6462648302245061e-16,0.004175609964048,0.0021290848206363,0.0647381389774888,0.0366,1.7622950819672132,-30.26621112426356,0.6610691088911667,10000,7.724649338972593e-14,8.707142642763101e-16,7.710596711274531e-14,0.06485863384887543,0.0037635463475249177,0.0664114040638648
565,14.463117822006726,0.1725786858908587,113.3468709432226,9.569835918936087e-17,0.0238,0.0997,0.0,0.0001,0.0,0.0,9.723234243701044e-18,0.0025659334366737,0.1016029357876598,0.1078123292720045,0.0154,1.5454545454545454,-35.69879552718708,2.0568935607850083,10000,0.0,8.673456672159573e-16,-1.229588314220524e-15,0.02348407489557544,0.0024649208675817254,0.019706849127857362
566,1.2803674880007976,0.3790631430449576,578.3147644072226,6.03439534043e-14,0.0349,0.0626,0.9844,0.0205,0.0024,0.0,3.887528019713712e-16,0.0028651387229923,0.0064422826155713,0.0820956654152534,0.0212,1.6462264150943395,-30.56977666191544,0.47850624214862,10000,6.030810286050588e-14,9.101393756253637e-16,6.024724164491648e-14,0.035141062711476455,0.0027243286281630388,0.03741430020674301
567,12.172147604193816,0.3059690430186883,2720.968743144703,7.992638725800999e-14,0.4247,0.903,0.8339,0.2073,0.0792,0.0019,8.787152762398562e-16,0.0136708331921656,0.010994057236733,0.0321893882556289,0.1587,2.6761184625078767,-30.54834853866285,0.8172786281028375,10000,8.049561623622906e-14,1.0357335769178066e-15,8.104749769718952e-14,0.43950379264947814,0.007317256211410699,0.445447786010601
568,2.2462432944487114,0.0910062399181304,886.7728425293961,6.139421988802001e-14,0.0662,0.1169,0.9717,0.0379,0.0067,0.0008,4.894169719579206e-16,0.0042241614971536,0.0079717109012964,0.0638090860597228,0.0355,1.8647887323943664,-30.618543494740468,0.5743916120747361,10000,6.133871194621829e-14,9.288499816017118e-16,6.125638516284487e-14,0.06696640676888721,0.003808538328935378,0.07029618037434367
569,11.682817834133225,0.5945914151125539,97.59597281551484,5.459404561711101e-17,0.0169,0.0603,0.0,0.0001,0.0,0.0,6.57398431578026e-18,0.0021075775640101,0.1204157750441528,0.1247087315982319,0.0111,1.5225225225225223,-35.718594936370984,1.9790562388599688,10000,2.189661675454935e-16,8.602852407812261e-16,5.225722893480125e-16,0.0169631636085737,0.002048035567601714,0.018033902113461425
570,11.725980600060703,0.6890880345240358,328.12554562583614,7.459859993564742e-14,0.1795,0.3026,0.8245,0.1161,0.0001,0.0007,2.8203693906691945e-16,0.0073152803317872,0.0037807269749059,0.0407536508734665,0.0969,1.8524251805985552,-30.409484702944724,1.1184787431339371,10000,7.491343089596102e-14,8.951172927255301e-16,7.552817452201935e-14,0.17943639326675348,0.005685777144248004,0.1793393313495173
571,7.338420388193379,0.685392717166424,855.9721088404741,6.348881357768e-14,0.2871,0.4728,0.8669,0.1333,0.024,0.0009,5.024695504535408e-16,0.010494683074647,0.0079143005222291,0.0365541033599689,0.1205,2.382572614107884,-30.61432859219299,0.7020652540043422,10000,6.338548291048824e-14,9.328104744354146e-16,6.323282265749072e-14,0.28370893706416767,0.006753395969285227,0.28131221039886495
572,12.411522672257558,0.603117030674566,62.32797805968138,2.28107858308719e-17,0.0048,0.0295,0.0,0.0,0.0,0.0,3.876025942904368e-18,0.0012156659838863,0.1699207546659173,0.2532637466429956,0.0029,1.6551724137931034,-35.89499981231112,2.1394036516155226,10000,0.0,8.625467404523219e-16,-8.792650037987864e-16,0.004765195313740683,0.0012040490028875368,0.0029701783606062293
573,11.622923776181867,0.374255256274255,132.2999512680859,1.8840900260375032e-16,0.0434,0.1552,0.0049,0.0,0.0,0.0,1.4497104858274968e-17,0.0031988540552402,0.0769448628140362,0.0737063146368709,0.0286,1.5174825174825175,-35.34988527298216,2.1231895903899862,10000,1.0154391635585576e-15,8.516521291855265e-16,2.370674243739471e-15,0.04369404958000088,0.002999135442328599,0.04583074856930089
574,6.462688767101174,0.6180703558227475,20.559322063209503,1.6783509400000002e-18,0.0,0.0044,0.0,0.0,0.0,0.0,5.944201226839065e-19,0.0,0.3541691481305491,,0.0,0.0,-36.36974044991635,1.755030721735,10000,2.0079918846504942e-17,8.557411032940495e-16,5.2014397587840676e-17,0.0,1e-15,0.00046044245750381796
575,5.395484707070724,0.4599708045877179,50.14986861078466,2.08626717885e-17,0.0053,0.0322,0.0,0.0,0.0,0.0,2.870569219067757e-18,0.0010522840539383,0.1375935569599519,0.1985441611204513,0.0035,1.5142857142857142,-35.69325587442363,1.7143266238228017,10000,0.0,8.569953259836143e-16,-5.917167479363547e-16,0.0052794986730826145,0.0010445927547324738,0.0038924127428391075
576,8.074378333520997,0.1314149964234963,163.72300359126672,5.58817758323349e-14,0.0593,0.1388,0.9172,0.0437,0.0,0.0002,1.36635988945606e-16,0.0043543365768739,0.0024450903163056,0.0734289473334564,0.0333,1.7807807807807807,-30.62298968161219,0.9226860727424444,10000,5.634147242782786e-14,8.618991294855147e-16,5.712840147670329e-14,0.05880223574914905,0.0038896896569976234,0.05683620104778371
577,10.38885844647758,0.6823834706495125,3676.925028116577,9.584994371704e-14,0.6637,1.3968,0.8064,0.2573,0.1316,0.0045,1.1209063802245169e-15,0.0186213561936462,0.0116943874639463,0.0280568874395755,0.1921,3.454971369078605,-30.44800707125888,0.9052126217202688,10000,9.585924339476028e-14,1.125402879986993e-15,9.586702050219205e-14,0.6472633774893893,0.008014853482681447,0.6435260674805046
578,10.586578317566566,0.3538518349431523,370.0228890226594,6.903084914630944e-14,0.1231,0.2467,0.8822,0.1011,0.0007,0.0003,2.9641958552140404e-16,0.0059931820281952,0.0042940162143036,0.0486854754524389,0.0667,1.8455772113943028,-30.436622617634058,0.8107578064809613,10000,6.890070829070859e-14,8.816776010242267e-16,6.869453212409282e-14,0.12340219657314183,0.004921575985246272,0.12402801545015184
579,14.428651368622642,0.4911520633810845,34.075439037370906,2.7163654063000006e-18,0.0001,0.0061,0.0,0.0,0.0,0.0,7.624837756214443e-19,0.0001,0.2807000022357206,1.0,0.0001,1.0,-36.12511279900507,2.0259177267444737,10000,0.0,8.620488910952604e-16,-1.1323310010327836e-16,0.00010015795200333076,9.999365598605507e-05,0.0013449295911824033
580,13.149706802398711,0.5757589850575418,4206.739658151516,1.06606946148523e-13,0.7023,1.6377,0.7848,0.2933,0.1789,0.0051,1.2433673492249225e-15,0.0191003652686366,0.0116630988330974,0.0271968749375432,0.2086,3.3667305848513904,-30.38311989220154,0.976744441054348,10000,1.0591101395044586e-13,1.1584967385650439e-15,1.054084983837307e-13,0.7055386837583935,0.008000920842701752,0.7062279029286744
581,14.291053857256228,0.0038686587893078,39.33044672766551,3.625419173e-18,0.0002,0.0114,0.0,0.0,0.0,0.0,8.897669440813216e-19,0.0001414142842854,0.2454245706835185,0.707071421427496,0.0002,1.0,-36.47957200797419,1.6163217556061489,10000,3.963580835549911e-17,8.656977600609643e-16,1.113301052552424e-16,0.00019999365621747666,0.00014139763184326914,0.00017306238085074144
582,7.582389382588179,0.1061519139712754,23.93578814967969,2.62382064e-18,0.0,0.0051,0.0,0.0,0.0,0.0,6.591613651040227e-19,0.0,0.2512219604705993,,0.0,0.0,-35.25484548057217,1.2659113174602523,10000,1.497475806789675e-17,8.610479731538121e-16,3.8034275120888564e-17,0.0,1e-15,0.0009023528256580648
583,7.053137699082847,0.5485011283676849,112.0977588855242,2.095576095075544e-15,0.0393,0.1408,0.2385,0.0006,0.0,0.0,4.1066940969792055e-17,0.0031994647454638,0.0195969695714207,0.0814113166784682,0.0239,1.6443514644351465,-33.317845046426505,1.7570327469999014,10000,3.796997951548183e-15,8.562502986493459e-16,6.743954303337957e-15,0.03930846626440473,0.0030008052845958153,0.03937036012934671
584,8.729044785513198,0.6949545155600976,84.19782496836184,5.574477421114431e-17,0.0173,0.0631,0.0,0.0,0.0,0.0,6.169869807575012e-18,0.0023282210078311,0.1106806852280972,0.1345792490075789,0.0098,1.7653061224489797,-35.722674645641675,2.0979725483874745,10000,0.0,8.632369138800411e-16,-9.19952175427172e-16,0.01732323717976029,0.00225293874787639,0.01766522772657303
585,12.623932979896416,0.1506675205933566,2023.276827050612,7.472704302275e-14,0.3641,0.7886,0.8356,0.1943,0.0623,0.0019,7.698315240347783e-16,0.0114850472193614,0.0103019133755956,0.0315436616845962,0.1536,2.370442708333333,-30.57902837659826,0.7978824037929484,10000,7.481356178994901e-14,1.0025980126191676e-15,7.49072855416735e-14,0.3612286687670453,0.006921524175140921,0.35959104690429267
586,6.964906334915451,0.3449031144969669,354.27105767088904,7.01835037836209e-14,0.0861,0.1753,0.9245,0.0752,0.0002,0.0001,2.8288923262328406e-16,0.005514682236722,0.0040307083199414,0.0640497356181417,0.0444,1.9391891891891893,-30.375673125845232,0.5708188744545012,10000,7.011202733116984e-14,8.766545418381085e-16,7.000186489463901e-14,0.08760717093914547,0.004644331054496759,0.0912839099078535
587,4.69442140939776,0.2024345063237156,69.15442859600846,3.9622808144893e-17,0.0066,0.0608,0.0,0.0,0.0,0.0,4.4308425364744434e-18,0.0010750625916464,0.1118255556312844,0.1628882714615843,0.0049,1.346938775510204,-35.700978164077256,1.883457131343414,10000,1.7927339903262192e-16,8.533430452886502e-16,4.1373634580534195e-16,0.006656265086035527,0.0010668309558875381,0.01028826791083079
588,14.541545634119052,0.2678333912173804,109.65295854408907,8.0815780593783e-17,0.0185,0.0756,0.0,0.0001,0.0,0.0,9.7581001253147e-18,0.0021531926583244,0.1207449838833255,0.1163887923418631,0.0126,1.468253968253968,-35.799275638883444,2.355269355917896,10000,2.50288426919111e-17,8.609930760481918e-16,-7.899470013763973e-17,0.01844526854057281,0.002091499817268648,0.017531004394616273
589,8.111308794955221,0.2444714803622226,5947.651191942753,1.2388029015841e-13,0.3772,0.8237,0.8907,0.1632,0.1688,0.0112,1.6038156059418282e-15,0.0135044530813099,0.0129464953939886,0.035801837437195,0.1285,2.935408560311284,-30.333306721801456,1.030672481893785,10000,1.226381875163341e-13,1.2302553220254412e-15,1.2207272022315261e-13,0.3657315844816685,0.0072795085353080805,0.3610343339930529
590,7.6305844246437315,0.4989719386378676,1806.084959542377,7.151426594343999e-14,0.3063,0.6044,0.8806,0.1438,0.0454,0.0015,7.184431740735979e-16,0.0112365767503144,0.0100461518355205,0.0366848734910689,0.1212,2.527227722772277,-30.59253934776727,0.7446880798199514,10000,7.12487533984088e-14,9.852983913151894e-16,7.095121692374882e-14,0.3222763181575162,0.006858714221938132,0.3317634388419911
591,14.833099699343595,0.1877687151537097,453.89536697763486,6.33561873054837e-14,0.1471,0.3365,0.8548,0.125,0.0023,0.0004,3.436384682998748e-16,0.006486167284044,0.0054239133210929,0.0440935913259284,0.0821,1.7917174177831912,-30.553264109990952,0.850611351606637,10000,6.34451237625964e-14,9.099675543051862e-16,6.361948118889682e-14,0.15010566311259244,0.0052704021642731155,0.15594680182917006
592,2.5986810028582275,0.0875245500491636,45.63603161828848,1.7864066720000006e-17,0.0027,0.0297,0.0,0.0,0.0,0.0,2.5691913608862865e-18,0.0005910210914959,0.1438189523782906,0.218896700554054,0.0024,1.125,-35.64460666139952,1.632380962704288,10000,3.4618075726424547e-16,8.59173786543737e-16,9.435029212230759e-16,0.0026969875878494146,0.0005896628020035142,0.0020438632394762235
593,12.36363524377713,0.4917874667509539,892.0862726649342,6.3900033480609e-14,0.3447,0.6373,0.8087,0.1834,0.0326,0.0013,5.103515865623701e-16,0.0107619595324131,0.0079867186097365,0.0312212345007633,0.1586,2.173392181588903,-30.633493322794145,0.8378525861269347,10000,6.412030584812641e-14,9.254389132192156e-16,6.441247928955811e-14,0.34606070806195205,0.006747097101024536,0.34694188974775564
594,5.328233431374198,0.572061685278376,77.53669682889553,6.167553116689999e-17,0.0177,0.0751,0.0,0.0,0.0,0.0,5.7801435534044944e-18,0.0022269187045538,0.093718585702373,0.125814616076487,0.0099,1.7878787878787878,-35.39054921682425,1.8259532372516256,10000,0.0,8.605746845705984e-16,-1.2972218928824392e-15,0.01767951642390648,0.0021573080044882983,0.01736715234563377
595,14.142807345250125,0.2079792393953877,64.06604290766734,1.7154187283937506e-17,0.0032,0.0279,0.0,0.0,0.0,0.0,3.179373315734603e-18,0.0011131486468531,0.1853409469716843,0.3478589521416095,0.0017,1.8823529411764703,-36.04504149565565,2.0449603693903926,10000,0.0,8.596807308059622e-16,-1.2196216740037724e-16,0.0031991519995328093,0.001104259540612878,0.0031466912286158555
596,6.844006843447213,0.4997637191554349,3299.6657675243323,8.316656341668238e-14,0.3575,0.7149,0.8893,0.1518,0.0674,0.003,9.762435845122962e-16,0.0132456377608618,0.0117384143868143,0.0370507349954177,0.122,2.930327868852459,-30.54622786235826,0.8429080998340013,10000,8.334768566073967e-14,1.0624523797859873e-15,8.350299438894637e-14,0.36091856284824575,0.007227610986906644,0.36236797610337756
597,7.194461788980462,0.633632242896714,183.0721142410792,6.039401412437108e-14,0.0921,0.1739,0.8925,0.0499,0.0,0.0,1.7144112634451488e-16,0.005175368338944,0.0028387105714063,0.056192924418502,0.0512,1.798828125,-30.568659164999517,0.9750783059126872,10000,6.028917289757285e-14,8.698409220597552e-16,6.010020546257984e-14,0.09206637551988074,0.004447555370819541,0.0919714087922632
598,13.53550856485449,0.2863956577026008,6559.373068664011,1.34967164159846e-13,0.5828,1.5627,0.8184,0.2649,0.2835,0.012,1.6748258401254845e-15,0.0166145123371713,0.0124091355890232,0.02850808568492,0.1856,3.140086206896552,-30.257524879046727,1.0779505005592525,10000,1.365370231740482e-13,1.2756024704762247e-15,1.3729734012863727e-13,0.5862688622821917,0.00776232039231872,0.5872374569802821
599,6.0746282149374045,0.3646746667266609,3603.763447190585,8.609476591069999e-14,0.2985,0.596,0.9077,0.1333,0.0633,0.0023,1.0418077256670536e-15,0.0115738139918106,0.0121007091969754,0.0387732462037207,0.11,2.713636363636364,-30.530892498245347,0.8430092463894575,10000,8.574913231273379e-14,1.0788505059390997e-15,8.547828963869604e-14,0.2948670553472727,0.006916289660025286,0.29284910418880816
600,5.212970203037958,0.0851090116941667,3497.2754593120435,8.199565054189999e-14,0.2114,0.4205,0.9351,0.094,0.0452,0.0027,9.922611192657954e-16,0.0093015942701021,0.0121013872407628,0.0439999728954688,0.085,2.4870588235294115,-30.564411303996877,0.8202536952911574,10000,8.148399093799815e-14,1.076949788910666e-15,8.102228673499432e-14,0.2105316669657077,0.006376001514095195,0.20976202310122982
601,1.9641936222838567,0.1630184498336892,21.117126608329865,2.22218496e-18,0.0,0.0052,0.0,0.0,0.0,0.0,6.815535894262434e-19,0.0,0.3067042580588087,,0.0,0.0,-35.76595226104657,1.5387419072153383,10000,0.0,8.591357005009804e-16,-1.627565303418262e-17,0.0,1e-15,0.00010821329787499834
602,10.239308674841109,0.1645248085402067,36.40675152363112,3.6647653316468005e-18,0.0005,0.0118,0.0,0.0,0.0,0.0,7.514187659307907e-19,0.0004123008600523,0.2050387126951817,0.8246017201047301,0.0002,2.5,-36.49699246530849,2.2327639101003816,10000,3.503543432433972e-19,8.574166761935643e-16,-5.5357319146274085e-18,0.0004980184935999033,0.00041183473861546157,-0.00037685182535662776
603,13.356524026152664,0.5309628949669813,224.4492066893779,6.090007526610081e-14,0.1252,0.2442,0.8198,0.0724,0.0,0.0001,2.3660552438651523e-16,0.0059241881807181,0.0038851433820512,0.0473177969705918,0.0734,1.7057220708446867,-30.684369891952542,1.403049507991709,10000,6.019631887021465e-14,8.722415334680777e-16,5.904886526950733e-14,0.12537697280840704,0.004893539561709249,0.12575707999216068
604,6.9757328744413245,0.5010893710307404,152.17401530479404,4.5292273304690674e-14,0.0646,0.1416,0.9004,0.0373,0.0,0.0,1.28501230883969e-16,0.0041742575917933,0.0028371556892168,0.064616990585036,0.0398,1.6231155778894473,-30.85473477242892,0.9473806045627527,10000,4.528802461951742e-14,8.561744255989108e-16,4.5281217776086545e-14,0.06485768357529031,0.003757218884188946,0.06595742180877102
605,3.150905882666432,0.0757118032135805,662.3002028046292,6.064354085284e-14,0.0743,0.1318,0.9647,0.0443,0.007,0.0006,4.1924266815441677e-16,0.0047159490049725,0.0069132287174947,0.0634717228125513,0.0384,1.9348958333333333,-30.590553210239207,0.5420134816212709,10000,6.07135967879227e-14,9.096513982341105e-16,6.082044784327866e-14,0.07449956416331813,0.004150358602218859,0.07518506655541386
606,8.41534085389606,0.5074441309516227,4112.861252168432,9.837039565115001e-14,0.4542,0.9813,0.8665,0.1936,0.1118,0.0035,1.213583778836692e-15,0.0154936839203638,0.0123368801233697,0.0341120297674237,0.1466,3.098226466575716,-30.455418876076745,0.9263501724853408,10000,9.816771921977301e-14,1.1354349075912971e-15,9.802891579831285e-14,0.45135164232262215,0.007531320437378124,0.45047040058960475
607,12.12074308257348,0.6843532931488827,1073.4850636080712,6.600922804320619e-14,0.4366,0.7753,0.7856,0.1968,0.0406,0.0019,5.658841389362419e-16,0.0125281179501925,0.0085728034656888,0.0286947273252234,0.1841,2.371537208039109,-30.633678520162785,0.8815608194596045,10000,6.616924309753435e-14,9.561520192667767e-16,6.64083621151236e-14,0.4545793048207004,0.007277509824462846,0.46373603205276615
608,2.2904498587185547,0.362099803176773,9182.66255480488,1.2494789635400002e-13,0.1388,0.304,0.9642,0.0634,0.0852,0.0078,1.7678486552784134e-15,0.0072524972162412,0.0141486868275859,0.0522514208662914,0.0564,2.4609929078014185,-30.371809909968054,1.0306721042682685,10000,1.251433223345751e-13,1.336890290582006e-15,1.252453414965364e-13,0.1361119766895515,0.005705907435869174,0.13174525210708954
609,7.239505145167411,0.6865032136740224,540.7704935272806,6.175704774872807e-14,0.1933,0.3456,0.8735,0.1158,0.0065,0.0006,3.8424586795208143e-16,0.0077717148014511,0.0062218950218519,0.0402054568104044,0.0963,2.007268951194185,-30.580282654485934,0.7316152477480952,10000,6.181857272325839e-14,9.026076256648138e-16,6.191551192206883e-14,0.19176733449076871,0.005857771156721417,0.18975127397454378
610,11.392962341676183,0.5623509733386837,20.94589138041028,1.72697539e-18,0.0002,0.003,0.0,0.0,0.0,0.0,6.333208165452702e-19,0.0002,0.3667225486897473,1.0000000000000002,0.0001,2.0,-35.8223224228365,1.83157053553306,10000,2.457145362561994e-17,8.564286175501149e-16,6.459312442934824e-17,0.00019988267978765495,0.000199946752592894,-2.0359710067197057e-05
611,5.72097841198366,0.4665654391426906,255.74645642525883,9.287215928808069e-14,0.0735,0.1484,0.9313,0.0612,0.0,0.0001,1.950599524309578e-16,0.004455531413425,0.0021003059897196,0.0606194750125859,0.0409,1.7970660146699269,-30.071158758074198,0.5964041970593454,10000,9.371359419660994e-14,8.65685084954255e-16,9.50876784294603e-14,0.07504699807659332,0.003960311145158582,0.080868732319408
612,5.573328030793583,0.653131758691533,652.3212327549152,6.21497840473581e-14,0.179,0.311,0.9054,0.0962,0.0114,0.0007,4.334475892722839e-16,0.0074338029394526,0.0069742412772021,0.0415296253600704,0.0856,2.0911214953271027,-30.588569250414068,0.6513898778289439,10000,6.186706016287021e-14,9.164951624814906e-16,6.142249089525645e-14,0.1778002985785555,0.005665010573702571,0.17613854811442742
613,12.9958209798672,0.2365849970923586,28.5009958031378,3.5474153430000015e-18,0.0001,0.0076,0.0,0.0,0.0,0.0,8.984900243970586e-19,0.0001,0.2532801878330993,1.0000000000000002,0.0001,1.0,-35.996976870882925,1.8870668969221984,10000,0.0,8.556720652093404e-16,-1.4190476109183805e-16,9.990613812349685e-05,9.99933977206628e-05,-0.0006108528003977154
614,3.537226690829474,0.2062941644004431,32.03799062770743,9.220823185999999e-18,0.0005,0.0149,0.0,0.0,0.0,0.0,1.6413038035170649e-18,0.0003316413704589,0.1779997046260534,0.6632827409178079,0.0003,1.6666666666666667,-35.700943639306786,1.6928464197889046,10000,0.0,8.542396253979268e-16,-8.65825586877325e-17,0.0004997754134560522,0.0003313983217187428,0.00034671903274183236
615,14.21015136730149,0.0777810887643234,1447.8276866850233,6.85359641332071e-14,0.3162,0.691,0.8271,0.1846,0.0489,0.0015,6.411484275006089e-16,0.0098626306403674,0.00935491950262,0.0311911152446788,0.1519,2.0816326530612246,-30.615772913629595,0.8009321724619032,10000,6.87472536157876e-14,9.834930814003916e-16,6.90580073271027e-14,0.3206018147597267,0.0065916650643669476,0.324155400141132
616,12.214818919766335,0.223178833242257,30.587123861397952,2.6092143065925e-18,0.0002,0.0051,0.0,0.0,0.0,0.0,8.091905465242457e-19,0.0002,0.3101280506088467,1.0,0.0001,2.0,-36.511710483177936,2.786064798445554,10000,0.0,8.523980162548351e-16,-1.0742106710627941e-16,0.0001996277070985782,0.0001999468612449936,-0.0005006983244173202
617,12.751545942706134,0.687633235496987,17.558516243425913,4.12023169e-19,0.0,0.002,0.0,0.0,0.0,0.0,1.6981390681580977e-19,0.0,0.412146499498939,,0.0,0.0,-36.45519968030455,1.705246435371642,10000,4.8718725129993844e-17,8.606026236381298e-16,1.3835654136818376e-16,0.0,1e-15,0.00012761654530013544
618,3.577402518213588,0.3173338799815544,5242.66501164376,1.0513160887180001e-13,0.178,0.3669,0.9466,0.0856,0.071,0.0065,1.4257998006650413e-15,0.0081803601283307,0.0135620468093824,0.0459570793726444,0.0718,2.479108635097493,-30.45828640366252,0.9562021314329586,10000,1.0459357719934168e-13,1.2077385632380467e-15,1.0427246545205973e-13,0.17856930477468924,0.005963693164042255,0.17921510928605594
619,14.941322337473409,0.2644831312261917,1298.5965876569758,6.797027100610599e-14,0.3745,0.7377,0.8006,0.2047,0.0556,0.0014,6.112025992142994e-16,0.0112835148234349,0.0089922048296584,0.0301295455899465,0.1709,2.1913399648917498,-30.603275842134394,0.7691120094364556,10000,6.806546847026362e-14,9.723708984701113e-16,6.820643365173058e-14,0.370753556164982,0.007007956728977032,0.36840088845634905
620,7.947897182412298,0.4680696894891985,5420.251569011037,1.1535752798566999e-13,0.4311,0.9355,0.8752,0.1841,0.1596,0.0084,1.4799468555173637e-15,0.0145789757408867,0.0128292178357116,0.033818083370185,0.1387,3.1081470800288398,-30.37298417712231,0.9980674701555516,10000,1.1652636306504386e-13,1.1977523622937976e-15,1.1711509591610572e-13,0.4274247365108138,0.007419742987968728,0.4261400347025027
621,1.2750834498406185,0.5317017873018764,6641.712294477252,1.1312839729709998e-13,0.0701,0.1685,0.9788,0.0396,0.0388,0.0062,1.5912709673680448e-15,0.0046712718908352,0.0140660612665537,0.0666372594983634,0.0331,2.117824773413897,-30.437433298821176,0.9912038916895224,10000,1.1296936665582886e-13,1.27179161392631e-15,1.1288004769228355e-13,0.07193473782019996,0.004157757743658192,0.07893037034410769
622,11.407292621054433,0.4712381983739129,17.658057087788286,1.4473760500000005e-18,0.0,0.0015,0.0,0.0,0.0,0.0,7.191593645804021e-19,0.0,0.4968711238384812,,0.0,0.0,-35.0787930120441,1.7876487976861093,10000,0.0,8.509022935534608e-16,-5.966435887676844e-17,0.0,1e-15,0.00031842235953213893
623,2.868226854156492,0.4781918390309039,11.094823096042884,4.939223e-20,0.0,0.0002,0.0,0.0,0.0,0.0,4.364041467618946e-20,0.0,0.8835481750103096,,0.0,0.0,-36.349337192150415,1.373508561021904,10000,0.0,8.585286696015918e-16,-2.9366723689961927e-16,0.0,1e-15,-3.59870583540034e-05
624,4.8268008697192215,0.0574069782081969,230.24371624832224,1.0327421571944e-13,0.054,0.106,0.9564,0.0411,0.0,0.0003,1.983181413252445e-16,0.0039102338795651,0.001920306437998,0.0724117385104661,0.0301,1.7940199335548173,-29.94857156299936,0.4661295394576685,10000,1.0243953476999048e-13,8.727217465543888e-16,1.0095325562787309e-13,0.05375974771188209,0.0035695896870571826,0.05255828088060248
625,8.141881148781604,0.4254744057663293,2485.1825748898627,7.804769802459999e-14,0.3888,0.7612,0.8711,0.1723,0.0606,0.0023,8.412609291624153e-16,0.013471510834365,0.0107788051467867,0.0346489476192517,0.1336,2.910179640718563,-30.55846728789902,0.7951680917358643,10000,7.744961490926709e-14,1.0199527292298063e-15,7.686760445490151e-14,0.3712004868390063,0.007265143216054289,0.36398255402083035
626,2.684225360148755,0.1476716372252043,35.56223064806938,1.0195911817e-17,0.0003,0.0175,0.0,0.0,0.0,0.0,1.62210592576272e-18,0.0001731877576503,0.1590937578587259,0.5772925255010092,0.0003,1.0,-35.61758659326302,1.6699965444947762,10000,0.0,8.531104076676115e-16,-7.08808799926217e-17,0.0003000735385346559,0.000173153236332058,0.0004844837337721064
627,1.2460577440541143,0.2102761159227712,867.9638782795465,6.163244443261999e-14,0.0414,0.0701,0.9848,0.0194,0.0043,0.0005,4.928540996748357e-16,0.0032418598004072,0.00799666643457,0.0783057922803684,0.0233,1.776824034334764,-30.61386786380533,0.5671241270932763,10000,6.134249070491752e-14,9.353908928171787e-16,6.0886288868029e-14,0.041960237473160626,0.0030467443423680984,0.04619860141313027
628,4.431553534019535,0.5724456840680917,378.22092120621073,6.7329017489842e-14,0.0833,0.1619,0.9361,0.0663,0.0007,0.0002,2.997084150108041e-16,0.0048123203179634,0.004451400394429,0.0577709521964405,0.0448,1.859375,-30.423750950254007,0.5358635855858537,10000,6.742732352047324e-14,8.833353746297144e-16,6.758492463205107e-14,0.08284024007316548,0.004207705405897889,0.08134766860128959
629,14.876905352706398,0.3258030902565033,1156.3982754288943,6.720051109823495e-14,0.3663,0.7279,0.7959,0.2017,0.0462,0.0021,5.89159098138443e-16,0.0109628668442585,0.0087671818042752,0.0299286564134823,0.1715,2.1358600583090377,-30.616878997426856,0.8380366700759326,10000,6.713603075214459e-14,9.692907875875561e-16,6.703526234504985e-14,0.3691681810723811,0.006930216805691578,0.3710772626255795
630,1.8378732339921733,0.5269789741533228,10.541248165348058,5.2281200000000006e-20,0.0,0.0002,0.0,0.0,0.0,0.0,5.228120000000001e-20,0.0,1.0000000000000002,,0.0,0.0,-35.187309739077946,,10000,2.2545727288664055e-17,8.682102838465001e-16,6.89172828460958e-17,0.0,1e-15,0.00028870434425412594
631,9.885135877226716,0.6088523646532427,196.6282876620816,5.637495284562397e-14,0.1108,0.2101,0.8567,0.0569,0.0,0.0004,1.9104685199718863e-16,0.005629876157657,0.003388860519677,0.0508111566575544,0.0649,1.7072419106317411,-30.703026038923014,1.2006965577629267,10000,5.598482214553105e-14,8.635247868607747e-16,5.536091615112732e-14,0.11064520524153978,0.004719516981079786,0.11027925360138402
632,5.436545186630827,0.6905383188477058,4918.923931044137,1.05254837579e-13,0.3769,0.8357,0.8899,0.1691,0.1216,0.0086,1.3587675002864258e-15,0.013200835776818,0.0129093116434348,0.0350247699040013,0.1277,2.951448707909162,-30.430158449643315,0.9522327731987292,10000,1.0528145830194847e-13,1.1940588106526685e-15,1.0529882550756507e-13,0.3744419789543379,0.007403475732462488,0.373314084318673
633,12.88082060676749,0.0076618605942859,1047.0237983301645,6.523190520825999e-14,0.2602,0.5644,0.8474,0.1599,0.0385,0.0005,5.542530732409401e-16,0.0089664728719589,0.0084966562216974,0.0344599264871598,0.1315,1.978707224334601,-30.61628007656097,0.7525746819096496,10000,6.533489628722828e-14,9.484922142251425e-16,6.54834489569492e-14,0.2610165777999369,0.006317192077688521,0.2618213819982485
634,5.724077940277397,0.0675941480110132,1039.4099438616215,6.466198066341399e-14,0.1539,0.2943,0.9291,0.0818,0.0224,0.0005,5.59155145431128e-16,0.0067220530792132,0.008647355674762,0.0436780576946928,0.0756,2.0357142857142856,-30.611976286107303,0.6638897382934199,10000,6.425124767834461e-14,9.522706413789715e-16,6.364638680561537e-14,0.15556018046398357,0.005326992473174157,0.15836286194474652
635,5.979849578405233,0.0651266692900917,2258.6888382513634,7.176028041691e-14,0.203,0.4134,0.9294,0.0932,0.0347,0.0012,7.810942116726161e-16,0.0091009550453935,0.010884770894632,0.0448322908640075,0.0832,2.4399038461538463,-30.619061312584417,0.7567705482354935,10000,7.182660829598734e-14,1.0078337039524258e-15,7.189876064732951e-14,0.20734569341220685,0.006284279610185571,0.21130600314596165
636,1.3191743123313526,0.1036499088404484,389.02540782322,6.526678265303999e-14,0.022,0.0426,0.988,0.0172,0.0003,0.0002,3.0404024854691305e-16,0.0022208316481266,0.0046584224959149,0.1009468930966659,0.0132,1.6666666666666667,-30.43702141058393,0.3870637828256718,10000,6.501717353696266e-14,8.959741801254974e-16,6.455391492056664e-14,0.022193040520345722,0.0021555642265684177,0.025333240877656843
637,8.091666361026826,0.4209781780452288,3168.845116917272,8.2429313616463e-14,0.3688,0.7432,0.8782,0.1616,0.0706,0.0021,9.498387637308649e-16,0.0132391911995545,0.0115230701562115,0.0358980238599634,0.1294,2.8500772797527048,-30.547806475678204,0.8488419088666666,10000,8.260740833798233e-14,1.0502187595142222e-15,8.275955669693995e-14,0.3790223333742013,0.007218985772153974,0.3833477123991549
638,8.801266297269683,0.6667720311221156,725.5711858155155,6.169132620616448e-14,0.2663,0.484,0.8467,0.1424,0.0195,0.0011,4.463993949298884e-16,0.009453431532347,0.0072360155370639,0.0354991796182766,0.1229,2.1668022782750205,-30.619995525265853,0.7440342568816348,10000,6.179267057384344e-14,9.234778705522647e-16,6.195762413344335e-14,0.2756139805303016,0.0064380274924814174,0.2836702075309687
639,12.230568376325696,0.0067202674893293,2399.350546291588,7.809801128102e-14,0.3419,0.8052,0.8473,0.1858,0.0688,0.0014,8.306436591967036e-16,0.0111316140017083,0.0106359130734814,0.032558098864312,0.1467,2.330606680299932,-30.55622244751671,0.8120050978728036,10000,7.736936282684464e-14,1.048248362688596e-15,7.644610494551547e-14,0.33990924559571145,0.006993800465620635,0.33861091497975593
640,14.27672207303249,0.3297932064410001,78.53179679960937,2.4943963239508362e-17,0.0051,0.0352,0.0,0.0,0.0,0.0,4.037113943916155e-18,0.0010897328809277,0.1618473337677884,0.2136731139074094,0.0032,1.59375,-35.97142972126945,2.295978019464798,10000,0.0,8.554830525715453e-16,-1.115152304385869e-16,0.005074345403508483,0.0010813634025613166,0.00342340632415683
641,4.841976447925777,0.2537619392500851,149.24784653367746,5.847775133706609e-14,0.0408,0.1001,0.9441,0.0341,0.0,0.0001,1.144517795286733e-16,0.0034138982805799,0.0019571850304053,0.0836739774651958,0.0253,1.6126482213438735,-30.526421563207528,0.5883131225993297,10000,5.885205400309399e-14,8.575906282025788e-16,5.947411861602055e-14,0.04123670379966913,0.0031753339949625223,0.044037784050831294
642,3.507379350060059,0.3776680089710688,831.6931496878098,6.213510798378e-14,0.1132,0.2028,0.9489,0.0598,0.0097,0.0003,4.879671489682857e-16,0.005824256879364,0.0078533242284807,0.0514510325032161,0.0555,2.03963963963964,-30.606191487800377,0.5962353600456388,10000,6.204680103784687e-14,9.203452134758858e-16,6.192686035006632e-14,0.11318245828093598,0.004830605958036604,0.11314379544791002
643,2.2652343338767444,0.5942327956126566,5306.14595411305,1.017847173844e-13,0.1484,0.2875,0.9583,0.0695,0.0617,0.0064,1.3876484388721461e-15,0.0080115018826835,0.0136331708190685,0.0539858617431504,0.0569,2.6080843585237257,-30.47655373567836,0.9336199566592984,10000,1.0258692519457887e-13,1.2395033437265416e-15,1.031999113973176e-13,0.14549687695775665,0.005933811196188508,0.14196891634132527
644,14.82475128126504,0.1097550907993587,278.3406187627646,9.70823418313443e-14,0.1051,0.2717,0.8578,0.0976,0.0,0.0002,3.036321823407432e-16,0.0055810853649971,0.0031275737339363,0.0531026200285169,0.0616,1.7061688311688312,-30.12635175467176,1.0524643815010737,10000,9.545131888189639e-14,9.027189535330372e-16,9.215142356392828e-14,0.10501876919836593,0.00475793264592626,0.10480269763723551
645,10.08970722150265,0.6918449895261312,70.27375951207591,2.4543481784261002e-17,0.0066,0.0389,0.0,0.0,0.0,0.0,2.789098782799373e-18,0.0011643794819378,0.1136390837826415,0.1764211336269431,0.0046,1.434782608695652,-35.75559967143272,1.8486940194175652,10000,2.5910631935173014e-16,8.590346105106396e-16,6.85037468182288e-16,0.006614398215770314,0.0011545373483720022,0.007455309583790565
646,6.280374716971112,0.5707134758184313,111.05875979688189,9.160480213142094e-15,0.0362,0.1257,0.7275,0.0034,0.0,0.0001,6.685180278497741e-17,0.0029068541380843,0.0072978491552296,0.0802998380686279,0.0229,1.5807860262008733,-32.391688039085025,1.1723500141581786,10000,9.771380090342897e-15,8.578228625115753e-16,1.0836770848752918e-14,0.03644464971259419,0.0027559577671952763,0.038619247263879566
647,8.229087652250495,0.2840068325177744,51.00898314535984,1.8171998557271604e-17,0.0028,0.0308,0.0,0.0,0.0,0.0,2.302414860524933e-18,0.0007206024748727,0.126701246055493,0.2573580267402547,0.0019,1.4736842105263157,-35.700516670938775,1.9581872343922688,10000,1.8337685421757695e-16,8.540530205037064e-16,4.634872393652404e-16,0.002796495174745093,0.0007180986314772105,0.002294780472238578
648,10.036305454934954,0.5801013462212562,205.87200936093552,6.210727514951424e-14,0.1092,0.2212,0.8546,0.0639,0.0,0.0002,2.1044154028137918e-16,0.0054452273644086,0.0033883557083251,0.0498647194542918,0.0627,1.7416267942583732,-30.59381354838088,1.1330423952685102,10000,6.161215730190889e-14,8.648874542961805e-16,6.083612990677923e-14,0.11013988406772368,0.0046068516541085645,0.11250682904341423
649,14.627323986121374,0.5301249982190515,113.80204729032148,7.689485375539734e-17,0.0216,0.075,0.0,0.0,0.0,0.0,8.434844108413049e-18,0.0023396348837241,0.1096932199812005,0.1083164298020439,0.0141,1.5319148936170213,-35.91218437324369,2.5580863294416427,10000,9.313058085713553e-16,8.678026302818632e-16,2.682088136782136e-15,0.021657390968011284,0.002261838622049796,0.022477574654688942
650,10.548448664625912,0.2911943757972592,9828.199452048451,1.566301215787e-13,0.5279,1.4851,0.8506,0.2287,0.3479,0.0112,2.041979511659154e-15,0.0163575339183994,0.0130369528611592,0.030986046445159,0.1637,3.224801466096518,-30.18843500195336,1.136241860918153,10000,1.541665389967173e-13,1.3470015136803916e-15,1.5331086277685855e-13,0.5209683862161555,0.007928911876034422,0.5188395561434612
651,9.904278118656014,0.4153772456312183,6310.424567075676,1.310832058253577e-13,0.4877,1.2553,0.8552,0.214,0.2278,0.0093,1.675801580942943e-15,0.015050831330939,0.0127842584440268,0.0308608393088763,0.1592,3.0634422110552766,-30.293184790972223,1.0779298005441469,10000,1.3164592199377066e-13,1.2448307602964394e-15,1.3188421773486016e-13,0.5014540951280074,0.00748723697152328,0.5059771333870897
652,14.322863647280156,0.1609635271347201,15.007225958423785,1.189084812e-18,0.0,0.0016,0.0,0.0,0.0,0.0,5.870098936248501e-19,0.0,0.4936652858575491,,0.0,0.0,-35.33767870017811,2.13202426357712,10000,0.0,8.59563555323623e-16,-2.223560781328639e-17,0.0,1e-15,7.928911471447031e-05
653,3.6076042696124486,0.696913122852712,94.87799376545968,1.8962736564120803e-14,0.031,0.092,0.9253,0.008,0.0,0.0001,5.4924183356199446e-17,0.0026085590769706,0.0028964270621214,0.0841470669990522,0.0212,1.4622641509433962,-31.70680457342701,0.8699319459629192,10000,1.9191106186601344e-14,8.693687235229082e-16,1.966161093510147e-14,0.030551411086787612,0.0025085083549829853,0.025037772786911133
654,4.065329474885802,0.0260616627697598,13.88418717861346,4.3967223e-19,0.0,0.001,0.0,0.0,0.0,0.0,2.880355811364382e-19,0.0,0.6551143362782731,,0.0,0.0,-35.3393618219831,1.398450107067869,10000,4.0476697445650525e-17,8.605378781350437e-16,1.1470300136215879e-16,0.0,1e-15,-0.0003651825729782676
655,4.86329983846472,0.3809261023087128,329.83902889505475,7.24267006087e-14,0.0765,0.1383,0.9425,0.0609,0.0003,0.0002,2.6829696389886263e-16,0.0048049020498206,0.0037043930158905,0.0628091771218387,0.0407,1.87960687960688,-30.326696020036163,0.4756239620024526,10000,7.227772910042719e-14,8.722646332539398e-16,7.205240731569908e-14,0.07489993925396782,0.004197648001189048,0.0697427562550179
656,14.3422569590094,0.1943620791625067,49.816770683016365,6.820593035396e-18,0.0008,0.0167,0.0,0.0,0.0,0.0,1.2026611730451997e-18,0.000346335090338,0.176327947849094,0.432918862922589,0.0006,1.3333333333333333,-36.17337012403682,2.053389661421877,10000,4.9165679702036365e-17,8.626389552391047e-16,1.2997973438470096e-16,0.0008036654593546069,0.0003460661869795125,0.0031613877907894494
657,14.692285053218562,0.1802578752452055,2164.023750413652,7.7655616372666e-14,0.4106,0.9292,0.81,0.2182,0.0711,0.0022,8.066156758816288e-16,0.0123246076446822,0.0103870874195462,0.0300160926563132,0.1716,2.3927738927738926,-30.551569048904653,0.8185993259890703,10000,7.75255895253122e-14,1.0188642615261179e-15,7.738400603414699e-14,0.4118871860352686,0.007201929367020743,0.4125546329415952
658,3.6023684643951586,0.134297529523639,146.91703512246528,6.321399721795002e-14,0.0329,0.0772,0.9634,0.0263,0.0,0.0002,1.0204794421755118e-16,0.002963551461292,0.0016143251290645,0.0900775520149565,0.0198,1.6616161616161615,-30.430423163526356,0.4498212954933813,10000,6.325206270186881e-14,8.581247998048651e-16,6.331667767275473e-14,0.032836193668169894,0.002805174424409281,0.03228663836501662
659,6.796536028263732,0.6613907317053114,5515.304724324875,1.1931650229258e-13,0.4649,1.0505,0.8707,0.1951,0.1699,0.008,1.515125851071555e-15,0.0153290670632528,0.012698376351632,0.0329728265503395,0.1472,3.1582880434782608,-30.347207193987792,1.0132314701114926,10000,1.1859572677993246e-13,1.2255183867094193e-15,1.1821092098791275e-13,0.45633269422827494,0.007613554198084709,0.4535271874705461
660,9.10264409608809,0.6685568397559288,1996.625234310868,7.537550856244e-14,0.5089,0.9231,0.8283,0.2043,0.0593,0.0027,7.687844180018359e-16,0.0156536443890317,0.0101993927824047,0.0307597649617444,0.1714,2.969078179696616,-30.568020783417488,0.800551952339503,10000,7.535704956137777e-14,1.0160249177015845e-15,7.533454629344643e-14,0.48506161158353744,0.007684247738652488,0.47749341269314705
661,6.9617441370855095,0.6189779583810963,10.474822177152724,2.592768e-19,0.0,0.0004,0.0,0.0,0.0,0.0,1.8743266983044911e-19,0.0,0.7229056738992811,,0.0,0.0,-35.04941499178151,1.11879127470341,10000,2.6851290024263648e-17,8.622826433631203e-16,7.735249561477105e-17,0.0,1e-15,2.8342087512372993e-05
662,1.902926322581288,0.3678766342577266,2704.116354371428,6.9954109763e-14,0.0968,0.1788,0.9692,0.0443,0.0176,0.0007,7.995074062018904e-16,0.0055485182351201,0.0114290269565372,0.0573194032553732,0.0457,2.1181619256017505,-30.64982277305616,0.7346778481098719,10000,7.043123063417191e-14,1.0157388933596645e-15,7.095048217333319e-14,0.09814063522514023,0.004693514562882431,0.10151314194311051
663,5.478594415985732,0.3186920789310063,28.618812519509657,5.576876339999999e-18,0.0004,0.0096,0.0,0.0,0.0,0.0,1.2465578256198988e-18,0.0004,0.2235225867711993,1.0000000000000002,0.0001,4.0,-35.50868209874471,1.6897291891347368,10000,0.0,8.543061145274972e-16,-5.466624035403096e-17,0.0003998274376648516,0.0003995722368536456,0.0003192755824139859
664,11.114162464487675,0.5917000859105621,1352.22633210682,6.936133874870691e-14,0.4334,0.7816,0.8098,0.1987,0.0497,0.0018,6.379633581881216e-16,0.0126985262631899,0.0091976794233951,0.0292997837175587,0.1754,2.4709236031927024,-30.60231096848104,0.8094740180946529,10000,6.887221523240433e-14,9.647562880526444e-16,6.826392279214635e-14,0.43574068956750667,0.0071731209603849945,0.4368375771487315
665,3.344964806989989,0.3069336095464728,21.643620293296298,3.3590863599999998e-18,0.0,0.0052,0.0,0.0,0.0,0.0,9.754877979265209e-19,0.0,0.2904027147210709,,0.0,0.0,-35.5739302860224,1.6470934433488098,10000,0.0,8.545983311663695e-16,-1.6362701832611565e-16,0.0,1e-15,0.0004658898545346901
666,1.1227734722606282,0.4300239664409445,23.78562327325604,6.252494092e-18,0.0001,0.0108,0.0,0.0,0.0,0.0,1.3610117462345962e-18,0.0001,0.2176750151553116,1.0000000000000002,0.0001,1.0,-35.477721918441176,1.8000190174806403,10000,4.056858715842767e-17,8.586886734175869e-16,1.0258722832058185e-16,0.00010002151376451494,9.99936509191778e-05,0.0002694296237696625
667,2.619833698073325,0.6071552782579385,606.3151370601843,5.984491598556002e-14,0.084,0.1539,0.9517,0.056,0.0056,0.0008,3.849080438953516e-16,0.0046213131957881,0.0064317584469201,0.0550156332831918,0.0471,1.78343949044586,-30.58399523475976,0.5120522759829561,10000,6.015386377243203e-14,9.042147968022924e-16,6.064895413442573e-14,0.08357184470539714,0.00408769686884383,0.08203241174082884
668,1.5775849439236873,0.3225202899388274,901.615708438632,6.107714982050001e-14,0.0671,0.1106,0.974,0.0337,0.0071,0.0005,4.990882162996635e-16,0.0044656190136774,0.0081714392005264,0.0665516991606176,0.0354,1.8954802259887005,-30.62718666972587,0.5681222947881739,10000,6.111357579652269e-14,9.313828760909312e-16,6.116721603952756e-14,0.06525474185477946,0.0039835872755088495,0.058064984129422
669,12.273344702965584,0.3153954112708739,1934.750342129671,7.408856628683e-14,0.4059,0.8474,0.8248,0.2026,0.0651,0.0023,7.378431692649813e-16,0.0124968050322312,0.009958934370635,0.0307878911855907,0.1623,2.500924214417745,-30.57195701656076,0.786218546952481,10000,7.427109595879917e-14,9.907219660351509e-16,7.447119612235172e-14,0.4025980855458028,0.007123756880302679,0.40100861742217386
670,5.3022245232705245,0.4851995895763735,3645.1921372348593,8.624486699533299e-14,0.2917,0.5598,0.9143,0.1255,0.0647,0.0034,1.0484776542524411e-15,0.0116925096740711,0.0121569861579029,0.0400840235655507,0.1024,2.8486328125,-30.533458335570803,0.8499470154812697,10000,8.610360346564352e-14,1.082081808249637e-15,8.599273289166458e-14,0.28965183113953863,0.006946828886020896,0.2885344278577308
671,11.206549943990238,0.1267399682397359,880.9601164703355,6.423193201194999e-14,0.2347,0.4764,0.8616,0.1444,0.0298,0.0006,5.107152039264928e-16,0.0087925719748088,0.0079511107315202,0.037463025031141,0.1135,2.06784140969163,-30.60480968805265,0.7176198323811112,10000,6.406459817618114e-14,9.342741042856259e-16,6.382083418258466e-14,0.23736869896111634,0.006173317961320675,0.23996321711588692
672,10.246723394261712,0.6859850463249568,190.88474748940413,4.6456622225116953e-14,0.1288,0.2308,0.8359,0.0507,0.0,0.0001,1.769563818601349e-16,0.0059920486033281,0.003809066896914,0.0465221164854667,0.0718,1.7938718662952646,-30.950209299279923,1.353988521949703,10000,4.672779353080848e-14,8.703499102200382e-16,4.721507944069009e-14,0.12475460801837156,0.004956290253334561,0.1159913136706458
673,14.231178631973098,0.1140293770005879,157.68219833663545,2.1624646740519765e-14,0.056,0.1888,0.8322,0.0195,0.0,0.0,9.524431749404332e-17,0.0038558898828517,0.0044044334521116,0.0688551764794964,0.0361,1.551246537396122,-31.6842545670375,1.3618366811466045,10000,2.1115587254171345e-14,8.759901134261888e-16,2.0003973820485646e-14,0.05572365914037944,0.0035420037739024805,0.05423064829370525
674,6.375871411350589,0.0199507960176535,144.2403957737167,5.19732271005081e-14,0.0443,0.1081,0.9386,0.0342,0.0,0.0004,1.0731302348122159e-16,0.003384508308403,0.0020647750672417,0.0763997360813319,0.0259,1.7104247104247103,-30.655401115968303,0.7117206832366932,10000,5.2491340481887754e-14,8.648907965916097e-16,5.345008191641292e-14,0.04388162122742835,0.0031620166764240445,0.041009693925257676
675,10.254988661574428,0.167621858807539,574.4395386197244,6.219259443324099e-14,0.1605,0.3331,0.882,0.1143,0.0102,0.0009,4.05293293167149e-16,0.0066797033499762,0.0065167452308522,0.0416180894079519,0.0877,1.830102622576967,-30.580336464667933,0.7086323755854044,10000,6.210931385662743e-14,9.017058371412321e-16,6.198803338933564e-14,0.16123309345788395,0.005287787748712547,0.16246362105100387
676,9.469715882323705,0.3305896927235269,10.231901183643012,5.7478578e-19,0.0,0.0005,0.0,0.0,0.0,0.0,3.5800505352790005e-19,0.0,0.6228495310512032,,0.0,0.0,-34.79086300879366,1.655097601040966,10000,0.0,8.659750443259733e-16,-9.293788166068224e-17,0.0,1e-15,-5.801521473577931e-05
677,12.811192088482768,0.5239057454122805,56.38420218932112,1.4528355468156002e-17,0.0032,0.0219,0.0,0.0,0.0,0.0,2.9051556916300895e-18,0.0007204359116467,0.1999645244086819,0.2251362223896083,0.0024,1.3333333333333333,-36.095542112077325,2.283652703376882,10000,0.0,8.555518769974188e-16,-4.0761702436238646e-16,0.0031993548303673094,0.0007179741811674419,0.0031054326108477526
678,7.4017306509473775,0.1769680170693639,1330.807352152789,6.518786549029e-14,0.22,0.4005,0.9,0.1142,0.0324,0.0013,6.04416181470023e-16,0.0087319885915223,0.0092719124475712,0.0396908572341924,0.0998,2.2044088176352705,-30.63386856082749,0.6957013816220684,10000,6.518967138582229e-14,9.55657937599912e-16,6.51919972734224e-14,0.2220420504362627,0.006143493811864848,0.2240436581349714
679,14.747792157674125,0.497652692710688,755.9138660538872,6.216958012329135e-14,0.3371,0.6452,0.7901,0.1811,0.0256,0.0011,4.614942061287881e-16,0.0107934243315492,0.0074231514064205,0.0320184643475208,0.1573,2.143038779402416,-30.642164486787745,0.859685845278488,10000,6.219339527278756e-14,9.349371242204724e-16,6.223519236395331e-14,0.33972210861646723,0.00690369131413713,0.3415375871759856
680,3.181341795839268,0.4793658073937304,437.25550901951766,6.3465270260231e-14,0.0588,0.1236,0.9556,0.055,0.0011,0.0008,3.321365073437686e-16,0.0038517190414096,0.0052333584333902,0.0655054258743131,0.0332,1.7710843373493976,-30.4885648391986,0.483263339895188,10000,6.365445416137464e-14,8.863268745743598e-16,6.394172036619766e-14,0.05939632801544075,0.003517170322842797,0.062388665728565454
681,3.875327815432136,0.0359421977547015,292.358219138176,7.722775723047e-14,0.0472,0.1041,0.9646,0.0404,0.0001,0.0001,2.2952958446583633e-16,0.0036439736352484,0.0029721125240093,0.0772028312552627,0.0258,1.8294573643410847,-30.24519318213849,0.4199489562808665,10000,7.68378876013876e-14,8.834656290893968e-16,7.609021196438944e-14,0.047297270019172916,0.0033707632102432973,0.04787393933261952
682,5.681180580897081,0.4276780723657968,14.645577911725226,8.553001720000001e-19,0.0,0.0016,0.0,0.0,0.0,0.0,4.3089895434740734e-19,0.0,0.50379851244483,,0.0,0.0,-35.71343575043052,2.227627476858524,10000,0.0,8.523580176970329e-16,-6.858729474362917e-17,0.0,1e-15,-0.00023335958178205551
683,4.0768613322493445,0.4265390978577136,591.5174201370006,6.207041883607001e-14,0.1087,0.1904,0.9397,0.0681,0.007,0.0006,4.1557789467767895e-16,0.0058319664079295,0.0066952648696512,0.0536519448751565,0.0555,1.9585585585585583,-30.563014634626096,0.5644959686991357,10000,6.175189762566527e-14,9.02297972069032e-16,6.130028671020896e-14,0.10621317230213898,0.004832467840322684,0.10076483929921468
684,1.5837765926391056,0.4970734278431981,9802.846393410868,1.2630229785850004e-13,0.1009,0.2489,0.9731,0.0535,0.0707,0.007,1.7780100662192234e-15,0.0060725288439542,0.0140774166136801,0.0601836357180795,0.041,2.460975609756097,-30.362657795685493,1.03627601841871,10000,1.2628152446105491e-13,1.3959816131318973e-15,1.2626821977999694e-13,0.10213261510796096,0.005217641213952404,0.10560930851390074
685,11.43018854730762,0.3192102453186322,16.25736836840434,1.0441594100000002e-18,0.0,0.0016,0.0,0.0,0.0,0.0,5.132985321791437e-19,0.0,0.4915901990282725,,0.0,0.0,-35.545000347834694,1.7274742523006683,10000,0.0,8.529124746067171e-16,-2.2052623720308217e-17,0.0,1e-15,0.0003182601522892514
686,10.9387780677533,0.3635091966372223,105.22263344802693,7.674143349297761e-17,0.021,0.0925,0.0,0.0,0.0,0.0,7.750411805387896e-18,0.0024034303917036,0.1009938367400592,0.1144490662716025,0.013,1.6153846153846154,-35.80752698668312,2.095558035278966,10000,0.0,8.51238927346174e-16,-6.869319360131679e-16,0.021197651049405398,0.0023150108490529652,0.02373662573299365
687,10.1628524454761,0.4818314368436031,186.13095107409745,5.3011709096459016e-14,0.0904,0.1874,0.8675,0.0518,0.0,0.0003,1.7237942543325847e-16,0.0048729004212944,0.0032517235978866,0.0539037657222837,0.0544,1.661764705882353,-30.74895905120968,1.191889107100007,10000,5.3069074390090037e-14,8.604264099157064e-16,5.316012411880518e-14,0.09119723031001006,0.004242782697345833,0.09369570218287415
688,8.36937921887486,0.2235659507576832,143.5473481930098,3.8891915108328855e-14,0.0541,0.1373,0.9014,0.0334,0.0,0.0002,1.1144260233528527e-16,0.0038908653129205,0.0028654439367378,0.0719198763940952,0.0318,1.70125786163522,-30.99853916873623,0.9618064497442926,10000,3.802748767251724e-14,8.584227098231677e-16,3.656944754137028e-14,0.05354997146007953,0.00354716870657854,0.05084280158092948
689,10.90293607191651,0.3526792100359558,47.53252765189912,8.339994404000001e-18,0.0006,0.0189,0.0,0.0,0.0,0.0,1.3460864928270936e-18,0.0002448877232523,0.1614013664303525,0.4081462054205166,0.0006,1.0,-35.94942907200398,1.6641278513349012,10000,0.0,8.543037667041657e-16,-1.960645399459475e-16,0.000600720303345202,0.000244789552494187,0.0014985812735878457
690,11.68797771260978,0.4981908155678749,37.62192603400408,7.031808125e-18,0.0011,0.0114,0.0,0.0,0.0,0.0,1.4639655211098773e-18,0.0008185022874735,0.2081919038582807,0.7440929886123326,0.0004,2.75,-35.80633070232965,1.7970462312519988,10000,3.9218869517782246e-17,8.565651211894874e-16,9.571350312910148e-17,0.0010964458885340284,0.0008148677858203604,0.000698910424768967
691,3.904015563274767,0.1780847182478594,1273.3229109261804,6.313065957453e-14,0.126,0.2311,0.9464,0.0686,0.0175,0.0014,5.744633209296768e-16,0.0062893843606161,0.0090995932056037,0.0499157488937793,0.0611,2.062193126022913,-30.64726226559033,0.6533168679522717,10000,6.324405239273543e-14,9.444013104133123e-16,6.338963528438536e-14,0.12855092957939723,0.005087993764388426,0.1333822427547735
692,12.918885747380124,0.2472463077957806,19.116007785493288,1.13260093e-18,0.0,0.0034,0.0,0.0,0.0,0.0,5.60724858839491e-19,0.0,0.4950771661819941,,0.0,0.0,-36.45719068274246,1.6824562063283568,10000,0.0,8.516342044106605e-16,-1.0989835107316635e-16,0.0,1e-15,0.0001720784157085986
693,5.367710017066015,0.0404171424020419,168.88832681415388,6.995177027352465e-14,0.042,0.1081,0.9482,0.039,0.0,0.0002,1.2973710970037674e-16,0.003134418998514,0.0018546651384672,0.074629023774144,0.0259,1.6216216216216215,-30.34321277539952,0.5791893112212696,10000,6.96566378714008e-14,8.677980158390202e-16,6.910423335916079e-14,0.042425264532758356,0.0029517335180134032,0.045757737187764616
694,4.157653007269526,0.4731153833192425,7597.144283071125,1.2392591326743e-13,0.2662,0.5684,0.9296,0.115,0.1352,0.0088,1.6876789859441661e-15,0.0110691466970521,0.0136184510684394,0.0415820687342304,0.0902,2.951219512195122,-30.359179234295752,1.0309917221298863,10000,1.245271651972758e-13,1.2597730695902796e-15,1.2479290925069966e-13,0.24950993065882401,0.006850787568847991,0.23914755862764964
695,4.180207562670232,0.0269008983440767,33.986174167858,7.552491851e-18,0.0004,0.0133,0.0,0.0,0.0,0.0,1.4471772047482033e-18,0.0002449285589715,0.1916158578253331,0.6123213974289768,0.0003,1.3333333333333333,-35.85861977084897,1.8582705280933844,10000,6.563427656588949e-17,8.618344775609459e-16,1.7525660257451485e-16,0.00040019367333662075,0.00024483406239332904,0.0006510423375503671
696,2.953310316998473,0.2093156290105354,60.433452006716905,2.573346054938e-16,0.0058,0.0547,0.0806,0.0,0.0,0.0,9.065760830571301e-18,0.0011210538239387,0.0352294663719051,0.1932851420583992,0.0041,1.4146341463414631,-34.19288069197665,1.3431361388984426,10000,2.2124008470257282e-15,8.523772382136647e-16,5.45041838683533e-15,0.0058139939493925446,0.001111740063627151,0.006645706241936611
697,5.8453755212889655,0.1905997563747007,2363.5910584410503,7.1701533623e-14,0.2388,0.4273,0.9214,0.1067,0.0378,0.0012,7.861308554050139e-16,0.010078075846176,0.0109639336243268,0.042202997680804,0.0917,2.6041439476553983,-30.62276486276249,0.7551184758800737,10000,7.23449952512256e-14,1.002250662152821e-15,7.300087785925723e-14,0.23308988416218732,0.006559343625818617,0.22889332354770872
698,9.746265814737324,0.2807734298618509,1836.208702058247,7.101357063673e-14,0.3284,0.6228,0.8679,0.1521,0.0488,0.0011,7.304968948782536e-16,0.0117859761973072,0.0102867225000572,0.0358890870807162,0.1281,2.5636221701795474,-30.61175948372164,0.7701642351732689,10000,7.11858785223047e-14,9.897268302545206e-16,7.13781561258707e-14,0.32811059670316056,0.0069697466732428475,0.32795496557057696
699,14.612717064576238,0.3980088289079276,238.51904790828928,7.043837300263512e-14,0.1288,0.2524,0.8311,0.081,0.0,0.0001,2.554264907153212e-16,0.0061729139380562,0.0036262406388314,0.0479263504507469,0.0737,1.7476255088195387,-30.5018722454249,1.2502697889437198,10000,7.049826542852467e-14,8.762132862531819e-16,7.059660754100838e-14,0.12573186299461028,0.0050560220809929375,0.11947807807632083
700,3.0743602985215843,0.3602056491537576,942.7273602513272,6.249893228600999e-14,0.1084,0.1846,0.9546,0.0565,0.0109,0.0005,5.18137920670159e-16,0.0059151029445212,0.0082903483582573,0.0545673703369122,0.0519,2.0886319845857417,-30.61923002943741,0.6049779022657851,10000,6.231354624632379e-14,9.281803041732237e-16,6.206722945919012e-14,0.10773420246589482,0.004885239553296988,0.10630564813110882
701,8.59792219864411,0.4579836183531429,322.5368065118672,7.454911949719171e-14,0.1148,0.2092,0.8952,0.0891,0.0001,0.0004,2.5743694815754555e-16,0.0060304006975703,0.0034532526996142,0.0525296228011357,0.0601,1.9101497504159732,-30.32342542975965,0.7161332952494919,10000,7.443908300595801e-14,8.738808742425554e-16,7.426458803565009e-14,0.11393060927707804,0.004942346701863705,0.11215185651681317
702,3.7653398583075313,0.2888700229532738,51.67933581781672,2.59672847599e-17,0.0051,0.0385,0.0,0.0,0.0,0.0,3.4069133697460317e-18,0.0008873994296678,0.1312002160120784,0.1739998881701613,0.004,1.275,-35.577600234725274,1.7940017708532556,10000,0.0,8.545830169404313e-16,-1.25615641486769e-15,0.005088233122803396,0.0008827563511858988,0.00397258969735545
703,8.203813338855069,0.1224910552903733,184.89854787348972,6.794050836186985e-14,0.0687,0.1557,0.9087,0.056,0.0,0.0002,1.6940525187335115e-16,0.0047328924588567,0.0024934351531644,0.0688921755292097,0.0382,1.7984293193717278,-30.415936489626915,0.8179562862750763,10000,6.810935403689383e-14,8.622763938280003e-16,6.838543652561692e-14,0.06778487139134362,0.004152632192230354,0.06472415453088172
704,2.641006150109236,0.3212472156044693,13.99496286854698,9.1698469e-19,0.0,0.0024,0.0,0.0,0.0,0.0,3.8249238806905655e-19,0.0,0.4171197101110341,,0.0,0.0,-35.53043355469851,1.4344951202552096,10000,0.0,8.632835764224415e-16,-1.817473022959165e-17,0.0,1e-15,-0.0005800382015081484
705,2.092675094910428,0.30974319867035,277.920690157487,7.914258324417002e-14,0.0306,0.062,0.9787,0.0255,0.0,0.0002,2.1184107851777087e-16,0.002754473218652,0.0026767015914075,0.0900154646618307,0.0178,1.7191011235955056,-30.209391869466423,0.3553941494712239,10000,7.832298650277827e-14,8.776118296340201e-16,7.680918431733887e-14,0.030731963755682483,0.002627046671177992,0.032060047245219686
706,3.9016563385462346,0.2117545504908028,1168.0251325890808,6.228897915690999e-14,0.1271,0.2246,0.9486,0.0593,0.0171,0.0005,5.44575781677894e-16,0.006209542240897,0.008742730881912,0.0488555644445082,0.062,2.05,-30.643500844301126,0.6286399657405009,10000,6.25804557363619e-14,9.370689979231859e-16,6.296727778676819e-14,0.1285750128681102,0.005045469306796391,0.13144099058751252
707,3.5570271066713546,0.6308029677543096,7304.897333414628,1.238406145725e-13,0.2292,0.5326,0.9334,0.1122,0.1267,0.0094,1.6962507814043045e-15,0.0098151092524211,0.0136970475094926,0.0428233387976491,0.0836,2.7416267942583734,-30.362404490476823,1.031148371882451,10000,1.2325845455658997e-13,1.30366032217305e-15,1.2295427729347873e-13,0.23425329441436443,0.006640448761383553,0.23851869241047047
708,3.0684662046772777,0.3922869217225672,33.831556931276964,7.6129849725e-18,0.0001,0.016,0.0,0.0,0.0,0.0,1.3739689995687736e-18,0.0001,0.180477040810128,1.0000000000000002,0.0001,1.0,-35.76291860319762,1.7995302234744766,10000,0.0,8.570940464273902e-16,-6.286505419301213e-17,0.00010002313873052284,9.999339636900872e-05,0.0002752028132460005
709,6.083606043753713,0.203891458737054,198.5864398599695,8.213242557154334e-14,0.0621,0.1274,0.9373,0.0465,0.0,0.0001,1.7114037103659642e-16,0.0039655934730074,0.0020837126122315,0.0638581879711345,0.0362,1.7154696132596683,-30.195481551627616,0.6477238214137349,10000,8.211704213321498e-14,8.611042286217536e-16,8.209235168508954e-14,0.062193516057594656,0.0036037553280835266,0.06263694487986327
710,2.74344693319854,0.2656468969338722,16.750137654533287,2.53494103e-18,0.0,0.0039,0.0,0.0,0.0,0.0,7.733171480436961e-19,0.0,0.3050631706583313,,0.0,0.0,-35.1521572586273,1.5709901690725343,10000,0.0,8.571244013487933e-16,-2.034989052961404e-16,0.0,1e-15,-0.0003973291609522811
711,10.530000422366133,0.6908980309674156,55.83883545412629,1.55532621251024e-17,0.0027,0.0212,0.0,0.0,0.0,0.0,2.736309665722103e-18,0.0006552205211935,0.1759315598047948,0.2426742671087199,0.0021,1.2857142857142858,-35.91070857976407,2.148664644929444,10000,1.189599370742385e-16,8.662003550173592e-16,3.2626675937273594e-16,0.0027061513483579353,0.0006534687495283791,0.0038519437288589697
712,9.294397238689,0.190038828261969,4211.826634462587,9.727689539515e-14,0.3693,0.8272,0.8754,0.1803,0.1075,0.0042,1.1895460758433733e-15,0.0125923630729413,0.0122284543622748,0.0340979232952648,0.1354,2.727474150664697,-30.459015955592943,0.9140065728272418,10000,9.695462220441255e-14,1.1253018991771465e-15,9.673280470830389e-14,0.36841619974144985,0.007127409694590359,0.367999590208257
713,12.864120124662564,0.5894487645306415,671.6318786370967,6.145136220609279e-14,0.312,0.5429,0.8032,0.1637,0.0177,0.0014,4.383766820151204e-16,0.0104688375503665,0.0071337178913123,0.0335539665075852,0.1451,2.150241212956581,-30.643740930369084,0.8675003837422108,10000,6.147851675459849e-14,9.129988216272655e-16,6.151885897601818e-14,0.3147884881133447,0.0067076971607452724,0.316730538956016
714,4.632842494697665,0.5950903472598952,27.001200935570463,5.6588418199999995e-18,0.0002,0.0092,0.0,0.0,0.0,0.0,1.2456491935946016e-18,0.0001414142842854,0.2201244058796825,0.7070714214274962,0.0002,1.0,-35.41539607653807,1.5244994711944213,10000,1.5571532746640623e-17,8.589954214336542e-16,3.356238779816148e-17,0.00019999040869013706,0.00014139558271501808,0.0001637346521138061
715,3.0166604057226087,0.0340226406321014,221.82549618933763,1.0404845199290999e-13,0.0408,0.0736,0.9706,0.0304,0.0,0.0001,1.8080433489108783e-16,0.0032976693985823,0.0017376936554847,0.0808252303574096,0.0224,1.8214285714285716,-29.930968972253982,0.405235228002325,10000,1.0302841885291002e-13,8.739680275845906e-16,1.011183993846478e-13,0.04023548687004729,0.0030941337071480448,0.03608127888422022
716,2.047479153297184,0.6014898069108486,53.54113096825105,3.2803700329e-17,0.0044,0.0518,0.0013,0.0,0.0,0.0,3.0555521454166233e-18,0.0007198026198765,0.0931465692824712,0.1635915045173997,0.004,1.1,-35.45456359158673,1.744205909722525,10000,1.2084800065035252e-15,8.626191320713013e-16,3.451505115071381e-15,0.004412592154621904,0.0007175021022928322,0.00637311539170396
717,2.8850143254980027,0.0164405794235927,2282.4514800895577,6.854709235969999e-14,0.1175,0.2118,0.9656,0.0455,0.0192,0.0008,7.541252358037272e-16,0.0064150986234846,0.0110015641779007,0.0545965840296567,0.0535,2.196261682242991,-30.650519414704164,0.7244531820768723,10000,6.888328279894647e-14,1.0067767238421843e-15,6.92828416199371e-14,0.11681071708601602,0.005203697836376368,0.11548462812787501
718,4.793044170971147,0.2679334651504389,409.0762192178384,6.569576833964302e-14,0.0755,0.1458,0.9488,0.0587,0.0008,0.0004,3.2442580564364033e-16,0.0047814496992149,0.0049383059798673,0.0633304595922508,0.0389,1.9408740359897168,-30.449465630600727,0.5032066096345189,10000,6.547659406189363e-14,8.920592652010419e-16,6.51113353817109e-14,0.07475127642998816,0.004183763096412662,0.07230547299151058
719,4.310758044140952,0.1416733838232567,59.69185620152928,3.06754664629576e-17,0.0068,0.0476,0.0,0.0001,0.0,0.0,3.5955832804059584e-18,0.0012710379828138,0.1172136464411334,0.1869173504137942,0.0045,1.511111111111111,-35.66127425672309,1.9059374148542612,10000,0.0,8.547934489782559e-16,-9.510430499652065e-17,0.00679225780038835,0.001257533055790536,0.0064337193122758485
720,13.903816649849336,0.4763429003871474,41.61161100755665,6.35513546e-18,0.0006,0.0133,0.0,0.0,0.0,0.0,1.216136338229334e-18,0.0004242428528564,0.1913627720264729,0.7070714214274962,0.0003,2.0,-35.931402448892776,1.6138955807421624,10000,2.5784191473939643e-17,8.616369236751591e-16,6.235446649183054e-17,0.000605614613194802,0.00042374886899326775,0.003012373428891546
721,8.098699042101407,0.232922941191039,768.1734947083875,6.24462366139962e-14,0.1911,0.3498,0.8977,0.1092,0.0174,0.0009,4.650595819469068e-16,0.0079790002785151,0.0074473596354831,0.0417530103532973,0.0926,2.0637149028077757,-30.60617274858452,0.6836820252786147,10000,6.240253457214337e-14,9.140199164772505e-16,6.234260018229301e-14,0.19113809688930183,0.005862518993172202,0.19118279198248722
722,12.63032506413198,0.6316678802164206,2946.7574117945096,8.633526107082e-14,0.6693,1.4692,0.7761,0.2806,0.1056,0.003,9.24043751802866e-16,0.0185485351393467,0.0107029704936535,0.0277133350356294,0.2049,3.266471449487555,-30.49326287651709,0.8748038032259489,10000,8.693418637525083e-14,1.0534066434177132e-15,8.75041755583594e-14,0.6694101470651903,0.007941245884703301,0.669434868144986
723,1.172643220872872,0.4706717197996973,23.63117168177027,4.351853414e-18,0.0002,0.0081,0.0,0.0,0.0,0.0,1.0539758416762152e-18,0.0001414142842854,0.2421901064694766,0.7070714214274962,0.0002,1.0,-35.5574482024206,1.700483297762729,10000,3.759032731573964e-17,8.596607034470275e-16,9.847155416448499e-17,0.00020001583639202793,0.00014139640366890645,0.0002626274165736242
724,3.8699749929685696,0.0157958258578965,713.3392816850528,6.073489522016e-14,0.0929,0.1683,0.9583,0.0528,0.0081,0.0004,4.411344418112593e-16,0.0052544952157174,0.0072632782227116,0.0565607665846869,0.0486,1.911522633744856,-30.597436265794315,0.5357331622398854,10000,6.076156208023285e-14,9.227326907701752e-16,6.080540327475294e-14,0.09225070462781265,0.004522413327963514,0.09039537278960777
725,3.8133859579525087,0.162207076152618,542.4405845179206,6.1411294834073e-14,0.0797,0.1368,0.9568,0.0514,0.0049,0.0006,3.8033787347848573e-16,0.004919066041544,0.0061932886207027,0.0617197746743296,0.0421,1.8931116389548692,-30.55108053032936,0.5241499236165367,10000,6.136746883403185e-14,8.93840065220265e-16,6.130447166963777e-14,0.07873019207636185,0.0042780785148815855,0.07571940087073693
726,2.406937263559005,0.4783474399298787,332.98951275698613,7.049657974584999e-14,0.0468,0.0889,0.9648,0.0402,0.0001,0.0003,2.652189177728008e-16,0.0031594262449722,0.0037621529828674,0.0675091077985533,0.0294,1.5918367346938775,-30.34857013472088,0.4292969959855202,10000,7.070478537991474e-14,8.743455365230258e-16,7.103065949522896e-14,0.04615642601539957,0.0029694863617090008,0.04128157267330755
727,1.8029691317573568,0.2903422029410792,21.86330393180136,4.216175818999999e-18,0.0,0.0066,0.0,0.0,0.0,0.0,1.1245027836438925e-18,0.0,0.2667115490242066,,0.0,0.0,-35.498119016549936,1.9782110056708788,10000,0.0,8.528403663311642e-16,-9.4385085694852e-17,0.0,1e-15,0.00022806907850980718
728,10.123086372487403,0.6112540100234419,50.39222625718884,9.3386369636276e-18,0.0014,0.0183,0.0,0.0,0.0,0.0,1.4843700593018957e-18,0.0004688560361115,0.1589493268753528,0.334897168651126,0.0011,1.2727272727272727,-36.02248737585893,2.1599432665794174,10000,1.198643960700613e-16,8.646103422526933e-16,3.3662454948752943e-16,0.0014043544993786244,0.0004681787346958875,0.0029082716431806377
729,7.453214486607623,0.6588103903199668,9039.4249225416,1.4917838953458e-13,0.5301,1.4417,0.8672,0.2069,0.2828,0.0103,1.9564584552199085e-15,0.0167653662873995,0.0131148919178162,0.0316267992593842,0.1547,3.426632191338073,-30.21723133074617,1.1096832844653783,10000,1.4795390641916144e-13,1.34744233420162e-15,1.4746946827867676e-13,0.5299029933892764,0.007980708937785021,0.529845272556464
730,4.620258263502401,0.4920701975450466,14.274401854256032,5.8302504e-19,0.0,0.0018,0.0,0.0,0.0,0.0,3.026785575071587e-19,0.0,0.5191519004177911,,0.0,0.0,-36.0524897094583,1.5406938321102792,10000,0.0,8.514346247979871e-16,-5.773202871951613e-17,0.0,1e-15,-0.0004057303252226474
731,9.38078408031823,0.1798543338511704,6002.9979848742,1.22709152664e-13,0.3858,0.9039,0.8847,0.1715,0.1771,0.011,1.5745138772457189e-15,0.0137380751734348,0.0128312668049874,0.0356093187491831,0.1287,2.9976689976689976,-30.334591899680778,1.0251918990885598,10000,1.2390670571470483e-13,1.2260703166261168e-15,1.2447360525579457e-13,0.3891513418595446,0.0073324227873295105,0.39048632432445407
732,8.960703078398765,0.6782942866134835,119.53164205985978,1.328416458754579e-16,0.04,0.1249,0.0,0.0,0.0,0.0,1.0807752602584362e-17,0.0031497606415742,0.0813581654409557,0.078744016039355,0.0251,1.593625498007968,-35.48373018495218,2.1702646146515527,10000,0.0,8.675402658533405e-16,-1.8676158316345428e-15,0.040933714219482914,0.0029678846676464833,0.048325483239058525
733,1.2644793717856553,0.6985446172286965,527.3827216492421,6.141106484588001e-14,0.0418,0.0835,0.9762,0.0317,0.0023,0.0006,3.7696602036931797e-16,0.0030176458736342,0.0061384055351485,0.0721924850151736,0.0256,1.6328125,-30.542454875933288,0.4679408512345403,10000,6.117947806676534e-14,9.21479910755598e-16,6.07110528334819e-14,0.04197071248140028,0.002881988913516378,0.04374238185655116
734,8.159649199903996,0.4348465452707246,138.4692909127032,2.959383831168465e-14,0.0576,0.1539,0.8825,0.0238,0.0,0.0002,1.0080977227391001e-16,0.0038845505497158,0.003406444652842,0.0674401137103437,0.0366,1.5737704918032789,-31.32301363567101,1.1395990611053133,10000,2.849616980233626e-14,8.558549593195166e-16,2.6687219642327755e-14,0.057384845629371184,0.003541103565295535,0.05632697391165528
735,6.622515406903238,0.692664904242904,7065.041023923204,1.3081289239171999e-13,0.4569,1.156,0.8776,0.1918,0.2131,0.0094,1.7327001389132336e-15,0.0149925553749741,0.013245637392717,0.0328136471327953,0.1444,3.164127423822715,-30.31258851613987,1.059359976767318,10000,1.3268997554996487e-13,1.2827999515211393e-15,1.3353166421193852e-13,0.469016619098053,0.007680652349299829,0.47332817758431667
736,4.321207947661698,0.2342180626362253,3614.10253202252,8.298352097361999e-14,0.2104,0.3934,0.9389,0.0902,0.0452,0.0029,1.029883786535088e-15,0.0095195717458624,0.0124107024437114,0.0452451128605629,0.0801,2.6267166042446943,-30.56378129021536,0.8305280070559279,10000,8.280251453514183e-14,1.081982122977933e-15,8.26522552992487e-14,0.20406779106106548,0.006416816904175736,0.19879479852294435
737,1.9104167135331944,0.153592818517064,5140.853738283438,1.0025654003400003e-13,0.0909,0.1786,0.9736,0.0454,0.0334,0.0049,1.3490246355753616e-15,0.0051406577046292,0.0134557270290583,0.0565528900399252,0.0444,2.0472972972972974,-30.482198429510984,0.925766670122798,10000,9.945241984457922e-14,1.2009156528180766e-15,9.889579746522061e-14,0.09150633415150429,0.004472135774535402,0.09339335509618135
738,11.47272466204024,0.4059590456213732,162.09587444453203,3.023765605947831e-14,0.0786,0.1829,0.8459,0.0286,0.0,0.0,1.2060386483602074e-16,0.0045655545587412,0.003988532199678,0.0580859358618477,0.0483,1.6273291925465838,-31.33236823985005,1.2530611764600017,10000,2.966106016746616e-14,8.619469055628578e-16,2.865208961850083e-14,0.07744657550236167,0.004035866364183805,0.07332301632697064
739,8.271323432914574,0.6192911699123121,7644.87810465488,1.4585973986659998e-13,0.5569,1.4719,0.8514,0.2282,0.2732,0.0121,1.8769226549201496e-15,0.0169565619009028,0.0128679967250506,0.0304481269543954,0.1668,3.33872901678657,-30.22662430398044,1.1035567583488162,10000,1.4298182985646993e-13,1.300340025932308e-15,1.4189981299183503e-13,0.5515896646372751,0.007741649010402363,0.5501912621921353
740,10.563351794388057,0.0035221898904104,462.5595764305296,6.422301371945e-14,0.1124,0.2694,0.9005,0.1056,0.0017,0.0001,3.528297952282425e-16,0.005416600221153,0.0054938218372861,0.0481903934266288,0.0636,1.7672955974842768,-30.508316944346983,0.6585036971355221,10000,6.40528676412113e-14,8.978120531391327e-16,6.377346311636749e-14,0.11391031563325199,0.004631575647613174,0.11801759990401478
741,5.944892911317711,0.6930474248208282,2058.2275392493566,7.393257129581999e-14,0.3606,0.6505,0.8801,0.1535,0.0502,0.002,7.738348266047346e-16,0.0128184708651044,0.010466764688982,0.0355476174850373,0.1264,2.8528481012658227,-30.587609617940725,0.7727389386751469,10000,7.371593072114387e-14,1.0117832289728428e-15,7.346581055763865e-14,0.34999098251834626,0.007279183698466076,0.3449415651885404
742,13.658750790844875,0.2902353273503903,457.0066265449967,6.450548933825079e-14,0.1607,0.3244,0.855,0.1308,0.0023,0.0001,3.551368683709291e-16,0.0070151601725993,0.0055055294055468,0.0436537658531387,0.0862,1.8642691415313224,-30.53627836456864,0.849309391827804,10000,6.423710748669414e-14,8.905473837694298e-16,6.383634296203706e-14,0.1617159732424016,0.005465947631098979,0.16328579037480698
743,11.941898515589282,0.1935084592664658,38.96629205006996,4.905624902000001e-18,0.0011,0.0108,0.0,0.0,0.0,0.0,1.1466416961334893e-18,0.0007279642801671,0.2337401898922212,0.6617857092428905,0.0005,2.2,-36.25196461345822,1.6618253136840149,10000,1.4518438370021113e-18,8.58826936943759e-16,-4.8020081427674476e-18,0.0010927003396545257,0.0007254100980828159,5.793828958899905e-05
744,7.467122468779757,0.2160900693560392,14.740186248964433,6.082714999999999e-19,0.0,0.0013,0.0,0.0,0.0,0.0,3.6728249936033225e-19,0.0,0.6038134276557956,,0.0,0.0,-35.16252900597176,1.2525664922763204,10000,9.179890386416961e-20,8.558459578272897e-16,-8.057940531311184e-19,0.0,1e-15,-0.00016179430299725905
745,1.4864881724917591,0.6840696470747792,158.2558154484098,7.449095915793e-14,0.0202,0.0516,0.9766,0.0213,0.0,0.0004,1.0642358887481767e-16,0.0018437830549159,0.0014286779238429,0.0912763888572275,0.0148,1.364864864864865,-30.256077062104797,0.3558835847600309,10000,7.438736906550544e-14,8.71966245877137e-16,7.417600666624996e-14,0.02034612236779561,0.0018080656062425637,0.02400840510810709
746,8.257895454467407,0.4645493194307807,180.88654473885936,5.855964533743145e-14,0.0913,0.1802,0.8863,0.0509,0.0,0.0004,1.7220149509481602e-16,0.0052363320098415,0.0029406171110251,0.0573530340617918,0.0504,1.8115079365079363,-30.62335867008081,1.08280915759165,10000,5.867665513784476e-14,8.606720131015879e-16,5.88630381154352e-14,0.08931268313075606,0.004474395620900271,0.08393536918007095
747,11.966100779739566,0.3031611900889891,1245.9221344699915,6.63395324594125e-14,0.3362,0.6316,0.8441,0.1634,0.0391,0.0016,5.950542901148667e-16,0.0114021908857771,0.0089698294222819,0.0339149044788136,0.1431,2.3494060097833684,-30.61756729424933,0.7396298824715719,10000,6.66567427840094e-14,9.463506484350875e-16,6.704206928309428e-14,0.33406476047315803,0.006892609628238766,0.33283519950010426
748,12.71906473461301,0.4241080855467773,25.08858728302729,2.57184912e-18,0.0,0.0051,0.0,0.0,0.0,0.0,7.991642339275638e-19,0.0,0.3107352712540009,,0.0,0.0,-35.73753912856404,1.59791028450177,10000,0.0,8.54562990467845e-16,-1.5222856581964223e-16,0.0,1e-15,-0.0005576778735907062
749,6.668815111489299,0.4006855282105302,86.95793805419116,6.742746480877401e-17,0.0153,0.0862,0.0,0.0,0.0,0.0,6.723026075637554e-18,0.0018457875536391,0.0997075315630541,0.1206397093881818,0.0104,1.4711538461538465,-35.63532287798825,2.0391363618588523,10000,0.0,8.546255847112258e-16,-1.123215867064487e-15,0.015501777975877595,0.001804958126664592,0.019911925918907225
750,14.91101688076126,0.3216397984142728,81.51588802892084,3.02815519659766e-17,0.0067,0.0433,0.0,0.0001,0.0,0.0,4.374855606382361e-18,0.001313652757907,0.1444726350649997,0.1960675758070244,0.0041,1.6341463414634143,-35.95022313021566,2.2817236159253698,10000,0.0,8.660992677339357e-16,-7.697417039713012e-17,0.006631650134546055,0.0012994805468802097,0.003515071755227417
751,10.393183151402813,0.2039491054414948,6352.666255332214,1.3216181636518998e-13,0.4463,1.0969,0.8635,0.2058,0.2215,0.0125,1.709083737436866e-15,0.0140922492934596,0.012931751276135,0.0315757322282314,0.152,2.936184210526316,-30.291850299096392,1.0661748838521827,10000,1.304570317195608e-13,1.2688930428051184e-15,1.297040204486058e-13,0.43969011218243437,0.0073898142222558645,0.437183122665768
752,9.158175222619167,0.3654962861086803,70.77543749835415,3.2084699733020997e-17,0.0088,0.0453,0.0,0.0,0.0,0.0,4.182717820852782e-18,0.0014396052397531,0.1303648734648435,0.1635915045173997,0.0055,1.6,-35.80315904433203,2.1532662482035785,10000,7.994484096514845e-17,8.50516688863354e-16,1.5723427479793763e-16,0.008780996284680619,0.0014199547421619456,0.00809910559924129
753,12.886661743866286,0.3473407847429946,351.5819545426213,7.1381757281387e-14,0.1422,0.2803,0.8572,0.1127,0.0001,0.0004,2.8468223991210977e-16,0.0071290250595596,0.0039881651945032,0.0501337908548501,0.073,1.947945205479452,-30.41193914700353,0.8666209626653825,10000,7.086447966701298e-14,8.835309218639998e-16,6.999884390468426e-14,0.13869050447293998,0.005502836659885615,0.13351706091328674
754,7.8090551546158276,0.6364900334547408,5927.560313356304,1.2521469471502e-13,0.486,1.1957,0.855,0.2075,0.2109,0.0097,1.6023030945951594e-15,0.0156896467934001,0.0127964461219339,0.0322832238547327,0.1546,3.14359637774903,-30.32077341711104,1.041494255774692,10000,1.2586824108827627e-13,1.2439882402771164e-15,1.2618574972571658e-13,0.5036891435941071,0.007604136940066639,0.5091198861589379
755,8.577485404606843,0.4294492908718696,38.281120921609485,7.125245975e-18,0.0007,0.0129,0.0,0.0,0.0,0.0,1.3192607304093373e-18,0.0004358554771936,0.1851530087576151,0.6226506817052072,0.0004,1.75,-35.98048722493936,1.7860653720576338,10000,0.0,8.510609923742628e-16,-1.3275959186091527e-16,0.0006983937429540773,0.00043530050748261096,6.884670161291795e-05
756,8.077247973895144,0.6501276311474566,550.4807087094774,6.166755452694308e-14,0.2075,0.3511,0.8684,0.124,0.0085,0.001,3.940540633352175e-16,0.0080044226573943,0.0063899738907767,0.0385755308790088,0.1019,2.0363101079489696,-30.588362605824862,0.7379517014994027,10000,6.171315131144043e-14,9.04106168285361e-16,6.178399506251176e-14,0.205072410354884,0.00591673538703946,0.20214826630622873
757,13.388950566260302,0.4560478671954614,430.8390801550005,6.52270351953362e-14,0.1671,0.3424,0.8364,0.1354,0.0014,0.0001,3.395432710798097e-16,0.0069023563550663,0.00520556039475,0.0413067406048257,0.094,1.7776595744680852,-30.538860285962496,0.9350853831136414,10000,6.517889504382756e-14,8.876158296875585e-16,6.510622326464657e-14,0.17185346284048805,0.005404365647657559,0.1793843829948257
758,7.226555497994749,0.1133829992420146,5557.604268263312,1.1103439006561002e-13,0.311,0.6728,0.9026,0.1492,0.1348,0.008,1.4433653834646154e-15,0.0116533892129292,0.0129992643055159,0.0374707048647241,0.1161,2.678725236864772,-30.402646915418032,0.9799182280186708,10000,1.1281668526742981e-13,1.2005892383416321e-15,1.1380331504402272e-13,0.3023266223105554,0.00698551962811957,0.29746202948501416
759,14.269981486441887,0.4611318385843017,4352.143480293521,1.0768194733358999e-13,0.6471,1.5585,0.7931,0.2819,0.1743,0.0057,1.2814101124703828e-15,0.017640501062265,0.0118999530023419,0.0272608577689151,0.2018,3.2066402378592667,-30.38110169539996,0.9707967805416876,10000,1.075971337822008e-13,1.1805406769462687e-15,1.0753454747464864e-13,0.6599713933576576,0.007930460931776316,0.6632316690891699
760,2.1627445901956968,0.1711788846935433,245.08794633410463,8.9190626964e-14,0.0287,0.0634,0.979,0.0267,0.0,0.0001,1.64582966751525e-16,0.0025861747485394,0.0018452944255897,0.0901106184160081,0.0181,1.5856353591160222,-30.07997198304796,0.3544102373235159,10000,8.993594697903157e-14,8.694231550696755e-16,9.128773077326158e-14,0.028823721018257586,0.0024799937196377147,0.030238270327071284
761,7.0134314081842914,0.4726379655455678,704.3894360763305,6.1538527608663e-14,0.1865,0.3357,0.8962,0.1056,0.0144,0.0006,4.441023037939821e-16,0.0079748438739251,0.0072166546885574,0.042760556964746,0.0884,2.1097285067873304,-30.60815063822785,0.67389651383724,10000,6.17405216094955e-14,9.091248195723319e-16,6.202214361073606e-14,0.189052211530887,0.005858359598552297,0.19204400016144818
762,4.72504506492321,0.3701767018368625,12.519887029764371,3.854293e-20,0.0,0.001,0.0,0.0,0.0,0.0,3.037609642396135e-20,0.0,0.7881107228734648,,0.0,0.0,-37.23906775853816,1.56342658431723,10000,0.0,8.532141261626453e-16,-6.21119865484513e-17,0.0,1e-15,-0.0003915308121722749
763,2.2759384255946533,0.0480797005840055,3472.0312950827088,7.78325579999e-14,0.0988,0.2035,0.9696,0.0445,0.0249,0.0006,9.58128056025834e-16,0.0056415457725582,0.0123101190638892,0.0571006657141528,0.047,2.102127659574468,-30.602920960631764,0.7958282934958234,10000,7.779806520235765e-14,1.1067641164475224e-15,7.775508763508272e-14,0.0990580889959022,0.004805731992544325,0.09974070413193806
764,1.5449684612940042,0.5173897733734687,343.08501501366004,6.9388061098833e-14,0.0298,0.0689,0.9782,0.028,0.0002,0.0003,2.7933218812104213e-16,0.002547909963974,0.0040256520170404,0.0855003343615466,0.0198,1.505050505050505,-30.36521910080034,0.3948960211564394,10000,6.94793469514935e-14,8.89825688323252e-16,6.964718376155547e-14,0.02971557510159337,0.002448373871024954,0.028697925359298854
765,2.324964446225557,0.3230600417954457,346.66791587474955,6.967658879709002e-14,0.0392,0.0804,0.972,0.0349,0.0,0.0,2.833879529486549e-16,0.0030801436214035,0.004067190398398,0.078575092382743,0.0228,1.719298245614035,-30.3614827245676,0.3916224841878231,10000,6.979672660461713e-14,8.740285995875117e-16,6.997559996510135e-14,0.03900104234046003,0.002902129291915329,0.037427519714347976
766,3.249287998180745,0.4336595689589981,15.069618311238989,7.9297332e-19,0.0,0.0015,0.0,0.0,0.0,0.0,4.480654007738014e-19,0.0,0.56504473665495,,0.0,0.0,-35.58302691701053,1.4084802565036836,10000,0.0,8.550257552460865e-16,-1.1754939121699605e-16,0.0,1e-15,-0.0005135406029723177
767,3.5689393048878784,0.0534465679110419,21.43028316268112,2.40456735e-18,0.0,0.0049,0.0,0.0,0.0,0.0,7.99014828437041e-19,0.0,0.332290475638805,,0.0,0.0,-35.823636266948085,1.7338578004097278,10000,5.70982599273842e-17,8.619129417265123e-16,1.6043863474625515e-16,0.0,1e-15,0.0003642103939568986
768,5.354596060055275,0.1398484996220151,125.01340135013736,4.2495233092876667e-14,0.0283,0.0873,0.9434,0.0274,0.0,0.0001,8.649629141677087e-17,0.0025397944908211,0.0020354351564027,0.0897453883682392,0.0188,1.50531914893617,-30.856181906394564,0.6865893681611904,10000,4.279081253292665e-14,8.600046783128149e-16,4.331353300292307e-14,0.028711841450888752,0.0024372798743711533,0.03350675673968044
769,13.017309257733348,0.2143875216559809,4407.616090521953,1.0743625485421041e-13,0.5078,1.1912,0.8259,0.2383,0.152,0.0068,1.2962084852921328e-15,0.0151214014455726,0.0120649075775311,0.0297782620038847,0.177,2.8689265536723165,-30.391051465414574,0.979529334628234,10000,1.0615629503699639e-13,1.167873062815404e-15,1.0530752009477632e-13,0.4916514257005242,0.007533874407993055,0.48631928829925697
770,10.977379912104976,0.3672299197980545,7034.457871662659,1.3532183480757e-13,0.5319,1.2991,0.8511,0.2235,0.2672,0.0124,1.7549320644559381e-15,0.0169075966855898,0.012968580177408,0.0317871718097195,0.1642,3.239342265529842,-30.27330057057789,1.0673378356774872,10000,1.3747144896795034e-13,1.2634554966889556e-15,1.3832628160555314e-13,0.5387603741648898,0.007710559513197439,0.540561798914651
771,1.1476467421728431,0.3125023437788347,484.64647014653104,6.0961818927031e-14,0.0297,0.0489,0.9854,0.0192,0.0011,0.0003,3.4525846878688644e-16,0.002549988479214,0.0056635198040948,0.0858581979533352,0.0179,1.659217877094972,-30.531449447703952,0.4354330991847396,10000,6.106062983090221e-14,9.00374020846811e-16,6.123197209829652e-14,0.029579299971507638,0.0024491321911412514,0.02814336350230233
772,4.6477043201048165,0.5517100978417366,325.8422699151645,7.281379917833e-14,0.0835,0.16,0.9336,0.0672,0.0001,0.0004,2.5903795746140995e-16,0.0049371259373497,0.0035575393728185,0.0591272567347281,0.0456,1.831140350877193,-30.327040664948367,0.52589041291033,10000,7.274566165719797e-14,8.740108317576411e-16,7.263784928773643e-14,0.08210113854301171,0.004289759088607635,0.07779155855785815
773,7.59008704123264,0.0573847901931513,86.66945068095518,5.51242285805e-17,0.0131,0.0748,0.0,0.0001,0.0,0.0,6.2315407774075786e-18,0.0019629631485161,0.1130454055843597,0.1498445151539008,0.0081,1.617283950617284,-35.68555644592932,1.8617590512486488,10000,1.202832591116606e-16,8.59461587522119e-16,2.392805956886457e-16,0.013201589991843,0.0019154977056109385,0.015226367218914488
774,7.062902779892649,0.0242292039171447,8984.09924478187,1.3122776793835e-13,0.3073,0.7663,0.9123,0.1382,0.1893,0.0109,1.822089104699618e-15,0.0114891196785088,0.0138849355843316,0.0373873077725636,0.1098,2.79872495446266,-30.330628566229365,1.0552324105447404,10000,1.3337513307144573e-13,1.3176933594889498e-15,1.343211498081773e-13,0.30160658372843013,0.007138378808646915,0.298026819982895
775,4.098797055731285,0.6691024855165071,1673.4154121439424,6.844845661169999e-14,0.2276,0.401,0.9194,0.1044,0.0302,0.0016,6.990615803844279e-16,0.0094418609857319,0.0102129633740337,0.041484450728172,0.0913,2.492880613362541,-30.62859905420556,0.7226903664122825,10000,6.812031296528896e-14,9.837335603852533e-16,6.773117503189717e-14,0.22345612697164655,0.006447858656215378,0.2198347887477204
776,8.983979353757906,0.6493676007976297,39.887711812402,7.377318025700001e-18,0.0017,0.017,0.0,0.0,0.0,0.0,1.2739394898988414e-18,0.0007935829996904,0.1726832821170079,0.4668135292296938,0.0007,2.4285714285714284,-35.92716115613641,1.5872328835844496,10000,0.0,8.604003517244994e-16,-9.45829971067275e-17,0.0016945271253299633,0.000790370254012488,0.001022699329027904
777,13.36315047073672,0.4588141775653823,1957.5949630705084,7.689425249883e-14,0.4857,0.9838,0.7959,0.2358,0.0698,0.0018,7.64827934560188e-16,0.0143652423237027,0.0099464902734027,0.0295763687949408,0.1833,2.6497545008183305,-30.548131261071667,0.8189890773939342,10000,7.67403591992127e-14,1.0019555240610909e-15,7.657156301852201e-14,0.49105483754872914,0.007458974963778428,0.49303145458844644
778,6.325335001972147,0.2437447778040594,12.831089287920673,2.1163993e-19,0.0,0.0008,0.0,0.0,0.0,0.0,1.3540723080341335e-19,0.0,0.6398000169600008,,0.0,0.0,-36.3719010024007,1.851339864586098,10000,0.0,8.51421787278196e-16,-4.980152081713512e-17,0.0,1e-15,-0.00036759623133081343
779,1.939217331674004,0.4603350520537562,24.4265268528465,4.492274363e-18,0.0,0.008,0.0,0.0,0.0,0.0,1.0605791927273937e-18,0.0,0.2360895855922577,,0.0,0.0,-35.37446625220072,1.5994787692799208,10000,0.0,8.545106213874438e-16,-8.025755098745574e-17,0.0,1e-15,0.00032825452747575756
780,7.867743688510957,0.1549010688575157,5327.754912728985,1.1155302925253037e-13,0.3131,0.7375,0.897,0.1534,0.1366,0.0087,1.4375416925185069e-15,0.0116824863384771,0.0128866217452889,0.0373123166351872,0.1152,2.7178819444444446,-30.39882425036404,0.9958213506530836,10000,1.115844242426836e-13,1.1927545299138953e-15,1.1160135673386582e-13,0.32123946490400007,0.006964108021612559,0.32572624278362805
781,6.167978106958594,0.3547955855312438,10.811033259770037,3.8043919999999996e-20,0.0,0.0009,0.0,0.0,0.0,0.0,2.338826961151777e-20,0.0,0.6147702342849468,,0.0,0.0,-36.69342074925998,0.5539223660779936,10000,0.0,8.536815030611354e-16,-1.6412040085152084e-16,0.0,1e-15,1.5542509460009235e-05
782,10.829282887196188,0.4877434192408814,3596.020364562181,9.271263428513999e-14,0.5214,1.1211,0.8335,0.2251,0.1113,0.0042,1.0921593357013365e-15,0.0159122444662088,0.0117800485783024,0.0305183054587819,0.1708,3.052693208430913,-30.47388964988294,0.8920397739774109,10000,9.261599944855397e-14,1.0983510382714496e-15,9.25418876238516e-14,0.528597789323226,0.0075928436113485475,0.5307198319677405
783,11.3037782726064,0.4475070652206084,7116.930743931347,1.39844544350943e-13,0.5759,1.5148,0.8361,0.2434,0.2802,0.011,1.7899587413910764e-15,0.0172340831018663,0.012799632260942,0.0299254785585455,0.1749,3.292738707833048,-30.252233502633302,1.1020737396603657,10000,1.4091932904867833e-13,1.2738125685884594e-15,1.4133926128522742e-13,0.5993016067288456,0.007752290238306743,0.6052378547255005
784,9.136476100768848,0.3287441391183328,1596.4212924173958,7.02247530876077e-14,0.3317,0.5849,0.867,0.1592,0.0415,0.0019,6.853190334967983e-16,0.0116782339895598,0.0097589383139851,0.0352072173336143,0.133,2.493984962406015,-30.60050887480171,0.7592967319032023,10000,6.975132250870033e-14,9.732317748295651e-16,6.921520095459258e-14,0.3181511980277315,0.006945057239964989,0.310737354823409
785,13.4432417617552,0.1719718474593136,26.242105571550464,1.270158989e-18,0.0,0.0049,0.0,0.0,0.0,0.0,4.680458964206881e-19,0.0,0.3684939448321992,,0.0,0.0,-36.502825105924224,1.613439494741538,10000,0.0,8.575938810117371e-16,-8.670461492496707e-17,0.0,1e-15,-0.0006657556078952798
786,14.524101808564666,0.6107966062068502,1319.2849012593713,6.996955708334212e-14,0.517,0.9618,0.7658,0.2234,0.0561,0.0025,6.335795997957513e-16,0.014119880916768,0.0090550751813546,0.0273111816571915,0.2039,2.535556645414419,-30.614989137546537,0.9285640355869552,10000,6.98058739736046e-14,9.901335209236533e-16,6.954156317240522e-14,0.5212199608020214,0.0076961340207948445,0.5230035294008829
787,4.331517002374364,0.2298437639075326,1888.979872107624,6.917277280917e-14,0.1698,0.3108,0.9372,0.0827,0.0277,0.0011,7.128019698281042e-16,0.0078513030954122,0.0103046609363852,0.046238534130814,0.0742,2.288409703504043,-30.62387082219588,0.7247686887291963,10000,6.869892072975333e-14,9.813992142514715e-16,6.817563027146863e-14,0.17067690378740075,0.005813397966807864,0.1717411153106344
788,3.1964580029876952,0.0832135665109624,16.124021383407975,1.110599232e-18,0.0,0.0022,0.0,0.0,0.0,0.0,5.320556417896719e-19,0.0,0.4790707813038285,,0.0,0.0,-36.200470645114,2.242513661225438,10000,5.4080625503563954e-18,8.598936811239849e-16,1.3304858470385641e-17,0.0,1e-15,-0.0005300973498880424
789,5.55075996861396,0.6526955955037003,1717.7387527121623,7.116213325574999e-14,0.2765,0.5185,0.8976,0.1259,0.0386,0.002,7.145229137793989e-16,0.0102369553347395,0.010040774230467,0.0370233465994197,0.1135,2.436123348017621,-30.596162565668735,0.7388989909659088,10000,7.033880267666477e-14,9.858528543320457e-16,6.939825784982394e-14,0.28372554493919433,0.0066319718407168325,0.28895149445039026
790,7.883685872651992,0.629380780769124,9940.060752780651,1.497244302273e-13,0.5222,1.5072,0.8638,0.2138,0.3148,0.0121,2.007497843215908e-15,0.0160809382704357,0.0134079511284048,0.0307945964581305,0.1567,3.3324824505424377,-30.231207091270218,1.1102269148072712,10000,1.4966743461414097e-13,1.429198224484269e-15,1.4963979593303201e-13,0.542103346298555,0.008202075788328895,0.549101887819673
791,3.3123253730112188,0.0786963112847871,11.007789525584464,3.0645749999999996e-19,0.0,0.0004,0.0,0.0,0.0,0.0,2.748889694789397e-19,0.0,0.8969888793028062,,0.0,0.0,-35.42619546682075,1.6532902568110142,10000,5.127049266778599e-17,8.735739227982825e-16,1.6449978540268455e-16,0.0,1e-15,0.001505563659877418
792,13.703860359847964,0.315652344283811,8048.823929105629,1.536474309116644e-13,0.6446,1.8528,0.812,0.2687,0.3548,0.013,1.9472452142536574e-15,0.0177595220673982,0.0126734641946156,0.0275512287735002,0.1965,3.280407124681934,-30.1824635426742,1.1387377367775884,10000,1.5149042681048198e-13,1.331564830654095e-15,1.506736358089816e-13,0.6432307111925588,0.007971552454789867,0.6428852252829554
793,5.986857312880716,0.6772044223149342,2463.3432309443297,7.550729458e-14,0.3582,0.6823,0.8839,0.1559,0.0555,0.0032,8.24005972814499e-16,0.0128236391313876,0.0109129320206468,0.0358002209139801,0.1263,2.836104513064133,-30.5858445701113,0.7780392038673328,10000,7.586529156137354e-14,1.0303557039177572e-15,7.6267699985758e-14,0.36128491290816667,0.0072654420811692185,0.3627433005781266
794,1.6239277277861857,0.2053293119466708,356.3735795762526,6.852356260856e-14,0.0275,0.0549,0.9822,0.0227,0.0003,0.0001,2.929413133650666e-16,0.0025719713263662,0.0042750449949383,0.0935262300496832,0.0169,1.6272189349112427,-30.37977499756516,0.3805887195653022,10000,6.858808256866733e-14,8.780522071352837e-16,6.868665786849675e-14,0.027527472008565184,0.0024671424420889994,0.027844023041593932
795,13.238218987415834,0.0462059797117138,274.10075977548195,9.463746450937102e-14,0.0987,0.2437,0.8782,0.0858,0.0,0.0001,2.6546757547603924e-16,0.0053533818161688,0.0028051002512831,0.0542389241759758,0.0542,1.8210332103321036,-30.11158328076997,0.9510378594871144,10000,9.377200932745147e-14,8.825996292908217e-16,9.226764090460864e-14,0.09755491887720666,0.0045891223753829185,0.09438126954695047
796,13.490351337715254,0.0895664643226075,18.399911508800795,1.9583495700000007e-18,0.0,0.0019,0.0,0.0,0.0,0.0,9.000403128539872e-19,0.0,0.4595912428719184,,0.0,0.0,-35.44147761469393,2.0717856201989773,10000,3.6587956873571944e-17,8.61288032506005e-16,1.0145664378090036e-16,0.0,1e-15,0.0002125508975361068
797,6.49960996403067,0.418432371281275,335.72070818082966,7.205725131087066e-14,0.087,0.174,0.9251,0.0705,0.0005,0.0001,2.7175548223624207e-16,0.0050304702129181,0.0037713828558881,0.057821496700208,0.0475,1.831578947368421,-30.35908340493373,0.7018749282011507,10000,7.19002764915901e-14,8.734828850977765e-16,7.166120121264437e-14,0.08781961307721645,0.004344595740075525,0.0902255744586947
798,4.195778232713496,0.6911374191735346,36.60031011166148,1.4867077014900002e-17,0.0018,0.0207,0.0,0.0,0.0,0.0,2.096111354902852e-18,0.0005654272462457,0.1409901457295269,0.3141262479143191,0.0013,1.3846153846153846,-35.37918603505826,1.75760788973085,10000,6.090214400651019e-17,8.706630442516782e-16,1.590997069974398e-16,0.0017975569179400463,0.0005643087764633139,0.0011818551056767268
799,7.092898081412919,0.4988088345833816,137.68590666445542,3.3958077877457325e-14,0.0666,0.1418,0.8953,0.0289,0.0,0.0001,1.0369801257050595e-16,0.004671041196841,0.0030537067776543,0.070135753706322,0.0365,1.8246575342465756,-31.15743972234979,1.044638490160365,10000,3.336668437915054e-14,8.568715903952205e-16,3.238151498958848e-14,0.06438898932216988,0.0041073899149152325,0.056850309469953286
800,12.689099845739303,0.2044969402759871,127.20197471288928,1.181575588717776e-16,0.0363,0.1259,0.0,0.0001,0.0,0.0,1.0451578472458332e-17,0.0031399389996769,0.0884545903982342,0.086499696960797,0.0221,1.6425339366515836,-35.68365505225096,2.184728535670998,10000,1.302410707261319e-16,8.535698763193762e-16,1.5058217671839284e-16,0.0360687832248766,0.002951702291969651,0.034311969140790904
801,7.002336279381913,0.6790906394074403,7473.18039538792,1.4034213904759998e-13,0.525,1.3165,0.8652,0.218,0.2538,0.0122,1.831737274351665e-15,0.0168400076777256,0.0130519406842615,0.0320762051004297,0.1528,3.4358638743455496,-30.254754760654357,1.0782866293094713,10000,1.3854625727893373e-13,1.297519195109935e-15,1.378269428483413e-13,0.5027686150250018,0.007848780027644373,0.4965990850952926
802,5.045478477554492,0.5421278744190896,422.0271871152973,6.528397995209998e-14,0.092,0.1778,0.9327,0.0722,0.0012,0.0006,3.3306509974635435e-16,0.0050414424140479,0.0051017891371011,0.0547982871092166,0.0503,1.8290258449304173,-30.469411738258803,0.6041150311000009,10000,6.521854561362434e-14,8.911158555988939e-16,6.511345222472915e-14,0.0927753983237852,0.004355051787718626,0.09505560551645797
803,9.279301852553854,0.1681484485776353,288.4368999178032,8.161131026484742e-14,0.0898,0.1927,0.9111,0.0768,0.0,0.0,2.19549898661721e-16,0.0050711110830627,0.0026901896066762,0.0564711701900081,0.0496,1.810483870967742,-30.21964383742955,0.7054016346124135,10000,8.213554064464418e-14,8.66808028634536e-16,8.296231313818052e-14,0.08945343814723049,0.004372838271952332,0.08844852435694778
804,14.38010881632396,0.4477491957991014,12.218721586343438,2.521854e-20,0.0,0.0003,0.0,0.0,0.0,0.0,2.414107976352429e-20,0.0,0.9572750747475584,,0.0,0.0,-37.50370051615526,2.181607498226889,10000,0.0,8.616354372324374e-16,-2.6800255510484824e-17,0.0,1e-15,0.00014429693045034386
805,5.590998654129779,0.1851562057358875,116.1300805514114,3.4109368072302705e-14,0.0322,0.0922,0.9348,0.0215,0.0,0.0001,7.865107083583263e-17,0.0028420280984485,0.0023058495445917,0.088261742187844,0.0209,1.5406698564593302,-31.09234658025064,0.7977128407686949,10000,3.3781156466190014e-14,8.558866475365387e-16,3.322873153114451e-14,0.03209962581616084,0.0027001183417999417,0.031169166534058587
806,2.8567045064854257,0.5660986510996558,344.94695265443244,6.9929140381467e-14,0.0538,0.1058,0.9605,0.0445,0.0004,0.0001,2.799458509640498e-16,0.0037083596364321,0.0040032788825506,0.0689286177775495,0.0312,1.7243589743589745,-30.361589414629503,0.4426434514565304,10000,6.99407188581847e-14,8.792403900541316e-16,6.995929963471924e-14,0.053613508592265,0.0034127753161598234,0.052581594335829235
807,11.740818846366777,0.6753761834288285,1411.9071284948498,6.935520884478859e-14,0.4853,0.8962,0.7876,0.215,0.0554,0.0012,6.416924729492434e-16,0.0134972815285473,0.0092522606973226,0.0278122430013339,0.1892,2.565010570824524,-30.60914813648506,0.8368910723459644,10000,6.94514999900851e-14,9.755169270875382e-16,6.958243916162434e-14,0.500598773230154,0.007440390800401462,0.5072771353478115
808,2.2329307377369227,0.1522613395469961,1577.1128063818037,6.376492756902e-14,0.097,0.1552,0.9669,0.045,0.0132,0.0007,6.296807988063012e-16,0.0056799935063891,0.0098750335460622,0.0585566340864863,0.0465,2.086021505376344,-30.662544646581424,0.6612277603463097,10000,6.382179075197665e-14,9.702106598736798e-16,6.389866258649645e-14,0.09501671654240405,0.0047651870815120885,0.0903036937295622
809,7.732209427428,0.3847052400136533,5629.70063131274,1.202019955899e-13,0.3978,0.8754,0.8789,0.1814,0.169,0.0101,1.5305986061467209e-15,0.0135422987482014,0.0127335540365631,0.0340429832785355,0.1339,2.970873786407767,-30.34380010305843,1.0164215991743517,10000,1.193302358905698e-13,1.2094453925052885e-15,1.1891273522256925e-13,0.38913867147396214,0.007271488429246919,0.385629889584884
810,12.602936820043432,0.5489314364038524,6498.717333352597,1.429574015699065e-13,0.7279,1.9197,0.7973,0.2957,0.3169,0.0115,1.7618718255178742e-15,0.0195904195323567,0.0123244533418321,0.0269136138650319,0.2072,3.513030888030888,-30.21503308972116,1.110931990476306,10000,1.41995210861006e-13,1.2967931035478044e-15,1.4156171530137774e-13,0.73174713332777,0.008016115186849916,0.732520807933489
811,14.222323675693236,0.382341272291146,239.93083024779656,7.29352527558833e-14,0.1257,0.2501,0.8327,0.0812,0.0,0.0002,2.616684178067709e-16,0.0060855282733248,0.0035876809624912,0.0484131127551701,0.0709,1.772919605077574,-30.46069228774234,1.250922757283972,10000,7.322893355395171e-14,8.744699158757682e-16,7.36933654559654e-14,0.12293269369227117,0.004995606244389821,0.11721456434348881
812,7.257183130048396,0.5918899723947306,20.659782444347385,1.65957038e-18,0.0,0.0035,0.0,0.0,0.0,0.0,6.443556475822311e-19,0.0,0.3882665389474058,,0.0,0.0,-35.833885998791054,1.6687655555064071,10000,1.4914146056046875e-17,8.564312009326762e-16,3.813591021099368e-17,0.0,1e-15,0.00047375669948721
813,8.42227620577573,0.1885344218835752,264.04577416316886,9.088873512284941e-14,0.0771,0.1852,0.9188,0.0669,0.0,0.0001,2.149043657018249e-16,0.0046645187075921,0.0023644774614956,0.0604995941321942,0.0445,1.7325842696629217,-30.118380971617214,0.7750415475448073,10000,9.183637850326243e-14,8.68306059240889e-16,9.337550814519736e-14,0.07845866899827882,0.00410316109975132,0.0831062450949267
814,3.9381108840579646,0.1696149290459566,209.4292074459204,9.516551662820109e-14,0.0487,0.0976,0.9615,0.0364,0.0,0.0001,1.6510837721931671e-16,0.0037648703065102,0.0017349601312455,0.0773073984909699,0.0256,1.90234375,-30.02074649619695,0.4380002125397891,10000,9.571971467167335e-14,8.640576278451116e-16,9.665444205187531e-14,0.04836336793875451,0.0034526654865131303,0.046582482703179356
815,7.97599868201127,0.0251770987777286,48.21602982342007,1.0830012443216209e-17,0.0018,0.0273,0.0,0.0,0.0,0.0,2.0313088755040357e-18,0.0009796795278037,0.1875629308973161,0.5442664043354,0.0007,2.571428571428572,-36.369928257882826,2.109587885280068,10000,6.091572014704275e-17,8.567172895078221e-16,1.4900938661376855e-16,0.001796073128226928,0.0009736954656737199,0.0014775717634327723
816,5.465225536220721,0.0963269107027243,118.76414104303576,3.79303956415081e-14,0.0356,0.091,0.9361,0.0268,0.0,0.0001,8.368262441509311e-17,0.0031199739460037,0.0022062154375083,0.0876397175843757,0.0212,1.679245283018868,-30.97544974064668,0.7119833962109873,10000,3.822022828725134e-14,8.610170115145864e-16,3.87412404681944e-14,0.03498993355682339,0.002937035649569669,0.030240599903460424
817,6.378611317062641,0.4463006113051075,165.35583080680095,5.836856104758788e-14,0.069,0.1409,0.9172,0.0424,0.0,0.0,1.4230287064548883e-16,0.004421069393875,0.0024380054620409,0.0640734694764497,0.0416,1.6586538461538465,-30.578500939654976,0.8711658449613859,10000,5.839341823263409e-14,8.56816283292687e-16,5.843283452959448e-14,0.06861386488223864,0.003934385938136669,0.06714400304401305
818,9.338168900742945,0.2834824964241493,2017.3795176362808,7.285864734449865e-14,0.3364,0.6465,0.8712,0.1555,0.0507,0.0019,7.530153577258679e-16,0.0119990792059298,0.0103352914879873,0.0356690820628117,0.1311,2.565980167810832,-30.591880631481857,0.7770059544482665,10000,7.295693946572287e-14,9.98573997717616e-16,7.306620088232027e-14,0.33222207719364216,0.007010910855579978,0.33005643696979503
819,9.315055528576968,0.0320725269476614,195.40928715041107,7.219162571964618e-14,0.0687,0.1606,0.9138,0.0535,0.0,0.0004,1.7440658660241122e-16,0.0046840393916471,0.0024158839043147,0.0681810682918072,0.0368,1.8668478260869563,-30.35640519960518,0.8244548872893452,10000,7.227151071489233e-14,8.718411139070036e-16,7.24186184877754e-14,0.06823792968281404,0.004139861544653629,0.06658871108971048
820,1.3278521193229174,0.2792164426070655,507.9479171638201,6.0410725355003e-14,0.0319,0.0571,0.9819,0.0243,0.0019,0.0004,3.536572334509271e-16,0.0027765103819345,0.0058542126645999,0.0870379430073513,0.0191,1.6701570680628273,-30.545170158299005,0.4328616232898225,10000,6.048308200942319e-14,9.009711513323538e-16,6.06062280536785e-14,0.031984968357751054,0.0026473150318666056,0.032834766722323286
821,9.030472100462516,0.306496522272436,6060.828104968151,1.2481390294536e-13,0.4045,0.955,0.8771,0.1792,0.1926,0.0109,1.6134307851365565e-15,0.0135087461898712,0.0129266912344121,0.0333961586894222,0.1382,2.9269175108538352,-30.33075895298951,1.0407904597779791,10000,1.2563611034630955e-13,1.2313120460272936e-15,1.2600521485527095e-13,0.413903472930111,0.007271977021526456,0.41774030636699866
822,7.124277218709918,0.1518563870727913,5405.268536296523,1.1019800363358999e-13,0.3038,0.6553,0.9069,0.1396,0.1236,0.0101,1.449781398232331e-15,0.0112793296931968,0.0131561493895377,0.0371274841777382,0.1117,2.719785138764548,-30.41202162062508,0.976355418035978,10000,1.1109902494088755e-13,1.200159268944609e-15,1.1158966587812386e-13,0.30121927121507375,0.006882288328930781,0.2996885609179944
823,4.272839813196699,0.6736584166567913,2209.386944012264,7.248182490021e-14,0.2758,0.4857,0.9141,0.1166,0.0381,0.002,7.905067146357334e-16,0.0109153722123917,0.010906274996857,0.0395771291239729,0.0989,2.788675429726997,-30.609818057496284,0.754720209375948,10000,7.246553991353629e-14,1.0155914885004538e-15,7.24472596572101e-14,0.2642620508725593,0.006883347368111362,0.25664448825162234
824,7.563915676910974,0.1187574482921419,71.65781067092404,4.1549906475763495e-17,0.0091,0.0581,0.0,0.0,0.0,0.0,5.0132326706449465e-18,0.0017326336029063,0.1206556908514154,0.1903992970226743,0.0058,1.5689655172413792,-35.727164757391165,2.0765414319734803,10000,0.0,8.572141699182335e-16,-3.534653531905975e-16,0.009101831458480841,0.0016988868363585498,0.009147477931144649
825,12.059529789109307,0.4838665965460475,9991.114811188638,1.6679722511591e-13,0.7746,2.1911,0.8152,0.2957,0.4215,0.0115,2.136987889494976e-15,0.0221225772649229,0.0128118911331405,0.0285600016330014,0.2015,3.844168734491315,-30.13625128810856,1.1658512220165738,10000,1.6684423564301648e-13,1.4601410620883362e-15,1.6686497138538223e-13,0.7279841619229517,0.008696520996165852,0.7194638360432821
826,5.896515086929584,0.161026066298031,957.171355185482,6.407794629106801e-14,0.1728,0.3046,0.919,0.096,0.0211,0.0011,5.32758778828755e-16,0.0074766039055573,0.0083142299287924,0.0432673837127163,0.0826,2.0920096852300243,-30.60558394757126,0.6475648377001733,10000,6.374573959468216e-14,9.353199166899866e-16,6.32939486509606e-14,0.1694243600476729,0.005660347126344715,0.16489151973049998
827,2.21114149180958,0.2594173166025179,31.865694555627176,9.867397396000001e-18,0.0007,0.0148,0.0,0.0,0.0,0.0,1.800481144254253e-18,0.0002644957387172,0.1824676834221882,0.3778510553103468,0.0007,1.0,-35.5693991215839,1.794009207834436,10000,0.0,8.542894681210971e-16,-1.6533529711436387e-16,0.0006996586366763285,0.00026437431167689013,0.0003281311215256877
828,1.1977198474015234,0.0525544400297417,87.99439068758173,4.051686196487e-14,0.0052,0.0215,0.9879,0.01,0.0,0.0002,4.101943836966517e-17,0.0009150845523632,0.0010124041295505,0.1759777985313887,0.004,1.3,-30.849570549796105,0.2360505515209073,10000,4.0374650507419106e-14,8.692638168401072e-16,4.007991477057739e-14,0.00523573254945022,0.0009106949381243047,0.008933462309409779
829,9.093841420222818,0.4376816169741406,13.765204902806106,6.0361559e-19,0.0,0.0009,0.0,0.0,0.0,0.0,3.44383825508604e-19,0.0,0.5705350080646591,,0.0,0.0,-35.755085647887434,2.108073429858498,10000,0.0,8.523356565880017e-16,-3.627961450195182e-17,0.0,1e-15,-8.146354037247283e-05
830,6.535048436741869,0.4641456688983782,5887.055251870429,1.2213379649269998e-13,0.3424,0.7775,0.8999,0.1546,0.1578,0.0084,1.587160764797715e-15,0.0123527925242964,0.0129952626576426,0.036077080970492,0.1185,2.889451476793249,-30.34709606316328,1.0243392870706896,10000,1.2080753788803466e-13,1.2287457740441706e-15,1.2018782688325364e-13,0.35231991107506455,0.007080161784697852,0.35717310846593103
831,4.594049174890928,0.1895209557352661,2903.7265605054126,7.608252118290001e-14,0.1987,0.3915,0.9376,0.0872,0.0355,0.0006,8.8306830582244e-16,0.0090559390459079,0.011606717181461,0.0455759388319474,0.0805,2.46832298136646,-30.600755360220923,0.7864264015830156,10000,7.572511451826408e-14,1.0329630666403396e-15,7.539091069926291e-14,0.19832185725393486,0.006257779230856683,0.19797628164633602
832,4.233512304210123,0.1991678541520378,7986.584638423859,1.1958376586019999e-13,0.1969,0.4651,0.9453,0.0947,0.1135,0.0091,1.6479051830964156e-15,0.0089409749526162,0.0137803419322227,0.0454087097644296,0.0729,2.700960219478738,-30.387187329127805,1.012473500544681,10000,1.2300642916516812e-13,1.2501354886558625e-15,1.245700252802609e-13,0.2003099252891753,0.006256521987280814,0.20358169667942172
833,8.63001306630834,0.6631175236956,7221.608989879705,1.41892082384e-13,0.6006,1.561,0.8435,0.2398,0.2785,0.0115,1.8217037518496478e-15,0.0175891700170925,0.0128386568245548,0.0292859973644565,0.1767,3.398981324278438,-30.241130647711767,1.0875762024186215,10000,1.4113296718474378e-13,1.2890546536199926e-15,1.4083399158370748e-13,0.5980585795449013,0.007853620136575389,0.5974257436831926
834,4.108462034815174,0.0654130631045053,9108.473596087371,1.301740305223089e-13,0.1998,0.4897,0.9448,0.0918,0.1339,0.0099,1.854792057484718e-15,0.0088496230192454,0.0142485567208956,0.0442924075037307,0.0759,2.632411067193676,-30.350752190598207,1.0560848432797807,10000,1.2862386413545655e-13,1.306225384753168e-15,1.28005568779421e-13,0.1956643333146041,0.006334491280886975,0.19131904284564502
835,9.996835632540623,0.1712945026741488,59.17331153933663,1.7504035673e-17,0.0043,0.0288,0.0,0.0,0.0,0.0,2.5728461955816527e-18,0.0013886482039679,0.1469858862062462,0.3229414427832463,0.0021,2.0476190476190474,-35.82870573391335,1.7047026861355592,10000,0.0,8.548762596208614e-16,-1.1922338595334528e-16,0.004269423940213703,0.0013710342414170503,0.0030870306895757482
836,11.971030790349346,0.4449002518745532,136.48181831936063,1.9715758172070199e-16,0.0515,0.1551,0.0026,0.0002,0.0,0.0,1.5385846993732753e-17,0.0039807486275779,0.0780383227439292,0.0772960898558821,0.0302,1.705298013245033,-35.523906590987785,2.4036662917811644,10000,8.090681351829322e-16,8.527935826673638e-16,1.82751870534686e-15,0.051533955642460355,0.003614849362945906,0.051693605616699737
837,12.186748856573743,0.2720109240632332,2050.248459272187,7.601983154819999e-14,0.3781,0.7964,0.8309,0.1974,0.0685,0.0019,7.932909919126022e-16,0.0118620449253482,0.0104353163609632,0.0313727715560653,0.1548,2.4425064599483206,-30.57123361854911,0.8219607823256689,10000,7.58774826029175e-14,1.0086121867661874e-15,7.572823496332541e-14,0.3869809727502903,0.006997832065169718,0.3917216036410083
838,9.985827833297687,0.4896095676516769,7442.319928059172,1.4157088259343e-13,0.5662,1.4646,0.8449,0.2351,0.2927,0.0122,1.823691100061006e-15,0.0171741448440704,0.0128818233428576,0.0303322939669206,0.1704,3.322769953051643,-30.247448716117976,1.0947792327307164,10000,1.4166887849736103e-13,1.2789245126984181e-15,1.4170580664319171e-13,0.5691538487006157,0.007750488486828135,0.5699092855729292
839,9.743217479248797,0.3082106467723163,1665.596262222142,7.156421575806999e-14,0.3145,0.6184,0.8655,0.1575,0.0431,0.0022,7.045467966740372e-16,0.0110104994486994,0.0098449593726539,0.0350095371977725,0.1322,2.3789712556732225,-30.59112034243275,0.7638042914406686,10000,7.085664470362456e-14,9.787194628942764e-16,7.007084696997517e-14,0.3205086241729196,0.006798209932748808,0.3242104290577945
840,7.251810070942636,0.3749371190872075,2662.3418160495235,7.617105029723002e-14,0.3142,0.626,0.8924,0.1414,0.0557,0.0016,8.414862012757689e-16,0.011568112124362,0.0110473230708014,0.0368176706695163,0.117,2.6854700854700853,-30.584573981915792,0.7872209957203112,10000,7.667447934356712e-14,1.017319488706664e-15,7.7153737484495e-14,0.3200336175034706,0.0069106130702012054,0.3232706445058944
841,12.707489179998824,0.5231743041744757,19.39536753518746,7.930702859999999e-19,0.0001,0.002,0.0,0.0,0.0,0.0,3.854729506477158e-19,0.0001,0.486051435102835,1.0000000000000002,0.0001,1.0,-36.08185191433826,1.899752181824332,10000,0.0,8.527284744349743e-16,-7.283779944957725e-17,9.997041648641771e-05,9.999335671979029e-05,-0.0001226648232414973
842,12.434141285841743,0.2977788380152026,19.60387049378944,1.3649990800000002e-18,0.0,0.0025,0.0,0.0,0.0,0.0,5.100143583556615e-19,0.0,0.3736371443969482,,0.0,0.0,-35.28489139252202,1.5680924876233289,10000,0.0,8.513916325568731e-16,-1.126157673454955e-16,0.0,1e-15,0.00021116023224390656
843,14.788774664771813,0.3483105982265161,218.13310165439069,5.912131930414535e-14,0.103,0.2372,0.8367,0.0626,0.0,0.0002,2.1684486384296654e-16,0.0052193700944096,0.0036677947379256,0.05067349606223,0.0622,1.6559485530546625,-30.666457577617493,1.2762969566844016,10000,5.840379146708838e-14,8.753531715471016e-16,5.713096528912199e-14,0.10385626730333619,0.00449741956663343,0.10632518112445727
844,8.581555374855299,0.6206589749730551,3206.888164716832,8.699217412011999e-14,0.5037,1.0772,0.8401,0.2195,0.0889,0.0035,9.971337001875032e-16,0.0153186845783089,0.0114623379662939,0.0304123180033928,0.1636,3.078850855745721,-30.50433629437915,0.8499311222506972,10000,8.653648650856125e-14,1.0710232555557523e-15,8.614798189875362e-14,0.4988211314853253,0.007563829205926765,0.4972481445836574
845,6.5105343648929885,0.6357019826082788,154.61279683755706,4.5673297920475666e-14,0.0718,0.1543,0.8985,0.0374,0.0,0.0003,1.302700656595879e-16,0.0043088667458234,0.002852215005065,0.0600120716688505,0.0426,1.6854460093896713,-30.86242949267957,1.0353557594592602,10000,4.578849946165791e-14,8.590967927588605e-16,4.598005062730089e-14,0.07188896020904692,0.0038622935889637486,0.07225263233425684
846,14.766550959336785,0.2246954571587243,22.96072619932831,1.0537016360000001e-18,0.0001,0.0033,0.0,0.0,0.0,0.0,3.5500746049403016e-19,0.0001,0.3369145955222092,1.0000000000000002,0.0001,1.0,-36.38868577403656,1.6847593351943764,10000,8.691537405262048e-18,8.723486297298632e-16,2.5372273794669684e-17,9.987547287947774e-05,9.999378774183772e-05,-0.0009023004949437474
847,6.3999214333090935,0.1757747987080576,10.952174325208064,2.00982e-19,0.0,0.0006,0.0,0.0,0.0,0.0,2.0098200000000005e-19,0.0,1.0000000000000002,,0.0,0.0,-33.84073122908855,,10000,1.6961263244072862e-18,8.548369130290549e-16,4.2587542447390685e-18,0.0,1e-15,0.00025431467596465085
848,8.135076247838025,0.180891536868143,13.8057541798373,2.1196637e-19,0.0,0.0004,0.0,0.0,0.0,0.0,2.0447380714623742e-19,0.0,0.9646521150795638,,0.0,0.0,-35.46774330965246,2.3243205898225185,10000,1.1803215180551529e-18,8.549664603917659e-16,2.843011231523214e-18,0.0,1e-15,-0.0003309808449530882
849,3.0610526784608414,0.4576508227351073,61.011552902841785,3.35499547329e-17,0.0082,0.0548,0.0,0.0,0.0,0.0,3.511979913166141e-18,0.0013687451721685,0.1046791252365595,0.1669201429473805,0.0054,1.5185185185185186,-35.56802342220406,1.7542533003864145,10000,1.024634811348097e-15,8.554877115143376e-16,2.7384892112191327e-15,0.008207320287074087,0.001352064605388824,0.008502179035486973
850,2.4135957810217974,0.1663670025467453,59.80156079964723,1.0185271693144e-14,0.0087,0.051,0.9433,0.0049,0.0,0.0001,2.747704447253372e-17,0.0016741300042491,0.00269772327144,0.1924287361205869,0.0052,1.6730769230769231,-32.266911624123374,0.6047058258996958,10000,1.0056493902587944e-14,8.538622934515237e-16,9.839578873676534e-15,0.008603933407388608,0.0016437992702324903,0.006024526201602348
851,6.544466650141308,0.0152668968267695,799.1245205182586,6.162090288194e-14,0.1473,0.2807,0.9273,0.0801,0.0152,0.0009,4.684173016682521e-16,0.0066621850372792,0.0076015975060556,0.0452286832130293,0.0733,2.009549795361528,-30.60687026455009,0.5902844503634936,10000,6.179023034874799e-14,9.245134378655482e-16,6.204822440476731e-14,0.1472917120627572,0.005325908012600435,0.14727703675662376
852,11.005099624771953,0.3531442187127243,186.6691545682469,5.3761597699302075e-14,0.0818,0.1973,0.873,0.051,0.0,0.0004,1.7152538498938091e-16,0.0048490439596617,0.0031904815394206,0.059279266010535,0.0483,1.6935817805383022,-30.729376777347916,1.1403965688024509,10000,5.4056157735260195e-14,8.611513926499148e-16,5.4528913273939455e-14,0.08267167249209656,0.004226950308705759,0.08543007502989196
853,14.001044048640845,0.0599117542517416,1232.0926839552342,6.56209202122516e-14,0.2944,0.6293,0.8321,0.175,0.0433,0.0015,5.812579883058684e-16,0.009909726750442,0.0088578152580881,0.0336607566251428,0.1436,2.050139275766017,-30.627335183805005,0.7693263500549319,10000,6.614216187825393e-14,9.523668885590037e-16,6.684982327618012e-14,0.2978477862061145,0.006602383740678182,0.3005998597051259
854,6.658363837328179,0.3488255985644065,372.21349138066,6.7614856856918e-14,0.0864,0.1873,0.9217,0.0766,0.0006,0.0004,2.9164067334924576e-16,0.0049935956584168,0.0043132631925317,0.0577962460464917,0.048,1.8,-30.42153405469771,0.5844368323927448,10000,6.80417225093378e-14,8.78628084871044e-16,6.870091946002593e-14,0.08759181493034007,0.004320511004618867,0.09114050570167262
855,4.804303390988068,0.2613140819181635,62.77693330224176,3.26661901694e-17,0.0076,0.0455,0.0,0.0,0.0,0.0,4.528449300183608e-18,0.0015014824157959,0.1386280211037779,0.1975634757626273,0.005,1.52,-35.80951043146827,1.9118997341995572,10000,0.0,8.515261038249543e-16,-9.21195919698835e-16,0.007611984201082992,0.0014792457681038287,0.008007622266038156
856,14.079220038040784,0.4802020741935266,380.1617284335212,6.818314420977742e-14,0.1591,0.3111,0.8354,0.1203,0.0,0.0004,3.066513730564698e-16,0.0065408712951509,0.0044974660029317,0.0411116989010117,0.0913,1.742606790799562,-30.48314776146048,0.98237465297012,10000,6.82365578649822e-14,8.974663592704281e-16,6.833681154022484e-14,0.16312225579606057,0.0052492622107744346,0.17040032878605313
857,14.584129220696289,0.6800495292486546,203.3978932777736,2.9130349002588226e-14,0.1404,0.2734,0.7607,0.0319,0.0,0.0,1.5630179126700702e-16,0.0060722706829591,0.0053655996793282,0.0432497911891674,0.0838,1.675417661097852,-31.52871618549432,1.7001871299571154,10000,2.940002862825789e-14,8.747843955296952e-16,2.993302115635983e-14,0.138035932304957,0.005067009832927604,0.13261558028205778
858,7.173578087588589,0.4495773725425806,2304.6583331746087,7.605908162152002e-14,0.3405,0.6393,0.8818,0.153,0.0532,0.0024,8.133481857229058e-16,0.0120279026452746,0.0106936366885184,0.0353242368436846,0.1265,2.691699604743083,-30.57266469672939,0.7827402696024747,10000,7.550738275736809e-14,1.0123910848190963e-15,7.495118018256989e-14,0.3326449490882021,0.007015689190776407,0.3285944245920452
859,3.2226496483361946,0.4166762648826386,100.95960334065812,3.4103080997257795e-14,0.0297,0.0681,0.9515,0.0185,0.0,0.0004,6.735930750439958e-17,0.003010431409238,0.0019751678011091,0.1013613269103719,0.0173,1.716763005780347,-31.070995871126723,0.6418902680636621,10000,3.3629743217372156e-14,8.561573903139724e-16,3.2823158309963675e-14,0.028940219567949822,0.0028443284675240977,0.02261957763170999
860,14.36509050423352,0.0887431067828863,93.72307284990865,4.55884632829e-17,0.0086,0.0659,0.0,0.0,0.0,0.0,5.163609680991082e-18,0.0015533336037466,0.113265710426522,0.1806201864821648,0.0061,1.4098360655737705,-35.9723582843895,1.976223064649891,10000,0.0,8.763115829010764e-16,-1.6789615921649164e-16,0.00858356220874511,0.0015311222581195823,0.008021078730129305
861,13.34618347002502,0.3103315160650221,117.24909158168884,8.949403937818907e-17,0.0225,0.1035,0.0,0.0001,0.0,0.0,9.036305705773e-18,0.0023706406293867,0.1009710341443731,0.1053618057505237,0.0148,1.5202702702702702,-35.925568495565976,2.4169761499483253,10000,0.0,8.524961189212357e-16,-3.015596317143661e-16,0.02278844169287728,0.002286352254012813,0.026629678332892592
862,5.626212647217304,0.3340558699746393,905.9366293951016,6.3243324857e-14,0.1795,0.3096,0.9181,0.0947,0.0184,0.001,5.111046219538028e-16,0.007977113414879,0.0080815583796308,0.0444407432583791,0.0821,2.186358099878197,-30.60624691589536,0.6232398542646004,10000,6.312311469998043e-14,9.244750021347906e-16,6.296573440028307e-14,0.1760389191331922,0.005860077192923548,0.17198157160721156
863,8.014911205090392,0.0071084248514072,8245.438169899933,1.351028612672e-13,0.3137,0.8705,0.9067,0.1512,0.2021,0.011,1.817836184857245e-15,0.0118128398498638,0.0134552012282109,0.0376564866109782,0.1119,2.803395889186774,-30.29522598984251,1.0656176593450035,10000,1.345685901343624e-13,1.309464126153354e-15,1.34338974112333e-13,0.3212053425328385,0.007224772855937828,0.3256904894609644
864,10.54190937231684,0.3737419418185942,68.45563737175053,2.1479319641900002e-17,0.0059,0.038,0.0,0.0,0.0,0.0,3.394037328639642e-18,0.0011075385610291,0.1580141915677276,0.1877184001744243,0.0039,1.5128205128205128,-36.00987688173248,1.8743116508248756,10000,0.0,8.531850735676615e-16,-2.0471595892315895e-16,0.005893474582081063,0.0010985367055076638,0.005496936307462841
865,7.646142362562899,0.6238919239032629,10.744501932375064,1.32873e-20,0.0,0.0002,0.0,0.0,0.0,0.0,1.3287300000000001e-20,0.0,1.0000000000000002,,0.0,0.0,-36.557137889084345,,10000,0.0,8.593082638374907e-16,-1.3865476549670304e-18,0.0,1e-15,-2.7160154940308878e-05
866,9.913869956887154,0.0308230230739809,2114.3534739788624,7.147179868408999e-14,0.2846,0.5907,0.8775,0.1514,0.0505,0.0015,7.609173852848752e-16,0.0102435724763242,0.0106464003886089,0.0359928758830788,0.1229,2.315703824247356,-30.61421832033054,0.7600879040604943,10000,7.220688434578406e-14,1.0098232093112222e-15,7.308170226810046e-14,0.286996432722619,0.006660072786139524,0.28875126434044557
867,13.724437629044411,0.0207868520541014,5181.948337952454,1.1748337711763e-13,0.4701,1.2454,0.8324,0.2384,0.2095,0.0089,1.4485653902255233e-15,0.0140381731728385,0.0123299604230405,0.0298620999209498,0.1696,2.771816037735849,-30.34225346923792,1.0178338040734984,10000,1.1673405693612576e-13,1.2385551510201398e-15,1.1624109809920448e-13,0.46357414846518413,0.00781269529471708,0.4606459698445974
868,11.957038574246866,0.3615993933305032,41.953828871131854,5.0433782316e-18,0.0003,0.0109,0.0,0.0,0.0,0.0,1.143245369880676e-18,0.0001731877576503,0.226682457150945,0.5772925255010092,0.0003,1.0,-36.09550262899575,1.8155894232519485,10000,0.0,8.556589769944519e-16,-1.082429861395307e-16,0.00030031553491476466,0.00017315312510233024,0.001089030146317893
869,4.217829512217199,0.502755842260341,1031.0923249387668,6.243420434172e-14,0.1598,0.2728,0.9305,0.0793,0.0182,0.0013,5.323142375369634e-16,0.0072423505275646,0.0085260033846744,0.0453213424753734,0.0747,2.139223560910308,-30.63073666953645,0.6305609394462044,10000,6.277177237302723e-14,9.30838674051814e-16,6.321032288271032e-14,0.16014735394692167,0.005552870586730037,0.16064281156118093
870,2.6063913081241403,0.5792176789534051,29.175232415197208,7.613281011999999e-18,0.0009,0.0107,0.0,0.0,0.0,0.0,1.5150262450894124e-18,0.0004122329360923,0.1989978095779518,0.4580365956582211,0.0006,1.5,-35.53040802807552,1.745121614087505,10000,0.0,8.563574958273174e-16,-7.418072449861955e-17,0.0008986673825351379,0.0004117775847565634,0.00029645243208459293
871,11.614119645853782,0.4520734689864235,563.6525556178714,6.2183396563617e-14,0.2312,0.4244,0.841,0.141,0.01,0.0003,4.035528143615722e-16,0.0084369291912056,0.0064897197107706,0.0364919082664603,0.1174,1.969335604770017,-30.605394585298068,0.8441918576919586,10000,6.207781909298746e-14,9.066198706435844e-16,6.191404451449023e-14,0.2242955964415101,0.006037968932567427,0.2170467425418793
872,3.6394901675159423,0.3299982531213568,72.50264737462622,2.684060235595851e-15,0.0134,0.0779,0.4621,0.0011,0.0,0.0,3.32905742369955e-17,0.0017613501172179,0.0124030652499887,0.1314440385983514,0.009,1.488888888888889,-33.15417714065397,1.0803889887587348,10000,3.617773392225255e-15,8.538224777607629e-16,5.186748704373826e-15,0.013353562632719368,0.0017258878784813367,0.012235039398410613
873,12.191579936428182,0.089657177408762,29.517583977155635,1.70837632e-18,0.0,0.0055,0.0,0.0,0.0,0.0,5.32469598668026e-19,0.0,0.3116816783482611,,0.0,0.0,-35.990241501046725,1.3615071152005331,10000,1.8672459441520278e-17,8.577624756896112e-16,4.894291581059149e-17,0.0,1e-15,-0.0005217572882442734
874,6.495202195171435,0.5464984819976288,1686.0000129220466,6.898057147078e-14,0.2844,0.5253,0.8888,0.1325,0.0404,0.0014,6.959444653293612e-16,0.0106490846696056,0.0100889924581758,0.037444038922664,0.1117,2.5461056401074305,-30.619452915318917,0.7325540759121528,10000,6.91257230998072e-14,9.767627471055203e-16,6.928909057296403e-14,0.29116686813522213,0.006716036234167251,0.29563583020378215
875,2.358723379216764,0.3114718255152149,172.7089306877131,8.063128054741999e-14,0.0318,0.0631,0.9743,0.0238,0.0,0.0004,1.1935423602999383e-16,0.0029495331790975,0.0014802473087327,0.0927526156948923,0.0174,1.827586206896552,-30.17565573743884,0.3481671709943402,10000,8.054590550131209e-14,8.599911185870713e-16,8.04001902256448e-14,0.03160678035416085,0.002795606802918701,0.02989916599125672
876,2.938640171935031,0.1982207199756104,145.8260606882253,6.453542916017e-14,0.03,0.067,0.9666,0.0263,0.0,0.0003,1.0180062463500627e-16,0.0026173813379992,0.0015774377882007,0.0872460445999756,0.0182,1.6483516483516485,-30.40721271845488,0.426364624571769,10000,6.450590049641846e-14,8.578572234516306e-16,6.445594554867177e-14,0.029882114844718286,0.002506805692746898,0.028574692180564965
877,6.156698727626625,0.0877857112180001,3756.1220537927966,8.698079216952002e-14,0.2462,0.5256,0.9194,0.1111,0.0623,0.0034,1.0837982118669666e-15,0.0099201006466509,0.0124602016702114,0.0402928539669005,0.0958,2.569937369519833,-30.536505302252205,0.8535810389543188,10000,8.612836078207557e-14,1.1073283550330551e-15,8.541830205741422e-14,0.24449399894058726,0.006561566384584322,0.24316708293908673
878,14.201804227427612,0.6759999899714829,126.78596973907452,1.2490571457217066e-16,0.0374,0.0996,0.0,0.0001,0.0,0.0,1.1414771256867577e-17,0.0029156429989643,0.0913871018308942,0.0779583689562656,0.0245,1.526530612244898,-35.62265345733996,2.4006938975187104,10000,2.0088792456940346e-16,8.63367430079804e-16,3.472610912602075e-16,0.037771506706051096,0.0027779829253287073,0.0414293818205828
879,11.078046744755994,0.6972826299239766,923.8537672012332,6.458586503761e-14,0.4428,0.7028,0.7976,0.1811,0.0361,0.0021,5.238620306884286e-16,0.013281206836937,0.0081110941284655,0.02999369204367,0.1776,2.4932432432432434,-30.6362118951566,0.8328897201990316,10000,6.460348635866767e-14,9.40342897557727e-16,6.462959315596555e-14,0.41945400986765763,0.00741290474959078,0.40888997348201483
880,2.0106448542705446,0.5736453403279684,400.7285287483359,6.550839307591e-14,0.0414,0.0754,0.9727,0.0331,0.0007,0.0,3.2063712889417995e-16,0.0031031543559248,0.0048945961553755,0.074955419225239,0.0257,1.6108949416342413,-30.4427136266395,0.4301896329304592,10000,6.537429135490219e-14,8.954092959572488e-16,6.51387516598825e-14,0.04146631241710662,0.0029266699791580145,0.04200005449009628
881,9.75594602050042,0.116997509835523,9868.1732501704,1.4201409748779998e-13,0.4079,1.1651,0.8792,0.1873,0.2637,0.01,1.931692156057741e-15,0.0140567250151596,0.013602115495778,0.0344612037635686,0.1364,2.9904692082111435,-30.27428241500393,1.0935719784656313,10000,1.4395268410890297e-13,1.372047423894677e-15,1.4482394151038397e-13,0.41704084874054426,0.007702963701782354,0.42096385183684437
882,11.894525502377077,0.2768272500803778,2983.1208022169144,8.3946656696694e-14,0.4657,0.9814,0.8343,0.2094,0.0836,0.0021,9.424116099077253e-16,0.0147344515135834,0.0112263149837251,0.031639363353196,0.1657,2.8105009052504526,-30.5250715347505,0.8489594485253146,10000,8.376285654691519e-14,1.0534448111255743e-15,8.359815958269169e-14,0.4454611855849485,0.0074667276279283944,0.43846806162920016
883,4.697434131841425,0.3341365538640651,998.0669493028124,6.296292958252e-14,0.1488,0.2549,0.9363,0.0766,0.0166,0.0008,5.28975058656736e-16,0.0069333010223346,0.0084013730327375,0.0465947649350446,0.0705,2.1106382978723404,-30.621552064183984,0.6328557507658598,10000,6.302568558861675e-14,9.28775807794234e-16,6.310641102704259e-14,0.1511728696799946,0.005408716091648591,0.15486200419551976
884,9.89640345361871,0.0990525294455582,93.9927291100241,5.66283672123713e-17,0.0162,0.0789,0.0,0.0,0.0,0.0,6.83886989359867e-18,0.0020381784556661,0.120767562800303,0.1258134849176645,0.0104,1.5576923076923077,-36.05199802804089,2.4250629273555586,10000,1.3914805451905713e-16,8.560707013591812e-16,2.829700259162974e-16,0.016163549868560716,0.0019842368785254025,0.01550213252145205
885,12.854015142669162,0.3997492678995328,55.31833094367566,1.3927552364400002e-17,0.0037,0.0212,0.0,0.0,0.0,0.0,2.3454899893561697e-18,0.0009320503590403,0.1684064743027956,0.2519055024433281,0.0021,1.761904761904762,-35.88100937338024,1.848696984723462,10000,0.0,8.536903143875881e-16,-4.0928324324127605e-16,0.00369185672864731,0.0009267143394626498,0.0029867597677006863
886,10.117677871334752,0.2607613049094357,7521.745028534567,1.3639798383375999e-13,0.4747,1.2232,0.8645,0.2127,0.2634,0.0101,1.7755340297337418e-15,0.0151551627802504,0.0130173040673221,0.0319257694970517,0.1536,3.0904947916666665,-30.27358694478054,1.073209702811016,10000,1.374145037919499e-13,1.2726163556467033e-15,1.378196596400852e-13,0.4649890641897258,0.0075339613571884885,0.4618014431190205
887,13.138965507920265,0.1790160940916062,216.52499535893648,6.885313154248484e-14,0.0889,0.2169,0.866,0.0685,0.0,0.0003,2.1912959204802034e-16,0.0048147686548493,0.00318256536978,0.0541593774448747,0.0528,1.683712121212121,-30.48215365831933,1.1429761893918895,10000,6.90116826742941e-14,8.73650855313028e-16,6.928538572307217e-14,0.08897030235935227,0.004212147431395673,0.08919959662807272
888,10.048744970213225,0.110223952084703,54.22626246043138,1.03460746319958e-17,0.0013,0.024,0.0,0.0,0.0,0.0,1.4065486910980021e-18,0.0005383864652817,0.1359499850066974,0.4141434348321317,0.0008,1.625,-36.02089697325875,1.9857511086825053,10000,0.0,8.543651639258951e-16,-1.2041003933132907e-16,0.0013023348628009802,0.0005373504184192391,0.0019072453160449698
889,2.1473455986342547,0.2601317503254212,22.649856417311423,4.467710318e-18,0.0001,0.0075,0.0,0.0,0.0,0.0,1.1910187985948565e-18,0.0001,0.2665837115258681,1.0000000000000002,0.0001,1.0,-35.70592541997525,1.7260706832099328,10000,0.0,8.522710801038026e-16,-6.392881498495056e-17,0.00010003333563732544,9.99933910267424e-05,0.00035220815423323004
890,1.8249333693955987,0.6465912713461093,215.3786797038788,1.0195121641203999e-13,0.0294,0.0656,0.9742,0.0245,0.0,0.0003,1.7179700530194331e-16,0.0025326281646823,0.0016850902946328,0.0861438151252484,0.019,1.5473684210526315,-29.94972954980988,0.3979663003647287,10000,1.0111705829658516e-13,8.878397415265938e-16,9.920183165436964e-14,0.02977048322284962,0.002439668919861658,0.03454116751239575
891,12.130262446683991,0.2134617337399136,17.90597746451538,6.0819396395e-19,0.0,0.0013,0.0,0.0,0.0,0.0,4.385273028363721e-19,0.0,0.7210319878683041,,0.0,0.0,-36.8369071283368,3.302994657688428,10000,0.0,8.518722016747624e-16,-6.489770112175424e-17,0.0,1e-15,0.0003769668041204155
892,1.2942599851238072,0.1699516768553529,4310.311965340342,8.7556130066e-14,0.0662,0.1155,0.9828,0.0285,0.0194,0.0015,1.1474157600495805e-15,0.0042876093991216,0.0131049163454878,0.0647675135818973,0.0333,1.987987987987988,-30.55283460588768,0.8566848465150227,10000,8.762313525101499e-14,1.184500335955872e-15,8.769712138868284e-14,0.06623629006522519,0.0038854076316961086,0.066402951281877
893,4.058147134054309,0.3575597306784927,3253.064682311276,7.80218954109e-14,0.1871,0.3664,0.9391,0.0873,0.0389,0.0015,9.22557557788715e-16,0.0087884630458499,0.0118243417816254,0.0469720098655798,0.0768,2.4361979166666665,-30.588758878312767,0.7935204871930907,10000,7.82381306227785e-14,1.0509473599908249e-15,7.844119727549722e-14,0.1949630790427375,0.006169746955538828,0.20260423921451934
894,13.075900739416506,0.0333280815178589,710.279656538334,6.300152693977435e-14,0.2155,0.4631,0.8605,0.1311,0.0214,0.0007,4.618641809943419e-16,0.0080120156165239,0.0073309997936376,0.0371787267588119,0.1128,1.9104609929078011,-30.59920935955312,0.7422362531782513,10000,6.294043559094415e-14,9.233895431354479e-16,6.284636225158896e-14,0.21281079282858595,0.005951731296365428,0.2094996206354894
895,5.2864343916620165,0.1160885668462992,2007.5075761970809,7.004032395805002e-14,0.212,0.3645,0.9295,0.0932,0.0317,0.0011,7.317254208348071e-16,0.0094548685582585,0.0104472021184977,0.044598436595559,0.0843,2.5148279952550414,-30.618643496973917,0.726757322407488,10000,6.979560807523678e-14,9.895649072061057e-16,6.952413170998202e-14,0.20112969638187467,0.006378857209615789,0.19204822155617146
896,9.500285503210128,0.249894799577066,22.704017196859265,2.82550404e-18,0.0,0.0041,0.0,0.0,0.0,0.0,9.51827166263441e-19,0.0,0.3368698656199554,,0.0,0.0,-35.44075579046946,1.5131537083018711,10000,0.0,8.53509496887126e-16,-3.932185979553167e-17,0.0,1e-15,0.0006842844242169466
897,13.521774462974406,0.5451246553732171,721.1508352168479,6.193543567376704e-14,0.3469,0.6194,0.7906,0.1813,0.0216,0.0014,4.520909455173839e-16,0.0108594581717127,0.0072993907381016,0.0313042899155743,0.1597,2.1721978710081404,-30.652986511697268,0.912088038923729,10000,6.193250184060418e-14,9.177953773571557e-16,6.192811168983973e-14,0.33696197564118097,0.006808955914877833,0.3305239210644279
898,12.014501392077818,0.4740559291861291,299.47507583502954,8.116304729751479e-14,0.1422,0.2647,0.8489,0.1015,0.0001,0.0003,2.648834354021497e-16,0.0064855317601736,0.0032635964792103,0.0456085215202085,0.0794,1.7909319899244331,-30.31009955254461,1.0967933561416092,10000,8.219781608914798e-14,8.757750862274731e-16,8.384862797962005e-14,0.13946567346872438,0.005188100621819555,0.13460633860420013
899,7.943699938979062,0.3367497924542736,6169.621669440852,1.2279612088782e-13,0.3657,0.8824,0.8826,0.1752,0.1809,0.0119,1.6001621287440677e-15,0.0122870439140101,0.0130310478635224,0.0335986981515181,0.1308,2.7958715596330275,-30.34183451464945,1.0311388758912312,10000,1.2425260830424539e-13,1.2324399494617523e-15,1.2492713316513647e-13,0.3776792934364134,0.007059161486854362,0.38358151938244023
900,8.63757164601424,0.0095513878005756,1703.0377389825148,6.9282339539327e-14,0.2478,0.5309,0.8945,0.1236,0.0391,0.0012,6.779107145664575e-16,0.0095534623495508,0.0097847549472784,0.0385531168262747,0.1081,2.2923219241443107,-30.610269792624447,0.7311471065050694,10000,6.920513848192537e-14,9.8244424397447e-16,6.910730502694678e-14,0.24520089538236867,0.006484056315414733,0.2429810342882719
901,13.66708522849961,0.0925355394114908,14.55670863655009,1.7493009999999998e-19,0.0,0.0006,0.0,0.0,0.0,0.0,1.7256814881727168e-19,0.0,0.9864977429114352,,0.0,0.0,-36.135446335974194,3.029526024062188,10000,3.031215475247769e-17,8.653502786926213e-16,9.002558126381316e-17,0.0,1e-15,-1.0679890919601531e-05
902,9.018336812852707,0.6541593575916845,153.34132689606392,2.5699113609251312e-14,0.0767,0.1788,0.848,0.0207,0.0,0.0,1.0675769404747594e-16,0.0043293862565652,0.0041541391532291,0.0564457139056743,0.0495,1.5494949494949497,-31.528250819210484,1.334353103520883,10000,2.58014398992701e-14,8.622775942051894e-16,2.5984287383870872e-14,0.07747334808456754,0.0038798495103811626,0.08062789397203661
903,13.398000498199554,0.3691464026400724,2396.103021792481,7.942782202421e-14,0.5034,1.0407,0.8046,0.2403,0.0823,0.0022,8.2977578697636095e-16,0.0151169340863025,0.0104469160280316,0.0300296664408076,0.1784,2.821748878923767,-30.5386451885538,0.8269164059735136,10000,7.977147426928501e-14,1.0190827599784017e-15,8.011702022857427e-14,0.4887991526311707,0.007544170170163405,0.4839566983794288
904,5.309669743129951,0.5991349005376175,8322.980418905916,1.3650206259028e-13,0.3497,0.8874,0.9066,0.1598,0.1968,0.0105,1.8712353051091658e-15,0.0133236159834441,0.0137084764112744,0.038100131493978,0.1134,3.083774250440917,-30.303567779502107,1.0789211805028849,10000,1.3515343692204276e-13,1.3046329303246464e-15,1.3463306640746248e-13,0.34905788992234604,0.007348946928151575,0.3487771193859277
905,5.067220289622828,0.3026318500208616,1465.6094447839944,6.626763251968999e-14,0.203,0.3353,0.9216,0.0933,0.026,0.0014,6.477975705110748e-16,0.0087365171935541,0.0097754747812756,0.0430370305101189,0.0888,2.286036036036036,-30.63351927990676,0.6923171106206003,10000,6.603857335102277e-14,9.645105351745923e-16,6.576447947893659e-14,0.19445373266571758,0.006148166062301915,0.1860686979809969
906,13.030553351591394,0.2788069731577616,305.47482305504366,7.939047094941902e-14,0.1128,0.2462,0.8716,0.0957,0.0001,0.0002,2.510051741533145e-16,0.0057368028631554,0.0031616536739432,0.0508581814109529,0.0627,1.799043062200957,-30.295534979258854,0.9028899165494672,10000,7.997129911512487e-14,8.774080944572581e-16,8.095017164811737e-14,0.11405945456950609,0.004784035392802158,0.11693509121553966
907,3.120463824486839,0.5631008686148752,149.68535693307646,6.27306471886244e-14,0.0466,0.0953,0.9504,0.0307,0.0,0.0004,1.1530193706771218e-16,0.0035445874809406,0.0018380479436313,0.0760641090330606,0.0273,1.706959706959707,-30.460982060615034,0.5965934916833487,10000,6.283738000784376e-14,8.606886447609952e-16,6.302218801934545e-14,0.04575131470027864,0.003281911239963507,0.040653529449866915
908,12.506432578847743,0.4173209528919032,859.8656146110993,6.477333272858971e-14,0.3198,0.5743,0.8206,0.1706,0.0314,0.0014,5.11776837069075e-16,0.0101765982683424,0.0079010422269531,0.0318217581874374,0.1466,2.181446111869032,-30.61348836365252,0.8378641680345824,10000,6.444541461790201e-14,9.26132986072856e-16,6.400941009922996e-14,0.3185207705471445,0.00659805098340756,0.31759304487231865
909,13.057391142339398,0.3787497200321387,84.37507852247116,4.58061906415592e-17,0.0098,0.0506,0.0,0.0001,0.0,0.0,5.38820657248221e-18,0.0016585147171812,0.1176305319655544,0.1692361956307369,0.0064,1.53125,-35.74569146658598,2.358381949321714,10000,0.0,8.532018596581902e-16,-2.5998085741492547e-16,0.009673048764994053,0.0016287739633611734,0.0062282111839234156
910,10.60397473211236,0.541660579100376,23.168073133231424,1.6657557470000004e-18,0.0,0.005,0.0,0.0,0.0,0.0,6.284662015037645e-19,0.0,0.3772859272048872,,0.0,0.0,-36.34036561778068,1.7058712959584392,10000,1.596763130068782e-17,8.56825354829093e-16,4.1160550150394716e-17,0.0,1e-15,-6.481340857986129e-05
911,10.432881790643174,0.0376730455783837,3936.225087873154,9.237720735789999e-14,0.3547,0.8269,0.8718,0.1706,0.0969,0.0038,1.1154931422365417e-15,0.0119742694688624,0.0120754152906436,0.0337588651504438,0.1339,2.648991784914115,-30.48452893873821,0.8816828523439562,10000,9.22831151685262e-14,1.1259261753231626e-15,9.220290190992907e-14,0.35590667215625493,0.007108140926027903,0.35656324745798107
912,5.319639117657643,0.3497528415542188,163.14982344929646,6.34565499239744e-14,0.054,0.1137,0.9386,0.0367,0.0,0.0005,1.3315197456587478e-16,0.0038819978092084,0.0020983172694607,0.0718888483186746,0.031,1.7419354838709675,-30.45589993285939,0.6392183147278246,10000,6.342386391017096e-14,8.56802953719425e-16,6.337137671725024e-14,0.05423526677289761,0.0035408298294427433,0.05540001770318276
913,4.8212972471088005,0.5459565489789325,525.1836325684715,6.159273336869999e-14,0.1035,0.1965,0.9325,0.0724,0.0039,0.001,3.7293643797161473e-16,0.0056162201873608,0.0060548772164271,0.0542629969793316,0.0546,1.8956043956043955,-30.55477712280251,0.579641418267686,10000,6.175311376512354e-14,8.926177347542847e-16,6.198561420694098e-14,0.10637109405989709,0.0047086804611712685,0.11316460585218407
914,3.723700206850117,0.2563097543997148,6043.36562249296,1.1057235887040001e-13,0.1669,0.3567,0.9492,0.0837,0.0864,0.0068,1.5177452333506221e-15,0.0079354102649836,0.0137262625927113,0.0475458973336346,0.0669,2.494768310911809,-30.43272373106869,0.9758887317975288,10000,1.1224501780337381e-13,1.218848424847649e-15,1.1310555198078617e-13,0.17336300237708407,0.005867774268697493,0.18116000596160725
915,1.160694227418143,0.5879037393117442,159.0840635402914,7.691958158748999e-14,0.0172,0.0389,0.9817,0.0174,0.0,0.0001,1.0133201553950282e-16,0.0016524796727666,0.0013173760627421,0.0960743995794549,0.0129,1.3333333333333333,-30.2170616154603,0.2922127892365734,10000,7.698144564972808e-14,8.729709554746179e-16,7.711016676637243e-14,0.01721924756288526,0.0016253437864724846,0.017790906039926807
916,7.4073610921019695,0.1264512965264741,2627.5404183577134,7.608027821093e-14,0.2731,0.5667,0.9076,0.1228,0.0475,0.0011,8.477242036634564e-16,0.0108739810256563,0.0111424961054055,0.039816847402623,0.1061,2.5739868049010366,-30.58752241210571,0.7842688279941944,10000,7.581953922774214e-14,1.0284429919680266e-15,7.555399507013678e-14,0.27071655812191453,0.006769412723412477,0.2692083650581052
917,13.12657588564628,0.6258758877101241,35.142967370087085,3.743449609e-18,0.0005,0.0091,0.0,0.0,0.0,0.0,9.370481939817989e-19,0.0002645411087143,0.2503167644434022,0.5290822174287092,0.0004,1.25,-35.78999837370039,1.5615637846736148,10000,5.655385562324069e-17,8.631891138073838e-16,1.5810973582493686e-16,0.0005008087558320233,0.0002644222727074258,0.0014003888449476143
918,3.474433941378578,0.1013611586381085,1871.805122280433,6.712658926629999e-14,0.1333,0.2278,0.9565,0.0571,0.0178,0.0004,7.008211295237622e-16,0.0068976712582493,0.0104402910558067,0.051745470804571,0.0592,2.251689189189189,-30.64728193753122,0.7033787128700715,10000,6.701099295705159e-14,9.796899168533174e-16,6.687971280119815e-14,0.13357244497229132,0.005394858090318384,0.13400167747706218
919,14.77881466682393,0.5372853952352628,264.81940992949944,7.914951811766795e-14,0.1558,0.2834,0.8061,0.0953,0.0,0.0,3.0676458222309492e-16,0.0068130226572185,0.0038757605797048,0.0437292853480007,0.0853,1.8264947245017584,-30.41869139474005,1.3809601412700307,10000,7.989900289002133e-14,8.980078209451486e-16,8.131487320868234e-14,0.15296300017495174,0.005418331369870969,0.14808055013597113
920,13.50990731923808,0.5614377488232023,3088.8652011642125,8.930693935739999e-14,0.6408,1.3886,0.7819,0.2772,0.1091,0.0023,9.874155456404736e-16,0.0176399731537575,0.0110564257687625,0.0275280479927552,0.2054,3.1197663096397275,-30.47381718092232,0.873033996849624,10000,8.900763308718686e-14,1.0728414442812192e-15,8.874110144309558e-14,0.6524644394178004,0.007848986509087401,0.6553439088259113
921,8.529052864873439,0.2822995210123219,19.147425554537183,4.881082499999999e-19,0.0,0.0021,0.0,0.0,0.0,0.0,3.071174298974107e-19,0.0,0.6291994243027254,,0.0,0.0,-36.59589832302525,1.6921389800250035,10000,0.0,8.544074425648621e-16,-4.2045465138179234e-17,0.0,1e-15,0.0007784427824125972
922,3.2825108556506724,0.0724848392470177,1092.239201880329,6.216635096680999e-14,0.1082,0.1803,0.9542,0.0561,0.014,0.0006,5.327485423822225e-16,0.0055706713453518,0.008569725166379,0.0514849477389261,0.0554,1.9530685920577615,-30.634503908755903,0.6129906279201998,10000,6.212576897991812e-14,9.374335388414868e-16,6.206933179253764e-14,0.10699163118898163,0.004698898918839065,0.10401149361251129
923,14.029417331017951,0.3037245015196969,10.289658818426728,1.2669700000000001e-19,0.0,0.0003,0.0,0.0,0.0,0.0,1.2669700000000001e-19,0.0,1.0,,0.0,0.0,-34.30214817183149,,10000,3.514471354882614e-17,8.805644124236884e-16,1.2101709578316639e-16,0.0,1e-15,2.844990271574921e-05
924,1.9810507196173903,0.0429105248241362,2034.6598671247984,6.644065969282e-14,0.0829,0.1454,0.9751,0.0337,0.0113,0.0003,7.018827345583422e-16,0.0049704355466047,0.0105640542674231,0.0599570029747258,0.0426,1.9460093896713613,-30.658553022787284,0.6985081429688815,10000,6.668986905443542e-14,9.871933208633441e-16,6.699168540371959e-14,0.08353917653690422,0.004344132558540041,0.08560683953656228
925,4.664689230335499,0.5321639881639803,3689.5372858244527,8.704963577445999e-14,0.2704,0.5355,0.9182,0.1189,0.0622,0.0034,1.0854959280891925e-15,0.010749880929294,0.0124698503150736,0.0397554768095193,0.0997,2.712136409227683,-30.539740612558692,0.8590783999161514,10000,8.640584097949678e-14,1.096345809116909e-15,8.590880258299936e-14,0.26900358556437987,0.006738096361998957,0.2680999119937386
926,6.457575738980524,0.1166035633643981,177.73219543290125,7.051149676645173e-14,0.047,0.1201,0.9384,0.0401,0.0,0.0003,1.4581027497189702e-16,0.0035749654596658,0.0020678936295289,0.0760630948865072,0.029,1.6206896551724137,-30.35417134782564,0.6721112609409626,10000,7.01521060373e-14,8.608456303464545e-16,6.95535395817124e-14,0.04830397072391186,0.003303856501722762,0.055936214902361336
927,3.2577023199947206,0.2176356979812705,102.6353997804205,3.7432482484359996e-14,0.0216,0.0589,0.9614,0.0165,0.0,0.0003,6.547021733355112e-17,0.0022257222162566,0.0017490215178997,0.1030426951970669,0.0145,1.4896551724137932,-30.96482030913581,0.5751983621377592,10000,3.753404543521289e-14,8.566975298141902e-16,3.7708627423612916e-14,0.021516615748025374,0.0021562271456568314,0.020243547458199868
928,13.28997808791008,0.1275437869567372,16.543458291871342,5.9889929e-19,0.0,0.0015,0.0,0.0,0.0,0.0,3.7495663680942043e-19,0.0,0.6260762753774853,,0.0,0.0,-36.08121039732288,1.8161450721182568,10000,8.364674126058465e-18,8.601685822306912e-16,2.2688845923838744e-17,0.0,1e-15,0.0001899915222080828
929,9.833634429271337,0.3724303530187959,1397.1054008846031,6.710670095373e-14,0.32,0.6036,0.8542,0.1555,0.0414,0.0023,6.286915973937003e-16,0.0109641242788523,0.009368536799733,0.0342628883714136,0.1351,2.368615840118431,-30.619371794502225,0.7369803556428163,10000,6.728416456625372e-14,9.568712604368196e-16,6.749573303979738e-14,0.3228695941534813,0.00678800965222067,0.324653132309007
930,2.308198612268153,0.2855649349429649,27.448608810482785,3.4116503583e-18,0.0003,0.0086,0.0,0.0,0.0,0.0,8.975868786938138e-19,0.0002235978524046,0.2630946270652057,0.74532617468208,0.0002,1.5,-36.197980581168544,1.859021000514825,10000,0.0,8.539222354978293e-16,-1.7484308462528686e-16,0.0003000827055782875,0.00022352388430151756,0.0004250258436379051
931,5.750774490804235,0.6473382541657322,545.5576758515846,6.210944226578199e-14,0.1473,0.2581,0.9074,0.0974,0.0061,0.0005,3.902669414889408e-16,0.0068414144367337,0.0062835364036741,0.0464454476356672,0.0731,2.015047879616963,-30.567948890453987,0.6547650572570941,10000,6.197731716945833e-14,9.001901342487067e-16,6.17788871979658e-14,0.14889642100145908,0.005390168268338064,0.1515093543769135
932,6.024816850066279,0.5439684648769294,6833.465868470421,1.2311619264479202e-13,0.3556,0.8161,0.8976,0.1637,0.1765,0.0082,1.6630179627910312e-15,0.0129565292870087,0.0135077111066054,0.0364356841591923,0.1203,2.9559434746467166,-30.362337325095424,1.0390486839666029,10000,1.2594458102596493e-13,1.2585205666984858e-15,1.272467808485421e-13,0.3614455367568772,0.00720464638418255,0.3640620554717997
933,11.856809643090308,0.4484674933754783,2296.2283477816472,7.864893962543e-14,0.4707,0.9457,0.8177,0.2176,0.0778,0.0041,8.292660875824078e-16,0.0145167222375594,0.0105438940630583,0.0308407100861683,0.1717,2.7414094350611533,-30.54827731239577,0.8244694800660224,10000,7.893343287424432e-14,1.0203271571469669e-15,7.922290444155677e-14,0.47668820089828273,0.007442600461903774,0.47882347828490224
934,9.82876116205278,0.0865219329563255,235.3758772766592,9.145572993389196e-14,0.0771,0.1922,0.9064,0.0712,0.0,0.0001,2.323603464992849e-16,0.0045318443002023,0.0025406865886614,0.0587787846978249,0.0453,1.7019867549668874,-30.127881848069546,0.8349822348405849,10000,9.163051724721466e-14,8.799781491636739e-16,9.19487112558421e-14,0.07766396558028976,0.0040194977413381084,0.07974365305129594
935,3.489715526260143,0.2317799027080573,15.224321277505217,1.3848955700000001e-18,0.0,0.0026,0.0,0.0,0.0,0.0,5.448674198473712e-19,0.0,0.3934357446513972,,0.0,0.0,-35.491560031802386,1.6775015858586917,10000,0.0,8.535308327490942e-16,-1.1025922244117078e-16,0.0,1e-15,-0.0004923241348424312
936,11.572951124177134,0.4553893152914735,29.10114464123769,2.05935154e-18,0.0002,0.006,0.0,0.0,0.0,0.0,6.401156792441824e-19,0.0001414142842854,0.3108336128197823,0.7070714214274962,0.0002,1.0,-36.2152148342969,1.5562164007536583,10000,0.0,8.528450312191741e-16,-6.375433923631116e-17,0.0001998316838950275,0.0001413953826356956,-0.00042967763986212493
937,14.749183093927364,0.5923430308019672,12.999304204818404,1.4707321999999998e-19,0.0,0.0007,0.0,0.0,0.0,0.0,8.838828216424777e-20,0.0,0.6009814850334261,,0.0,0.0,-36.400052352504346,1.584475541214624,10000,4.994449785991601e-17,8.706660036772693e-16,1.5617455298212013e-16,0.0,1e-15,0.0004530338719807847
938,4.247735938480711,0.1500059519949782,7168.609627973245,1.2359360944399998e-13,0.1914,0.4435,0.9449,0.0916,0.1152,0.0087,1.6981717825329148e-15,0.0084654456691327,0.0137399643086105,0.0442290787311008,0.0752,2.5452127659574466,-30.36545169744232,1.0255086603203978,10000,1.2181290736082523e-13,1.2913601042043724e-15,1.2093147505019313e-13,0.19393348803009228,0.006092705369765438,0.1966560814060777
939,10.46776388739597,0.0548638513846822,29.79568504188108,1.937908891e-18,0.0,0.0067,0.0,0.0,0.0,0.0,5.3652263241448605e-19,0.0,0.2768564791183911,,0.0,0.0,-36.641907205342456,1.8045246610040344,10000,5.2963467907175955e-17,8.583027107932977e-16,1.4469257326486723e-16,0.0,1e-15,-0.00013902366492207774
940,13.643980449193696,0.3762830654947285,96.80368535256964,6.22029513867747e-17,0.0175,0.0624,0.0,0.0001,0.0,0.0,6.709386886386888e-18,0.0020297258383086,0.1078628382866959,0.1159843336176387,0.0109,1.6055045871559632,-35.90909031454248,2.5257234138999776,10000,2.2842146247224206e-16,8.531956658124728e-16,5.068874272800986e-16,0.017160151076013708,0.0019761686789495757,0.010974051889412861
941,5.14441196834757,0.3425423131816427,61.16765775820039,3.2902225978899897e-17,0.0076,0.0474,0.0,0.0,0.0,0.0,4.186677906890729e-18,0.0013245374437681,0.1272460382946623,0.1742812426010788,0.0047,1.6170212765957446,-35.66815410803752,1.9213909192478464,10000,0.0,8.518081440013696e-16,-1.5829453240917879e-15,0.007603384119666741,0.0013092093712592724,0.007747066115792872
942,14.575658016932072,0.1496973363949806,55.5104780341834,1.0375092816e-17,0.001,0.0225,0.0,0.0,0.0,0.0,1.8167134509537327e-18,0.0003462831084519,0.1751033444396834,0.3462831084519138,0.0009,1.1111111111111112,-36.1717599228269,1.8157741301305883,10000,1.1400294122196461e-16,8.729674362985878e-16,3.422861360491418e-16,0.0010037090563648806,0.00034601816882568734,0.0034248450710396283
943,5.865127361759961,0.1650964214482048,595.7959811353197,6.058323860831999e-14,0.1156,0.2252,0.93,0.0765,0.009,0.0002,3.9135824068748043e-16,0.0059722048460407,0.0064598435091539,0.0516626716785529,0.06,1.9266666666666667,-30.57932073931418,0.5520608720484597,10000,6.104811625081747e-14,9.00023692323134e-16,6.17424772500798e-14,0.11560596724331057,0.004915760024566821,0.11561850331779203
944,5.111680543247044,0.2058810084100127,9696.886462405058,1.326270470149e-13,0.245,0.6045,0.9349,0.108,0.158,0.0086,1.8724051908475865e-15,0.010283388294112,0.0141178231212313,0.0419730134453553,0.089,2.752808988764045,-30.333232482254022,1.0598068056650114,10000,1.33058768585693e-13,1.3525130679013732e-15,1.3325801020740372e-13,0.24711059922473166,0.006819490420441297,0.24876741921721254
945,8.46999710292696,0.6576967472028038,6941.59161495536,1.395286447580554e-13,0.6227,1.5281,0.8443,0.2376,0.2683,0.0106,1.773039057022111e-15,0.0186061573117339,0.0127073480868146,0.0298798093973565,0.1736,3.5869815668202767,-30.2486391456216,1.093743446469538,10000,1.384376989426113e-13,1.2768909055801196e-15,1.3799322775525478e-13,0.5869287018696921,0.007918444430468817,0.5790168017258331
946,7.856530694908257,0.0223786909334628,191.61350616934573,7.445782712833112e-14,0.0597,0.1562,0.9232,0.0517,0.0,0.0001,1.6925870121457978e-16,0.0043399855469177,0.0022732156946086,0.072696575325255,0.0344,1.7354651162790695,-30.311496594637777,0.7391194605973908,10000,7.43003105296831e-14,8.656845818314991e-16,7.403070338451147e-14,0.05998807585082398,0.0038961497324745808,0.061184354401148514
947,10.06795868332508,0.0973288221000257,8462.706662729857,1.4271499009359998e-13,0.4285,1.1757,0.8739,0.2048,0.2644,0.0115,1.8736578309370955e-15,0.0144675397345435,0.0131286687523731,0.0337632199172545,0.141,3.039007092198581,-30.245963666500657,1.0846373946191827,10000,1.4122129152977592e-13,1.3049943975413262e-15,1.4064640446411345e-13,0.4197362571123312,0.007503838967132065,0.41651103797671574
948,7.2793786787063794,0.4859923497662011,25.91402622691663,2.95351942e-18,0.0,0.0071,0.0,0.0,0.0,0.0,7.818843735544673e-19,0.0,0.2647297215179534,,0.0,0.0,-35.74098695620681,1.4663280403891668,10000,0.0,8.533434234405905e-16,-4.713253555835888e-17,0.0,1e-15,0.00018331485685735283
949,12.974067384052056,0.0001084965392089,729.872601573368,6.277181094338714e-14,0.2159,0.4843,0.8569,0.1383,0.022,0.0011,4.6737002920173285e-16,0.0080743568489293,0.0074455399992083,0.0373985958727621,0.1149,1.8790252393385556,-30.606324744860604,0.742754224668187,10000,6.283165989565523e-14,9.291001724959165e-16,6.292798554853516e-14,0.21294271004312315,0.006019310994801754,0.20924321947658944
950,6.78311780121694,0.4687987181352925,1855.1110416348067,7.15717200021e-14,0.306,0.5298,0.8915,0.1394,0.0401,0.0015,7.311538332822795e-16,0.0116494622621432,0.0102156806244257,0.0380701381115792,0.1146,2.670157068062827,-30.59751431603184,0.7507585573543821,10000,7.12014724920954e-14,9.874205372303274e-16,7.079763804283512e-14,0.299173028283116,0.006947708407381911,0.29540421602625866
951,8.323672188971228,0.5904462497680795,153.50442893101814,3.49079107222736e-14,0.0769,0.1748,0.8725,0.0283,0.0,0.0001,1.2136990801670658e-16,0.0046347370021078,0.0034768597004364,0.0602696619259801,0.0449,1.712694877505568,-31.165168641892333,1.1879094999093651,10000,3.456903819794024e-14,8.579389655224325e-16,3.4007921858130397e-14,0.07662917122280719,0.004084887329466179,0.07568660205863557
952,9.384498563504703,0.5210652154954507,269.46627603775977,9.589844791896629e-14,0.1256,0.2266,0.88,0.0828,0.0001,0.0003,2.7910150322568366e-16,0.0063833015480913,0.0029103860310807,0.0508224645548674,0.0668,1.880239520958084,-30.11381532179643,0.941423368853093,10000,9.52205773981892e-14,8.760602768252584e-16,9.417347277516088e-14,0.12324964615090835,0.005133232152676585,0.11894775757956039
953,1.7703929578823203,0.6092732672734829,106.89304129122438,4.5188869996030486e-14,0.0182,0.0528,0.9707,0.0177,0.0,0.0001,6.515404871123705e-17,0.001899272682811,0.0014418162861111,0.1043556419126962,0.0123,1.4796747967479675,-30.76080955774459,0.4633559360753559,10000,4.525652740580114e-14,8.595288238665536e-16,4.537745365697349e-14,0.018205844181086932,0.0018573198073584803,0.01833376499862241
954,9.686367924875114,0.1413513498990693,3141.7403947753064,8.1683790883569e-14,0.3377,0.7372,0.8719,0.1678,0.0759,0.0026,9.344691360181084e-16,0.0116986989428609,0.0114400804114256,0.0346422829223006,0.1305,2.5877394636015327,-30.54720928751907,0.8236597964984237,10000,8.164882470170091e-14,1.050077771812428e-15,8.161745528561932e-14,0.342345534471046,0.006959869744674083,0.34489053882250553
955,3.4348440024427926,0.0744751273123407,1011.3142635399764,6.202801692287e-14,0.0969,0.1773,0.9565,0.0557,0.013,0.0007,5.16754412893685e-16,0.0053975876459062,0.0083309839412769,0.0557026588844811,0.0499,1.9418837675350704,-30.62634895680047,0.6002346405433563,10000,6.209004052525681e-14,9.340341833569313e-16,6.217821123799944e-14,0.09903518352616333,0.004591046794887087,0.10462150803685658
956,7.991313362308746,0.2216497629121788,5067.072090923797,1.0849583446907999e-13,0.3368,0.7667,0.895,0.1555,0.123,0.0072,1.4132397589371049e-15,0.0125750701484693,0.0130257513189583,0.0373369066165953,0.118,2.854237288135593,-30.419212414396466,0.9714498587157137,10000,1.0815319728989772e-13,1.1861903714334938e-15,1.0796434071449513e-13,0.3409938407258252,0.007123608726231227,0.3429756506719752
957,5.037061138257932,0.6626572114735046,148.42289683361977,4.9684309447304666e-14,0.0559,0.1353,0.9191,0.0397,0.0,0.0,1.2114879961300999e-16,0.0035998353964435,0.0024383714086134,0.0643977709560569,0.0342,1.6345029239766082,-30.73165033359776,0.8059574864237306,10000,4.993245304003069e-14,8.645723828700207e-16,5.0382096109066265e-14,0.05656452898793643,0.0033318626503065843,0.060536058990786554
958,6.822894137644688,0.2308988293986586,3903.4701218475343,8.864569697167e-14,0.3053,0.6206,0.9055,0.1376,0.0771,0.0026,1.0809150742133993e-15,0.0116319697932949,0.0121936553170634,0.0381001303416147,0.1106,2.760397830018084,-30.5171470283154,0.8680752846493657,10000,8.918264256807538e-14,1.0934792130873796e-15,8.959507350776991e-14,0.29774397983827694,0.006939575701377459,0.2935684035990097
959,4.953587807536433,0.1551531149497051,2387.8003966902243,7.281774203211e-14,0.1955,0.3678,0.9348,0.0879,0.0335,0.0012,8.1856094128509165e-16,0.0088099793741902,0.0112412293823136,0.0450638331160625,0.0801,2.4406991260923845,-30.618972502219343,0.7637218517862009,10000,7.2566937195158e-14,1.0147501686759932e-15,7.231379171976911e-14,0.19624625716021682,0.00616863219113901,0.19696400057254862
960,1.017155885967465,0.2337563356867158,194.49151227280024,9.579487865192002e-14,0.015,0.0254,0.9892,0.0122,0.0,0.0,1.4406067694526475e-16,0.0017657326471405,0.0015038452887311,0.1177155098093727,0.0101,1.4851485148514851,-30.001603167707547,0.3119397155155183,10000,9.583665623010865e-14,8.833747957372821e-16,9.593133888615693e-14,0.014945380257798822,0.0017330808197444053,0.013509365192124922
961,8.24892863454292,0.604544081056517,554.0594331891098,6.1444424569923e-14,0.1957,0.3454,0.8646,0.1253,0.0075,0.0009,3.9523521352959484e-16,0.0081158325311558,0.0064324015774583,0.0414707845230242,0.0979,1.9989785495403476,-30.60174536203768,0.7808386280671628,10000,6.158509377897994e-14,9.024843459925399e-16,6.179869744373471e-14,0.19615828602982022,0.005934814465628395,0.19668502484922346
962,14.094440526028515,0.4512940287794072,74.7796423573747,3.0981105749726284e-17,0.0091,0.0353,0.0,0.0,0.0,0.0,5.1259734558063675e-18,0.0015172175832488,0.1654548258288571,0.1667272069504234,0.0054,1.6851851851851851,-36.11322919015655,2.666976401243521,10000,2.4271887057040384e-17,8.606270689536796e-16,1.1819840790298498e-17,0.008908652813680381,0.001494937999164373,0.0025365325535190164
963,4.685482651685691,0.1595316114809619,2642.6366082944064,7.45234105475e-14,0.2086,0.3885,0.9321,0.0935,0.0358,0.0014,8.303776016836256e-16,0.0093154324498743,0.0111425067047133,0.0446569149083144,0.0843,2.4744958481613284,-30.599921928281915,0.7654788701421343,10000,7.417589299141699e-14,1.0167527558986547e-15,7.383371510204462e-14,0.2005712859147067,0.006337472662279664,0.1936535431530636
964,4.1675685044250805,0.0281818646892048,142.5694924786622,5.953248708642e-14,0.0359,0.0782,0.9618,0.0284,0.0,0.0002,9.50562949513786e-17,0.0032591687925177,0.0015967129814917,0.0907846460311359,0.0192,1.8697916666666667,-30.490038594546185,0.4508864753488567,10000,5.967546039394501e-14,8.644884103031952e-16,5.994206522010597e-14,0.03548547411253876,0.003060614160515634,0.032391001536787395
965,8.269841238153436,0.5926785662501469,3203.258400173384,8.345767902976e-14,0.4455,0.9192,0.8571,0.1988,0.0823,0.0026,9.546102415694842e-16,0.0148089468055817,0.0114382553249423,0.0332411825041116,0.1468,3.034741144414169,-30.533978998778064,0.8430129032462657,10000,8.445784183655756e-14,1.0555727848965405e-15,8.533272777672153e-14,0.4616010647336557,0.007479698687260993,0.46711522902249025
966,1.8901846659667545,0.1818039610028587,65.64960182542883,2.1121045604233e-14,0.0072,0.0419,0.9658,0.0091,0.0,0.0001,3.591097593397941e-17,0.0010931310504918,0.0017002461244997,0.1518237570127531,0.0061,1.180327868852459,-31.52237971255248,0.4921457607837495,10000,2.101467411377679e-14,8.575083304485114e-16,2.0826824995421175e-14,0.007200507835074045,0.0010846533836459877,0.007232868199831821
967,14.664641728934193,0.3746636937267278,98.6292798228437,3.526167181501252e-17,0.0106,0.0546,0.0,0.0,0.0,0.0,4.00957946549225e-18,0.001899769699856,0.1137092843052661,0.1792235565901959,0.0067,1.582089552238806,-36.01377278465763,2.277375070965004,10000,0.0,8.635074560912804e-16,-6.168082462708969e-16,0.010571100380883859,0.0018569978372184866,0.009950885147382432
968,6.11112816609648,0.5685639050448519,34.83888013413333,8.573009645740001e-18,0.0013,0.0136,0.0,0.0,0.0,0.0,1.5819809587138933e-18,0.0005194785710677,0.1845304069499085,0.3995989008213376,0.0009,1.4444444444444444,-35.59677461401502,1.8639802120866,10000,1.6055146255398867e-17,8.562330970134597e-16,2.9127870877713594e-17,0.0012957412421322847,0.0005185473483521339,0.00011106951131861775
969,8.699462390196464,0.6944359966306349,272.1851187572707,9.606977625079192e-14,0.1286,0.2474,0.8654,0.0903,0.0,0.0004,2.9088947505839373e-16,0.0058506091104,0.0030278979134813,0.0454946276080876,0.073,1.7616438356164383,-30.12751251678575,0.9844141585080968,10000,9.551123348751938e-14,8.912479643404786e-16,9.449787593775068e-14,0.13142772611296985,0.004888859143316666,0.13797118582835682
970,1.1800922957962103,0.189397047380853,181.5236539982388,8.933255744858002e-14,0.0147,0.0299,0.9884,0.0127,0.0,0.0,1.229599462927394e-16,0.0017912877689492,0.0013764292639166,0.1218563108128729,0.0099,1.4848484848484849,-30.06874483526414,0.2965921472449425,10000,8.954262342279292e-14,8.723429328640151e-16,8.996470316393068e-14,0.014689734225067426,0.001757032423618215,0.01442899874204251
971,7.769713871995898,0.423520417923219,20.878054630376376,2.21420996e-18,0.0001,0.0036,0.0,0.0,0.0,0.0,6.909390388659254e-19,0.0001,0.3120476609480725,1.0,0.0001,1.0,-35.728340971471134,1.9021076876531453,10000,0.0,8.527061692648695e-16,-4.860725802292398e-17,0.00010008049737400847,9.999330531407117e-05,0.0007012236382532566
972,13.793721555299202,0.6795346166975363,8510.029351982717,1.6426356470080799e-13,1.0147,3.0629,0.7605,0.3538,0.4606,0.0128,2.010732565367885e-15,0.0251815766420654,0.0122408920628884,0.0248167701212826,0.2465,4.116430020283976,-30.119290177509257,1.1691527568798612,10000,1.6366526524182286e-13,1.3964249174502162e-15,1.6340670709749942e-13,0.9894352926844453,0.009047469806097927,0.9856904909684954
973,3.2333839539345526,0.3360002846496265,26.18092785955036,3.62625405e-18,0.0,0.0078,0.0,0.0,0.0,0.0,9.86591757959478e-19,0.0,0.272069122669295,,0.0,0.0,-35.82211165218942,1.7493221143380435,10000,0.0,8.537191844509607e-16,-1.0858261224630372e-16,0.0,1e-15,0.0004716779178225161
974,2.9211635736270134,0.6880187326595831,657.4761726333564,6.025342156324299e-14,0.0975,0.1746,0.948,0.0568,0.0061,0.001,4.1450101493811647e-16,0.0053667732601184,0.0068792942240309,0.0550438283089073,0.0518,1.882239382239382,-30.5973438843336,0.5598990770029824,10000,6.038320359939025e-14,9.14790748514777e-16,6.059668046597155e-14,0.09958364447318359,0.004619608822470905,0.10554314210366117
975,7.835828626817346,0.2857474666183381,11.45048038963012,1.7929620000000002e-19,0.0,0.0004,0.0,0.0,0.0,0.0,1.2885985555146269e-19,0.0,0.7186981963447228,,0.0,0.0,-35.83885069334118,1.9940693109089889,10000,0.0,8.517330373562531e-16,-9.80547267478318e-17,0.0,1e-15,-0.00025584576133433345
976,13.428591609438472,0.4383412682618729,24.592994414098545,1.19435961e-18,0.0,0.0037,0.0,0.0,0.0,0.0,3.8890151300578873e-19,0.0,0.3256150909237367,,0.0,0.0,-36.101916341521225,1.5586460023481437,10000,0.0,8.535106007543225e-16,-1.7523625070547826e-16,0.0,1e-15,-0.0007281538040400104
977,7.08339538639379,0.3464705367463269,63.42145270424188,1.9994936095e-17,0.0056,0.0392,0.0,0.0,0.0,0.0,2.4987015466548152e-18,0.0011819491107361,0.1249667183122255,0.2110623412028885,0.0031,1.8064516129032255,-35.890817007459646,1.8433067764702555,10000,0.0,8.523343089112954e-16,-2.9482814322711286e-16,0.005635247604059429,0.0011709985620287334,0.007511080616405291
978,1.4977762226668891,0.3189798306298828,1867.9138049311573,6.519413061230001e-14,0.0704,0.122,0.9763,0.0312,0.0122,0.0009,6.732659476262689e-16,0.004659029368384,0.0103270944991978,0.0661793944372741,0.0347,2.028818443804034,-30.66490743369752,0.6842506009046847,10000,6.552859799373489e-14,9.82973134617087e-16,6.596198591006174e-14,0.07073413551773063,0.004121538886174476,0.07193680985607895
979,13.33786506204525,0.6508858406713791,9332.062236652311,1.7222434835022677e-13,0.959,3.0933,0.7652,0.3583,0.5045,0.0127,2.1303333360954208e-15,0.0243826034527716,0.0123695247304015,0.0254250296692092,0.2424,3.956270627062706,-30.097286626079995,1.197250721105026,10000,1.7088271843080848e-13,1.4231523114389273e-15,1.7035145930666088e-13,0.9441793205105481,0.008937481056637693,0.9418789333471217
980,11.098791491436437,0.3974961749490065,102.88930842778134,7.11966550825618e-17,0.0203,0.0838,0.0,0.0001,0.0,0.0,7.4294765720256e-18,0.0020854797823503,0.1043514834146373,0.102732994204453,0.0133,1.5263157894736843,-35.81174841227136,2.1484736205869304,10000,0.0,8.519238005798673e-16,-5.312545845516107e-16,0.020394872400030153,0.0020269520833141293,0.022014319199021776
981,14.475759314436488,0.4926676527968507,561.2591644101848,6.184742265440299e-14,0.2646,0.4724,0.8056,0.1625,0.0106,0.0006,4.035235307018695e-16,0.0092426850385952,0.0065245003491368,0.0349307824587877,0.1287,2.055944055944056,-30.61887555135285,0.8812786529404094,10000,6.176751348784629e-14,9.22536255150281e-16,6.161808773380191e-14,0.2597379361533939,0.006404505880968729,0.25524721874176537
982,5.458305547134679,0.3006274362873787,440.6407047566744,6.412736095668361e-14,0.0893,0.169,0.9354,0.0712,0.0014,0.0004,3.4032449472117584e-16,0.0052531238830864,0.0053070092023755,0.0588255753985043,0.0471,1.8959660297239915,-30.487943164705808,0.544179733136292,10000,6.403290504203915e-14,8.897303813610405e-16,6.388691785966549e-14,0.08859793248214667,0.004488065233223359,0.08670039441555541
983,6.181163918152592,0.5435949969954244,5351.143810166432,1.1309929281793001e-13,0.3617,0.754,0.8943,0.1624,0.1399,0.0094,1.4506550934497206e-15,0.0130201483642216,0.0128263851816033,0.0359970925192745,0.1232,2.935876623376624,-30.386397147800796,0.9841016881391438,10000,1.1306781382729355e-13,1.1934890994479523e-15,1.1305126370146402e-13,0.3624951986358989,0.007202589084526036,0.36284584726281466
984,6.598619162142489,0.5096404221502709,629.4543553020006,6.101274836256043e-14,0.1627,0.3171,0.902,0.1044,0.01,0.0007,4.0626411520263353e-16,0.0069503742179955,0.0066586758686637,0.0427189564720069,0.0813,2.001230012300123,-30.59184517867979,0.6511943375073947,10000,6.128267106490899e-14,9.0106818726129e-16,6.167160560913683e-14,0.16578840759393765,0.005415243305224449,0.17055940668049008
985,1.5661937765114708,0.1464600547679107,32.95917875457611,7.2619033e-18,0.0003,0.0148,0.0,0.0,0.0,0.0,1.2795305696090614e-18,0.0001731877576503,0.1761976876790774,0.5772925255010092,0.0003,1.0,-35.6844009643789,1.5814637047957505,10000,0.0,8.619853679245031e-16,-2.2638129923094986e-17,0.0003000432253243713,0.00017315435095462188,0.0004120556661900421
986,2.808352494744498,0.4107067906371353,1277.6311023322878,6.3078373012235e-14,0.1063,0.1947,0.9574,0.0537,0.0148,0.0007,5.752330054440589e-16,0.0057309087701282,0.009119338023073,0.0539125942627306,0.0521,2.0403071017274472,-30.64455926054478,0.6382536855936841,10000,6.317133338395833e-14,9.490433761906076e-16,6.32961063101141e-14,0.10796152598995792,0.004783535709876185,0.11177831204482885
987,12.256281925394326,0.3947529779568099,640.9374416530347,6.213914472509477e-14,0.2598,0.4866,0.8345,0.1473,0.0186,0.0011,4.281850250585543e-16,0.0095947695105299,0.0068907453900895,0.0369313684008083,0.1233,2.1070559610705595,-30.615645188259915,0.8465522376751154,10000,6.209074730045e-14,9.072963764939643e-16,6.202102707002823e-14,0.2500688596978496,0.006427927281409199,0.24214487547223107
988,1.0349332622423797,0.3926799605373062,99.39375319004876,4.669600073573e-14,0.0099,0.0195,0.9877,0.0085,0.0,0.0002,4.9937672798655686e-17,0.0015685805827258,0.0010694207643449,0.1584424831036174,0.0064,1.546875,-30.70918157936059,0.2573608492728523,10000,4.672624318827965e-14,8.662765581616281e-16,4.6786114506580865e-14,0.009913193520866634,0.0015453206967669338,0.010348189787566409
989,8.940020988197729,0.5741988721923884,189.51053762701167,5.779632605866502e-14,0.1009,0.1907,0.8751,0.0541,0.0,0.0002,1.791815564140516e-16,0.0056298391192689,0.0031002239871125,0.0557962251661936,0.0551,1.8312159709618876,-30.64483388631402,1.0854064529239835,10000,5.761204464094458e-14,8.621368951743736e-16,5.731635407143434e-14,0.10049507408142352,0.004715704475702055,0.09954292433810996
990,10.263621421254928,0.1690962876096461,29.35916068320681,2.491420662e-18,0.0001,0.0111,0.0,0.0,0.0,0.0,6.039577274782198e-19,0.0001,0.2424149950628528,1.0,0.0001,1.0,-36.17234634618845,1.3445501709903154,10000,1.4833093842104986e-17,8.528697723893484e-16,3.542145332135194e-17,9.996705884964768e-05,9.999333962018522e-05,-0.00014730006627156067
991,1.3739811201384824,0.5667639951402547,6228.17696658028,1.0961835366280003e-13,0.0895,0.1894,0.973,0.0483,0.048,0.0057,1.516058159376177e-15,0.0054343286791304,0.0138303314063606,0.0607187561914012,0.0389,2.3007712082262213,-30.443721259409777,0.9743593247187252,10000,1.097732392180872e-13,1.2563943612513638e-15,1.0986843562968279e-13,0.08856899145293233,0.004665352280912405,0.08595982438488686
992,5.408563549314204,0.3636686662274294,2101.685549223102,7.114623289101e-14,0.233,0.4403,0.9178,0.1069,0.0375,0.0017,7.631502824205812e-16,0.0097221680737994,0.0107265030263747,0.0417260432351908,0.0923,2.524377031419285,-30.613889116229984,0.730397236425599,10000,7.130561729519748e-14,9.97887622139027e-16,7.14754475286231e-14,0.23364710929028182,0.0064623836040655245,0.23415934935389238
993,8.785165734294093,0.2783136507969781,383.2159402511829,6.8242451692086e-14,0.1048,0.2182,0.9058,0.0943,0.0005,0.0002,3.038014882337888e-16,0.0056218196774397,0.0044517962162988,0.0536433175328218,0.0567,1.8483245149911816,-30.42833543732776,0.6667883971490045,10000,6.824342678452598e-14,8.791585031460709e-16,6.824489390115248e-14,0.10522366096589128,0.0047087198452160604,0.10621948565513264
994,12.320404576666588,0.6885170830442566,3889.262842043556,1.0089587249724001e-13,0.7355,1.7095,0.7782,0.2941,0.1556,0.0045,1.161449609066379e-15,0.0195604763802833,0.0115113689026094,0.0265948013328121,0.2154,3.414577530176416,-30.4096504693362,0.9394573592071106,10000,1.0082190027012956e-13,1.1481766523309545e-15,1.0075877394226555e-13,0.7502240568177159,0.008240778747194217,0.7534014046692844
995,5.953747927784232,0.6430383366471857,992.892487743294,6.3722375385e-14,0.2624,0.4225,0.8884,0.1176,0.0253,0.0012,5.29234326719278e-16,0.009533294937808,0.0083053138481064,0.0363311544885978,0.1119,2.3449508489722968,-30.613540408096824,0.6588691688729844,10000,6.383943757790688e-14,9.33293467010784e-16,6.399726155217305e-14,0.2525321439787442,0.006428817278484897,0.244302025821489
996,14.457170177500531,0.6777818099175976,32.39054606443783,3.425864666e-18,0.0,0.006,0.0,0.0,0.0,0.0,9.807948550933718e-19,0.0,0.2862911850626419,,0.0,0.0,-35.98373813208365,1.8162057951488424,10000,4.046641348156101e-17,8.748872844945788e-16,1.2429164353834487e-16,0.0,1e-15,0.0016511694083112816
997,7.488329113272797,0.1785888796962024,1909.422742225716,7.123585726789999e-14,0.2594,0.5016,0.9009,0.1265,0.044,0.0014,7.377841082465044e-16,0.0098081998388291,0.0103569204687449,0.0378111019230113,0.1071,2.42203548085901,-30.60684813744388,0.7495230038364528,10000,7.082592849230988e-14,9.944041074095338e-16,7.036164212037208e-14,0.2570580182754885,0.006482100998853483,0.2552418719619417
998,13.884078566239191,0.004912652648328,298.3250844368226,8.130458100972604e-14,0.099,0.2544,0.8791,0.0918,0.0,0.0001,2.3790820629017253e-16,0.0053369231093231,0.0029261353214736,0.0539083142355873,0.0562,1.7615658362989324,-30.251510152816785,0.8528152605241252,10000,8.234456573072649e-14,8.898048911147112e-16,8.446928997308195e-14,0.09879137640934962,0.004628570805945898,0.09815822278008338
999,2.463372520177647,0.3075430198215261,369.66117561626686,6.774566552449e-14,0.0523,0.0839,0.9702,0.0375,0.0003,0.0002,3.0432285588517087e-16,0.0037865425906067,0.0044921376670978,0.0724004319427681,0.0284,1.841549295774648,-30.40529114047216,0.4447037059234811,10000,6.757509393850135e-14,8.801630063816578e-16,6.731557682150589e-14,0.0503804001227279,0.0034686081709275505,0.040368022743901374
1000,6.564260602682104,0.1597894218727561,12.575066503389968,4.4162722e-19,0.0,0.0007,0.0,0.0,0.0,0.0,3.3362044129187987e-19,0.0,0.7554345071662021,,0.0,0.0,-34.93320022486265,1.9041986227764711,10000,9.874460169720013e-18,8.532800167842875e-16,2.569938661546537e-17,0.0,1e-15,-0.0003428142799073719
1001,3.205040366660504,0.0615605755820173,1796.5990443362634,6.55383684965e-14,0.1213,0.2119,0.9573,0.0539,0.0185,0.0006,6.640471030223119e-16,0.0064994503833423,0.0101321884913533,0.0535816189888072,0.0558,2.173835125448029,-30.655082936589903,0.6858923514603185,10000,6.571976040999614e-14,9.760211836623079e-16,6.594772258004552e-14,0.12136351795362472,0.005212701638165404,0.12147804070653472
1002,11.774493471259063,0.5394149831847483,114.77333173267064,1.0873994097376945e-16,0.0324,0.1002,0.0,0.0001,0.0,0.0,1.0382283569787876e-17,0.0029926442474773,0.0954781056235106,0.0923655631937449,0.0198,1.6363636363636365,-35.677649622809874,2.338641015570848,10000,0.0,8.577311356559334e-16,-1.370711984734307e-15,0.03245378536339561,0.002827852257639874,0.032902201681340434
1003,1.7956588608879265,0.6018632965769648,27.053371497347708,5.8667873200000014e-18,0.0,0.0117,0.0,0.0,0.0,0.0,1.1409301788064409e-18,0.0,0.1944727355152258,,0.0,0.0,-35.43808072202966,1.4779229385861783,10000,9.943387478554047e-18,8.62308923706657e-16,1.7688063102526094e-17,0.0,1e-15,0.0003812654434562912
1004,5.799553985137051,0.2320741778857984,624.3710928740928,6.192501409211e-14,0.1225,0.2403,0.9265,0.0794,0.0098,0.0007,4.2294598116338094e-16,0.0062187814179493,0.0068299698815453,0.050765562595505,0.0643,1.9051321928460343,-30.571950840302176,0.5724973224532602,10000,6.185303624403779e-14,9.048789492282718e-16,6.175041658783738e-14,0.12329507558915793,0.0050490436229408105,0.12483286918588185
1005,8.497383184489129,0.266490864413893,267.80388953214526,8.90054216977541e-14,0.0931,0.1959,0.903,0.0825,0.0,0.0003,2.193530027709011e-16,0.0053297354163186,0.0024644903488664,0.0572474265984812,0.0502,1.8545816733067728,-30.131845801970723,0.6779380052409284,10000,9.046062603407983e-14,8.659055046897304e-16,9.272966944825056e-14,0.09191887849526115,0.004531885273111982,0.08883581286875508
1006,9.182289148674634,0.5827571529427846,81.13598253721308,4.56793641376e-17,0.0129,0.061,0.0,0.0,0.0,0.0,6.197685878961959e-18,0.0020034371405256,0.135678024332665,0.155305204691911,0.0075,1.72,-35.76729893101593,1.86379635015607,10000,0.0,8.539493223995477e-16,-1.740653250911893e-16,0.0129596075014839,0.0019519631606287255,0.014075098220718313
1007,10.373071561888032,0.6610453534620014,486.2487957857656,6.272095532963611e-14,0.2328,0.3574,0.8374,0.1382,0.0044,0.0005,3.677658536467391e-16,0.0087021829904271,0.005863524426787,0.0373805111272644,0.1122,2.074866310160428,-30.580795537513463,0.8659273692382977,10000,6.271551419184675e-14,9.111335306126704e-16,6.270550136418854e-14,0.22541775899575597,0.0062215379068412836,0.21769909791752606
1008,10.731734554377937,0.5478007316753593,4714.831025494509,1.0561325857819999e-13,0.5652,1.3118,0.8277,0.2369,0.1646,0.0064,1.3078658820084845e-15,0.017006581619533,0.0123835387679103,0.0300894933112756,0.1757,3.2168468981217986,-30.411937844056908,0.9615181104012,10000,1.0864882076319102e-13,1.1637633498657948e-15,1.1056038111101087e-13,0.5873058177131175,0.007711877982465942,0.5930281086364411
1009,8.822642983855076,0.0594522054176617,1239.4928407676907,6.4953586619927e-14,0.2172,0.4261,0.8929,0.1167,0.0371,0.0005,5.79036107376096e-16,0.0083468187316063,0.0089146133032545,0.0384291838471745,0.1042,2.0844529750479848,-30.62312563659478,0.6856582033938631,10000,6.505039169994197e-14,9.554976051429533e-16,6.518717446942954e-14,0.22320734071212545,0.006030170286453791,0.22976597389392217
1010,14.507294210837136,0.6057032531981876,2751.0103088590986,8.596839363979999e-14,0.7274,1.5617,0.7512,0.3069,0.1123,0.0037,9.16411062250254e-16,0.0186736122477531,0.010659860251547,0.02567172428891,0.228,3.1903508771929823,-30.49018498857529,0.8646858597113083,10000,8.569208205012711e-14,1.079244342374903e-15,8.536549733031092e-14,0.7047527422084793,0.008170307761417443,0.6993908193209462
1011,13.215185703895465,0.5222068298709881,472.7023951357826,6.310358126875043e-14,0.2214,0.397,0.8219,0.1437,0.0034,0.0008,3.640015961966826e-16,0.0084335826628813,0.0057683191488997,0.0380920626146403,0.1114,1.9874326750448836,-30.59872547050757,0.98946426690871,10000,6.303113227879821e-14,8.965985528056742e-16,6.291786984500118e-14,0.2158350703118781,0.006058739456314997,0.20989965223212564
1012,6.696900664593706,0.3313310070161958,214.6008214343429,8.69391260534994e-14,0.0776,0.1493,0.9259,0.0531,0.0,0.0002,1.981024180096036e-16,0.0047560578222516,0.0022786336486485,0.0612894049259229,0.0434,1.7880184331797235,-30.152948332740703,0.6764245256603473,10000,8.746840047767496e-14,8.654731678352156e-16,8.832523510424102e-14,0.07726114139101617,0.004164378516154106,0.07614775363764832
1013,13.034068281265585,0.6601561309809753,17.224690982146438,7.749821850000002e-19,0.0,0.0012,0.0,0.0,0.0,0.0,4.530801253998594e-19,0.0,0.5846329556593087,,0.0,0.0,-36.03736071005396,2.312772835487716,10000,3.3232673174206646e-17,8.59929974916554e-16,9.290511252642986e-17,0.0,1e-15,8.89458022669265e-05
1014,4.651529240621343,0.583124554099358,2782.9215898098846,7.688755655799999e-14,0.2572,0.5181,0.915,0.1213,0.0455,0.0017,8.800435305048951e-16,0.0102633011032003,0.0114458511871298,0.0399039700746514,0.0964,2.66804979253112,-30.58888355639008,0.7847912836294744,10000,7.660823365150601e-14,1.0485135746249808e-15,7.631077309165094e-14,0.2647465503326817,0.006630226248896879,0.27015173435867634
1015,13.07756289297762,0.4501182089484726,470.66829904427743,6.335896594864021e-14,0.1794,0.3499,0.8411,0.1329,0.0033,0.0006,3.613939644564295e-16,0.0071921301902612,0.0057039119727645,0.0400899118743659,0.0968,1.853305785123967,-30.569912708879748,0.920971146496099,10000,6.327935007138655e-14,8.913428035817536e-16,6.316157601070522e-14,0.18448793823930562,0.005533467602561611,0.19186868547229696
1016,10.772759130259429,0.4054172851577164,30.354765640531408,2.0903070059999998e-18,0.0,0.0076,0.0,0.0,0.0,0.0,6.395663760340516e-19,0.0,0.3059676756563727,,0.0,0.0,-36.30250945879536,1.5937819035455008,10000,0.0,8.519171749485494e-16,-2.632485500146483e-17,0.0,1e-15,-0.0003806789946818878
1017,8.615089582736786,0.2012973908537257,68.61741036853672,3.879737695173034e-17,0.0094,0.0475,0.0,0.0,0.0,0.0,5.186851937699652e-18,0.0019317187046035,0.1336907890487767,0.2055019898514457,0.0053,1.7735849056603774,-35.81453513277591,2.235042624116709,10000,1.7244085416044679e-16,8.521507866637284e-16,3.9315929836553187e-16,0.00929180821469862,0.0018849232499187725,0.0071395392734353025
1018,9.170263675286977,0.4263020837580621,2634.9070883528534,7.919373798374999e-14,0.4062,0.8068,0.8637,0.1764,0.0637,0.0021,8.658589364201926e-16,0.0137999710115634,0.0109334267893486,0.0339733407473251,0.1414,2.8727015558698725,-30.55308168393667,0.8094950385206219,10000,7.905696118006893e-14,1.0299377248342721e-15,7.892453483735098e-14,0.40629159158471406,0.0073172515584451715,0.40632741421906404
1019,5.879917805384725,0.6471660670018458,1017.3261342786664,6.410953080929999e-14,0.2467,0.4212,0.8933,0.1136,0.0239,0.0011,5.416857155460031e-16,0.0094134357318264,0.0084493788787395,0.038157420882961,0.1039,2.374398460057748,-30.617327827170183,0.6771628434308904,10000,6.414705620293463e-14,9.372502722340617e-16,6.419747723520798e-14,0.24599048985443567,0.006395009822444465,0.24538239496456848
1020,12.577087392820786,0.1299937794989189,1100.2998362214682,6.639644424019441e-14,0.3114,0.6113,0.8343,0.1699,0.0415,0.0015,5.783380451233603e-16,0.0105182730239683,0.0087103767640203,0.0337773700191662,0.1452,2.144628099173554,-30.615377256758507,0.7957619068099702,10000,6.624336678520081e-14,9.444197074447868e-16,6.60495571851589e-14,0.2958944908759089,0.006685745967823657,0.28538284721167795
1021,5.611760446233316,0.6498921698078631,18.582662384066445,8.971111300000001e-19,0.0,0.0028,0.0,0.0,0.0,0.0,2.7986120886076734e-19,0.0,0.3119582396227402,,0.0,0.0,-35.88567193879826,1.3081266587432063,10000,2.474166851015475e-17,8.584467113057419e-16,6.769238792840125e-17,0.0,1e-15,0.00038033311317811624
1022,7.62284278995221,0.2206484266208708,60.608948002539336,1.5731148468270002e-17,0.0038,0.0384,0.0,0.0,0.0,0.0,2.4949464942579093e-18,0.000989269359369,0.158599132116149,0.2603340419392353,0.0024,1.5833333333333333,-36.11262142234572,1.7106777564576738,10000,1.0095398435003789e-16,8.54014791481662e-16,2.4537548172828546e-16,0.0038202847585494353,0.000982814006616538,0.005359386281362788
1023,14.977147722885492,0.0391924133487167,2128.4917568483743,7.626177761014502e-14,0.3791,0.899,0.8224,0.2105,0.0678,0.002,7.885279905555634e-16,0.0119412134332246,0.0103397536127018,0.0314988484126211,0.1581,2.3978494623655915,-30.564167165872263,0.8143194439854021,10000,7.614098851138681e-14,1.0318513489844384e-15,7.598460164426249e-14,0.376458683050709,0.007388763908761466,0.3748200277249688
1024,3.7737195396251098,0.0995290056347571,1306.9585561578913,6.3084932735e-14,0.1259,0.2249,0.9534,0.0577,0.016,0.0008,5.796840175517129e-16,0.0064551596346326,0.0091889456391557,0.0512721178286946,0.0597,2.108877721943049,-30.648317138588634,0.6431665095079416,10000,6.319776669638799e-14,9.505379872329077e-16,6.334902417606017e-14,0.12600062998519737,0.00518109872518384,0.1261828380510597
1025,3.2875364656330146,0.0740425048036872,2493.3203555736886,7.168548726308999e-14,0.1422,0.2684,0.9527,0.0674,0.0246,0.0011,8.037430838770626e-16,0.0071346342793888,0.0112120753385867,0.0501732368452097,0.0622,2.2861736334405145,-30.62654666459163,0.748109479856949,10000,7.147654592072997e-14,1.017506947078737e-15,7.124925593401381e-14,0.13965607281433673,0.00551764940670066,0.13587044423132702
1026,9.730317793780747,0.2159419268212216,480.34812023234906,6.359086530814078e-14,0.1342,0.2658,0.8936,0.1043,0.003,0.0007,3.715787114860007e-16,0.0063073777674585,0.0058432718234836,0.0469998343327759,0.0731,1.8358413132694935,-30.53996773161713,0.7344290188043866,10000,6.342125162322861e-14,8.944957319114169e-16,6.316871210482236e-14,0.13396262598536213,0.005094270173672636,0.13351724653520217
1027,9.613603532288357,0.3436256533752389,30.650542238168505,3.106701461e-18,0.0002,0.0076,0.0,0.0,0.0,0.0,7.99420615869307e-19,0.0001414142842854,0.25732135060444,0.7070714214274962,0.0002,1.0,-35.886811180099514,1.4956919131781694,10000,0.0,8.532352021299053e-16,-1.5819029096034532e-17,0.00019986942590240992,0.00014139528352185605,-0.00028593529153017605
1028,11.39956443885784,0.508519071490647,16.73360373365808,9.9948006e-19,0.0,0.0018,0.0,0.0,0.0,0.0,5.126765353095276e-19,0.0,0.5129432350151414,,0.0,0.0,-35.78119816434659,1.728901253483518,10000,0.0,8.519742055725688e-16,-4.786197664229914e-18,0.0,1e-15,0.00028915132517343123
1029,11.607766267667756,0.391744820385221,92.93126004538792,5.371614255100261e-17,0.0133,0.0691,0.0,0.0001,0.0,0.0,5.96666095032317e-18,0.0019526116534597,0.1110776140460555,0.1468129062751711,0.0086,1.5465116279069768,-35.87275416325786,2.4100417619609447,10000,2.0402311836090177e-16,8.515899747931064e-16,4.503426678369786e-16,0.013319417632048913,0.0019043464632555892,0.013697694034244395
1030,10.875834983893442,0.1853058394453924,104.30364251737456,8.015984245024149e-17,0.0214,0.0931,0.0,0.0,0.0,0.0,7.26377573976647e-18,0.0023737665168983,0.0906161429181375,0.1109236690139411,0.0143,1.4965034965034965,-35.73579441500004,2.277914515232369,10000,2.1434511645851464e-16,8.542801608306561e-16,4.425155893279212e-16,0.02134079180107371,0.002288831705311209,0.020557550012651415
1031,4.350997242091928,0.0291827666679877,8431.504050909916,1.266880765838e-13,0.1938,0.4633,0.9449,0.0938,0.1198,0.0095,1.7446386821666705e-15,0.0087516749929095,0.0137711356049568,0.0451582816971596,0.0756,2.563492063492064,-30.35079705193705,1.0385869154943632,10000,1.260253908056343e-13,1.2921792637949846e-15,1.257231836096606e-13,0.19450001597415903,0.006290112609759759,0.19524803818458353
1032,1.0925534210332808,0.2149512044671729,374.52828836385487,6.642699271569999e-14,0.0192,0.0366,0.9882,0.0166,0.0,0.0002,2.987625790156338e-16,0.0018770957218093,0.0044976080777027,0.0977654021775692,0.0134,1.4328358208955223,-30.415346570676025,0.3732100174208357,10000,6.628515344960554e-14,8.868909169614341e-16,6.604677592884374e-14,0.019295799817160272,0.0018359627002087142,0.021410116280575514
1033,2.846413887813964,0.1124885049052293,53.16296089246622,2.1596757763800002e-17,0.0042,0.0332,0.0,0.0,0.0,0.0,3.3749806900624943e-18,0.0011128161734912,0.1562725630844256,0.2649562317836193,0.0027,1.5555555555555556,-35.51853597483073,1.7105359064218175,10000,9.77661381664689e-16,8.555022468223847e-16,2.631295289907346e-15,0.004198295057066141,0.0011037812995985205,0.004094573988534661
1034,8.532379126791724,0.6408449418745167,79.19871015678444,4.5617827344091687e-17,0.0134,0.0565,0.0,0.0,0.0,0.0,5.2776449156992344e-18,0.001839125400353,0.1156925970167402,0.1372481642054526,0.0089,1.5056179775280898,-35.78932148633551,2.3848139174548875,10000,0.0,8.574870713529785e-16,-4.272513939288576e-16,0.013457475148058309,0.0017997192862294685,0.014755737639496253
1035,2.1790238230391656,0.439911978648959,735.7108246144364,6.0499810920602e-14,0.0789,0.1203,0.9673,0.0417,0.007,0.0004,4.441368067821856e-16,0.0047926794152746,0.0073411271874065,0.0607437188247742,0.0398,1.982412060301508,-30.604599095757315,0.5419706995481596,10000,6.056646476715021e-14,9.122287911949098e-16,6.066271636205571e-14,0.07735836431564529,0.0041991633019121824,0.07226474988567078
1036,6.066257540229375,0.5558290707981498,2351.7784869963493,7.490416766099e-14,0.3023,0.6139,0.8954,0.1366,0.0453,0.0018,8.13717302036309e-16,0.0113791220857298,0.0108634449516764,0.037641819668309,0.1114,2.713644524236984,-30.589968015932023,0.7883581810715727,10000,7.487833006043496e-14,1.011920722046369e-15,7.485241568855225e-14,0.31240906972172,0.006887747343961533,0.318254576803641
1037,7.8949515925519265,0.219934790694176,4950.933608918956,1.0682476766947098e-13,0.3437,0.7641,0.8886,0.1694,0.1338,0.0077,1.3740073776350436e-15,0.0119954749860943,0.0128622547711631,0.0349010037419095,0.1226,2.8034257748776508,-30.426497754516078,0.9742986303458208,10000,1.0613414196560771e-13,1.1794842623032214e-15,1.0573135570740283e-13,0.339996102833635,0.0070134069365547546,0.3380723433691567
1038,8.341121210095462,0.4430381917571442,14.24560879625068,5.5314165e-19,0.0,0.0007,0.0,0.0,0.0,0.0,2.7190744977341146e-19,0.0,0.4915692929169435,,0.0,0.0,-35.07095972111666,1.2574987631681047,10000,0.0,8.525030408552291e-16,-2.9907880795012555e-17,0.0,1e-15,-3.5700053780451935e-05
1039,12.73504893579758,0.6788737150089088,284.08894112323713,9.042574140795756e-14,0.1659,0.2855,0.8136,0.1,0.0,0.0003,3.4530415887568374e-16,0.006823662890085,0.0038186489101354,0.0411311807720617,0.0946,1.7536997885835095,-30.278659395635252,1.3410189441965936,10000,8.938042238709423e-14,9.018000757179953e-16,8.753620394942632e-14,0.1675507568049887,0.005434836817833497,0.17041474307756463
1040,11.47048632060719,0.1379782240036497,771.5027845464656,6.310506669699255e-14,0.2099,0.4394,0.8667,0.1311,0.0218,0.0014,4.736176588701191e-16,0.0079366553440227,0.0075052239647294,0.0378116024012518,0.1089,1.9274563820018364,-30.60402795044326,0.7403566059299799,10000,6.299563895549867e-14,9.175552234328784e-16,6.284410101921404e-14,0.21635603810123888,0.005855615243637866,0.2240685337563313
1041,2.7317609958907787,0.5188444708978223,823.4059196774313,6.220844321684e-14,0.0961,0.1681,0.9565,0.055,0.0087,0.0006,4.828647644994774e-16,0.005358110668416,0.0077620454640916,0.0557555740730074,0.0475,2.0231578947368423,-30.600233017502557,0.5754419444818571,10000,6.202198362786131e-14,9.289991215488155e-16,6.173840414670713e-14,0.09696642380038693,0.004562008583394472,0.09924969193440045
1042,4.812277106664476,0.4792065238778203,3950.2283906058233,8.745686693270002e-14,0.256,0.5192,0.9252,0.1089,0.0613,0.0033,1.1005968558630566e-15,0.0107479277907501,0.0125844532792375,0.0419840929326177,0.0916,2.7947598253275108,-30.53802994079025,0.8555220730034012,10000,8.845763491076578e-14,1.0985469781306123e-15,8.92073799581588e-14,0.2609012758669913,0.006737297278878431,0.2640737397635682
1043,8.047189826825283,0.2448008287098899,258.3436489132417,9.542206837494851e-14,0.0804,0.1854,0.9139,0.0687,0.0,0.0002,2.2784897275522686e-16,0.0047154859326222,0.0023878016546437,0.0586503225450525,0.0459,1.7516339869281046,-30.06612377128116,0.7169188302869488,10000,9.542083949672318e-14,8.682155323937048e-16,9.541890046830856e-14,0.0812290628959062,0.00413648347214484,0.08399683133248749
1044,3.052415711816159,0.5683799531072246,193.44489011979115,8.64587882582821e-14,0.0479,0.1018,0.9551,0.0377,0.0,0.0003,1.5754411817331728e-16,0.0033766402191996,0.0018221874415204,0.0704935327599102,0.0296,1.6182432432432432,-30.12908447119553,0.5248030807746917,10000,8.683021480842037e-14,8.691770681870035e-16,8.750955006554197e-14,0.04805408288819833,0.003149459051619123,0.049084944434859376
1045,11.651563798652171,0.3930065728208826,7832.246812372348,1.48240870859489e-13,0.6227,1.6853,0.8292,0.2596,0.3205,0.0092,1.903504996372432e-15,0.0186726896277369,0.0128406220587889,0.0299866542921742,0.18,3.4594444444444443,-30.2198387970111,1.1309363539804032,10000,1.4647798782746547e-13,1.3072612863044882e-15,1.4582557801459551e-13,0.6039916629096483,0.007896473195884456,0.5999173222123424
1046,14.442082200820405,0.2126242819246949,12.629708435959774,1.0328543000000001e-19,0.0,0.0007,0.0,0.0,0.0,0.0,9.300509401287172e-20,0.0,0.9004667358491099,,0.0,0.0,-37.07848040133278,1.6477133893804747,10000,0.0,8.633498740344323e-16,-9.366674084761092e-17,0.0,1e-15,-7.966732187433823e-05
1047,1.763718443400796,0.6183351926476188,19.314019823555068,3.1603417631000007e-18,0.0001,0.0056,0.0,0.0,0.0,0.0,8.521086895198334e-19,0.0001,0.269625487809266,1.0000000000000002,0.0001,1.0,-35.45072091702238,1.849311886557493,10000,1.0250710817863634e-17,8.714768871360252e-16,2.554825798142259e-17,9.999161872981394e-05,9.999396641741432e-05,3.0542733773092356e-05
1048,7.310947925196991,0.5377682359301043,584.1573414670034,6.1659131377541e-14,0.1744,0.3319,0.8913,0.1057,0.0112,0.0007,4.043984445883707e-16,0.0074862586387888,0.0065586140374282,0.0429257949471837,0.0891,1.957351290684624,-30.57640374719588,0.6394069886870453,10000,6.165827982160677e-14,9.002254749553306e-16,6.165705744675476e-14,0.17526630765359824,0.0056605618982685435,0.17642279760626967
1049,7.134690640214064,0.4891327305736325,1347.8216118749913,6.609878101439699e-14,0.2756,0.4604,0.8872,0.13,0.0335,0.0019,6.121933383716507e-16,0.010604513641415,0.0092617946802726,0.0384779159703012,0.1116,2.469534050179212,-30.624395609876935,0.7116301635658352,10000,6.61001290875403e-14,9.529941512425095e-16,6.610177252241523e-14,0.2773330618250346,0.006705662724805675,0.2784877357163689
1050,13.749325636909544,0.5760540200384464,1436.4558512874169,7.116439775511069e-14,0.5036,0.9467,0.7752,0.2344,0.0587,0.0024,6.538352760567356e-16,0.0145492223842787,0.0091876738465025,0.0288904336463041,0.1922,2.620187304890739,-30.59216686380812,0.8456476248218033,10000,7.098706293108856e-14,9.865578584791667e-16,7.073128654006594e-14,0.5047416380616766,0.007561423669540377,0.5051641060097878
1051,1.5121779849095731,0.1459798019147513,367.56698956796447,6.732700476709999e-14,0.0271,0.0521,0.9856,0.02,0.0003,0.0,2.9781717272740995e-16,0.0025014365309701,0.004423443070988,0.0923039310321078,0.0173,1.5664739884393064,-30.39963798966236,0.3698166776180743,10000,6.725943122388736e-14,8.827307409523335e-16,6.71513627173568e-14,0.02708385261944419,0.0024061803820754077,0.026883868840824443
1052,10.724677821871726,0.6103734405056733,4247.838017707859,1.04554185892169e-13,0.6125,1.4083,0.8123,0.26,0.1531,0.008,1.2457554494637114e-15,0.0177348760238902,0.0119149265888647,0.0289548996308412,0.187,3.275401069518717,-30.39551754999716,0.9541330684083696,10000,1.0440553392014105e-13,1.1505910636619511e-15,1.0430353536840997e-13,0.6222984711252421,0.007810260712728045,0.6246560567016399
1053,11.842420374339364,0.5642082923411789,46.99712226714546,8.237922667e-18,0.0004,0.0153,0.0,0.0,0.0,0.0,1.4645953131574865e-18,0.0002449285589715,0.177786970375973,0.6123213974289768,0.0003,1.3333333333333333,-35.799514256956655,1.615314015215963,10000,0.0,8.574960197246651e-16,-1.9570092752878064e-16,0.0004016565394499493,0.0002448312101498686,0.0024843316881669186
1054,10.285336001364946,0.5349330353253151,18.314640160500904,9.0378985e-19,0.0,0.0018,0.0,0.0,0.0,0.0,3.407536608402084e-19,0.0,0.3770275367002721,,0.0,0.0,-35.23846364683542,1.2498816145048277,10000,3.2436990190340974e-18,8.55774758584763e-16,7.306314167033475e-18,0.0,1e-15,0.00039431565462597074
1055,3.466887293984352,0.2122884441999932,613.2292754906513,6.150194995496e-14,0.0866,0.1514,0.9581,0.0524,0.0069,0.0006,4.168562253227735e-16,0.0052452640810094,0.0067779351000749,0.0605688692957211,0.0447,1.9373601789709167,-30.56903970267382,0.5301113948460069,10000,6.137609095823557e-14,9.03455238598593e-16,6.119599084581581e-14,0.08515826633325278,0.00448653487025915,0.081227952750306
1056,9.324618039159793,0.1583847373708987,80.54281751575523,5.0288560544283986e-17,0.0093,0.0618,0.0,0.0,0.0,0.0,6.0386928957853026e-18,0.0017325273923134,0.1200808460299364,0.1862932679906956,0.0056,1.6607142857142858,-35.73173663166759,1.9958489362107608,10000,0.0,8.523387291855769e-16,-4.545250399809348e-16,0.009348859508373344,0.0016986066448965676,0.010560103492459505
1057,11.45639481098186,0.071534977950323,1259.0147842018737,6.6649987859757e-14,0.2632,0.5782,0.8607,0.1485,0.0364,0.0011,6.002796936783619e-16,0.00942557479128,0.0090064486574469,0.0358114543741644,0.1261,2.0872323552735925,-30.6142942874682,0.7382021541335013,10000,6.657711938176036e-14,9.516116133151856e-16,6.648558627496591e-14,0.2689054202790606,0.006384478816881569,0.273742408984354
1058,8.805671892161062,0.4036479152661066,9381.364037595964,1.466303836669e-13,0.5016,1.3142,0.8681,0.2139,0.2955,0.0118,1.963852433345009e-15,0.0161983327104446,0.0133932162232234,0.0322933267752085,0.1499,3.3462308205470315,-30.24205751141338,1.1006567223161674,10000,1.4743689591303752e-13,1.3162709554816193e-15,1.4771810501441478e-13,0.48645992764031326,0.0077652038214725315,0.48194247071145335
1059,14.259263002623133,0.1012646303099598,137.08360965221,1.554416873848569e-16,0.0384,0.1529,0.0,0.0001,0.0,0.0,1.41423604730062e-17,0.0033066051115511,0.0909817740075816,0.0861095081133119,0.0241,1.5933609958506223,-35.639451046773665,2.2303456310709824,10000,9.60584440524266e-16,8.676150864640411e-16,2.6049480832586915e-15,0.038309224008157394,0.0031045787227578065,0.037633716741367576
1060,10.800587859991822,0.2374132456793089,1774.2588233937895,6.994592621347199e-14,0.3203,0.6742,0.856,0.1637,0.0474,0.0022,6.978081096505781e-16,0.0110291865201169,0.0099763938720447,0.0344339260696751,0.1371,2.336250911743253,-30.613537858894297,0.7671621424265511,10000,7.05625762098013e-14,9.779496703837606e-16,7.125945516363611e-14,0.3289600086521666,0.006807441088378308,0.33428944551867
1061,9.04371141571403,0.4456397434198889,168.20500339848687,4.701015121872852e-14,0.0864,0.1765,0.8784,0.0425,0.0,0.0003,1.5016382842619881e-16,0.0050907853627471,0.0031942851604011,0.0589211268836479,0.0482,1.7925311203319505,-30.872017287418537,1.1850279538714446,10000,4.722383752687204e-14,8.599053653034033e-16,4.75729734464806e-14,0.08429351431937812,0.004382615494107077,0.07826261758728335
1062,11.026547898211028,0.5530634319136535,2592.467987581899,8.173160276535002e-14,0.516,1.0467,0.8221,0.2282,0.079,0.0032,8.824934566392687e-16,0.0159279556119734,0.0107974568805764,0.0308681310309563,0.1713,3.012259194395797,-30.53097305245642,0.8343037225225505,10000,8.161769260936767e-14,1.0435063661515998e-15,8.150193721384732e-14,0.5284729043685782,0.007614999166773224,0.532168554412289
1063,4.75864236003377,0.5081089862484323,66.06117415184396,3.734558800495e-17,0.01,0.0537,0.0,0.0,0.0,0.0,4.234153412486622e-18,0.0017350219105541,0.1133776073341087,0.1735021910554161,0.0064,1.5625,-35.773891314004466,1.9799547780346076,10000,0.0,8.572952066418692e-16,-1.4891618162160279e-15,0.010051309642973518,0.0017012853069511553,0.011332341566727938
1064,9.56283464054772,0.3272733696539357,120.97739957030991,8.616236195748536e-16,0.0404,0.141,0.1038,0.0007,0.0,0.0,2.6297789878524524e-17,0.00331932007926,0.0305212035523126,0.0821613881004959,0.0246,1.6422764227642277,-33.966812527114065,2.0361959935575227,10000,2.5256391635770305e-15,8.542932738304829e-16,5.3461284055498765e-15,0.040133165435630974,0.0030973639991553874,0.03833574831653917
1065,9.088378166891845,0.2951409952185613,14.716746238629034,5.1071321000000015e-19,0.0,0.0008,0.0,0.0,0.0,0.0,3.001808153093759e-19,0.0,0.5877678693867657,,0.0,0.0,-35.508602286790705,1.6667149308714864,10000,9.398350416285928e-18,8.532887936066404e-16,2.4310435261896018e-17,0.0,1e-15,2.0117706924394074e-05
1066,4.293226498625256,0.6328318291775419,56.816828060608,2.9184673671e-17,0.0053,0.0423,0.0,0.0,0.0,0.0,3.308948244175154e-18,0.0010522840539383,0.1133796554135592,0.1985441611204513,0.0037,1.4324324324324325,-35.57983845298007,1.7162357436634252,10000,0.0,8.622418657829921e-16,-1.832846888616963e-15,0.005341390501937886,0.0010448465025242866,0.008238402077769796
1067,8.355387768438966,0.0233722158672336,5478.99891921262,1.1425111333451e-13,0.3366,0.7627,0.898,0.1511,0.1381,0.0085,1.4831476206857689e-15,0.0118433133204792,0.0129814719296724,0.0351851257292906,0.124,2.714516129032258,-30.38376224128873,0.9908000905559,10000,1.137985657885098e-13,1.2214578106636471e-15,1.1354463929857037e-13,0.32501275175993455,0.007147115913222035,0.3183759195673027
1068,8.028669772617617,0.2802722047518948,65.1617542308133,2.9020339567240603e-17,0.0066,0.045,0.0,0.0,0.0,0.0,3.321988665973157e-18,0.0011383205073079,0.1144710473933654,0.172472804137562,0.0045,1.4666666666666666,-35.73474480951388,2.0965276912593764,10000,1.127986853875548e-16,8.514277149314517e-16,2.498041267492315e-16,0.006605330468636351,0.0011285097794458657,0.00691058056564986
1069,5.190082669585436,0.1558155725813396,89.49716802886934,1.2627415893541334e-14,0.0193,0.0859,0.9093,0.0071,0.0,0.0,4.450742103660211e-17,0.002143177622371,0.0035246658074647,0.1110454726617133,0.0131,1.4732824427480915,-32.10711292031446,0.9121523411713492,10000,1.1509712325417262e-14,8.607332162185451e-16,9.453997030420774e-15,0.019246238318650744,0.002080517269608959,0.01836695239915162
1070,5.336717444352065,0.3398727402900155,8638.109447419933,1.3251653907219998e-13,0.288,0.6824,0.9216,0.1296,0.1678,0.0102,1.832218451255152e-15,0.0111713060923054,0.0138263379355001,0.0387892572649494,0.1021,2.820763956904995,-30.32493307171285,1.0592860791291692,10000,1.3257710795694073e-13,1.2872856026128429e-15,1.3260038130887576e-13,0.2815289812510983,0.0068910135620502844,0.27755439530723003
1071,5.175824676106116,0.4525983297852067,917.2847995095544,6.2306738239505e-14,0.1726,0.2973,0.918,0.0904,0.0172,0.0011,5.031652777510631e-16,0.0074743903196892,0.008075615767542,0.0433046947838314,0.0823,2.097205346294046,-30.620878733444226,0.6350485601462875,10000,6.261034878703646e-14,9.21161299988686e-16,6.300475762086628e-14,0.17389519498187173,0.005652272759828291,0.1756252130696491
1072,12.159355182088047,0.493260603103953,720.1762958802707,6.176978666060248e-14,0.2983,0.539,0.8207,0.1598,0.0231,0.0021,4.538784661994575e-16,0.0098803579463152,0.0073479040601729,0.0331222190624044,0.1412,2.1126062322946177,-30.64703380516883,0.8714626330941669,10000,6.191499335409303e-14,9.14557981519059e-16,6.2123207085032e-14,0.2962952586575478,0.0065096933526444,0.29475751637268643
1073,12.103581061494683,0.0904053520835648,5039.370156086068,1.1148483326166003e-13,0.4515,1.0209,0.8519,0.2101,0.1696,0.0092,1.3818368559225637e-15,0.0145446185784625,0.0123948416613704,0.0322139946366834,0.1574,2.8684879288437104,-30.37883087180551,0.9860415762526168,10000,1.1241471404186845e-13,1.194286145882006e-15,1.129893573549597e-13,0.43898644453450747,0.007508962368182763,0.4344391105717097
1074,4.446240686955789,0.1564754090524741,11.36899275807979,1.6541269999999997e-19,0.0,0.0003,0.0,0.0,0.0,0.0,1.4191016409836657e-19,0.0,0.8579157712700811,,0.0,0.0,-35.04806657588472,1.1913633836149031,10000,5.25831860265999e-18,8.576431950945562e-16,1.4331123831637216e-17,0.0,1e-15,0.0004725414625910973
1075,7.320460216842741,0.615217317884557,878.2341582023171,6.33132421201778e-14,0.2473,0.4557,0.8791,0.1229,0.0199,0.0015,5.010455633078042e-16,0.0093489577655014,0.0079137562148017,0.0378041155095085,0.1089,2.27089072543618,-30.615563650572703,0.7105322176078038,10000,6.332633541538573e-14,9.263065764270688e-16,6.334445616388564e-14,0.25712561603379436,0.006356469563449459,0.26557275283972454
1076,7.909951123317373,0.0529743612341982,468.9443415516964,6.362136519393399e-14,0.0952,0.2202,0.9263,0.0803,0.0032,0.0003,3.5803586317921447e-16,0.0052054207938037,0.0056276042189259,0.0546787898508793,0.0528,1.803030303030303,-30.513116467838557,0.6121130105519501,10000,6.343334775292935e-14,8.977219710564833e-16,6.312984602148432e-14,0.09746918877568853,0.00447184713135702,0.10386135454350959
1077,1.0829535171409244,0.0660247913379389,294.9851383829722,7.526377003549999e-14,0.0166,0.0333,0.9911,0.0115,0.0,0.0002,2.3607565462842667e-16,0.0019320500205036,0.0031366440256324,0.1163885554520273,0.0106,1.5660377358490567,-30.260969825769987,0.3075889716062661,10000,7.487760716759673e-14,8.95674595723877e-16,7.402131702932592e-14,0.016690330486835794,0.001890773892113293,0.01873691788707954
1078,10.574466968385623,0.332204811720005,94.20886757384189,5.748865704770001e-17,0.0192,0.0766,0.0,0.0001,0.0,0.0,5.918768931688614e-18,0.0023374521103622,0.1029554217413295,0.1217422974146992,0.011,1.7454545454545454,-35.78538671130271,1.95981435460268,10000,0.0,8.518563376957346e-16,-4.521264515301578e-16,0.019018716460787084,0.002255880099566579,0.016556527539344168
1079,3.5173412628891905,0.538367571315655,693.9941966412764,6.150433261425e-14,0.1146,0.2064,0.946,0.0636,0.0071,0.0005,4.475492435799147e-16,0.0059841678641647,0.0072767108357537,0.0522178696698498,0.0547,2.095063985374772,-30.591367302592083,0.5609994543222482,10000,6.131992114785966e-14,9.108494337434048e-16,6.106078443434012e-14,0.11376764922659553,0.004921050171852206,0.11202902280905125
1080,13.498282995845004,0.406203949241377,4657.594553098647,1.1075795704246e-13,0.6187,1.4185,0.8029,0.2712,0.1837,0.0078,1.3343084928924518e-15,0.0172806508294482,0.0120470666715253,0.0279305815895396,0.1957,3.161471640265713,-30.364087207051828,0.9760999078376694,10000,1.1140438225554665e-13,1.1690912124524887e-15,1.1179689701663866e-13,0.6105123707976483,0.007789550063913948,0.6084244764730876
1081,2.947867367545606,0.5151464104852651,2182.164885943088,7.068187764059999e-14,0.1616,0.3019,0.9489,0.071,0.0231,0.001,7.653419495657815e-16,0.0077002904781147,0.010827979888386,0.0476503123645714,0.0684,2.3625730994152048,-30.62778980640496,0.73771400841412,10000,7.04110785247593e-14,1.0172419708102682e-15,7.007325636009074e-14,0.158835023161083,0.005779899027759395,0.15526684739373955
1082,5.747441654743293,0.2735591101443709,229.21400691968864,9.8231650268499e-14,0.0692,0.1375,0.937,0.0552,0.0,0.0002,2.0572564282870359e-16,0.0044992399709319,0.0020942908142781,0.0650179186550857,0.0377,1.8355437665782488,-30.01530950735016,0.5813341825966192,10000,9.832472252435862e-14,8.664864805482603e-16,9.847513005731532e-14,0.06889222797263597,0.0039902945385008265,0.06775804283051913
1083,11.6635893138982,0.5492800324554266,13.08862346300756,1.2421471e-19,0.0,0.0004,0.0,0.0,0.0,0.0,1.057528550041568e-19,0.0,0.8513714277814343,,0.0,0.0,-36.3562552349247,1.9015263308468344,10000,6.880849912198938e-18,8.587588313343293e-16,1.910387959629249e-17,0.0,1e-15,3.8563698826432624e-05
1084,13.55080474299506,0.4417051447595059,1116.6713645475347,6.636811270400402e-14,0.3866,0.7234,0.7996,0.1923,0.0453,0.0016,5.77625385316297e-16,0.0117646880446732,0.0087033571060315,0.0304311641093463,0.171,2.2608187134502926,-30.624602514688736,0.8202893960400258,10000,6.652513129463885e-14,9.444822972662886e-16,6.672457515761374e-14,0.388827465407658,0.007008462954505557,0.39005280639114737
1085,13.975162655837543,0.0181526636429346,10.031884030301336,7.537870000000001e-22,0.0,0.0001,0.0,0.0,0.0,0.0,7.53787e-22,0.0,1.0,,0.0,0.0,-39.42659202515043,,10000,6.192319176165329e-17,8.713277510862256e-16,1.952441662066689e-16,0.0,1e-15,0.00023542617352298456
1086,2.124057045561288,0.644913278274698,20.037399919413968,3.9982707070000015e-18,0.0004,0.007,0.0,0.0,0.0,0.0,1.0208890525983113e-18,0.0003162182780927,0.2553326493903933,0.7905456952318601,0.0002,2.0,-35.199037483393695,1.6931620495432769,10000,9.618177502620489e-18,8.67136832261741e-16,2.1032479100187204e-17,0.00039973725891261693,0.0003160258035001614,0.00018410442040711628
1087,5.221502913995612,0.6644998373565715,4645.643014982237,9.976533197069998e-14,0.3413,0.7011,0.9049,0.1398,0.1021,0.0059,1.279506834553194e-15,0.0133663494241955,0.0128251649072743,0.0391630513454308,0.1073,3.180801491146319,-30.46594997113275,0.9266254628678406,10000,1.0000124415757941e-13,1.1687391260360235e-15,1.0016528548465986e-13,0.34535288387781193,0.0073616742351875,0.3471175800172603
1088,7.875505507421405,0.1912268962762869,412.6885714889565,6.6279127610589e-14,0.0939,0.2051,0.9184,0.0818,0.0013,0.0001,3.2772757021119384e-16,0.005195284217231,0.0049446572703355,0.055327840439095,0.0519,1.8092485549132948,-30.457542518543875,0.6061277193481214,10000,6.620000125900063e-14,8.841997655878646e-16,6.608145805315553e-14,0.09525980333729187,0.004452202037050464,0.09901969053504941
1089,12.024874827925162,0.4839559469765298,31.31263679535954,2.353115083e-18,0.0007,0.0054,0.0,0.0,0.0,0.0,6.461015286179473e-19,0.0005195940702122,0.27457285590734,0.7422772431604224,0.0003,2.333333333333333,-36.12982477488604,1.6138204376274503,10000,0.0,8.527030667682791e-16,-9.723366777259319e-17,0.0006966713260944371,0.000518660216219679,-0.00022686591401605005
1090,7.281709641954374,0.5867891108317115,1034.4670909226982,6.4609059412343e-14,0.281,0.471,0.8794,0.1312,0.0276,0.0014,5.450904110274308e-16,0.0103747126931952,0.0084367489015525,0.0369206857409083,0.1146,2.452006980802792,-30.60919258401205,0.6772260070901598,10000,6.466614945503772e-14,9.36266537020184e-16,6.474114129632608e-14,0.2803470708651059,0.006644715745468248,0.2798929563178614
1091,10.018707353804004,0.1238047445178345,1420.2355450423536,6.74328874395566e-14,0.2717,0.536,0.875,0.1401,0.0429,0.0007,6.328904415918712e-16,0.0100128885339685,0.0093854863053159,0.0368527365990746,0.1203,2.258520365752286,-30.61757432820045,0.7457431812013758,10000,6.74310017823067e-14,9.588889550133354e-16,6.742874419059614e-14,0.2716738472711645,0.0065447679398365965,0.27165433928419
1092,9.796820959254088,0.6026844326591598,37.96228506078905,5.2113088057e-18,0.0011,0.0109,0.0,0.0,0.0,0.0,1.0923732769283438e-18,0.0004357728649181,0.2096159175471492,0.3961571499255989,0.0008,1.375,-36.03511467621987,2.0020277495123624,10000,0.0,8.582747800355728e-16,-2.890068519409687e-17,0.0010986257293956116,0.00043522829878765837,0.0005497966091605466
1093,9.464350929124691,0.0729565012442344,296.43725295366505,7.92766560220474e-14,0.0933,0.1999,0.9096,0.0773,0.0001,0.0002,2.3432332000970513e-16,0.0051674153324579,0.0029557669529418,0.0553849446136975,0.0521,1.7907869481765837,-30.26087762814546,0.7501470935371377,10000,7.883987965787172e-14,8.727087032520975e-16,7.811968185963617e-14,0.09110865833086142,0.004444856389552991,0.08487524041336839
1094,14.568094072856557,0.1156893593965918,35.28730942531114,3.385157827e-18,0.0005,0.0074,0.0,0.0,0.0,0.0,8.516507739457602e-19,0.0005,0.2515837717086626,1.0,0.0001,5.0,-36.25925650729294,1.8220312744167124,10000,7.856020279349233e-18,8.705700061345892e-16,1.7380664061653283e-17,0.0004985389569573161,0.000499212710620758,3.568717830740309e-05
1095,14.406038511479624,0.296973377572571,20.19100285399795,8.314592700000002e-19,0.0,0.0016,0.0,0.0,0.0,0.0,4.4004738239491e-19,0.0,0.5292470699074772,,0.0,0.0,-35.449441471954394,1.430026418854126,10000,3.3977299264222054e-18,8.691732456702769e-16,8.759551932894453e-18,0.0,1e-15,-0.000470087520758139
1096,14.6911583948861,0.0081977588389856,225.57684089356863,7.319993082939685e-14,0.0797,0.2364,0.8641,0.075,0.0,0.0001,2.2750704363216677e-16,0.0044762478349023,0.003108022658688,0.0561637118557383,0.0488,1.6331967213114753,-30.40081968679126,1.0712373585333237,10000,7.393826441026925e-14,8.970474783014063e-16,7.564102605080277e-14,0.0806753620719401,0.0040589908856144144,0.0851875041373373
1097,7.787942381240011,0.3553297875828404,72.27978773048244,3.56683303459e-17,0.0077,0.0541,0.0,0.0,0.0,0.0,4.4067152069892655e-18,0.0011934041316092,0.1235469999367606,0.1549875495596486,0.0057,1.350877192982456,-35.79729980492236,1.9004699019245328,10000,0.0,8.528374506034258e-16,-9.62170304293644e-16,0.007754013957399794,0.0011821254886414119,0.010571202164294885
1098,14.930121500565154,0.360282394785945,16.38654562617139,4.107363800000001e-19,0.0,0.0012,0.0,0.0,0.0,0.0,2.5542910152420843e-19,0.0,0.6218808801991399,,0.0,0.0,-36.15849011128175,1.6806612327837536,10000,1.0966023740642357e-17,8.694473234822764e-16,3.3103940935898825e-17,0.0,1e-15,-7.332840851517752e-05
1099,10.33802819076904,0.4179096961139851,10.278909486724451,1.48123e-21,0.0,0.0003,0.0,0.0,0.0,0.0,1.4812300000000002e-21,0.0,1.0000000000000002,,0.0,0.0,-38.751073757198334,,10000,0.0,8.700990763861167e-16,-6.009806432794956e-17,0.0,1e-15,-0.00011356693106157056
1100,12.13520324687568,0.5911177188131752,1366.1177112004682,6.814538044737899e-14,0.474,0.8185,0.7933,0.2137,0.0552,0.0019,6.29336161373511e-16,0.0137721228260829,0.0092351991762592,0.0290551114474322,0.1831,2.588749317312944,-30.61995330776343,0.8082268919747442,10000,6.851467769824053e-14,9.622965309617967e-16,6.897767943555502e-14,0.46788504710239803,0.0073630672529121765,0.46543761611046663
1101,2.344005516696382,0.0379312781532978,27.791070277212185,4.1756392464e-18,0.0001,0.0102,0.0,0.0,0.0,0.0,8.974265429550994e-19,0.0001,0.2149195584194227,1.0,0.0001,1.0,-35.74069303908791,1.6212938951182074,10000,5.41383738561974e-17,8.649472386549223e-16,1.5258255675357245e-16,0.00010006234629960776,9.999373598876661e-05,0.0005976703428167696
1102,5.451422402214428,0.0807214326034852,3654.2710908657928,8.188740387599e-14,0.2107,0.4459,0.9283,0.1045,0.0537,0.0022,9.980969755993017e-16,0.0092735727157925,0.0121886508590602,0.0440131595433911,0.085,2.478823529411765,-30.56761224544113,0.8241633383363507,10000,8.263826742313682e-14,1.0801786684989819e-15,8.331840791553183e-14,0.21464749287905513,0.0063738713762038985,0.2181820195897613
1103,1.7553320646660886,0.5511644187668056,6196.210836226574,1.115205564e-13,0.1013,0.226,0.9702,0.0545,0.0468,0.0074,1.5219968459001038e-15,0.0058298567497814,0.0136476798092813,0.0575504121399945,0.0434,2.334101382488479,-30.424508166829995,0.9769004307626152,10000,1.1093989400260084e-13,1.241527808663909e-15,1.1061076073922114e-13,0.10313411199337974,0.004882642814722921,0.10744331411439792
1104,4.000236828710351,0.3889122351653485,59.07669774047866,3.23592428573e-17,0.0075,0.0425,0.0,0.0,0.0,0.0,4.463620178761927e-18,0.0013581455945316,0.1379395741255722,0.18108607927088,0.0047,1.5957446808510638,-35.76201790245748,2.00202863632854,10000,0.0,8.521748455929012e-16,-1.0608877980013438e-15,0.007497299340767781,0.00134169476456872,0.007387840375052551
1105,5.516736256270856,0.2824558517922438,212.71417320137107,9.047347850496e-14,0.0592,0.1298,0.936,0.0535,0.0,0.0004,1.8877676724419674e-16,0.0040486016249455,0.0020865426019167,0.068388540961918,0.0348,1.7011494252873562,-30.09790903686367,0.6038819178427351,10000,9.121979805797682e-14,8.641266965337542e-16,9.242801417652113e-14,0.06018043944611717,0.0036660858333529287,0.06464581847159792
1106,1.1952014620171616,0.3587214292157046,446.6579503520255,6.256076389650001e-14,0.0204,0.0487,0.986,0.0189,0.0007,0.0002,3.3260654581017447e-16,0.0019694597932396,0.0053165358779895,0.0965421467274357,0.0135,1.511111111111111,-30.492872050512364,0.3956395979722252,10000,6.259002836525329e-14,8.951085021570573e-16,6.26394599183103e-14,0.02069821672749538,0.0019216022556413567,0.026611660807274423
1107,5.121282334252941,0.4775364155752959,166.87731448163473,6.452190169849587e-14,0.0645,0.121,0.9334,0.0405,0.0,0.0003,1.3771729467371955e-16,0.0045886905112527,0.0021344270867473,0.0711424885465538,0.034,1.897058823529412,-30.44635215963001,0.6874515557741745,10000,6.430641500484761e-14,8.576639511659017e-16,6.39585355850292e-14,0.06376013398115188,0.004053443426915214,0.06113213005229658
1108,9.935693131831208,0.3962714587052134,4733.550291091,1.1008188145589999e-13,0.5019,1.0732,0.85,0.2094,0.1559,0.0074,1.3614303145634233e-15,0.015891661130585,0.0123674331920719,0.0316630028503388,0.1606,3.1251556662515565,-30.38155905683872,0.972681240124289,10000,1.0865331342581141e-13,1.1703798350657331e-15,1.0783506526934109e-13,0.47945521398897045,0.007579458496444097,0.47284612044638863
1109,4.025411460539435,0.3446303124551007,4183.636349857102,8.912336557989999e-14,0.1968,0.3947,0.9405,0.0905,0.0555,0.0041,1.1378827159099516e-15,0.0092040994966783,0.0127675016367041,0.0467687982554793,0.0751,2.6205059920106524,-30.531266869490494,0.8657987083636022,10000,8.961449564908248e-14,1.1317442901322673e-15,9.002089276781081e-14,0.19963842731121084,0.006319159375361206,0.20216933724866504
1110,2.652521307297836,0.4511383469255426,1570.1733321867691,6.541141193443e-14,0.1246,0.2065,0.9566,0.0566,0.0176,0.0012,6.47744241394441e-16,0.0064024669587836,0.0099026182471608,0.0513841649982633,0.0585,2.12991452991453,-30.643965909133577,0.6752701637996428,10000,6.515471400965094e-14,9.61040458317289e-16,6.485752067315424e-14,0.12194563749931606,0.005157358346318446,0.11704044176636633
1111,1.0724017089324198,0.3894955458047464,2737.141822934564,7.07685784e-14,0.0581,0.1097,0.9825,0.0287,0.0096,0.0008,8.181570566464262e-16,0.0042064484331609,0.0115610215033855,0.0724001451490694,0.0292,1.9897260273972603,-30.648284127365255,0.7416320997754255,10000,7.037505370822513e-14,1.04607441490299e-15,6.986201749443436e-14,0.05882495280526559,0.0038104192762197387,0.0621402570325931
1112,6.044436436578526,0.2385212074550499,82.30293513417986,5.365126636112585e-17,0.0137,0.0698,0.0,0.0,0.0,0.0,5.988399471528139e-18,0.0018951491126072,0.1116171132144452,0.1383320520151249,0.0086,1.5930232558139534,-35.78462833329028,2.2183129089964293,10000,0.0,8.556701244990785e-16,-4.580718253617886e-16,0.013803397907632313,0.001851046499357421,0.01594772796400379
1113,3.6551394743257135,0.4231079351549453,731.739423476283,6.123083083299e-14,0.106,0.1814,0.9507,0.0588,0.0095,0.0006,4.530989294672784e-16,0.0058085948367395,0.0073998494435446,0.0547980644975432,0.0519,2.042389210019268,-30.59875918226572,0.5515298740351066,10000,6.125031605318111e-14,9.126784375585401e-16,6.127774391823158e-14,0.10749957130857618,0.0048203575383670375,0.1108167886304569
1114,12.329195719209308,0.0564183618747886,161.06234186478648,3.770862979300264e-14,0.0525,0.1705,0.8801,0.0365,0.0,0.0002,1.2143541781136739e-16,0.0036899507549095,0.0032203614524837,0.0702847762839909,0.0325,1.6153846153846154,-31.05514189803566,1.0925865240927295,10000,3.737774903759035e-14,8.708154163614002e-16,3.6725323546583194e-14,0.05284395485510775,0.0034092835757928396,0.05485038736217522
1115,10.30839571586619,0.0500287549061576,24.82108434122356,2.93918921e-18,0.0001,0.0048,0.0,0.0,0.0,0.0,9.673459378208557e-19,0.0001,0.3291199949052806,1.0000000000000002,0.0001,1.0,-35.637209596958705,1.6906736043874775,10000,3.2685942959257585e-17,8.607877356568141e-16,8.802476855291053e-17,0.0001000507437929019,9.999360048305493e-05,0.000496478492581276
1116,2.9061107355610227,0.5304167353060049,392.5855086826016,6.605462167844e-14,0.0554,0.108,0.9616,0.0444,0.0006,0.0001,3.122715088616481e-16,0.0036296558294339,0.004727474034774,0.0655172532388803,0.0324,1.7098765432098766,-30.43870605660861,0.4790391880650679,10000,6.596823329345952e-14,8.845750052015646e-16,6.583238144360554e-14,0.05537266996999626,0.0033476662679290696,0.05521700079750887
1117,2.865583073126252,0.5730485961194263,4298.749246437112,9.170764670616e-14,0.1808,0.3667,0.9476,0.0876,0.0478,0.0041,1.196506870811604e-15,0.0085145983956134,0.0130469695143887,0.0470940176748534,0.0691,2.6164978292329955,-30.521928525876454,0.8845373680237971,10000,9.084317458690507e-14,1.1380683789321577e-15,9.021343857491847e-14,0.17806723400262298,0.006084294812148023,0.17521593681774006
1118,4.887375414148159,0.30876705184096,48.62714825358876,1.3576427851999998e-17,0.0017,0.0286,0.0,0.0,0.0,0.0,2.0645224260125977e-18,0.0005742333797311,0.1520666885662759,0.3377843410183136,0.0012,1.4166666666666667,-35.797230050962426,1.5707121367885863,10000,0.0,8.536404466239222e-16,-9.39206720061649e-16,0.001704933221466675,0.000572968142037409,0.002820716186666794
1119,13.614180981280736,0.4808169600257968,3331.701433368783,8.981873835637194e-14,0.5811,1.3492,0.7926,0.267,0.1167,0.0048,1.0026964816921356e-15,0.0163764800219641,0.0111635556237024,0.0281818620236863,0.196,2.964795918367347,-30.478815706983248,0.90574928629818,10000,9.034586570477928e-14,1.0849522937982785e-15,9.083214715287159e-14,0.6057672119085387,0.007711737767547327,0.612795737874266
1120,2.1730314012936525,0.4627717665874981,3394.921247640096,7.793981229549999e-14,0.1346,0.252,0.962,0.0606,0.0272,0.0018,9.581642375926833e-16,0.0069550788142285,0.0122936431250297,0.051672205157716,0.0567,2.3738977072310408,-30.60007526938853,0.7934761157147334,10000,7.788516134161523e-14,1.0614017616210941e-15,7.783586748899735e-14,0.13010816474470113,0.0054464703636496106,0.1229861702569905
1121,4.205099963633019,0.5934531400403025,971.2686346831274,6.342778916854999e-14,0.1665,0.2831,0.9254,0.087,0.0159,0.0003,5.263880776593696e-16,0.0073988681110648,0.0082990134854073,0.0444376463127018,0.0786,2.118320610687023,-30.6165923878777,0.6523791301838653,10000,6.325820303986671e-14,9.308899358035474e-16,6.303302696306051e-14,0.1675257299108731,0.005630233491267987,0.16893675013687745
1122,2.253522246543596,0.4425645416159911,621.9133770736966,6.033308063883002e-14,0.0615,0.1112,0.9677,0.0408,0.0047,0.0003,4.093948833712503e-16,0.0041223141980488,0.0067855789732004,0.0670294991552651,0.0334,1.841317365269461,-30.586499234547787,0.5233550933868758,10000,6.046388044643885e-14,9.050852100291677e-16,6.065937878841682e-14,0.06213363153283864,0.0037239426163904544,0.06494483236985416
1123,12.662550275789696,0.1792500704966016,89.9347203667311,6.2014035082089e-17,0.0129,0.0649,0.0,0.0,0.0,0.0,8.24614144465225e-18,0.002013396229369,0.1329721801481986,0.1560772270828747,0.0075,1.72,-35.709185291388664,2.041165134572067,10000,1.7903102077372943e-16,8.569528548503321e-16,3.8544546238834424e-16,0.012693064889603041,0.00196107833935085,0.008865750610422385
1124,7.712018469832813,0.5356571835267033,13.212515285072689,2.687049e-20,0.0,0.0004,0.0,0.0,0.0,0.0,2.2998640258941223e-20,0.0,0.8559069916083117,,0.0,0.0,-36.859002903000444,1.1779798706374462,10000,0.0,8.595224088306195e-16,-2.2838966423892732e-17,0.0,1e-15,-0.00019719458107975152
1125,2.078706193330052,0.0410619396425739,2755.301991591913,7.214408936059999e-14,0.0908,0.1711,0.9748,0.0386,0.0137,0.0002,8.341728510953475e-16,0.0053905882651325,0.0115625945034232,0.0593677121710629,0.0429,2.1165501165501164,-30.632106014259403,0.7505940780246287,10000,7.182484691354603e-14,1.0416861834421852e-15,7.144588899812528e-14,0.09110719287270445,0.004627344206281515,0.09196745977562763
1126,4.28108736454488,0.4223546748041783,10.602945087252127,2.223465e-19,0.0,0.0003,0.0,0.0,0.0,0.0,1.936048847286216e-19,0.0,0.8707350227173426,,0.0,0.0,-34.79611293779305,1.2795448034459775,10000,0.0,8.596542459982348e-16,-1.4806522511794272e-16,0.0,1e-15,0.0001719875125479331
1127,2.5039147594481177,0.4769695515321353,425.4870388370092,6.449016649771999e-14,0.0575,0.1081,0.9634,0.0431,0.0012,0.0004,3.3641451255563077e-16,0.0038079948900317,0.0052165241745425,0.0662259980875094,0.0336,1.7113095238095235,-30.475190882487155,0.5012226050526133,10000,6.432808422975557e-14,8.86021741239485e-16,6.4085926223726e-14,0.05618048124297147,0.0034851828229287246,0.049372785446263154
1128,1.222108340646568,0.4700802178650173,555.77888590838,6.04586054192e-14,0.034,0.0603,0.9828,0.0214,0.0023,0.0008,3.794267368403347e-16,0.0028116170647959,0.0062758102706722,0.0826946195528226,0.0201,1.691542288557214,-30.56201546577339,0.4720890637898537,10000,6.036840591106849e-14,9.057179909819376e-16,6.021862653135765e-14,0.034172299762930014,0.002679086032937004,0.035871765685525664
1129,12.947184389785376,0.3558616730378217,135.97622270570017,1.456051528251538e-16,0.0388,0.1529,0.0,0.0001,0.0,0.0,1.3222877555055285e-17,0.0028688462886503,0.0908132528175952,0.0739393373363488,0.0272,1.4264705882352942,-35.69464301722025,2.152995735675357,10000,5.454430088452729e-16,8.520612186569011e-16,1.2044680998410516e-15,0.03950590345439624,0.0027228572821322173,0.04591697717215526
1130,2.044042654652721,0.0085406376679462,38.3752997485252,1.1544613511e-17,0.001,0.0198,0.0,0.0,0.0,0.0,1.7266980553482145e-18,0.0004689584120145,0.1495674197930466,0.4689584120145622,0.0006,1.6666666666666667,-35.50063705767345,1.6741602262533295,10000,4.065976461015344e-17,8.621968816492327e-16,9.588638229992705e-17,0.001000213537861521,0.00046832338514119116,0.0010789007739141487
1131,12.946402124808,0.5955877921677701,130.06071562645678,1.824145816385859e-16,0.0491,0.1229,0.0,0.0002,0.0,0.0,1.666069052944172e-17,0.0035510815279294,0.0913342035476702,0.0723234527073208,0.0292,1.6815068493150684,-35.52575428150605,2.3235185049729328,10000,0.0,8.53677907908839e-16,-2.6295975652003103e-15,0.04887582468688574,0.003287802790902618,0.04752996972177853
1132,14.112635372347212,0.1450819206456171,77.73490744435394,2.89768649761e-17,0.0054,0.0395,0.0,0.0,0.0,0.0,4.531234615573768e-18,0.001147700188016,0.1563742185122894,0.2125370718548305,0.0035,1.542857142857143,-35.93941251711059,1.957514965818039,10000,1.0243905373670194e-16,8.628349647717656e-16,2.4300442431917063e-16,0.005372748422866887,0.0011381161900036625,0.003761447006413954
1133,10.691285675158303,0.366767880539519,13.253517458193404,1.946928e-19,0.0,0.001,0.0,0.0,0.0,0.0,1.202290496702909e-19,0.0,0.6175320796161488,,0.0,0.0,-35.67841056717247,1.1779345062467927,10000,0.0,8.534003334791772e-16,-2.4392264868645168e-17,0.0,1e-15,-0.0001545202982701499
1134,8.433781377420114,0.0807766412257762,438.7771654625478,6.44617917313842e-14,0.1056,0.2406,0.9125,0.0913,0.0019,0.0004,3.3716808003214753e-16,0.0058058793324941,0.0052305105237711,0.0549799179213458,0.0569,1.8558875219683653,-30.49318979676377,0.6168959168551796,10000,6.449507717648106e-14,8.902804342467903e-16,6.454735515191439e-14,0.104688072100236,0.004828386064392373,0.102642837135942
1135,1.944416594155532,0.0450259138484192,2096.508264361681,6.751015717589999e-14,0.0839,0.1446,0.9753,0.0325,0.013,0.0003,7.224255694190573e-16,0.0049323941297492,0.0107009907788653,0.0587889645977267,0.0419,2.0023866348448687,-30.650975014189434,0.7051246911282227,10000,6.745755388649989e-14,9.926487097104485e-16,6.739551391752219e-14,0.0841706453392309,0.004318293864236923,0.08505905162028564
1136,6.091277561963496,0.1492862880236924,14.082582615458378,1.5213484e-19,0.0,0.0007,0.0,0.0,0.0,0.0,1.2273236481172456e-19,0.0,0.8067341104228628,,0.0,0.0,-36.69676274061745,1.4625071778627123,10000,0.0,8.541469703214931e-16,-2.991127877415225e-17,0.0,1e-15,-0.00041267919785784035
1137,10.360082879287196,0.4547614526174996,41.104676638192736,5.697598429000001e-18,0.0009,0.0117,0.0,0.0,0.0,0.0,1.035112638215473e-18,0.00043581876256,0.1816752533746307,0.4842430695111752,0.0005,1.8,-35.85362485223303,1.6187859274031522,10000,0.0,8.53898198452644e-16,-1.8618222579191754e-16,0.0008995007071900055,0.00043526617001124896,0.0007029839387486247
1138,4.917204550090768,0.3839583624516874,13.327845109707171,2.1326912000000001e-19,0.0,0.0007,0.0,0.0,0.0,0.0,1.6399890403378268e-19,0.0,0.7689763245320406,,0.0,0.0,-36.42569084546181,1.6821186738511358,10000,0.0,8.510621733471212e-16,-8.302072513375865e-17,0.0,1e-15,-0.0004427144639902736
1139,7.507323324021123,0.5105065919545477,5758.368222025163,1.2254137675265e-13,0.4238,0.9551,0.877,0.1878,0.171,0.0091,1.553084531719334e-15,0.0139806617114566,0.0126739601992087,0.0329888195173587,0.137,3.093430656934306,-30.33268779560093,1.029842886521698,10000,1.2194189370852656e-13,1.2171559992162945e-15,1.2165756873084847e-13,0.4250068710153063,0.007342134400281062,0.4254664811716137
1140,3.3999661681804234,0.5962402744319989,699.3297307240575,6.029900603249e-14,0.1161,0.2077,0.94,0.0681,0.0094,0.0009,4.3314758731090046e-16,0.0059804394124141,0.0071833288110506,0.0515111060500788,0.0585,1.984615384615385,-30.60522074351981,0.5589826010293317,10000,6.058223578075927e-14,9.095350308020358e-16,6.099393611499098e-14,0.11580438283973549,0.0049276320339976054,0.1151793407163201
1141,6.362908945037433,0.1749280442549781,270.9833922900004,8.427644943368337e-14,0.0719,0.1488,0.9335,0.0602,0.0,0.0,1.9905241665923556e-16,0.0043353106569021,0.0023618984662597,0.0602963930028112,0.0414,1.7367149758454106,-30.16457885024196,0.5745943978993918,10000,8.563531611253204e-14,8.68406376965603e-16,8.79176937295945e-14,0.07160556501487239,0.0038751081212159465,0.07043541176097959
1142,3.192527309704652,0.2417900463274818,1514.0890565024863,6.52461424135e-14,0.1303,0.2127,0.9527,0.0625,0.0167,0.0008,6.428627302199564e-16,0.0066194087845717,0.0098528848823856,0.0508012953535821,0.0614,2.1221498371335503,-30.644285988722217,0.6697051124193429,10000,6.497959540534586e-14,9.593348711811611e-16,6.467056163577183e-14,0.12771292552299202,0.005261438605949164,0.12327397509134619
1143,6.4056649440545606,0.0884041535436472,18.06694834267473,2.68329516e-18,0.0,0.0043,0.0,0.0,0.0,0.0,8.934617182232636e-19,0.0,0.3329718368452852,,0.0,0.0,-35.52950210873255,1.7483579124347413,10000,3.3057500427885595e-17,8.657843326381523e-16,9.360308911994916e-17,0.0,1e-15,0.00028808783130512827
1144,4.509476997818391,0.0386176458780787,9286.415328146526,1.3009822831700004e-13,0.2044,0.4909,0.9443,0.0962,0.1358,0.0094,1.8488135200671896e-15,0.0089504231747722,0.0142109046678355,0.04378876308597,0.0774,2.640826873385013,-30.3485607427619,1.048967006913342,10000,1.2947810739014722e-13,1.323337235860557e-15,1.2921126191836095e-13,0.2049400759242005,0.0064314569180114415,0.20551663229544442
1145,1.6574218847130555,0.5813132333876885,716.7295699926848,6.053208339033999e-14,0.0607,0.1085,0.9723,0.0341,0.0058,0.0006,4.484366824344175e-16,0.0040648743302016,0.0074082479458485,0.0669666281746559,0.0335,1.8119402985074624,-30.605082606084476,0.5384657704655956,10000,6.04708081866733e-14,9.329648336233212e-16,6.036053044233084e-14,0.06099761024184337,0.003699714591956915,0.062434366053875215
1146,12.90926720336108,0.4743217549422109,115.73692316940968,1.100897915600272e-16,0.0281,0.1071,0.0,0.0001,0.0,0.0,1.1059672370486889e-17,0.0025478791511405,0.1004604715275215,0.0906718559124764,0.019,1.4789473684210526,-35.700762051771726,2.225255534294817,10000,1.95718515913851e-16,8.53741902801152e-16,3.4019548492976644e-16,0.028178343381948266,0.0024437434088282546,0.029078404427801546
1147,7.036913320216868,0.6215811317653499,3709.1233538599927,9.1676381136616e-14,0.4441,0.8873,0.8748,0.1771,0.0912,0.0037,1.0997013547486494e-15,0.0149469013506478,0.0119954708193583,0.0336566119131903,0.1383,3.2111352133044107,-30.49275376199,0.8850796478560566,10000,9.129469501120907e-14,1.1141619354515872e-15,9.097797629562785e-14,0.43263606216013434,0.007516467140839062,0.4287556998789145
1148,11.827796290524391,0.3582428869564545,7322.204458928687,1.4085344770698e-13,0.5582,1.538,0.8317,0.2559,0.3026,0.0097,1.7956641974077547e-15,0.0167221182546916,0.0127484575396642,0.0299572165078675,0.1782,3.132435465768799,-30.239673520645685,1.0876938377896193,10000,1.4157494324646104e-13,1.2782880266028396e-15,1.4185927130010882e-13,0.5734603981571382,0.007711544564361202,0.5775823943953596
1149,8.991605561674914,0.4100468862890445,1122.9404305434362,6.551629726976e-14,0.2807,0.4807,0.8673,0.1396,0.0342,0.0012,5.716559181960944e-16,0.0099920335804833,0.0087254002747183,0.0355968421107352,0.1234,2.274716369529984,-30.61740537859059,0.7374729993143816,10000,6.557297648422179e-14,9.415746493991199e-16,6.564440221142723e-14,0.2862953858986115,0.006534896688419996,0.29047752741907207
1150,12.492209123176442,0.3590723536266062,123.026314792382,1.29410555393005e-16,0.0347,0.1183,0.0,0.0001,0.0,0.0,1.1350701849095053e-17,0.0028513863365745,0.0877107884640806,0.0821725169041657,0.023,1.508695652173913,-35.479420792023,2.029332285623596,10000,0.0,8.510559615960327e-16,-8.878638407052506e-16,0.03471358673965184,0.002707290952814325,0.03483791320532717
1151,11.649005819518052,0.2053375959394171,109.25351846718044,7.58635774900116e-17,0.0206,0.1005,0.0,0.0,0.0,0.0,6.976192399684039e-18,0.002222174116891,0.0919570712388635,0.1078725299461681,0.0138,1.4927536231884058,-35.98002389996431,2.222096330886774,10000,8.832220091458374e-17,8.532239311136326e-16,1.092018556346906e-16,0.020721879622076052,0.00215201054536869,0.02256100394473176
1152,11.556582724251452,0.6809122585043715,916.1342380549044,6.547068820944089e-14,0.4333,0.7101,0.7931,0.1914,0.0322,0.0021,5.319564597634269e-16,0.0126273930843072,0.0081251087213517,0.0291423796083712,0.1754,2.470353477765108,-30.61797447699522,0.8449944571801413,10000,6.512119838647777e-14,9.389772739717086e-16,6.4625753882846e-14,0.4186445789487007,0.007261109720105211,0.41140474498620827
1153,4.5579427586286165,0.3012561319861281,128.94986256192732,4.663117462945e-14,0.0409,0.0892,0.9417,0.0292,0.0,0.0001,9.469137657779291e-17,0.003124691243873,0.0020306453210807,0.0763983189211016,0.0253,1.616600790513834,-30.76205823430785,0.653326102711787,10000,4.696470245506043e-14,8.567737721112844e-16,4.752473618743264e-14,0.04039103751595654,0.002938896787032257,0.03648899497549181
1154,8.690603986014473,0.246265506992773,309.38364547087457,7.658498631781028e-14,0.0898,0.1916,0.9103,0.0817,0.0,0.0004,2.3864252006751684e-16,0.0052494144087853,0.0031160483476122,0.0584567306100821,0.0503,1.7852882703777335,-30.283752670430825,0.7020876019829759,10000,7.608672803806358e-14,8.695145513896842e-16,7.530616997046294e-14,0.0904756056326575,0.004482894821786747,0.09229560486262023
1155,11.511265139306389,0.1042441331860998,219.48128167460663,7.749489018233752e-14,0.0833,0.2062,0.888,0.0633,0.0,0.0,2.198172120797663e-16,0.0048102416615471,0.0028365381454513,0.0577459983379014,0.0489,1.703476482617587,-30.327083287811423,1.0240332615334868,10000,7.780689484946735e-14,8.754321323350038e-16,7.83573811755965e-14,0.08298866089259224,0.004210347658992722,0.08196875485923749
1156,10.853103282481312,0.4942155101503003,789.0809806597204,6.288251539226375e-14,0.3022,0.529,0.8348,0.1541,0.0253,0.0015,4.769568436330559e-16,0.010241972749455,0.0075848881148882,0.0338913724336699,0.1366,2.212298682284041,-30.62273447101056,0.7952906282563529,10000,6.283781316364821e-14,9.18004513852154e-16,6.277631926948482e-14,0.29817850378221644,0.0066095635624917794,0.29530839098233497
1157,1.7891601615310575,0.0790755780498876,38.83121641400611,1.3306403311000001e-17,0.0016,0.0235,0.0,0.0,0.0,0.0,1.961806308392748e-18,0.0005475161891649,0.1474332516865005,0.3421976182281111,0.0012,1.3333333333333333,-35.66476043066733,1.7176297476608189,10000,4.1582701786951194e-17,8.661411552896624e-16,9.822488279511578e-17,0.001597168725228946,0.000546461711602248,0.0008642503620738817
1158,1.993508398730424,0.0109982434693751,1047.9644977641633,6.03476520828e-14,0.0667,0.1063,0.9773,0.0308,0.0058,0.0005,5.154825262866459e-16,0.0044212063632645,0.0085418820533295,0.0662849529724815,0.0343,1.944606413994169,-30.654048012848115,0.5856038940210557,10000,6.048714114851385e-14,9.475025598707903e-16,6.071726506636318e-14,0.06655508723614995,0.003990205013360276,0.0659186588299617
1159,7.534182190481881,0.1068983485454194,46.652122527351615,9.069928876900001e-18,0.0012,0.021,0.0,0.0,0.0,0.0,1.5383965853342513e-18,0.0003998399519791,0.1696150660290578,0.3331999599826572,0.001,1.2,-36.3368596332766,2.086618512650831,10000,9.244457038469689e-17,8.541080040685432e-16,2.3391825038315525e-16,0.0011999971355587176,0.0003994147415698076,0.001198652517249349
1160,14.333206613463666,0.3277375546392304,634.3418330245945,6.248151445426778e-14,0.2488,0.4959,0.8229,0.1594,0.0172,0.0009,4.309880731103311e-16,0.0088418139410064,0.0068978493379155,0.0355378373834666,0.1274,1.952904238618524,-30.6174218600577,0.8622725525202708,10000,6.238073284054692e-14,9.183603378499444e-16,6.221746024042017e-14,0.24685657033585828,0.006250292219916377,0.2449153949872399
1161,3.738745499074047,0.0519400088564829,13.443134422037014,8.880230999999999e-20,0.0,0.0005,0.0,0.0,0.0,0.0,7.236498608102553e-20,0.0,0.814899816018587,,0.0,0.0,-36.38365580021394,1.4406734911732948,10000,4.223488877125641e-17,8.61473674583056e-16,1.213863592989362e-16,0.0,1e-15,-0.00022794765025502262
1162,6.864353658083972,0.4000518043406595,4984.053658829089,1.0588585423930001e-13,0.3347,0.7218,0.8967,0.1556,0.1142,0.0066,1.3513614566517624e-15,0.0121754841892026,0.0127624361758248,0.0363773056145882,0.1195,2.800836820083682,-30.420709832218265,0.948306781047901,10000,1.0640869190617385e-13,1.1674138959166618e-15,1.0671063494163484e-13,0.3424343887253249,0.007038441143852672,0.34631633623582814
1163,9.330015170894464,0.2069254746745176,424.6147185155716,6.58798560383898e-14,0.1146,0.2382,0.9036,0.0992,0.0017,0.0005,3.4073803947679284e-16,0.0059958551540128,0.005172112690687,0.0523198530018575,0.0621,1.845410628019324,-30.47893517856101,0.7114144122891128,10000,6.579143516911175e-14,8.876661431855702e-16,6.565834337317009e-14,0.1144328075897259,0.004925095579026645,0.1140859961054191
1164,14.310677683251072,0.047315321896059,44.43669261822292,6.51025363e-18,0.0013,0.0139,0.0,0.0,0.0,0.0,1.403650486099979e-18,0.0007415429782547,0.2156061139664045,0.5704176755805433,0.0007,1.8571428571428568,-36.009354962318966,1.7226556411790075,10000,1.5945317359098313e-17,8.590271083951005e-16,3.3076750099785314e-17,0.0013005186771842875,0.0007390101805439517,0.0013760580677704415
1165,8.655047333989293,0.286665373415661,18.217274438625207,1.62943504e-18,0.0,0.0021,0.0,0.0,0.0,0.0,5.4683784824924055e-19,0.0,0.335599661738734,,0.0,0.0,-35.16661727182813,1.460337395069358,10000,0.0,8.547853805212059e-16,-3.7849161580556747e-17,0.0,1e-15,0.0006781933494813541
1166,7.6416742703559555,0.1195347054968756,36.91237122237552,6.948724674720001e-18,0.0012,0.0158,0.0,0.0,0.0,0.0,1.367468175550129e-18,0.0006479953624826,0.1967941225999476,0.5399961354021819,0.0007,1.7142857142857142,-35.979538080749904,1.85394569801298,10000,1.6617802778488836e-17,8.560797712421116e-16,3.347597990799657e-17,0.0011930658899631773,0.0006461960406299772,-5.033722046909883e-05
1167,14.397341914572507,0.13486636692494,45.99496087535931,6.0628721009999996e-18,0.0004,0.0152,0.0,0.0,0.0,0.0,1.303446397319751e-18,0.0001999699947489,0.2149882721597842,0.4999249868722806,0.0004,1.0,-36.21775979953463,1.7320822180063082,10000,0.0,8.594797135044646e-16,-3.934982759413612e-17,0.000400997509140707,0.00019991838261345727,0.0023326621639342127
1168,9.215963692606806,0.3861353489627719,638.2736009809745,6.250106970803586e-14,0.2093,0.3833,0.8721,0.1257,0.0145,0.0016,4.319921382523128e-16,0.0084200024135426,0.0069117559150634,0.0402293474130084,0.1004,2.084661354581673,-30.58439759964844,0.7076149108651154,10000,6.221765942697985e-14,9.065618183845692e-16,6.181794105519173e-14,0.20460626294725032,0.0060294051892989834,0.1996664415836381
1169,4.296440592912024,0.2871486927319895,1992.7088606889715,6.85867070403419e-14,0.172,0.3083,0.941,0.0766,0.0223,0.0007,7.215233265251701e-16,0.0079112488764972,0.0105198712354097,0.0459956330028908,0.0732,2.349726775956284,-30.63929343786668,0.7352483549731511,10000,6.891064540569792e-14,9.855866562893897e-16,6.92705523685529e-14,0.17555442413494374,0.005839857550194607,0.17981015308560566
1170,7.141715315511253,0.3109366086427088,597.0684488058656,6.279641234430634e-14,0.1419,0.2761,0.9106,0.0953,0.0099,0.0004,4.164994028105434e-16,0.0065223226744241,0.0066325350009952,0.0459642189881896,0.074,1.917567567567568,-30.557879133087805,0.6250495060772381,10000,6.238936715112436e-14,9.022514308778183e-16,6.181429972371653e-14,0.1436325522377198,0.005203526154481134,0.14666616217307707
1171,1.3549348943814907,0.4158378421293552,1755.8574592591356,6.507567061340001e-14,0.0655,0.1192,0.9785,0.031,0.0095,0.0007,6.719658127766814e-16,0.0045324418697795,0.0103259145306189,0.0691975857981603,0.0334,1.9610778443113768,-30.662126514109545,0.6767852432547848,10000,6.498068533592175e-14,9.951910678730698e-16,6.484211687740765e-14,0.06534366366297509,0.004038040661012372,0.06474205163599416
1172,9.814311992560697,0.3265863203569479,5456.489165096349,1.20215064631804e-13,0.4497,1.0631,0.8612,0.2122,0.1801,0.0087,1.5110034070362637e-15,0.0142908157129456,0.0125691685286214,0.031778553953626,0.1515,2.9683168316831683,-30.333292107158687,1.0110549603422565,10000,1.1985911053262003e-13,1.2159589608186186e-15,1.1967588305034176e-13,0.4489962234364554,0.007387094568716407,0.44873960877696883
1173,8.28218981912432,0.5196235999926039,3063.8219394484827,8.3402701081057e-14,0.4333,0.8809,0.8592,0.1954,0.0785,0.0025,9.450970893482209e-16,0.0139976678225498,0.0113317323911332,0.0323047953439876,0.1482,2.923751686909581,-30.532942992290977,0.8366069673246274,10000,8.319747612103786e-14,1.0507299512634862e-15,8.301877286548595e-14,0.429784702155063,0.007347853261653287,0.42844759324862314
1174,5.777643211607544,0.4319555611709106,166.33669617717618,6.169260228086259e-14,0.0666,0.1436,0.9191,0.0478,0.0,0.0001,1.452251035218393e-16,0.0045671139522662,0.0023540116343396,0.0685752845685627,0.0376,1.7712765957446808,-30.50964164911913,0.7849829698208769,10000,6.172405117459113e-14,8.571890190337528e-16,6.177395880270104e-14,0.06587723708525174,0.0040370845623637595,0.06329425627342683
1175,8.854631630571886,0.0256159929443499,593.8721283457347,6.1294739596535e-14,0.1392,0.3086,0.9008,0.1051,0.0093,0.0008,4.011289543523516e-16,0.0064920374810274,0.006544263944879,0.0466382002947375,0.0768,1.8125,-30.588388860207083,0.6694555343278485,10000,6.144785856671182e-14,9.10925602067229e-16,6.169967902118995e-14,0.13980692471703343,0.005221798169878488,0.14091914372354297
1176,8.664182238600015,0.0543739540123726,30.0540188971976,2.9152607925862e-18,0.0009,0.0065,0.0,0.0,0.0,0.0,8.537853171014445e-19,0.000538468192932,0.2928675606905241,0.5982979921466939,0.0003,3.0,-36.37450070400281,2.758419072774544,10000,3.701466712467634e-17,8.637629868461704e-16,1.0311095599274678e-16,0.0008974166983538621,0.0005374638640687802,0.00020683849021116418
1177,14.962512748249544,0.1999790448124026,2803.3107507149743,8.262105715262099e-14,0.4583,1.0787,0.8132,0.2348,0.0887,0.0019,9.068041788077394e-16,0.0136229464311853,0.0109754608577889,0.0297249540283338,0.177,2.589265536723164,-30.52786060337147,0.8495536916888867,10000,8.247187488985735e-14,1.087075450141462e-15,8.227852237840913e-14,0.46336017227900383,0.007515587684979408,0.4655740972408807
1178,9.51475215783734,0.200295515717487,73.03708078530802,3.32798408172e-17,0.0057,0.0493,0.0,0.0,0.0,0.0,4.3909655211639685e-18,0.0011519043746634,0.1319407008369639,0.2020884867830646,0.0039,1.4615384615384617,-35.884069224252336,1.9123854181633293,10000,1.3209336819571976e-16,8.521589914978378e-16,2.9531348857259625e-16,0.005732673843093534,0.001141752331655724,0.00756187794846111
1179,9.235806348514435,0.6042612591663734,341.50167228177133,7.193526964671489e-14,0.1376,0.2395,0.8758,0.1003,0.0003,0.0004,2.7574845942034883e-16,0.0063238139648716,0.0038332859635418,0.0459579503261024,0.0743,1.8519515477792727,-30.39296090434672,0.8823116828999185,10000,7.189986632115291e-14,8.844768463359055e-16,7.183847978167789e-14,0.13913851086067247,0.005117023103326824,0.14205624359926092
1180,12.985037908720972,0.3721460875573082,54.73034964081186,1.2040092704760149e-17,0.0019,0.0242,0.0,0.0,0.0,0.0,1.8865282083453042e-18,0.0009948557552717,0.1566871829483048,0.5236082922483042,0.0008,2.375,-36.10842545746284,2.189497467918418,10000,0.0,8.533913969158686e-16,-3.1980254455909196e-16,0.001913956528847812,0.0009883797817574812,0.002975519505895391
1181,12.599231020494322,0.2107793219731506,509.3990089813325,6.2503551910602e-14,0.1713,0.3586,0.8605,0.1299,0.0056,0.0007,3.756783542974196e-16,0.0070470275336276,0.0060105120879329,0.0411385144987018,0.0906,1.890728476821192,-30.57761063147109,0.8026317645611947,10000,6.25384242333901e-14,8.980580477780747e-16,6.259191339769681e-14,0.1686755560738003,0.005471291357948231,0.16469276553421983
1182,14.54751925263152,0.0298677642819809,69.78645045090738,1.7486648066287e-17,0.0032,0.0333,0.0,0.0,0.0,0.0,2.522234196950612e-18,0.0011041276691537,0.1442377171079057,0.345039896610559,0.0018,1.7777777777777777,-36.21658597716725,2.040173092892898,10000,2.7365137096133254e-16,8.750187170424973e-16,8.544230887132302e-16,0.0031974014251790112,0.0010966433808814295,0.0030076693757106754
1183,14.282714993001052,0.1638636150482697,4622.677571247318,1.0975660603096001e-13,0.499,1.2189,0.819,0.2508,0.1791,0.0062,1.3315011143726225e-15,0.0145753608570906,0.012131398396166,0.0292091399941697,0.1791,2.786152987158012,-30.375385580837257,0.9769248640446172,10000,1.0965464475213137e-13,1.1839374545534512e-15,1.0958718466104986e-13,0.5032961179019273,0.007594623855218002,0.5048972311822633
1184,3.927455653096248,0.0711576944846654,516.9101554424483,6.177468809876e-14,0.0692,0.1472,0.9567,0.0533,0.0039,0.0003,3.7154057844835134e-16,0.0045125571816024,0.0060144468532866,0.0652103638959889,0.0371,1.8652291105121293,-30.53896258668009,0.5004539826000827,10000,6.165179768710333e-14,8.970471169848006e-16,6.146312819381804e-14,0.06951463057638044,0.004009839019873527,0.07069540926313285
1185,10.40054166381456,0.5579008030592684,375.1010809143701,6.870129783595821e-14,0.1574,0.281,0.8551,0.1203,0.0006,0.0003,3.0277038245115153e-16,0.0068269454896367,0.0044070547717175,0.0433732242035372,0.0851,1.8495887191539369,-30.454106320257683,0.8814916166460898,10000,6.85426889715931e-14,8.863217433753004e-16,6.828093476004341e-14,0.1560706623008859,0.005365848466465223,0.1539221896076117
1186,11.363521547452676,0.6199599843112131,631.7974392011521,6.1685343406375e-14,0.2775,0.506,0.8225,0.1542,0.0147,0.0009,4.237050372492204e-16,0.0094878014754569,0.006868812165929,0.0341902755872323,0.1326,2.0927601809954752,-30.62236303214757,0.8077793518997881,10000,6.156640747680494e-14,9.15276111994025e-16,6.137573288723441e-14,0.2824167937938291,0.0064290029619417195,0.28659089039407537
1187,1.1539632923319845,0.2455112303698042,1966.21546687734,6.7200654664e-14,0.0539,0.0876,0.9852,0.0225,0.008,0.0004,7.142202755813677e-16,0.0040200864554771,0.0106281743705092,0.074584164294567,0.0286,1.8846153846153848,-30.64795171660401,0.6931234641713143,10000,6.691228669016371e-14,1.0038240111736557e-15,6.652492102394284e-14,0.05483691021654436,0.0036658584992888487,0.05946145794776217
1188,6.786915412285038,0.431287644409136,3821.893080565105,9.05275445119e-14,0.3664,0.6891,0.8959,0.1455,0.0824,0.0043,1.0984087088596821e-15,0.0133076223752151,0.0121334198865329,0.0363199300633602,0.1218,3.0082101806239736,-30.501244994924694,0.8733007667880092,10000,9.043437751673175e-14,1.0957851918582396e-15,9.036537183847392e-14,0.3504019832482688,0.007231780263154639,0.3436975464311496
1189,5.66215952689787,0.1438093059436424,105.0476767272248,2.5218482997001468e-14,0.0262,0.0929,0.9245,0.0154,0.0,0.0001,6.667399532003393e-17,0.0023731664905604,0.0026438543241463,0.0905788736855148,0.0175,1.497142857142857,-31.413631349971546,0.8835600529854217,10000,2.4511813544910646e-14,8.573875717987668e-16,2.3286575107145145e-14,0.02614106005531356,0.002288949592966734,0.025354558003674754
1190,1.870221817000068,0.0797344565927517,980.3607066057224,6.11004380469e-14,0.0572,0.1014,0.9759,0.0336,0.0068,0.0004,5.07745452770333e-16,0.0038489345837183,0.0083100132994233,0.0672890661489218,0.0308,1.8571428571428568,-30.63358261946044,0.5732532302613579,10000,6.100922534833016e-14,9.390037581549575e-16,6.08678909644703e-14,0.058155387074857796,0.0035347429165538263,0.06330088781428085
1191,14.07183982847531,0.6051162507981996,24.278730019645863,1.16641624e-18,0.0,0.0023,0.0,0.0,0.0,0.0,4.790173207652381e-19,0.0,0.4106744267940216,,0.0,0.0,-35.84251134328338,1.5709178803204338,10000,2.0257938398267987e-17,8.576883082078209e-16,5.42898042940803e-17,0.0,1e-15,-0.000813536135203935
1192,2.383012355715352,0.3386802179170003,427.0802002220021,6.340660288689001e-14,0.0393,0.0791,0.9721,0.0354,0.0007,0.0003,3.2116224251472987e-16,0.0031553996030083,0.0050651229981149,0.08029006623431,0.0226,1.738938053097345,-30.48210671235544,0.4569986669204505,10000,6.344364439717631e-14,8.841234640522864e-16,6.350013479323928e-14,0.03987300924611792,0.002964091129268108,0.04417327449751435
1193,7.504645354021624,0.6147093217498261,19.427456871708326,1.07991139e-18,0.0,0.0032,0.0,0.0,0.0,0.0,3.65814286232745e-19,0.0,0.3387447244470169,,0.0,0.0,-36.01041093727249,1.4594577845913113,10000,1.975106620210917e-17,8.583964376941733e-16,5.335975139932544e-17,0.0,1e-15,0.00048022119768820204
1194,14.921584144761978,0.3417295103491885,36.65808072049312,3.1446272699999998e-18,0.0002,0.0077,0.0,0.0,0.0,0.0,7.339828226507644e-19,0.0001414142842854,0.2334085281435482,0.7070714214274962,0.0002,1.0,-36.31893753991652,1.739407978560961,10000,0.0,8.686057203561657e-16,-2.418658284414957e-17,0.00020041969594505996,0.00014139685779876693,0.0019030013012985847
1195,8.673860012246825,0.2392177916284814,213.31999899827264,8.101598251355477e-14,0.0799,0.1738,0.9107,0.057,0.0,0.0002,2.0521702955671207e-16,0.0047784811800653,0.0025330437672884,0.0598057719657742,0.0455,1.756043956043956,-30.250731625449863,0.8344173298814679,10000,8.11126688637374e-14,8.673023062623366e-16,8.127076450196539e-14,0.08003726441641479,0.004179385009707052,0.08048403195984377
1196,9.551392662915331,0.0231967891914037,490.22136456649673,6.2762520695248e-14,0.127,0.2868,0.9042,0.098,0.0043,0.0004,3.639112225579101e-16,0.0061782616561383,0.0057982250955937,0.0486477295758923,0.0665,1.9097744360902256,-30.536862567676863,0.6479448321186385,10000,6.277087508183172e-14,8.98560205729213e-16,6.27842514914855e-14,0.1246659933091866,0.005059599373827704,0.11991316961477333
1197,1.3982713360027643,0.2194238710615533,850.7978800920365,6.027738792122199e-14,0.0425,0.083,0.9816,0.0253,0.0048,0.0003,4.745834500989169e-16,0.0033631095805229,0.0078733247485634,0.079131990129951,0.0251,1.6932270916334662,-30.627469088005338,0.5538054187511859,10000,6.05367793180198e-14,9.26584527242952e-16,6.093243567803883e-14,0.043460718306726695,0.0031444681291182596,0.05013706062592291
1198,11.452918958562169,0.6020010847912273,23.02825796129428,2.107948775e-18,0.0,0.0052,0.0,0.0,0.0,0.0,7.282422397867118e-19,0.0,0.3454743532782061,,0.0,0.0,-35.92334496074587,1.6970907565690403,10000,3.396682369736487e-17,8.595998956750227e-16,9.227241140298811e-17,0.0,1e-15,-0.0002750996643811898
1199,3.166426756634316,0.2426894026911168,1227.7879518517764,6.3661397366e-14,0.1174,0.2018,0.9542,0.0574,0.016,0.0008,5.894003315467743e-16,0.0062726117818542,0.0092583630886738,0.0534294018897294,0.0544,2.1580882352941178,-30.6399139493775,0.644332357167229,10000,6.327526997132115e-14,9.510838797412883e-16,6.27731124523181e-14,0.1161054862767151,0.005082534770142628,0.11363091729003763
1200,8.51065620148965,0.3905393216689915,680.7655679996103,6.2026555737301e-14,0.1913,0.3791,0.8839,0.1175,0.0146,0.0012,4.3995592228816767e-16,0.0079054842146491,0.0070930251899121,0.0413250612370577,0.0945,2.0243386243386245,-30.59476254658405,0.6699356110769221,10000,6.200001238139028e-14,9.07058398042065e-16,6.196335605840418e-14,0.195909178411863,0.005830124982593001,0.2014050685406495
1201,7.820612882342218,0.1213634096001883,669.8722600439102,6.164012330798407e-14,0.1568,0.3102,0.9079,0.0972,0.0147,0.0005,4.306355360762438e-16,0.0068239308762076,0.0069862860903859,0.0435199673227529,0.079,1.9848101265822784,-30.59470803819636,0.6620353667253943,10000,6.171554818464504e-14,9.12529959641649e-16,6.18299794936258e-14,0.15608963448276578,0.005360255306696399,0.1549451458808978
1202,7.447996830447731,0.6004849779352277,5390.16533342404,1.1681846199396e-13,0.4629,1.0558,0.8658,0.1983,0.1707,0.0092,1.4753752508418757e-15,0.0151044752810996,0.0126296411171562,0.0326301043013603,0.1494,3.0983935742971886,-30.357147850545207,1.0028412758888765,10000,1.1698611712527502e-13,1.2027995954171086e-15,1.170735437208373e-13,0.4615784365827674,0.007508421952322289,0.46114468493696215
1203,7.437892734591923,0.0939605111176381,180.03003911448093,6.87520302203187e-14,0.0612,0.1417,0.9267,0.0481,0.0,0.0001,1.4916237362267894e-16,0.004116691719703,0.0021695704569695,0.0672662045703109,0.0342,1.7894736842105263,-30.38302808159309,0.7025483723287318,10000,6.857601496863131e-14,8.61069954009996e-16,6.828345095819825e-14,0.060883939989210316,0.003718828384186899,0.05948183648000742
1204,11.522259772435568,0.108317879630965,115.02570041928992,9.818844280862282e-17,0.0224,0.115,0.0,0.0,0.0,0.0,9.207425110700642e-18,0.0021841018818047,0.0937730026806378,0.0975045482948545,0.0157,1.4267515923566878,-35.65310595603098,2.0996959773440858,10000,2.206636493168184e-16,8.584929369695495e-16,4.4131613281585847e-16,0.02257083752035197,0.0021185275703999875,0.025288426765867483
1205,8.749517693947993,0.6438294317941634,73.39737416767788,3.5328516159068005e-17,0.0114,0.0498,0.0,0.0,0.0,0.0,4.8434245808635225e-18,0.0018513094648581,0.1370967452766999,0.1623955670928225,0.0064,1.78125,-35.844659137118775,2.020155870249073,10000,1.4631793111692514e-16,8.578418290527139e-16,3.4455773218694315e-16,0.011396226285359246,0.0018111500536127203,0.011312063954909496
1206,14.8850078820838,0.2277500014306047,1495.3965598875232,7.007180543542e-14,0.3546,0.7644,0.8146,0.1977,0.0587,0.0014,6.609942364206044e-16,0.0107534853766011,0.0094330984097419,0.0303256778809958,0.1635,2.168807339449541,-30.59428395637779,0.7655412635458982,10000,7.011171334410233e-14,9.996140674495574e-16,7.017504912306379e-14,0.3669932745880273,0.006863314490958103,0.3755116773729768
1207,14.054743229551953,0.5971229062086576,625.6464345285948,6.120292834908821e-14,0.3003,0.5579,0.7885,0.172,0.0144,0.0013,4.2295361818244223e-16,0.0096985255136909,0.0069106761651992,0.032296122256713,0.149,2.0154362416107383,-30.656684414236995,0.94495348726438,10000,6.12254546971387e-14,9.187478883484757e-16,6.126314136014259e-14,0.3076656627731864,0.006589517937078683,0.31398146352731976
1208,8.395094526673411,0.3572050286743263,14.462043857775054,6.33003e-19,0.0,0.0006,0.0,0.0,0.0,0.0,4.523818540562685e-19,0.0,0.7146598895364927,,0.0,0.0,-33.39752435938665,0.209241125942333,10000,0.0,8.513191471563147e-16,-2.6803037655911462e-17,0.0,1e-15,-2.812955215011903e-05
1209,11.801723897325976,0.0104333927922974,2126.2800466898607,7.492193854644e-14,0.3225,0.7484,0.8549,0.1714,0.059,0.0018,7.73084580134956e-16,0.0109133535234827,0.0103185341321055,0.0338398558867681,0.1395,2.3118279569892475,-30.573137618428238,0.7820053640330058,10000,7.47820576051361e-14,1.0128619248599556e-15,7.461863230165244e-14,0.3202357882875314,0.006892246243586776,0.31873355861399993
1210,10.873673705625215,0.0126162670120398,1357.6952020670533,6.741879173251234e-14,0.2715,0.5635,0.8622,0.1504,0.0437,0.0009,6.231704540545214e-16,0.0094998841982404,0.0092432753248824,0.0349903653710512,0.1289,2.1062839410395657,-30.61891481046112,0.7897655590552223,10000,6.722915857074354e-14,9.644368765765584e-16,6.698079853668404e-14,0.2666275925180073,0.006462204512210311,0.26243122708620636
1211,1.5187869548479669,0.5135251236169085,3925.331831186228,8.3423564942e-14,0.0939,0.1781,0.971,0.0493,0.0264,0.0024,1.067976353307938e-15,0.0055902955324753,0.0128018546564204,0.0595345637111327,0.0431,2.178654292343388,-30.57677918009058,0.8340471601295907,10000,8.345529329716561e-14,1.1050467089632006e-15,8.348260981145047e-14,0.09267121695286526,0.004725400992107167,0.08959589325806953
1212,3.1576601454435616,0.3755655654167366,10.432560405276332,1.7118873e-19,0.0,0.0006,0.0,0.0,0.0,0.0,9.722530770050948e-20,0.0,0.5679422220172408,,0.0,0.0,-36.0821417713805,1.2281752495746503,10000,0.0,8.63183134451274e-16,-2.3934794537473793e-17,0.0,1e-15,0.0005660334128413103
1213,11.812345801196203,0.0148042663936267,448.68296394061457,6.47502702582975e-14,0.1164,0.2917,0.89,0.1094,0.0015,0.0003,3.5310329546565193e-16,0.0056858013361076,0.0054533099870792,0.0488470905163886,0.0675,1.7244444444444444,-30.500243288122302,0.6994844962609156,10000,6.470660789415102e-14,9.013993493793457e-16,6.463178157817398e-14,0.11806018189166853,0.0047978780246125865,0.12216567086739628
1214,7.684385555350285,0.2509843186006476,430.4239114177076,6.439071802522199e-14,0.1083,0.2053,0.9211,0.0803,0.0015,0.0004,3.285591076402542e-16,0.0060597675762613,0.005102584933306,0.0559535325601228,0.0547,1.979890310786106,-30.49128148595913,0.6281357477256103,10000,6.456799688209533e-14,8.848514726631282e-16,6.483509037938781e-14,0.10724060527190096,0.004959147381428002,0.10509230229838298
1215,5.920945141178958,0.4697699798295592,35.41777967590511,8.534322738999999e-18,0.0015,0.0159,0.0,0.0,0.0,0.0,1.4554284129852937e-18,0.0006706862023317,0.1705382439234811,0.4471241348878407,0.0007,2.142857142857143,-35.81209603108211,1.847528234350143,10000,1.3532694300615254e-17,8.528507839430799e-16,2.1868714649340218e-17,0.00149138498036467,0.0006686780434988589,5.921806557318554e-05
1216,8.949694035852046,0.6748657167099413,4564.627484997238,1.0796171676229e-13,0.5769,1.3051,0.8358,0.2288,0.1506,0.0055,1.3276653232658319e-15,0.0170785774226273,0.0122975566069321,0.0296040516946219,0.1752,3.2928082191780823,-30.391813972466643,0.971174385386112,10000,1.0725030962245988e-13,1.1846467155049716e-15,1.0677333727656755e-13,0.5805860187595595,0.007841187921233887,0.581570546734235
1217,1.5580382026823238,0.2751890167943764,25.79845516839157,5.1645060399999995e-18,0.0001,0.0102,0.0,0.0,0.0,0.0,1.1744288665223892e-18,0.0001,0.2274039099627791,1.0000000000000002,0.0001,1.0,-35.81453844316761,1.644478594268356,10000,0.0,8.594214170331012e-16,-1.0006729490757288e-17,0.00010003868281085329,9.999348736094269e-05,0.0003969922806242032
1218,6.233035217939151,0.2589612964293281,32.335750108230144,6.1218595764e-18,0.0008,0.0104,0.0,0.0,0.0,0.0,1.2046282877225262e-18,0.0007070968806322,0.1967748970209009,0.8838711007903141,0.0002,4.0,-35.5433724782625,1.903830847373943,10000,0.0,8.54649713158408e-16,-4.6971600350241383e-17,0.0007950614790098244,0.0007047397723486656,5.802245847175147e-05
1219,10.824107506421637,0.6669229154673914,234.3610410483128,7.191449124315438e-14,0.1488,0.2561,0.8334,0.0745,0.0,0.0005,2.5989764879909843e-16,0.0063379707310225,0.003613981609358,0.0425938893213882,0.0825,1.803636363636364,-30.49377455415379,1.290052523999478,10000,7.278194770790914e-14,8.760874428980476e-16,7.418857493137112e-14,0.14549083284529368,0.005134252694765695,0.13917397912386742
1220,4.143348369403573,0.6767094386847472,14.935507031700064,1.00112618e-18,0.0,0.002,0.0,0.0,0.0,0.0,5.828650730855491e-19,0.0,0.5822094005028908,,0.0,0.0,-36.077120131576685,1.8349799200968664,10000,4.586794204745017e-17,8.599127911941701e-16,1.2833457143874052e-16,0.0,1e-15,-0.0001478124923006141
1221,6.313658458889238,0.5332877790080888,117.80409272424122,2.0289773702812757e-14,0.049,0.1308,0.8872,0.0158,0.0,0.0002,7.43196942275924e-17,0.0034700294105974,0.0036629139051112,0.070816926746886,0.0304,1.611842105263158,-31.69058565720388,1.091991108261166,10000,1.9563152267023952e-14,8.56451741267221e-16,1.8326382735525916e-14,0.048103198280195776,0.0032203746624785015,0.04253496968750993
1222,13.78469527071858,0.0298066586957415,7366.140584536576,1.426349178399e-13,0.5284,1.5461,0.8313,0.2572,0.3046,0.0123,1.8080934223425472e-15,0.0157303556351673,0.012676373006868,0.0297697873489162,0.1729,3.056101792943898,-30.23182120601765,1.0931300790516296,10000,1.4081699965172408e-13,1.3481897011539786e-15,1.3989500973718943e-13,0.5094355733804773,0.008162063692576842,0.5024487193381308
1223,6.9212923316860095,0.613498698084783,25.988328689274567,4.291227813e-18,0.0,0.0084,0.0,0.0,0.0,0.0,1.0779184584877137e-18,0.0,0.2511911521504937,,0.0,0.0,-36.0448306149644,2.0089425408698784,10000,1.8074034269976973e-17,8.566489071238733e-16,4.2293615183441994e-17,0.0,1e-15,5.2058314269159967e-05
1224,12.96256828913646,0.0488386030870449,33.60614158869627,2.544485348e-18,0.0008,0.007,0.0,0.0,0.0,0.0,6.644907865568918e-19,0.0008,0.2611493860945949,1.0,0.0001,8.0,-36.39623672361359,1.5964002639114594,10000,1.893800538666868e-17,8.651566815842973e-16,5.133285415344917e-17,0.0007881568208342489,0.0007967405740322001,-0.000656373577485464
1225,7.982469062511657,0.0493163840952855,36.212371606855775,5.6676875430000016e-18,0.0003,0.0132,0.0,0.0,0.0,0.0,1.1792668545400336e-18,0.0002235978524046,0.2080684310123116,0.7453261746820798,0.0002,1.5,-36.057439145482576,1.6914949544141509,10000,2.4677471992512468e-17,8.62645123573323e-16,6.096005435115254e-17,0.00029980078493591886,0.0002235254846603026,-7.81165329141742e-06
1226,2.985403818683672,0.6649751105005365,3503.67880236778,8.217462760479999e-14,0.2021,0.3785,0.9411,0.095,0.0427,0.0026,9.915654839482901e-16,0.0091920622496173,0.0120665649830139,0.0454827424523371,0.0754,2.680371352785146,-30.562524905271733,0.8217059354763766,10000,8.172057603308506e-14,1.0818142986915964e-15,8.129581612035311e-14,0.20107276778447483,0.006395551114975485,0.20010887572681896
1227,3.0050706341564624,0.0287346674889181,2075.0373057313886,6.831278011841999e-14,0.1183,0.2168,0.9625,0.0506,0.0176,0.001,7.266997019448342e-16,0.0063067018677629,0.0106378294176448,0.0533110893302025,0.0539,2.1948051948051948,-30.64260472705207,0.7133410482233227,10000,6.814437211115133e-14,9.910489613500001e-16,6.795159003539204e-14,0.11819545722638869,0.005130263121410322,0.11799095728567838
1228,3.4156115985476614,0.217422540836357,102.16543158644556,3.6224858110209e-14,0.0228,0.0605,0.9565,0.0196,0.0,0.0003,6.562773912169697e-17,0.0023299267919584,0.0018116769131857,0.102189771577123,0.0147,1.5510204081632653,-30.999037213561763,0.5726442776170576,10000,3.6197830155961284e-14,8.56527141252762e-16,3.615148368549413e-14,0.022655996689373258,0.002250436291111713,0.020652951334588054
1229,8.233778664862864,0.2694462700580054,45.83921582811424,1.0387441095100001e-17,0.0012,0.0233,0.0,0.0,0.0,0.0,1.6782113109368105e-18,0.0004241155354366,0.1615615718608948,0.3534296128638982,0.0009,1.3333333333333333,-36.00972504523477,1.6940777350232203,10000,1.0944217241305233e-16,8.532775062263847e-16,2.756125415564771e-16,0.0011995837862616983,0.0004236035654334466,0.0010275003220807655
1230,12.470303499006109,0.2344532058020174,283.0189300052078,8.730622222524987e-14,0.1141,0.2457,0.869,0.095,0.0,0.0001,2.543995723450064e-16,0.0055867020794035,0.0029138767645753,0.0489632084084451,0.0644,1.7717391304347827,-30.20602161198069,0.9866445893520788,10000,8.797960521289044e-14,8.712839279302428e-16,8.901998352412799e-14,0.1118946691378013,0.0046933960373491575,0.10660473056915269
1231,5.428269588670223,0.0122490897628065,320.0021006891729,7.348195006930102e-14,0.0636,0.1391,0.9504,0.0553,0.0002,0.0001,2.5482440151279305e-16,0.004093553434117,0.0034678502853077,0.0643640477062435,0.0356,1.7865168539325842,-30.3108178616997,0.493105382830166,10000,7.309045022030905e-14,8.815694566702708e-16,7.240077857039908e-14,0.06322914182761713,0.0037221265541996385,0.06145923654620648
1232,8.389205492715046,0.2524445540242184,4874.728631894035,1.0591873746237399e-13,0.376,0.795,0.8832,0.1697,0.1261,0.0078,1.3511527271140342e-15,0.0132158944451973,0.0127565033296777,0.0351486554393547,0.1323,2.8420256991685564,-30.42032674716946,0.9635896639666814,10000,1.0576583782929834e-13,1.170234633692374e-15,1.0567615547214795e-13,0.36725496505299793,0.007228650651211361,0.36352184782266517
1233,8.02398641868331,0.0439211055403386,11.259312535896878,0.0,0.0,0.0,0.0,0.0,0.0,0.0,0.0,0.0,,,0.0,0.0,,,10000,7.986012504948619e-17,8.648718147011666e-16,2.370492275830283e-16,0.0,1e-15,2.325047736451147e-06
1234,10.701308815279369,0.334747323950816,247.67281499017955,9.093129944074976e-14,0.0996,0.2191,0.8806,0.0789,0.0,0.0004,2.6186772029907104e-16,0.0055831085525996,0.0028798413957528,0.0560553067530082,0.0543,1.8342541436464088,-30.168220564895183,1.0025297144201346,10000,9.105386465841902e-14,8.729076668889244e-16,9.124375934462421e-14,0.10049280586762956,0.004685645293808627,0.1026197762017581
1235,3.0145710631591687,0.1949120708297375,18.9086191111489,1.0423362299999999e-18,0.0,0.0031,0.0,0.0,0.0,0.0,3.711711232197261e-19,0.0,0.3560953870131963,,0.0,0.0,-35.70185574634852,1.3466270862583696,10000,0.0,8.599387781742437e-16,-2.014930563343159e-16,0.0,1e-15,-1.6920512427909262e-05
1236,10.002569005619204,0.2712573756348314,21.491404795114743,2.97685241e-18,0.0,0.004,0.0,0.0,0.0,0.0,8.720604009299248e-19,0.0,0.2929471404092637,,0.0,0.0,-35.334530897263186,1.628826716530956,10000,0.0,8.54090006837541e-16,-1.2006890945062996e-17,0.0,1e-15,0.0006651052569925375
1237,9.420921858751749,0.3766036179699205,476.9702348086312,6.322008917981392e-14,0.1547,0.3015,0.8832,0.1107,0.0022,0.0008,3.6371390035976863e-16,0.0069528141901331,0.0057531380464408,0.0449438538470142,0.0792,1.9532828282828285,-30.54780398484602,0.7890964086425729,10000,6.323573349109065e-14,8.969133827600245e-16,6.326030562438107e-14,0.1518132584016454,0.005414689110586982,0.14736406510147265
1238,6.004046327513264,0.4247448956993829,2609.392852617124,7.542782772609e-14,0.2871,0.5473,0.9068,0.1242,0.047,0.0016,8.326158801010391e-16,0.0113243182142812,0.0110385769443688,0.0394438112653474,0.1056,2.71875,-30.59055551101042,0.7826330981331219,10000,7.567427485309844e-14,1.0136433448623756e-15,7.590906248473327e-14,0.28744527080058335,0.006865315925214582,0.28764591159884667
1239,6.8258498497112114,0.3000971478269952,192.77449994492284,7.5166586100651e-14,0.0685,0.1432,0.9244,0.0521,0.0,0.0,1.6924377576461926e-16,0.0044545212173619,0.0022515825787005,0.0650295068228018,0.0381,1.7979002624671916,-30.293780477670484,0.6893290542233129,10000,7.479747485953629e-14,8.610900528751733e-16,7.42032499164786e-14,0.0689542922083611,0.003957567200786675,0.07065634039183732
1240,3.0287093211101497,0.6726930281299327,16.15466386779714,1.19858011e-18,0.0001,0.0038,0.0,0.0,0.0,0.0,4.553084269461198e-19,0.0001,0.3798731708856072,1.0000000000000002,0.0001,1.0,-35.42259841861875,1.2038430516244198,10000,3.299930998296695e-17,8.691191481678505e-16,9.939197738168848e-17,9.997148179350061e-05,9.999389359386004e-05,-0.00013351769102040723
1241,11.019973977039866,0.0817507941734657,741.9955332138337,6.258376709729041e-14,0.2135,0.4356,0.8744,0.1277,0.0201,0.0004,4.617475612239806e-16,0.0083113586656025,0.0073780723443215,0.0389290804009487,0.1058,2.0179584120982987,-30.60073272106414,0.689350973507497,10000,6.255404672735165e-14,9.157510124827221e-16,6.251201231100576e-14,0.20932132892258323,0.006007716225548772,0.20474911041946262
1242,9.671022396387226,0.2747505036736798,3806.981452767004,9.180693502856001e-14,0.4079,0.8624,0.8605,0.1896,0.104,0.0043,1.097804420656166e-15,0.0135687202792673,0.0119577504718423,0.0332648204934233,0.1445,2.8228373702422145,-30.48487628258143,0.8853065200282537,10000,9.197679136534603e-14,1.0986840160198492e-15,9.2105196708159e-14,0.4014923264795931,0.007283343177484127,0.3988988545846085
1243,1.3849354180219569,0.0779630700366911,317.823638454497,7.21849872592e-14,0.0206,0.0404,0.9887,0.0158,0.0,0.0,2.6141286435986193e-16,0.0021161313289066,0.0036214298053581,0.1027248217915837,0.0133,1.5488721804511278,-30.31342657040274,0.3381004098188132,10000,7.261960865532853e-14,8.893672732108435e-16,7.345222825790272e-14,0.020738890045680948,0.0020601900118319893,0.023262133067266683
1244,10.85998042529072,0.5387297285132634,275.21076500773205,9.613015822801677e-14,0.134,0.2426,0.8574,0.0917,0.0,0.0005,3.0351471614814806e-16,0.0062998705412796,0.0031573308703832,0.0470139592632812,0.0717,1.868898186889819,-30.14548835472537,1.0671162304760848,10000,9.459120323075953e-14,8.826763814071096e-16,9.216963330400291e-14,0.13336169496509756,0.005091971940407141,0.13215894369480075
1245,8.28956701477738,0.5015476585174051,171.61313601169832,5.178393609931258e-14,0.0803,0.169,0.8883,0.0478,0.0,0.0,1.5113709297392348e-16,0.0046591159822624,0.002918609599009,0.0580213696421229,0.0474,1.6940928270042197,-30.735110154706963,1.0267768022729151,10000,5.1886039263847316e-14,8.594884921543137e-16,5.205168574393534e-14,0.08066661036390887,0.004098356275068764,0.08192052677530849
1246,9.709905913288484,0.6125274327645146,67.54257482238128,2.8802769593292346e-17,0.0085,0.038,0.0,0.0001,0.0,0.0,3.819040208802592e-18,0.0014638952486192,0.1325928118277895,0.1722229704257891,0.0049,1.7346938775510203,-35.820950748757724,2.1842546380252035,10000,1.7302144148558844e-16,8.56162275923936e-16,4.2473741589841746e-16,0.0084617831535031,0.0014435545584695056,0.007115168479442768
1247,10.350236369747282,0.6034669685329124,134.5793687906055,2.3213093014373353e-16,0.0527,0.1592,0.004,0.0,0.0,0.0,1.6465731419014448e-17,0.0034660456354806,0.070932948956087,0.0657693668971667,0.0342,1.54093567251462,-35.30409760851936,2.269874089757904,10000,1.0454812751408562e-15,8.574053215433229e-16,2.48760642644049e-15,0.05362416607063641,0.003218932400087183,0.059420824912751025
1248,7.616492054834309,0.6380653909127106,16.349318632488952,1.90769248e-18,0.0,0.0034,0.0,0.0,0.0,0.0,6.860025489260118e-19,0.0,0.3595980778442927,,0.0,0.0,-35.501463431177214,1.5006210762482992,10000,3.687011446611411e-17,8.61172389888828e-16,1.0225796048803805e-16,0.0,1e-15,0.000321653564911456
1249,11.323820315659658,0.241122199833186,135.39401227446407,7.468466877088461e-15,0.0457,0.1517,0.6086,0.0035,0.0,0.0,6.891680194996491e-17,0.0034989105786692,0.0092277040367395,0.0765625947192401,0.0277,1.6498194945848377,-32.56621791798485,1.387126163707395,10000,7.795134129666469e-15,8.562311284365563e-16,8.351728494210378e-15,0.04551214601347848,0.0032427499251726343,0.04436829876790273
1250,14.728541321193488,0.2568946188029023,764.0090883896237,6.316915389528264e-14,0.284,0.5745,0.8164,0.1716,0.0262,0.0017,4.814922423485235e-16,0.009668699414856,0.0076222683486739,0.034044716249493,0.1417,2.00423429781228,-30.63464785090808,0.8690547827031255,10000,6.30820146534839e-14,9.41460804935632e-16,6.292919749666318e-14,0.2793842958459341,0.006570140452571261,0.27542450262081175
1251,10.755654419983705,0.2583165187926432,1060.0158717577958,6.558371277902402e-14,0.2876,0.5441,0.8542,0.1439,0.037,0.0015,5.642827342118565e-16,0.0098822259556733,0.0086040071581969,0.0343610081907974,0.1344,2.139880952380953,-30.61406926667464,0.7427440291759734,10000,6.558988146137901e-14,9.425521260868394e-16,6.559794713735352e-14,0.28463921319053376,0.006507661778789644,0.28237215110774283
1252,12.346891220787423,0.3106701981854473,6763.076566274494,1.3683802516445e-13,0.5894,1.5148,0.8214,0.26,0.2895,0.0135,1.7065955940176589e-15,0.0169064883087734,0.0124716473507031,0.0286842353389437,0.1862,3.1654135338345863,-30.251166214463108,1.0807641589757262,10000,1.375711706648112e-13,1.2596161464594673e-15,1.3788391911030688e-13,0.567161620180686,0.0077308163255515195,0.5612823586390728
1253,5.795792599713848,0.3290055176685399,7894.891413491321,1.292007031378e-13,0.2872,0.7023,0.9195,0.1334,0.1609,0.0104,1.7614557346408788e-15,0.011662984974776,0.0136334841209198,0.0406092791600837,0.1,2.872,-30.33013770107861,1.0459893423050584,10000,1.300477933651899e-13,1.2732732100742508e-15,1.303947476924337e-13,0.2916027626804676,0.0069796682488281305,0.2940593578135622
1254,5.973841691136104,0.0918172778222989,20.50610473673625,2.2114117799999997e-18,0.0,0.0039,0.0,0.0,0.0,0.0,7.511229361649506e-19,0.0,0.3396576535216569,,0.0,0.0,-35.73076130742983,1.772159639823093,10000,2.941616421468349e-17,8.602066360010211e-16,7.962224711473324e-17,0.0,1e-15,0.0006797732874082585
1255,2.5792930554878035,0.6246274753074808,92.7525859797352,2.9794174670691155e-14,0.0216,0.0646,0.9553,0.0129,0.0,0.0001,5.851178021913936e-17,0.0021894801625815,0.0019638664559719,0.1013648223417395,0.0141,1.5319148936170213,-31.204178431548858,0.6467727611005044,10000,2.956794737772228e-14,8.67291621719576e-16,2.911606430773755e-14,0.02150015226275298,0.0021256032815122027,0.019863449746686357
1256,2.085820870356772,0.2302390316212231,2524.1796191948383,6.941286882910001e-14,0.1009,0.1842,0.9704,0.0443,0.0158,0.0011,7.712511763788205e-16,0.0056173903645243,0.0111110690191713,0.0556728480131251,0.0492,2.0508130081300813,-30.645776053288685,0.7273559857143241,10000,6.973666710860388e-14,1.009999742861566e-15,7.010835391851934e-14,0.10136070325286523,0.0047278732283579416,0.10247977271573197
1257,8.999028235177015,0.1616156809046894,8557.844051862758,1.4472575888039e-13,0.4301,1.1372,0.8763,0.1919,0.269,0.0118,1.890755298590205e-15,0.0141347578025876,0.0130644006513922,0.032863887009039,0.1424,3.020365168539326,-30.24083257503234,1.0986621078391885,10000,1.4119301679253035e-13,1.2988088150915863e-15,1.3990174152892207e-13,0.40449800067703173,0.007418919340431131,0.3947630542477325
1258,13.732604032396871,0.22283739168474,11.183843557590682,1.9794466000000001e-19,0.0,0.0008,0.0,0.0,0.0,0.0,1.2603853370438414e-19,0.0,0.6367362155886607,,0.0,0.0,-35.98645350815781,1.8102683336532763,10000,0.0,8.637782317312195e-16,-2.563927027670524e-16,0.0,1e-15,-0.00022914281291441796
1259,4.71393624926162,0.3869795901611965,510.5947370267428,6.1771241517919e-14,0.0897,0.1754,0.9409,0.0673,0.0041,0.0006,3.706166159276348e-16,0.0050821229616548,0.0059998246242164,0.0566568892046251,0.0489,1.834355828220859,-30.54323767233599,0.5458424710866521,10000,6.192495766135372e-14,8.923200127948944e-16,6.214860473682034e-14,0.0910020312625511,0.004379514091650304,0.09475861743358657
1260,8.708540235637491,0.4504098126338571,14.000193556084804,8.651922699999999e-19,0.0,0.0018,0.0,0.0,0.0,0.0,3.650359715260332e-19,0.0,0.4219131217226816,,0.0,0.0,-35.60111382155748,1.226320707010699,10000,0.0,8.527256948650022e-16,-3.137726104902312e-17,0.0,1e-15,-5.4565880121593135e-05
1261,3.620555570361848,0.0814217547791157,338.9567473913396,7.0794300987989e-14,0.0619,0.1017,0.963,0.0441,0.0002,0.0001,2.7508962497482924e-16,0.0045330887802235,0.0038857594627779,0.0732324520229981,0.0307,2.01628664495114,-30.34746134441713,0.4357792854953373,10000,7.115535968038211e-14,8.812335832353627e-16,7.175713640701865e-14,0.05910558043186985,0.0040248006432800675,0.048699103714761396
1262,13.964371223957784,0.5450069882206355,97.11850569468706,6.520173546078051e-17,0.0135,0.0554,0.0,0.0,0.0,0.0,7.656957412618765e-18,0.00179780371838,0.1174348713037631,0.1331706458059265,0.009,1.5,-35.70958753244304,2.3439869642502544,10000,2.0101030482247517e-16,8.613277255664475e-16,4.554686793765732e-16,0.01336668838388156,0.0017610898795805392,0.010202325838289755
1263,2.4961506500159247,0.0983632727002865,67.81885586260401,1.8264513879416105e-14,0.0084,0.0447,0.9572,0.009,0.0,0.0001,3.657738828712308e-17,0.0014398441982143,0.0020026477862268,0.1714100235969459,0.0055,1.5272727272727271,-31.68051464525811,0.6171297458553416,10000,1.752583116791435e-14,8.621703433021496e-16,1.6135270039136735e-14,0.00840068825049785,0.001420813990307206,0.008426210061160205
1264,3.333115950106623,0.1823950232155654,22.32931194888592,3.3009161200000008e-18,0.0001,0.0063,0.0,0.0,0.0,0.0,9.159249657005484e-19,0.0001,0.2774759892113067,1.0000000000000002,0.0001,1.0,-35.64999620081151,1.617253137336132,10000,0.0,8.549313909522943e-16,-6.532465045088212e-18,0.00010005493008705501,9.999336591807212e-05,0.0005140128940683553
1265,14.797904492714494,0.0976971744788219,26.573164686183127,1.105291079e-18,0.0,0.0035,0.0,0.0,0.0,0.0,3.949931583440966e-19,0.0,0.3573657345551566,,0.0,0.0,-36.38233706889984,1.9332312736225807,10000,8.495377593268904e-17,8.790811412745316e-16,2.862815019378543e-16,0.0,1e-15,-0.0010877568146457905
1266,1.6307907068051044,0.3120723709990874,66.67589263605662,2.3038217395443e-14,0.0089,0.0377,0.97,0.0103,0.0,0.0,3.676975304399713e-17,0.0012418668299468,0.0015960329053614,0.1395355988704368,0.0069,1.289855072463768,-31.43713821869529,0.4807763377800245,10000,2.3100856687522055e-14,8.643830421286069e-16,2.3222419047127394e-14,0.008877687445533921,0.0012296218874354274,0.007762938472278158
1267,10.891404788290178,0.5038542190209722,812.1637218326817,6.2061220693775e-14,0.3042,0.5267,0.8354,0.1549,0.0251,0.0017,4.79603646914248e-16,0.0103303875866672,0.0077279119158923,0.0339591965373677,0.1367,2.225310899780541,-30.646215223059663,0.820089836460146,10000,6.248526543135087e-14,9.182101238807554e-16,6.306454912270088e-14,0.30468300400593,0.006633146959178239,0.3050218449687404
1268,1.3171453182660318,0.6537265244492894,51.36506013471468,9.2551185315637e-15,0.0055,0.0459,0.9519,0.0021,0.0,0.0,2.5425717859753026e-17,0.0009418405949897,0.0027472060755398,0.17124374454359,0.0042,1.3095238095238095,-32.361678573682184,0.5691359696655306,10000,8.420425304734549e-15,8.734230845418711e-16,6.576622965020624e-15,0.005502102663264516,0.000937275619125357,0.005717436481778082
1269,12.082123869446256,0.2893633476349475,844.1189759847291,6.397904886750453e-14,0.2769,0.5365,0.8385,0.1592,0.029,0.0012,5.027611302927251e-16,0.0095284688261974,0.0078582151374882,0.0344112272524286,0.1326,2.088235294117647,-30.61076017550948,0.7776090940871336,10000,6.387205591742945e-14,9.254984223660027e-16,6.372616486461842e-14,0.27587815188812626,0.0064133854362029875,0.275031796978974
1270,11.354700942909483,0.0844024737045031,3538.929054590913,8.747032715995002e-14,0.3704,0.8378,0.8602,0.184,0.0948,0.0038,1.025392748051688e-15,0.0121981664001747,0.0117227496608836,0.0329324146872968,0.1421,2.60661505981703,-30.511135691565997,0.8642726364108059,10000,8.762868264617831e-14,1.087580121117715e-15,8.77671332040033e-14,0.3771543201466515,0.007104194287876351,0.3806212440751877
1271,11.2194251127648,0.0553322537145416,9532.778076439216,1.49897945782607e-13,0.4558,1.3811,0.864,0.2212,0.3107,0.0106,1.986612898758783e-15,0.0144133760979533,0.0132531028920163,0.0316221502807226,0.1509,3.020543406229291,-30.22042501514691,1.1141986761773786,10000,1.4873708099514576e-13,1.3619764460888755e-15,1.4827524402727941e-13,0.45396580608779297,0.00787241455984032,0.45318599120872716
1272,9.489340404445944,0.3316694145714157,13.020520303538888,2.806365e-20,0.0,0.0004,0.0,0.0,0.0,0.0,2.1545791119354695e-20,0.0,0.7677472858788753,,0.0,0.0,-36.60120662856258,0.6383420831321517,10000,0.0,8.521807928563706e-16,-3.5258287298421996e-17,0.0,1e-15,-0.00025842836773784517
1273,9.121484518305213,0.437841358736787,739.1702783484589,6.277254313060751e-14,0.2481,0.4368,0.863,0.1324,0.0198,0.0017,4.628851830935337e-16,0.0090798063464111,0.0073740071695109,0.0365973653623989,0.1163,2.1332760103181427,-30.6105090672358,0.7399846833312922,10000,6.255672617839787e-14,9.14086389373236e-16,6.225829921177145e-14,0.24202596282390998,0.006259600291607429,0.23652446115837228
1274,7.920308781872893,0.0102521607159962,49.95214384496558,1.356097990898e-17,0.0012,0.0249,0.0,0.0,0.0,0.0,2.0971734867791667e-18,0.0003998399519791,0.1546476361483605,0.3331999599826572,0.001,1.2,-35.938026454846046,1.9915332125851664,10000,3.049732088577561e-17,8.581506314179181e-16,6.087956545457044e-17,0.0012014763666106615,0.0003994359470237666,0.0019309424394073627
1275,7.826913492563935,0.2929403208430235,21.24928473156892,2.235591606e-18,0.0,0.0046,0.0,0.0,0.0,0.0,7.958604480397598e-19,0.0,0.3559954536883154,,0.0,0.0,-35.90298458474606,1.789153513618372,10000,0.0,8.528630907205239e-16,-5.5496479099977606e-17,0.0,1e-15,0.0008651087472660857
1276,8.905934336659616,0.0454419642856119,807.3245796483427,6.295632745854816e-14,0.2,0.3992,0.8912,0.1146,0.0217,0.001,4.831705100978536e-16,0.0079212546119578,0.0076746933883013,0.039606273059789,0.0977,2.047082906857728,-30.610915262298175,0.723867698941243,10000,6.278574654304081e-14,9.266196106978703e-16,6.253329164673555e-14,0.19423475979312335,0.005874703531539795,0.18718758798966745
1277,2.3942047304293883,0.03060692024834,33.04149090785359,7.602773465e-18,0.0002,0.0138,0.0,0.0,0.0,0.0,1.3522009914635412e-18,0.0002,0.1778562780659598,1.0000000000000002,0.0001,2.0,-35.728627962422216,1.7652177781503582,10000,2.30536784413573e-17,8.572735952460226e-16,5.0438870770106815e-17,0.00020023520214936536,0.00019994912093116866,0.0006623356435960792
1278,7.101290446937393,0.5261947351263904,256.22931499074383,1.0021514721341152e-13,0.0977,0.1858,0.9074,0.0689,0.0,0.0001,2.5444556524350853e-16,0.0053924371890531,0.0025389930795756,0.0551938299800735,0.0538,1.815985130111524,-30.031114011737063,0.7827258092257823,10000,9.86813649140658e-14,8.727495239984711e-16,9.626685657727082e-14,0.09816568306736972,0.004574784939823391,0.09936156702386556
1279,13.412960542032527,0.1246956538765951,46.92821560209333,7.2436417156508e-18,0.0009,0.0172,0.0,0.0,0.0,0.0,1.3439987475682074e-18,0.0004122329360923,0.1855418586847453,0.4580365956582211,0.0006,1.5,-36.38914645806312,2.255464896103811,10000,3.9778121468664886e-17,8.561216657748874e-16,9.653518912617706e-17,0.0009014591395429918,0.0004117712162895867,0.001551739886402198
1280,2.8229627752612965,0.4038333948531492,10.683037279308772,7.004094000000001e-19,0.0,0.001,0.0,0.0,0.0,0.0,3.158485494292112e-19,0.0,0.4509484730347866,,0.0,0.0,-34.829512431379214,0.93050310258254,10000,0.0,8.552147736745151e-16,-2.1390108110971705e-16,0.0,1e-15,0.00036476735832804974
1281,13.37965746344828,0.6430857524755675,939.68720117865,6.531041563680011e-14,0.4475,0.7682,0.7717,0.2063,0.0356,0.002,5.404467445507637e-16,0.0126008036658501,0.0082750467790047,0.0281582204823467,0.1889,2.3689782953943888,-30.62799129824197,0.8571621778865087,10000,6.524708485088771e-14,9.55239164075878e-16,6.51438652405415e-14,0.4417441391560397,0.007285194971388922,0.43885417646854397
1282,14.414498354921855,0.2652041236454238,4586.98653049714,1.0839388459972759e-13,0.5509,1.2715,0.8118,0.2521,0.1763,0.0057,1.3140661932877425e-15,0.0158229566009503,0.0121230657812502,0.0287220123451631,0.1874,2.939701173959445,-30.380070792057545,0.975964940143545,10000,1.0938133494143263e-13,1.1731581239131383e-15,1.1002554004628415e-13,0.5520042357135255,0.007717040227798548,0.5523488670772259
1283,12.682689145500923,0.3241354586875267,615.8069756574336,6.225735373980637e-14,0.2367,0.4471,0.836,0.149,0.0136,0.001,4.259562563331344e-16,0.008577567747727,0.0068418625390559,0.0362381400410942,0.1207,1.9610604805302403,-30.61687997042315,0.8699608623917784,10000,6.222083753458715e-14,9.099546658517117e-16,6.216619332482554e-14,0.22971822384885734,0.0061001265477482565,0.2225735498742642
1284,7.333910397743319,0.2415508850468334,10.63634145452786,4.9564294e-19,0.0,0.0006,0.0,0.0,0.0,0.0,3.399983105761054e-19,0.0,0.6859742833744498,,0.0,0.0,-34.99627227832736,1.5189488337062669,10000,0.0,8.55383542363725e-16,-9.96774652657654e-17,0.0,1e-15,0.00012504570566904127
1285,3.275281026267806,0.1484913304625908,257.7062357087857,8.546695286681e-14,0.039,0.0873,0.9701,0.0325,0.0,0.0001,1.7905746225574143e-16,0.0033924992122461,0.0020950490949967,0.0869871592883619,0.0221,1.7647058823529411,-30.129237046456534,0.3988511507219288,10000,8.642925513514591e-14,8.723125777533162e-16,8.81975355735673e-14,0.039487149973531574,0.0031596176680465026,0.04267439199346415
1286,11.138741721624292,0.1366953268420876,112.99521926051692,1.051812592383916e-16,0.0243,0.1073,0.0,0.0001,0.0,0.0,1.0691217097969497e-17,0.0024963121113786,0.1016456465285135,0.1027288934723725,0.015,1.62,-35.57262039126992,2.1149561812522717,10000,3.585236409591018e-16,8.55974336555515e-16,7.993258362774367e-16,0.024362046022396205,0.002398803558487578,0.02511003921329738
1287,14.52373661769968,0.415017908670486,1973.8428820036,7.556723642083751e-14,0.5081,0.9845,0.7875,0.2375,0.0747,0.0034,7.645925762080928e-16,0.0147402566638661,0.0101180433799383,0.0290105425386069,0.1912,2.657426778242678,-30.56686789082499,0.8394565012105307,10000,7.611014070232804e-14,1.0138710107081512e-15,7.677004794205908e-14,0.4990264070673096,0.007605066359049762,0.4957349127510372
1288,4.407140307068346,0.4081820753665193,3442.487628702708,8.085668603342e-14,0.2398,0.454,0.9315,0.107,0.0506,0.0031,9.86311711757185e-16,0.0101892088995073,0.0121982702994965,0.0424904457861023,0.0892,2.688340807174888,-30.5783689010712,0.8198621655866491,10000,8.118173716834803e-14,1.066860272123512e-15,8.146025154976974e-14,0.23271795374387713,0.006595419329710238,0.2276107966791251
1289,11.534931049293515,0.3534439474398244,17.18169143498439,1.1739310999999999e-18,0.0,0.0014,0.0,0.0,0.0,0.0,5.124962550949829e-19,0.0,0.4365641689661198,,0.0,0.0,-35.054410857107094,1.476780598465954,10000,0.0,8.507318359600056e-16,-7.664742067675967e-17,0.0,1e-15,0.000379333101960172
1290,5.653874136225947,0.6518382783037625,1342.0755279868763,6.615185574685236e-14,0.2665,0.4552,0.8926,0.1275,0.0296,0.0015,6.131896914790575e-16,0.0102116699329875,0.0092694253933795,0.0383177108179645,0.1083,2.4607571560480146,-30.625332575193447,0.723566156318239,10000,6.61706212032902e-14,9.618077061365016e-16,6.619548070963995e-14,0.2663589122304942,0.006628747709801692,0.26625616689626597
1291,10.686881128083073,0.1810671146584974,249.5602307658555,9.527089110856273e-14,0.0928,0.2183,0.8966,0.0726,0.0,0.0002,2.5455254308735704e-16,0.0052537202207212,0.0026718816222395,0.0566133644474276,0.0525,1.7676190476190476,-30.10689687487936,0.9295959916178804,10000,9.458124209461903e-14,8.751451446338902e-16,9.34619244631039e-14,0.09222605792720605,0.004489008799834849,0.09067370388987536
1292,13.226648656059847,0.2403552998977078,3564.183375271509,9.365467900624401e-14,0.4813,1.1094,0.8231,0.2337,0.1111,0.004,1.0742754767001489e-15,0.0146719650236689,0.0114706012352946,0.0304840328769353,0.1734,2.775663206459054,-30.454685129885544,0.8938825406201023,10000,9.254878822481146e-14,1.1051026784488187e-15,9.161434133722385e-14,0.47867049082066104,0.0074852628763072615,0.47774527354216056
1293,6.474759862828158,0.5871985104598803,32.67162995328674,7.827604797e-18,0.0007,0.0165,0.0,0.0,0.0,0.0,1.3161008965005457e-18,0.0004582270149169,0.1681358385651959,0.6546100213099617,0.0003,2.333333333333333,-35.62348723918085,1.5953620653959542,10000,7.625980183357297e-18,8.593234239045596e-16,7.25838825988125e-18,0.0006978383930492741,0.00045758914744759737,-7.696123231587526e-05
1294,11.418679727946634,0.1332503079810466,50.58842004423837,1.0713405139000001e-17,0.0008,0.0241,0.0,0.0,0.0,0.0,1.5865366012013301e-18,0.000346335090338,0.1480889204335101,0.432918862922589,0.0006,1.3333333333333333,-35.90673408901179,1.6582997495350886,10000,0.0,8.562196198140864e-16,-1.496323275893732e-16,0.0008006610443613193,0.00034605890195040726,0.0012146339811613116
1295,3.8929663524250233,0.6962727836388155,323.8181720711408,7.297413109449002e-14,0.0771,0.1527,0.9371,0.0642,0.0001,0.0002,2.5945560068842593e-16,0.0043217388563718,0.0035554462491985,0.0560536816650045,0.0453,1.7019867549668874,-30.32290091394517,0.5071065707001201,10000,7.283757815187568e-14,8.886962689393764e-16,7.257693155190193e-14,0.07732885482889923,0.003907989756896292,0.07835532028499727
1296,10.408663319840157,0.0274144395354211,567.1723934712866,6.193175213630871e-14,0.1489,0.3354,0.8957,0.1031,0.0096,0.0006,3.987190949230776e-16,0.0066300282599301,0.0064380399580092,0.044526717662392,0.0778,1.9138817480719796,-30.570319294287653,0.6548324886431975,10000,6.19364191611317e-14,9.10665263760276e-16,6.194413273945877e-14,0.1485705459590369,0.005294984528089474,0.14799035643322445
1297,10.196475724059187,0.5574259322622731,4435.613167843919,1.0496924722337001e-13,0.561,1.2226,0.8273,0.2341,0.1552,0.006,1.286390271056794e-15,0.0166419829215017,0.0122549251812715,0.0296648536925164,0.1757,3.192942515651679,-30.40476935732303,0.9510627623117766,10000,1.0540917836987351e-13,1.1540325047793415e-15,1.0568631817225579e-13,0.5662383247153747,0.007671702554038425,0.5676519005650272
1298,13.824703554334157,0.6297106289102283,123.41782039134674,1.398555481456917e-16,0.0329,0.0985,0.0,0.0,0.0,0.0,1.2768575692717644e-17,0.0025734065442763,0.0912983135957984,0.0782190438989764,0.0234,1.405982905982906,-35.51854856135233,2.262954227408794,10000,3.73831280928838e-16,8.549100629821451e-16,7.749153086178585e-16,0.03325235714222622,0.0024711226945734583,0.03742243331873696
1299,11.3469327121401,0.2958043686102904,80.09683804295912,4.114675784638892e-17,0.0107,0.048,0.0,0.0,0.0,0.0,6.067083879221044e-18,0.0018490248482075,0.1474498647468405,0.1728060605801442,0.0064,1.671875,-36.01809298455739,2.453349755766381,10000,7.982795797287439e-17,8.519435512236155e-16,1.4352655092422078e-16,0.010564997332251492,0.0018079320679560906,0.007628556887289417
1300,11.489328732678045,0.1279551973741013,9651.398618539071,1.5150845193997397e-13,0.4837,1.4696,0.8554,0.2219,0.3362,0.0122,2.013635811252394e-15,0.0151676114350171,0.0132905840266269,0.0313574766074368,0.1616,2.99319306930693,-30.21889518133732,1.1241988778149032,10000,1.5183427835285374e-13,1.362129423602632e-15,1.519587759217993e-13,0.4859281240488939,0.007864970760968225,0.4867475524824034
1301,11.672383446502298,0.4814252950109738,449.4309858857816,6.383306503756773e-14,0.1588,0.3349,0.8491,0.127,0.0029,0.0007,3.4540156666808875e-16,0.0062595666157827,0.0054110133433951,0.0394179257920827,0.0913,1.7393209200438116,-30.540561083762423,0.825418243872633,10000,6.395770037207946e-14,8.885843486066554e-16,6.414481422686333e-14,0.16503668541740488,0.005070204211005594,0.17693456063925259
1302,9.00974621675484,0.4410554244993531,97.9277931415709,7.31896694064151e-17,0.0196,0.0829,0.0,0.0,0.0,0.0,8.387705003631029e-18,0.0023837265395219,0.114602307561398,0.1216187009960203,0.0118,1.6610169491525424,-35.687417260222674,2.1138212331911315,10000,0.0,8.548055503563061e-16,-2.6207774249436726e-15,0.01991885418658154,0.0022975636387288657,0.024091786578029406
1303,5.593681072196349,0.6218280572217407,514.1039489814243,6.2399072759856e-14,0.1344,0.2486,0.91,0.0941,0.0042,0.0006,3.81258834648862e-16,0.0063763414096939,0.00611000801432,0.0474430164411749,0.0699,1.92274678111588,-30.550700647981092,0.6316096162090729,10000,6.241270879200008e-14,8.992179633837005e-16,6.243354421510712e-14,0.13483218772744912,0.005144123630256445,0.1356378216493655
1304,5.201255969347527,0.2112196921630764,34.61052400967384,4.985978186e-18,0.0003,0.0126,0.0,0.0,0.0,0.0,1.1756749191944536e-18,0.0003,0.2357962420484712,1.0000000000000002,0.0001,3.0,-36.39806844191501,1.7889903166339016,10000,2.837375715544765e-17,8.530685924795275e-16,6.749587356589541e-17,0.0002998514421838318,0.0002998197259502998,0.00017635286523862148
1305,13.270487494110675,0.1033579391934625,4774.306539732169,1.1198715874424e-13,0.4481,1.1523,0.832,0.2374,0.1755,0.0071,1.3852011813862673e-15,0.0132841366233783,0.0123692858799091,0.0296454733840178,0.1689,2.6530491415038484,-30.36629642846035,0.9748163036956362,10000,1.1097638660684654e-13,1.1931136395943089e-15,1.1036041011135639e-13,0.4581921857355028,0.007358997290041802,0.46266054746210405
1306,9.627169029310435,0.0357324322552822,5722.217028472675,1.19749825371859e-13,0.3395,0.8564,0.8889,0.164,0.162,0.0092,1.5576215281189974e-15,0.0123902916403405,0.0130072968647938,0.0364957043898102,0.1229,2.762408462164361,-30.35552409253088,1.0197693359678888,10000,1.1975269782193254e-13,1.2388182560795834e-15,1.1975418998859167e-13,0.35454459308552844,0.007222089486415659,0.36228629346903773
1307,2.755909474084137,0.4968385329286221,415.1013188017786,6.44963009925e-14,0.0581,0.1069,0.9627,0.0459,0.0006,0.0007,3.2596569441643367e-16,0.0039615664074757,0.0050540215392249,0.0681853082181707,0.0319,1.8213166144200628,-30.46542826765137,0.4495682522936087,10000,6.453618534092422e-14,8.846087215213526e-16,6.459654445733328e-14,0.05728119311653183,0.0036015061421855754,0.05338108774324214
1308,6.206064702225087,0.5429386398444231,5283.5615351623965,1.1036941911142001e-13,0.3528,0.7486,0.8978,0.1494,0.1298,0.0074,1.4258080037145838e-15,0.0129849943014119,0.0129185060064074,0.036805539403095,0.1201,2.9375520399666946,-30.40382189347436,0.9773832291768124,10000,1.1143472948289961e-13,1.1869641942163973e-15,1.120076548041812e-13,0.3602521035879893,0.007196103890129946,0.3635552939970833
1309,7.114932620086015,0.4610018693528495,100.50325457646686,1.0275133752793799e-16,0.0303,0.1047,0.0002,0.0,0.0,0.0,1.0475569587685344e-17,0.0030164715994172,0.1019506883288701,0.0995535181325833,0.018,1.6833333333333331,-35.43628272128986,1.9518713181868277,10000,5.49918034986176e-16,8.555481007082532e-16,1.3234333081574825e-15,0.030160507282524,0.00284767293539041,0.029017739259835834
1310,10.61770667039306,0.2545264822875065,9225.282356680784,1.4665913098430004e-13,0.4853,1.3423,0.8616,0.216,0.3062,0.0116,1.9353529512432918e-15,0.0154085084681587,0.0131962663235095,0.0317504810800717,0.1538,3.155396618985696,-30.235349665171466,1.10812492491655,10000,1.4892075929358182e-13,1.3203763991064303e-15,1.4975752571606815e-13,0.4955880045787987,0.007648913920131779,0.49895219764274124
1311,10.48233043420286,0.0263680243578235,311.5106511927432,7.627495839970031e-14,0.0874,0.2141,0.9045,0.0811,0.0001,0.0002,2.4172947544774087e-16,0.004945560621101,0.0031691852807184,0.0565853617974951,0.0502,1.7410358565737052,-30.29151784463248,0.6856828652835366,10000,7.515319167923302e-14,8.814132203934057e-16,7.311763726197918e-14,0.08768797011772063,0.0043173594319462095,0.08861040807792613
1312,4.571468243649807,0.6310970859203792,2275.121558560089,7.279551801759999e-14,0.2666,0.4965,0.9131,0.1182,0.0363,0.0018,7.911858893427196e-16,0.0109189910906018,0.010868607173747,0.040956455703683,0.0978,2.7259713701431494,-30.605805737580585,0.7543057251016586,10000,7.288184315863808e-14,1.0103949500362607e-15,7.297440131146856e-14,0.26481791688475087,0.006820228584476701,0.26367782842447274
1313,8.932463296681771,0.4652325807384444,260.3926279341587,9.961430135035999e-14,0.1078,0.2065,0.8903,0.0781,0.0001,0.0001,2.806095381134965e-16,0.0055516662453546,0.0028169603592012,0.0514996868771301,0.0597,1.8056951423785597,-30.072429353879,0.9355524108410144,10000,9.794832381793742e-14,8.7465668293327e-16,9.543007895925577e-14,0.10788970337712829,0.0046675456071194115,0.10810600361790225
1314,6.887551738631992,0.2531161263134133,9029.098088956896,1.3975157973409998e-13,0.3363,0.8722,0.9022,0.1566,0.2247,0.0104,1.9129048508384387e-15,0.0121529831934406,0.0136878942941328,0.0361373273667577,0.1185,2.837974683544304,-30.28375681139872,1.0812139625877628,10000,1.3822524839602535e-13,1.3044961372788873e-15,1.376746088350242e-13,0.3341112854290882,0.0071100162224166435,0.3329722944690095
1315,12.611770618716102,0.4292354450250471,890.8769801455345,6.438528977455999e-14,0.3125,0.5863,0.8188,0.1784,0.0334,0.0014,5.094370950637517e-16,0.0104850068448644,0.0079123212281486,0.0335520219035661,0.147,2.1258503401360542,-30.618164793004613,0.7953183154101429,10000,6.440115177156088e-14,9.26284546096142e-16,6.44224531906202e-14,0.3228446076137571,0.006680674101038466,0.32991453678990434
1316,13.367826370513976,0.2915288471311641,14.426107188178603,3.0215239999999996e-20,0.0,0.0006,0.0,0.0,0.0,0.0,2.1332995599992542e-20,0.0,0.7060342926282412,,0.0,0.0,-37.06325898513253,0.7971625034068955,10000,0.0,8.570113960963438e-16,-1.8851072830647839e-16,0.0,1e-15,3.8162276559283725e-05
1317,12.041715753749218,0.055559294364393,31.51883569027664,2.6699432009659007e-18,0.0003,0.0081,0.0,0.0,0.0,0.0,7.34110441922984e-19,0.0001731877576503,0.2749535801575877,0.5772925255010092,0.0003,1.0,-36.50918028907886,2.468613082651306,10000,3.542483893709989e-17,8.58588790998288e-16,9.454099619807458e-17,0.00029965817116081275,0.00017315419970481786,-0.0005821503432474617
1318,7.532689903117162,0.1289897746081413,1652.044890640208,6.775086354674999e-14,0.2237,0.463,0.9032,0.1171,0.0336,0.0015,6.69458460473549e-16,0.0090428982301494,0.0098811797433637,0.0404242209662469,0.0979,2.2849846782431054,-30.62504007777498,0.7160661547429088,10000,6.802350382349855e-14,9.715745826299407e-16,6.834565521216492e-14,0.23021573330827966,0.006248329246191537,0.23616870652190425
1319,9.531162115201376,0.3732838655034906,27.365794754374047,2.728370197e-18,0.0,0.0053,0.0,0.0,0.0,0.0,7.913518669465543e-19,0.0,0.2900456352355304,,0.0,0.0,-35.91184550091199,1.7738160258410838,10000,0.0,8.53570032021226e-16,-4.4405604018319666e-17,0.0,1e-15,-4.973521849169216e-05
1320,11.049054990371571,0.166072793550111,14.880256017093592,2.551524e-19,0.0,0.0004,0.0,0.0,0.0,0.0,2.0347988227612712e-19,0.0,0.79748370885842,,0.0,0.0,-35.16376761001546,1.1410941397649348,10000,5.071028367310432e-17,8.622542569712735e-16,1.4649267096865813e-16,0.0,1e-15,-2.2920562161771185e-05
1321,5.234777415265971,0.2397057292918748,5913.155259369978,1.1581879326276e-13,0.244,0.5273,0.9263,0.1135,0.1189,0.0093,1.558495421606723e-15,0.0099928167019396,0.0134563258492163,0.040954166811228,0.0918,2.657952069716776,-30.39363573464681,0.9983202433740636,10000,1.1548380929722125e-13,1.2260569700858231e-15,1.1532001135003534e-13,0.24399587248231572,0.006551803966482957,0.2439927602813171
1322,9.8900189694514,0.0605928549969623,46.46605681980506,7.380541066499999e-18,0.0016,0.0174,0.0,0.0,0.0,0.0,1.2799947211356488e-18,0.0006322847288981,0.1734283041856507,0.39517795556136,0.0008,2.0,-36.1298822647132,1.7942178023182165,10000,1.9580171959152175e-18,8.620785052594754e-16,-8.310893100776515e-18,0.001594470965385255,0.0006306367959909873,0.0005379161551486156
1323,4.899995472593703,0.0690882033846899,49.398076109938245,1.1406789556999998e-17,0.0026,0.0283,0.0,0.0,0.0,0.0,1.5933342400968916e-18,0.0008940939214612,0.1396829697028215,0.3438822774851141,0.0014,1.8571428571428568,-35.98797048803862,1.5967475003340366,10000,0.0,8.57797821884871e-16,-1.0241291130483365e-15,0.0026026502880335035,0.0008894135310483611,0.002853806272430287
1324,2.544462386564061,0.2780414094148511,13.422928486353722,3.4027879999999997e-19,0.0,0.0008,0.0,0.0,0.0,0.0,1.579199416300028e-19,0.0,0.4640898628712773,,0.0,0.0,-34.979230061957104,0.4077869546054233,10000,1.1760880293622683e-17,8.644045201883351e-16,3.40952419034034e-17,0.0,1e-15,-0.00045448074045234543
1325,10.77011178622414,0.4017744387498844,414.6877489200332,6.632401706774989e-14,0.1401,0.2833,0.8745,0.1139,0.0015,0.0006,3.2978605711662114e-16,0.0065461045017945,0.0049723474496387,0.0467245146452144,0.0762,1.8385826771653544,-30.48286045852417,0.7883492865329816,10000,6.629283091187044e-14,8.87026149077685e-16,6.62447404295697e-14,0.14135624318665663,0.005216052027517225,0.1435409935411934
1326,1.11672748119421,0.1233624860901731,2207.1168196080807,6.7987079651e-14,0.0513,0.0904,0.9859,0.0195,0.0068,0.0009,7.427997554091528e-16,0.003718630637934,0.0109256017352442,0.0724879266653819,0.0277,1.851985559566787,-30.652190318905724,0.7109565903458951,10000,6.784161896935343e-14,1.0250320372793444e-15,6.763033741426045e-14,0.052463438822924154,0.0034375232483981814,0.05929756364235986
1327,4.34655049284356,0.565328751389335,6816.030869250916,1.2210758944257e-13,0.2829,0.6129,0.9266,0.1191,0.1338,0.0105,1.6602471530853005e-15,0.0118802724332108,0.0135965926496825,0.0419946003294832,0.0972,2.9104938271604937,-30.36876361921933,1.0271108971213176,10000,1.2207550380529928e-13,1.2724920634182563e-15,1.2205973569510224e-13,0.27401352891753117,0.0070288060988697105,0.2692277892548737
1328,4.720527268159184,0.6556331437274576,1728.0636618383628,6.775490197211e-14,0.2171,0.4126,0.9177,0.104,0.0288,0.0009,6.848602294959975e-16,0.0092577172960159,0.0101079067279575,0.0426426407002117,0.0884,2.4558823529411766,-30.63464383097532,0.7214879433966634,10000,6.823311136379205e-14,9.77742770035576e-16,6.87986417093084e-14,0.23475583469444494,0.006354329472600326,0.2504834478278865
1329,11.55164363935809,0.1703377936498348,169.04700075125,4.404898614604592e-14,0.0681,0.1775,0.8741,0.0417,0.0,0.0001,1.421784889742847e-16,0.0044685832009242,0.0032277357872185,0.0656179618344235,0.0426,1.5985915492957747,-30.92750042876013,1.139352291292754,10000,4.44501286851086e-14,8.635056179056463e-16,4.51462948682942e-14,0.06741328685957876,0.003971623247431739,0.06483080676333869
1330,6.245523530976174,0.648002559686393,8827.51855788467,1.4029666334879998e-13,0.4274,1.1133,0.888,0.1743,0.2401,0.0108,1.877696076281005e-15,0.0149825021787802,0.0133837543350033,0.0350549887196542,0.1322,3.232980332829047,-30.269355406793448,1.0822681347917045,10000,1.413532938121731e-13,1.3268422553958016e-15,1.4179253608245517e-13,0.43381345182664344,0.007727992061030316,0.4361382780464492
1331,3.843646647919007,0.2168890666248268,121.8910299792676,4.6789954528310514e-14,0.0296,0.0727,0.9559,0.0266,0.0,0.0002,8.224732682813585e-17,0.002798779612033,0.0017577988193677,0.0945533652713856,0.0178,1.6629213483146068,-30.744223582122352,0.5804008168187681,10000,4.714594447187974e-14,8.625853053538622e-16,4.780058487489307e-14,0.029499830184711848,0.0026636340772965995,0.028537110816915887
1332,13.06711115297064,0.6993218437636437,77.14729002361555,2.95731674852572e-17,0.0092,0.0359,0.0,0.0001,0.0,0.0,4.199200667488705e-18,0.0016828009929632,0.1419936051686749,0.1829131514090518,0.0059,1.5593220338983051,-35.788216918215575,2.1495764190056224,10000,2.86507227704222e-17,8.6779452023462875e-16,2.6760184534619034e-17,0.008989527373132548,0.0016554454476688596,0.0026732441096275206
1333,5.674316698598078,0.1760658200136925,8695.323994891613,1.3079069924744004e-13,0.2624,0.6451,0.9264,0.1166,0.1569,0.008,1.8176752497452745e-15,0.0107035545781791,0.0138975879799102,0.0407909854351341,0.0946,2.773784355179704,-30.33438363046984,1.0524951799858453,10000,1.315905502796604e-13,1.2847240107349657e-15,1.319022414584625e-13,0.2634972278557995,0.006770877553543397,0.26422920141302464
1334,9.924049233346366,0.2084875439918771,2415.033798055965,7.5764315863589e-14,0.3767,0.7241,0.8635,0.1666,0.062,0.0032,8.123492618701006e-16,0.0125783755927884,0.0107220563217743,0.0333909625505399,0.139,2.710071942446043,-30.58049187353602,0.7970769403838948,10000,7.592228573942611e-14,1.0135124037449713e-15,7.608358530937726e-14,0.35414855533167067,0.00712742639761752,0.3434832424149603
1335,7.074281367306608,0.6997688597123533,1293.2874612001176,6.674973834046e-14,0.3307,0.5676,0.8652,0.1454,0.0397,0.0021,6.117231607080344e-16,0.0115198533715568,0.0091644278452136,0.0348347546766158,0.1315,2.514828897338403,-30.61572102737787,0.7170054076678887,10000,6.665550920207077e-14,9.653921056745947e-16,6.652549199909477e-14,0.33457444142177895,0.007029110028283282,0.33687255719204434
1336,4.498491932839199,0.0090476290907137,14.841316539027234,4.4391698e-19,0.0,0.0006,0.0,0.0,0.0,0.0,3.5704045599020928e-19,0.0,0.8042955599270144,,0.0,0.0,-35.37642629747498,1.670513867217539,10000,4.554074281980133e-17,8.608421681792334e-16,1.2949916012140608e-16,0.0,1e-15,-0.000516500687722049
1337,9.2770579058854,0.3710327748166036,3118.271988813947,8.313657090309999e-14,0.418,0.8377,0.8591,0.1886,0.0759,0.0025,9.433934316571608e-16,0.0140387787478424,0.0113475143539025,0.0335855950905322,0.1455,2.872852233676976,-30.533329262284795,0.8308549740445265,10000,8.313260660000462e-14,1.0490852766164033e-15,8.31291771799048e-14,0.4088872580116129,0.007345621391263013,0.4054518521938718
1338,5.689391950948171,0.4360774768738111,41.25710802780639,1.2086886223e-17,0.0012,0.0218,0.0,0.0,0.0,0.0,1.810120918051782e-18,0.0003998399519791,0.1497590764615061,0.3331999599826572,0.001,1.2,-35.620813275468656,1.7195811106972447,10000,5.089265590333738e-17,8.51983117832518e-16,1.148424511405821e-16,0.0011994941031280317,0.00039941319323561,0.0009628803279644327
1339,6.679774130378946,0.380759055701228,2822.002925937568,7.713897029717999e-14,0.3221,0.6141,0.8965,0.1373,0.0549,0.0021,8.706289900648796e-16,0.0124768075272726,0.0112865000234091,0.0387358197059069,0.112,2.875892857142857,-30.58256230085256,0.7952599295483512,10000,7.751753657359921e-14,1.0279977132169394e-15,7.787272177396655e-14,0.3128698676569424,0.007090864421268462,0.3084662929245747
1340,6.196597493281816,0.4633097534987475,28.142990432762595,3.693403238e-18,0.0005,0.0087,0.0,0.0,0.0,0.0,7.54892072487259e-19,0.0003316413704589,0.2043892918922217,0.6632827409178078,0.0003,1.6666666666666667,-35.939427500261885,1.5870581765831635,10000,0.0,8.532741617623482e-16,-3.481065513424534e-17,0.0004993945582710133,0.0003313978702641539,8.755009497232735e-05
1341,3.7075778807442106,0.5502949822308009,570.3037344316466,6.1537217914157e-14,0.094,0.177,0.9435,0.0628,0.0052,0.001,3.9552583283580167e-16,0.0051067609989885,0.0064274246747318,0.0543272446700904,0.0516,1.821705426356589,-30.563476882939906,0.5602041020422507,10000,6.13648999394178e-14,8.998699915219615e-16,6.111140517310561e-14,0.09523405727069892,0.00439633246906086,0.0987669542772632
1342,10.840581684770358,0.5769573032948517,78.89326650403451,3.74255902925068e-17,0.0115,0.0479,0.0,0.0,0.0,0.0,4.8702308707310444e-18,0.0018322419903143,0.130131036883235,0.1593253904621178,0.0062,1.8548387096774197,-35.99030139599465,2.314788444351522,10000,3.3202060944010194e-16,8.535829968410976e-16,8.28248501932379e-16,0.011389227826370274,0.0017925443741680146,0.008915660902383632
1343,12.910218260981909,0.0170282573303405,949.0517183733184,6.53270453469226e-14,0.2516,0.5525,0.8552,0.1484,0.0335,0.0009,5.373132375303546e-16,0.0090574802122212,0.0082249738171522,0.0359995238959509,0.1248,2.016025641025641,-30.605877888940014,0.7468020568812967,10000,6.505630053914782e-14,9.432652880895805e-16,6.466257769326951e-14,0.25156752860267295,0.006336486449313231,0.2515364028465182
1344,5.371356499907435,0.6414118015697462,160.60237389051295,5.592147340405924e-14,0.0727,0.1378,0.9123,0.0442,0.0,0.0002,1.38262363011966e-16,0.004741700050819,0.0024724377702453,0.0652228342616097,0.0403,1.803970223325062,-30.62516698484553,0.8464176858713216,10000,5.6010878979076505e-14,8.62883194310237e-16,5.6165615231199975e-14,0.07171897546500176,0.004167651242499026,0.06838726153782505
1345,3.0963345628034844,0.4357204481414892,56.015256945636,2.6480636122e-17,0.005,0.044,0.0,0.0,0.0,0.0,2.762532050200576e-18,0.0009579100997358,0.1043227223648708,0.191582019947167,0.0037,1.351351351351351,-35.436588805202405,1.5735948051388542,10000,1.4820173842499047e-16,8.546523466910321e-16,3.5629020075396493e-16,0.005016608400547495,0.0009521360242764462,0.006381818506396547
1346,13.65246413613492,0.4219499408914352,3776.7237627839295,9.731470728700097e-14,0.5976,1.3098,0.7959,0.27,0.1387,0.0053,1.1215357636822614e-15,0.0173763522570698,0.0115248331413526,0.0290768946738116,0.1911,3.1271585557299844,-30.437705813382973,0.9439401211187244,10000,9.707675872428007e-14,1.1232345663484623e-15,9.688078789553972e-14,0.594464462132947,0.007804889456786457,0.5936719788583721
1347,10.21430066140784,0.409203535100028,4678.974728713832,1.0917643816591e-13,0.5136,1.1075,0.8427,0.2256,0.157,0.0086,1.3538454429839014e-15,0.0157285168602847,0.0124005276754543,0.030624059307408,0.1669,3.077291791491912,-30.388588264005648,0.9727163666895718,10000,1.0816959726873252e-13,1.167931432341982e-15,1.0758998318871947e-13,0.4948217113744382,0.007563494439546208,0.48917316602156735
1348,8.966181441019211,0.0969454274853743,52.90747322001885,1.1853738016935801e-17,0.0025,0.0222,0.0,0.0,0.0,0.0,2.0054903807434552e-18,0.0007806637839648,0.1691863256871503,0.3122655135859506,0.0015,1.6666666666666667,-36.12716786363597,2.145224297643116,10000,5.135997447365482e-17,8.54044370502073e-16,1.1833660777675497e-16,0.0024963484901745414,0.0007775175560059905,0.0020460663762041364
1349,12.822859278639967,0.4198288620526382,5978.124576408879,1.3460983772995598e-13,0.6384,1.5941,0.8072,0.284,0.2798,0.013,1.666974140241527e-15,0.0180847242092593,0.0123837467480325,0.0283282020821732,0.1959,3.258805513016845,-30.25540838265926,1.0679007007965535,10000,1.3395061095828019e-13,1.2717980031955192e-15,1.3363172122173218e-13,0.6309830439145835,0.00783988603545821,0.6292666069124802
1350,10.324470371599594,0.5858211158659423,864.7800606173699,6.361785739735802e-14,0.3373,0.5867,0.8291,0.1622,0.029,0.0013,5.067641655071497e-16,0.0108988416574857,0.0079657534258328,0.0323120120293085,0.1461,2.3086926762491444,-30.617712910831447,0.7452367114561064,10000,6.362892720572687e-14,9.275052761647573e-16,6.364413429036057e-14,0.3345364318744446,0.006782098655390071,0.33279004979245697
1351,1.0238130871251734,0.0920135092487157,82.47089080454083,3.8069390269225e-14,0.0053,0.0211,0.9863,0.0105,0.0,0.0003,4.029722831340878e-17,0.0008168584490427,0.0010585204551065,0.1541242356684492,0.0047,1.127659574468085,-30.91235138111319,0.2509088989903908,10000,3.8483747944145926e-14,8.771990452076373e-16,3.944350630786509e-14,0.00532002776092468,0.0008136220196212259,0.00783246975913296
1352,12.038598315038628,0.518021737217295,458.3632280122344,6.360894368072312e-14,0.1942,0.3624,0.8386,0.1385,0.0019,0.0004,3.5119646624916673e-16,0.0079733928474238,0.0055211806064875,0.0410576356715955,0.0991,1.9596367305751765,-30.56306931386736,0.8831389514025669,10000,6.362554983243202e-14,8.892028534009407e-16,6.365023758061536e-14,0.19298100900946993,0.005866038205951792,0.19154275893300662
1353,3.951199271354213,0.4862821507235615,8176.975260601836,1.2717940938529998e-13,0.2318,0.5279,0.9406,0.0987,0.1267,0.0088,1.7841010007882355e-15,0.0096992929447647,0.0140282220951597,0.0418433690455769,0.0846,2.739952718676123,-30.357257836742445,1.0407009275873038,10000,1.2690876052428906e-13,1.2949132640494514e-15,1.267923829594144e-13,0.2321394831327659,0.006497055536792222,0.23241578302809862
1354,2.4918255265531224,0.5443264694209187,29.49595389493713,6.388746479000001e-18,0.0001,0.0148,0.0,0.0,0.0,0.0,1.071835250228829e-18,0.0001,0.1677692570447087,1.0000000000000002,0.0001,1.0,-35.865438120070735,1.665076739241814,10000,0.0,8.551672439799279e-16,-1.1180384365776743e-16,0.00010002371926322262,9.99934680110028e-05,0.00028156826295899773
1355,14.152634674294555,0.1832687195855255,176.44508705694122,3.7516373936028256e-14,0.0635,0.1914,0.8488,0.0392,0.0,0.0003,1.400247394393505e-16,0.0038920803985764,0.003732363358946,0.061292604701991,0.042,1.511904761904762,-31.126309403387875,1.3215419541282074,10000,3.7234878373949795e-14,8.732326146851811e-16,3.667597877387224e-14,0.06465979559809952,0.0035606653808732043,0.0706130616123514
1356,13.694172496374788,0.2131821954030205,3795.021881590189,9.456747327270003e-14,0.4731,1.1185,0.8242,0.23,0.1208,0.0039,1.1087280766554646e-15,0.0143961232224645,0.0117242011263034,0.030429345217638,0.172,2.750581395348837,-30.457130521516405,0.9022832625380024,10000,9.503509757114415e-14,1.1231355768342499e-15,9.543480764240508e-14,0.48216269421498414,0.0074770265799897805,0.48551045526150516
1357,5.0912935579779806,0.0063374926566888,6132.680820353544,1.167924199747e-13,0.2134,0.4683,0.9355,0.1079,0.1033,0.0089,1.5658324591426865e-15,0.0088923535352087,0.0134069698999462,0.0416698853571169,0.0875,2.438857142857143,-30.38737096258964,1.0032994876192165,10000,1.160956080145913e-13,1.2822449665119525e-15,1.1566369866065605e-13,0.2120031481361887,0.006446477585659739,0.2104558692012042
1358,11.387728664934423,0.4870102541996057,21.02333360796065,1.5275779200000001e-18,0.0,0.0028,0.0,0.0,0.0,0.0,6.303248535576414e-19,0.0,0.4126302464214992,,0.0,0.0,-35.55345677822996,1.5952298973243924,10000,2.033279139304599e-18,8.536449477359914e-16,2.885934236665328e-18,0.0,1e-15,7.40259688083722e-05
1359,12.063976147390576,0.4353270874214449,1069.2976518183125,6.629236489233529e-14,0.3526,0.6396,0.8203,0.1809,0.0405,0.0023,5.620503767067079e-16,0.0112907073298,0.0084783576150817,0.0320212913494045,0.1535,2.2970684039087947,-30.60849349403756,0.790652864547099,10000,6.622067113173917e-14,9.389985249295846e-16,6.612956129844893e-14,0.3544151887984377,0.006869835524981889,0.35548222151081077
1360,8.481884936902308,0.2761387055455963,396.7724027991704,6.737878777778128e-14,0.1019,0.2193,0.9078,0.0937,0.0002,0.0003,3.201151803630644e-16,0.0054419298470345,0.0047509786228096,0.0534046108639312,0.0572,1.7814685314685317,-30.439978219313623,0.6433095617838216,10000,6.735274763433328e-14,8.814044944877566e-16,6.731423618038425e-14,0.1031958605376659,0.004601718213950123,0.10644761788719675
1361,7.801109914386413,0.6288146004222445,1132.8008153339115,6.583577750908999e-14,0.3237,0.5533,0.8675,0.1388,0.0292,0.0017,5.683223813070297e-16,0.0115596363921773,0.0086324245389,0.0357109557991269,0.1247,2.5958299919807537,-30.60735339188964,0.7037487156691337,10000,6.581564022602321e-14,9.463094904368856e-16,6.578867775795305e-14,0.3224227298580288,0.006942765667121394,0.3217020009426873
1362,11.1963000908323,0.151378722641925,7688.710484697722,1.3780405573079997e-13,0.4512,1.2533,0.8608,0.2188,0.2614,0.013,1.8008108781879605e-15,0.0143248866047038,0.0130679091311059,0.0317484188934039,0.1494,3.0200803212851404,-30.264837714999747,1.0727050902669195,10000,1.3871430472440845e-13,1.2922076940933617e-15,1.3909046836554124e-13,0.4608689852217053,0.007456805580314,0.46446283160908
1363,7.709004081325075,0.1376195561069942,151.5201438967356,4.9592915125277605e-14,0.0436,0.1268,0.9219,0.0385,0.0,0.0002,1.1752480046856011e-16,0.0032017072153632,0.0023697901236835,0.0734336517285156,0.0287,1.519163763066202,-30.72397543719833,0.775719961499799,10000,4.97271503730241e-14,8.586083927339177e-16,4.995250974093816e-14,0.04446930121638118,0.003002659894002334,0.05081572033102359
1364,1.7295314032447762,0.2635796541965091,49.15429329366959,5.814203185913001e-15,0.0026,0.0343,0.9134,0.0024,0.0,0.0,2.425710571908303e-17,0.0005651158603273,0.0041720430028751,0.2173522539720707,0.0023,1.1304347826086956,-32.802971001161694,0.5711038350726078,10000,5.557489010795454e-15,8.604178417698349e-16,5.083846364798108e-15,0.002600786105418393,0.0005639506620227282,0.002790825499431826
1365,4.188983398631401,0.0412574971120882,1326.6501412916286,6.362965354480002e-14,0.1293,0.2295,0.9468,0.0658,0.0168,0.0006,5.840819830116728e-16,0.0063719864423209,0.0091793990768853,0.0492806376049571,0.0636,2.0330188679245285,-30.64239469486386,0.6522237919905953,10000,6.361142648340746e-14,9.547798865005567e-16,6.358633478053437e-14,0.13086652434851165,0.005158523734509631,0.13384581626405662
1366,14.769590296386946,0.0868442433804337,12.117413263360152,1.3408959999999999e-20,0.0,0.0004,0.0,0.0,0.0,0.0,9.552669242098603e-21,0.0,0.7124094070008863,,0.0,0.0,-37.24880502023833,0.1749725325070021,10000,4.124194014314559e-17,8.72208559076413e-16,1.311073312091624e-16,0.0,1e-15,-6.19652427918671e-05
1367,4.521851582767404,0.168672129338637,12.805257778059758,1.8766904000000002e-19,0.0,0.0006,0.0,0.0,0.0,0.0,1.6893755892214612e-19,0.0,0.9001887520826349,,0.0,0.0,-36.012688026490984,1.80945540056214,10000,2.6621700531762466e-19,8.537042322103418e-16,3.987638536967445e-19,0.0,1e-15,-0.0002576950292213498
1368,2.550197458258459,0.0176887744077523,557.9252259044154,6.042724317457e-14,0.05,0.1053,0.9717,0.0363,0.0039,0.0004,3.749946957937316e-16,0.0035058849272205,0.006205722387672,0.0701176985444111,0.0291,1.718213058419244,-30.56065704662496,0.4750984367700432,10000,6.050939629545188e-14,9.08050518016023e-16,6.065169365929096e-14,0.050384760578040616,0.003270550635293415,0.0529655097395431
1369,3.727873178678456,0.6351728476204112,1020.8521289307296,6.303671004418599e-14,0.1416,0.2679,0.9369,0.0754,0.0143,0.0014,5.323892483942202e-16,0.0067066714504435,0.0084457016874935,0.0473634989438102,0.0658,2.1519756838905777,-30.623262166406484,0.6386919587672348,10000,6.30526024781682e-14,9.355370812332992e-16,6.307429433118289e-14,0.14866254103366783,0.0053289867621506394,0.1607582293984286
1370,9.30366485817662,0.3146137210207319,307.93452186524576,7.726888305613605e-14,0.102,0.2099,0.9015,0.0849,0.0,0.0002,2.4015682995278487e-16,0.0056993726220373,0.0031080665392601,0.0558762021768364,0.0554,1.84115523465704,-30.29221453316186,0.7712014496255366,10000,7.71851416369285e-14,8.693765520035658e-16,7.705463951295224e-14,0.10176256292492804,0.004752372749334396,0.10122077317285677
1371,13.24999705426542,0.5563749998913707,1120.6351714395416,6.62118748917481e-14,0.4211,0.744,0.7862,0.2042,0.0457,0.002,5.665907562238768e-16,0.0125440509533974,0.0085572377636219,0.029788769777719,0.1776,2.371058558558558,-30.62758547736264,0.8673526369393704,10000,6.648604887243903e-14,9.452223331811656e-16,6.685140005757742e-14,0.4304294013567078,0.007169642343245293,0.43495577167491284
1372,9.478497940916233,0.5689295810544323,155.36887854008918,2.9287683465525174e-14,0.0807,0.1882,0.8537,0.0267,0.0,0.0004,1.1437617857006955e-16,0.0047266251277745,0.0039052654575669,0.0585703237642448,0.0472,1.7097457627118644,-31.372818025402847,1.2987199907322382,10000,2.887067719291287e-14,8.602925470840649e-16,2.815170581364497e-14,0.08000323761836546,0.004146618802901485,0.07767537272836558
1373,6.530153533497312,0.6827561790680526,380.54285867349887,6.78780679522744e-14,0.1313,0.23,0.8963,0.0956,0.0011,0.0007,3.031284322194233e-16,0.006349020554873,0.0044657787318365,0.0483550689632373,0.0704,1.865056818181818,-30.43798143095826,0.6902137716318552,10000,6.789181913526171e-14,8.974210767510885e-16,6.791787737268091e-14,0.1302708905885573,0.005176697504145553,0.12822984911267746
1374,7.674387635810248,0.272820218038251,28.840779187401328,3.446996566e-18,0.0002,0.0073,0.0,0.0,0.0,0.0,8.581723478129582e-19,0.0002,0.2489623448649987,1.0,0.0001,2.0,-35.99258358658993,1.677915258102547,10000,0.0,8.536570387002666e-16,-4.358139435481468e-17,0.0001999914347089745,0.0001999463215658972,0.00018404118758028054
1375,13.81324272102295,0.5602245737278323,44.161259708828126,8.0856442379e-18,0.0006,0.0129,0.0,0.0,0.0,0.0,1.5136922568414422e-18,0.000282793205717,0.1872073779534205,0.4713220095283997,0.0005,1.2,-35.60624949447427,1.8756497943109836,10000,3.4299457395751356e-17,8.624178281594508e-16,8.417481120688369e-17,0.0006031769304801336,0.0002826482769730859,0.003700298132121721
1376,3.4565479662191985,0.469042645039493,78.07962543283233,9.75501927403682e-15,0.0162,0.0766,0.8855,0.0037,0.0,0.0,4.4882426485657906e-17,0.0019784204342711,0.0046009572328691,0.1221247181648831,0.0112,1.4464285714285714,-32.35179197320598,0.8674113668333939,10000,9.404041029261782e-15,8.553851326894233e-16,8.804347343492257e-15,0.0161700454041637,0.001928875348020688,0.01559434715039884
1377,7.368816381796117,0.559333866377604,63.2381779259972,2.1162382053700002e-17,0.0049,0.0362,0.0,0.0,0.0,0.0,2.971088479709228e-18,0.001080608981814,0.1403948039577977,0.2205324452681696,0.0032,1.53125,-35.838438682845386,1.7156788211619896,10000,1.1048107087224978e-16,8.579856214403269e-16,2.703431600285029e-16,0.004955292882276012,0.0010723215841285578,0.008518746589702197
1378,5.008579863743235,0.5049238280456139,16.032229030071086,1.4268911700000004e-18,0.0,0.003,0.0,0.0,0.0,0.0,5.945830539736025e-19,0.0,0.4166982503463122,,0.0,0.0,-35.49506097355818,1.7108261496081498,10000,0.0,8.532306590378912e-16,-4.9085175608305096e-17,0.0,1e-15,-7.403686463960946e-05
1379,8.972010939198375,0.2474690054614669,12.717700194270911,1.33101773e-19,0.0,0.0011,0.0,0.0,0.0,0.0,6.829982422056892e-20,0.0,0.5131398529196821,,0.0,0.0,-36.85892364879517,1.497268572083046,10000,0.0,8.540998731641396e-16,-2.352409542893847e-18,0.0,1e-15,-0.0003711507125587765
1380,13.04568880676216,0.2466198124894405,364.6977071027294,6.99866802877368e-14,0.1352,0.2717,0.87,0.1091,0.0002,0.0002,2.914765504890531e-16,0.0067525295753196,0.0041647431952866,0.0499447453795832,0.0721,1.8751733703190012,-30.43934821123338,0.931917289803218,10000,6.96473534855753e-14,8.862254158768231e-16,6.907046090866813e-14,0.13167841695894061,0.005330085373543522,0.12585724954541555
1381,13.773758685873084,0.6283786058457167,122.31777772695592,1.31265884681514e-16,0.0335,0.0978,0.0,0.0001,0.0,0.0,1.3675241221681768e-17,0.0029083708260959,0.1041797056018137,0.0868170395849546,0.0206,1.6262135922330097,-35.60001396151779,2.140208139028659,10000,4.62172071313984e-16,8.552530494009426e-16,1.0320258340974061e-15,0.03376724507472485,0.0027627901304063895,0.03623800038777997
1382,13.170375084196086,0.6651444762159031,46.25192625230245,7.365436982632301e-18,0.0016,0.0117,0.0,0.0,0.0,0.0,1.5822858189526077e-18,0.0005829047759263,0.2148257900629165,0.3643154849539856,0.0011,1.4545454545454546,-36.52236700807888,2.634150745533176,10000,3.663579009960556e-17,8.657941010546784e-16,9.498839427791921e-17,0.001608286960820316,0.0005817022205915209,0.003610509125787059
1383,12.448120336864289,0.6723500061814534,87.28192965566542,4.0587852551700004e-17,0.0119,0.0449,0.0,0.0,0.0,0.0,5.715595128066404e-18,0.0016721598643255,0.1408203383213239,0.1405176356576078,0.0075,1.586666666666667,-35.75001421924777,1.947257826023008,10000,3.2204626353426686e-16,8.633653841906627e-16,8.645245708645664e-16,0.011783342437131783,0.0016435243472649615,0.008464497263479615
1384,13.941245083374806,0.5275788072459197,57.390268593492095,9.778925872343999e-18,0.0025,0.0211,0.0,0.0001,0.0,0.0,2.0205362874825967e-18,0.0007276179923519,0.206621495434066,0.2910471969407792,0.0016,1.5625,-36.25712864586812,2.0760572235300394,10000,1.2152441059516035e-16,8.602034492761481e-16,3.2773655273818896e-16,0.0025066959217316036,0.0007251557672606887,0.003491040695121128
1385,4.425274303292428,0.1204430752450153,2088.6122708404414,6.88544376524073e-14,0.1803,0.3085,0.9438,0.0716,0.0242,0.0008,7.271227776827098e-16,0.0086201288657517,0.0105602892489426,0.0478099216070534,0.0728,2.476648351648352,-30.635315498986703,0.7249077916828245,10000,6.916860018899974e-14,9.869533740663908e-16,6.95148435268632e-14,0.17503544493099274,0.006101373806246301,0.16975003274796818
1386,1.341124702358384,0.1319698926582215,18.490660947329125,3.51516985e-18,0.0,0.0043,0.0,0.0,0.0,0.0,9.638746463838136e-19,0.0,0.2742042881324251,,0.0,0.0,-35.03477253632014,1.5692030614636183,10000,9.845124938505847e-18,8.684007964273815e-16,2.292922418254279e-17,0.0,1e-15,-0.00043588316790321713
1387,2.03338451898456,0.5063986636342374,58.776981672677245,7.318177205338801e-15,0.0088,0.0576,0.8982,0.0027,0.0,0.0,3.266131591208188e-17,0.0013536761961135,0.0044630397701021,0.1538268404674464,0.0063,1.3968253968253967,-32.60612397401978,0.7239022216920799,10000,7.595496194824508e-15,8.639768882559331e-16,8.131503922488547e-15,0.008768382581867962,0.0013380099812151155,0.007426060900080661
1388,3.215371614812828,0.1576171894601976,1555.8265833083428,6.425795226465002e-14,0.1377,0.2042,0.9544,0.0565,0.0169,0.001,6.274950516958572e-16,0.0072442472978143,0.0097652512970143,0.0526089128381583,0.0593,2.322091062394604,-30.6574555480874,0.6739244439644524,10000,6.447737936604974e-14,9.567591211164787e-16,6.473983603910992e-14,0.13085162888052873,0.005558449714195548,0.1210479798618208
1389,6.30689455766761,0.6250829729715394,41.40768069362071,1.3150650286710002e-17,0.0016,0.02,0.0,0.0,0.0,0.0,2.049603168557876e-18,0.0005096763453385,0.1558556515360459,0.3185477158366175,0.0012,1.3333333333333333,-35.72942685022469,2.056358524785515,10000,9.642204013782159e-17,8.537225050201417e-16,2.369717303451693e-16,0.001599935168833556,0.0005088069027303873,0.0015809814246408316
1390,2.7456878659376907,0.1452701417188718,1499.714741473353,6.39800065344e-14,0.108,0.1777,0.9663,0.0451,0.0128,0.0002,6.218334458952507e-16,0.0059124525968138,0.0097191838447361,0.0547449314519801,0.0506,2.134387351778656,-30.655317608156267,0.6583881000169568,10000,6.399869566180336e-14,9.605762751043553e-16,6.402238547621023e-14,0.10688710466291816,0.004890845585605763,0.10447507859231103
1391,10.927912772490403,0.5568317751361833,33.48797471368793,5.043581753999999e-18,0.001,0.009,0.0,0.0,0.0,0.0,1.2321603966741689e-18,0.0004471241348878,0.2443026517210628,0.4471241348878406,0.0006,1.6666666666666667,-35.91016768965129,1.6450114995758245,10000,3.745005386963306e-17,8.56410453673467e-16,9.420903300755171e-17,0.0009972787036441391,0.0004465306977813241,-2.5858731209027486e-05
1392,11.587623570025148,0.3826732685064602,86.03834058683998,3.9285301677970804e-17,0.0109,0.0536,0.0,0.0,0.0,0.0,4.8399738647180015e-18,0.0015291673666683,0.1232006286827628,0.1402905840980171,0.0071,1.5352112676056338,-35.93402568885098,2.253408892856382,10000,1.5629538441793756e-16,8.513833599974697e-16,3.475165721201209e-16,0.010871135569962878,0.0015056689370815672,0.009953547289668352
1393,8.327611042338189,0.120061316557131,3529.7604102483056,8.333261979029999e-14,0.3215,0.6585,0.8939,0.1436,0.0754,0.0024,9.874378290220625e-16,0.0115631806054636,0.0118493554085647,0.0359663471398559,0.1193,2.694886839899413,-30.54709267113692,0.8293842122207971,10000,8.39359861337255e-14,1.0692908417171099e-15,8.446001896910016e-14,0.3153638107220562,0.0069350735987597015,0.3119166084979934
1394,10.43880537870366,0.0749073193919467,84.75442932818481,4.703421570214001e-17,0.0116,0.0672,0.0,0.0,0.0,0.0,5.3375037011470086e-18,0.002346719989575,0.1134812948715578,0.2023034473771562,0.007,1.6571428571428573,-35.92092091476922,2.140239758760619,10000,3.608674756197827e-17,8.533160000980568e-16,1.771445926189207e-17,0.011495811647579936,0.00226619046676186,0.010055415878983426
1395,6.051136211826223,0.6271514038124499,1379.5332380932432,6.6572306356654e-14,0.2876,0.4946,0.8833,0.1351,0.0347,0.0023,6.203321068383667e-16,0.010516638434804,0.0093181705845521,0.0365668930278303,0.1168,2.462328767123288,-30.62052574561029,0.7154118411763474,10000,6.653692828841301e-14,9.591529655577397e-16,6.649245765134412e-14,0.28236097841643315,0.006691469602458187,0.27879721000502866
1396,11.31268363064988,0.5219698190584525,208.8519124702672,6.091812416570213e-14,0.1054,0.214,0.8515,0.0646,0.0,0.0002,2.0792566754378762e-16,0.0054435326034405,0.0034131987875761,0.0516464193874816,0.0622,1.6945337620578778,-30.628405272916755,1.233211639375154,10000,6.008538946204841e-14,8.659275774959048e-16,5.875544611110082e-14,0.10726855655634013,0.004605793803759013,0.1119769163992993
1397,13.583912335525302,0.5424755659953232,129.5174335164651,1.4654701021513815e-16,0.0397,0.1128,0.0,0.0001,0.0,0.0,1.3541424534256025e-17,0.0031421932368703,0.0924032807928087,0.0791484442536612,0.0251,1.5816733067729083,-35.47520178908101,2.304898653432731,10000,0.0,8.518810089971803e-16,-1.462881346065813e-15,0.040114180308068674,0.002954946618356972,0.043281913430790214
1398,11.012055239305734,0.6512244009673914,2976.905446320918,8.658938474795e-14,0.596,1.3307,0.8014,0.2565,0.0999,0.0023,9.54144516910979e-16,0.0171063632244342,0.0110191857776604,0.0287019517188494,0.1918,3.10740354535975,-30.49911947769772,0.8627767367966495,10000,8.674089139269048e-14,1.0675042537340902e-15,8.688556742481007e-14,0.6147061494817485,0.007808029813640658,0.6196289461765001
1399,2.587743639975264,0.2528516643509314,797.6186047418654,6.114222565713999e-14,0.075,0.1392,0.9671,0.0424,0.0071,0.0008,4.72833104506703e-16,0.0046989049757147,0.0077333315793597,0.0626520663428636,0.0389,1.9280205655526992,-30.611269015388054,0.5703312100823812,10000,6.11257162409205e-14,9.162401457468228e-16,6.110312343513017e-14,0.07619644236490734,0.004132527676089163,0.08028138840635984
1400,8.063419527747117,0.5731570919719293,1651.157003409993,6.9417472147192e-14,0.3663,0.6595,0.8597,0.1643,0.0442,0.0016,6.852277590542725e-16,0.0124365549003644,0.0098711136816005,0.0339518288298237,0.1382,2.650506512301013,-30.614558232825665,0.7632049434035624,10000,6.964853861189452e-14,9.789477220429798e-16,6.992447903387539e-14,0.36324943592954784,0.007111431447311819,0.36176738714672063
1401,8.890265343381511,0.6819184487263796,2220.740626515492,7.594540660141e-14,0.4697,0.9187,0.8349,0.2056,0.0621,0.0027,8.040340796036408e-16,0.0147705791355924,0.0105870007889155,0.0314468365671545,0.1615,2.908359133126935,-30.576983991365243,0.8031780740677342,10000,7.676231994719015e-14,1.0268267192269476e-15,7.772087145761028e-14,0.4880808424881606,0.0075996456098182345,0.4946985268717732
1402,13.840892765058324,0.601037908800757,156.71204835443478,2.4546423857110604e-16,0.0666,0.1718,0.002,0.0003,0.0,0.0,1.8562872003654546e-17,0.0040765311001611,0.075623529161366,0.0612091756780953,0.0419,1.5894988066825777,-35.361992366175926,2.2977862576395203,10000,0.0,8.704201039363419e-16,-8.898391588405958e-16,0.06852822672245162,0.003696114210632966,0.0774370474991461
1403,10.676776803444383,0.2647403402891268,108.964897434297,8.77953857718256e-17,0.0189,0.0959,0.0,0.0001,0.0,0.0,8.977160259804224e-18,0.0020086519032044,0.1022509347260603,0.1062778784764254,0.0137,1.3795620437956204,-35.755426119563865,2.0899538115346643,10000,4.978385710460869e-17,8.512294215647178e-16,-1.218562749198153e-17,0.01923992006010677,0.001956236184419595,0.02549923625975839
1404,5.485139363217024,0.5156137070312191,837.2687835641572,6.258952332151e-14,0.175,0.3,0.9161,0.0871,0.017,0.0013,4.861046955926929e-16,0.007466128468452,0.0077665505310796,0.0426635912482976,0.0828,2.113526570048309,-30.606234444629763,0.6345855070772306,10000,6.26402801926286e-14,9.206452588785308e-16,6.270990071107108e-14,0.1790912441563959,0.00564794945874758,0.18456471238831434
1405,13.476935107563436,0.3898164733582397,19.76321805274988,3.3600504e-19,0.0,0.0015,0.0,0.0,0.0,0.0,1.7298439397756328e-19,0.0,0.5148267834838528,,0.0,0.0,-36.279229861429314,1.2154305426275231,10000,0.0,8.546421828375095e-16,-1.3855753165022688e-16,0.0,1e-15,-0.0002253872821569025
1406,13.67489165047204,0.3328805540766599,184.34719798549733,4.029452620945464e-14,0.0825,0.2208,0.8367,0.0466,0.0,0.0002,1.554315274381934e-16,0.0045112537216403,0.003857385656559,0.0546818632926105,0.0513,1.608187134502924,-31.05271862025371,1.2553549276874345,10000,4.005081112220089e-14,8.645583437397625e-16,3.9630414409861145e-14,0.08294886165909332,0.004005192163008378,0.08461955786321453
1407,13.487868449975688,0.5094439173169708,531.7339298718249,6.114037522714632e-14,0.2308,0.4274,0.8158,0.1558,0.0056,0.0004,3.773300915777896e-16,0.0083534492283966,0.0061715370600188,0.0361934541958261,0.1195,1.9313807531380756,-30.61855176427388,0.8895462284667588,10000,6.140773586092018e-14,9.053879012224752e-16,6.185295424577861e-14,0.23355247909161003,0.006030647871022667,0.23654858591052527
1408,13.579294827557552,0.6118593832127289,1789.7550260005737,7.473476786023514e-14,0.5653,1.0885,0.7706,0.2504,0.0649,0.0028,7.299731638845063e-16,0.015580047008481,0.0097675176465345,0.0275606704554767,0.2031,2.7833579517479072,-30.56787076411316,0.8534212716935217,10000,7.488843903054119e-14,1.0021239512311126e-15,7.508013292679334e-14,0.5707853580944304,0.0077283983990494715,0.5725755921915396
1409,3.7610197285717297,0.1089402256130125,28.80636363642463,4.5020621290000004e-18,0.0002,0.0101,0.0,0.0,0.0,0.0,8.99179482952561e-19,0.0001414142842854,0.1997261381979833,0.7070714214274962,0.0002,1.0,-35.84520162379188,1.620586070597294,10000,9.706031902457237e-18,8.611477554134674e-16,1.9435339071719198e-17,0.00020010624986082138,0.000141395594845516,0.0006019981619978798
1410,6.413555458599324,0.5856513799592102,1608.923381836549,6.788644151025811e-14,0.2845,0.5149,0.8916,0.1259,0.0363,0.0015,6.690672771775025e-16,0.0105871234864986,0.0098556834368229,0.0372130878260058,0.1132,2.5132508833922262,-30.62549387342256,0.7318507974489579,10000,6.82326109573619e-14,9.70957955681008e-16,6.863987119043233e-14,0.2929609943810566,0.006699811527038974,0.2986126954659488
1411,9.22478536108888,0.2706353240434863,1190.2995276935856,6.549208527639769e-14,0.2665,0.4774,0.8726,0.1413,0.0369,0.0013,5.801124569073853e-16,0.0096983081368902,0.0088577490617243,0.0363914001384249,0.1186,2.2470489038785835,-30.621704519390335,0.7390404059873212,10000,6.556732835991312e-14,9.443121291423794e-16,6.566187502446272e-14,0.2681903462007868,0.0064495740380651825,0.2695306646276549
1412,11.636413137848365,0.3757281944142863,4235.70787244768,1.0189020833960999e-13,0.5118,1.1293,0.8282,0.2309,0.1379,0.0043,1.2275738835249684e-15,0.0152607131201819,0.0120480064132693,0.0298177278628017,0.1718,2.979045401629802,-30.42182116358123,0.9423511219985714,10000,1.0230277444635613e-13,1.1376475928362572e-15,1.025785133785601e-13,0.514336584278964,0.007521071919023142,0.5151503515183572
1413,2.477883802733265,0.2325012606767868,1082.290270874156,6.1635045521e-14,0.0921,0.1503,0.9633,0.0486,0.0112,0.0005,5.258391353497664e-16,0.0054428596777932,0.0085314958544259,0.0590972820607297,0.0434,2.122119815668203,-30.6381438198866,0.5961210937274424,10000,6.156795419930091e-14,9.367004964731523e-16,6.147301435537377e-14,0.09092714281163003,0.0046156594936000135,0.08792405529553589
1414,9.078221344264552,0.6899625632019057,206.33076495145653,6.286491121924315e-14,0.1208,0.2156,0.8565,0.0618,0.0,0.0003,2.0895835631795967e-16,0.0057117421510288,0.0033239266908245,0.0472826337005701,0.0681,1.7738619676945668,-30.576973693750627,1.121571447354525,10000,6.254057458973539e-14,8.714016680188727e-16,6.198513598013099e-14,0.1205861192628755,0.004795332187127188,0.12007533505725282
1415,8.193542137985133,0.3967345714563627,8240.592266313995,1.366337103073e-13,0.4272,1.0842,0.8839,0.1812,0.2439,0.0102,1.828974212260596e-15,0.0146734981226262,0.0133859660851417,0.034348076129743,0.133,3.21203007518797,-30.282811763044684,1.0673229728000884,10000,1.3953166631375604e-13,1.2899581150652921e-15,1.4066326967268847e-13,0.4342066595500185,0.00748628215875212,0.4366722290805438
1416,1.931506131712709,0.3412265733599162,70.03570158634392,2.259975889588e-14,0.0082,0.0416,0.9656,0.0111,0.0,0.0,3.902813594249223e-17,0.0012138465069086,0.0017269270934393,0.1480300618181231,0.0064,1.28125,-31.462696546664706,0.5402700279708113,10000,2.2084652129388973e-14,8.622058473259425e-16,2.111546595966398e-14,0.008221729729184458,0.0012023155931087381,0.009349190603613555
1417,10.19193489356154,0.2243795144473346,24.713740785937933,2.186869412e-18,0.0,0.0043,0.0,0.0,0.0,0.0,7.065897360402533e-19,0.0,0.3231055920225443,,0.0,0.0,-35.69878091002672,1.6405357499583135,10000,0.0,8.538128498385036e-16,-5.124899424264657e-17,0.0,1e-15,0.00036232237489652874
1418,1.2347689723927802,0.5403670296659735,1270.395767525519,6.16015028977e-14,0.0576,0.0939,0.9781,0.0287,0.0085,0.0007,5.68532209564493e-16,0.0038768191823577,0.0092291938154275,0.0673058885826004,0.0308,1.87012987012987,-30.665771276807995,0.62952998658642,10000,6.162632352968181e-14,9.733739013201889e-16,6.167014764964379e-14,0.05715375771023423,0.003564053822510365,0.05471809754265361
1419,13.59565843073219,0.0634871125396416,23.73788275112,2.386650836e-18,0.0,0.0033,0.0,0.0,0.0,0.0,7.483495115411686e-19,0.0,0.313556344419192,,0.0,0.0,-35.63601841267258,1.9894578346793312,10000,1.3159294861908553e-17,8.699625331071557e-16,3.591568778632455e-17,0.0,1e-15,-0.0003778588585401643
1420,13.927047741635374,0.0014524154509246,44.61015475626693,5.2789952697000006e-18,0.0007,0.0148,0.0,0.0,0.0,0.0,1.0658289716915421e-18,0.0004122717511541,0.2018999671791924,0.5889596445058776,0.0003,2.333333333333333,-36.5882533219535,1.9037199165091607,10000,6.338065207458795e-17,8.620361160911022e-16,1.7334666461833978e-16,0.0007003289074655981,0.0004118544930025784,0.0008625707139788275
1421,6.284375151400276,0.6264132619254678,40.0844893388572,8.434562715e-18,0.0022,0.0203,0.0,0.0,0.0,0.0,1.4131138214639258e-18,0.0010768620910758,0.1675384805605687,0.4894827686708551,0.0009,2.4444444444444446,-36.04912412063896,1.7995068002967334,10000,6.04790972376944e-17,8.548969414342133e-16,1.4975448846159787e-16,0.0021856091477489457,0.0010687347312264188,0.001243006285542303
1422,3.5627194493316,0.351952765380568,520.4917391810236,6.070765863074e-14,0.0697,0.1463,0.955,0.0543,0.0042,0.0002,3.639642185363578e-16,0.0042972127715253,0.0059953591811241,0.0616529809401051,0.0394,1.769035532994924,-30.553558046250203,0.5129097917207075,10000,6.103439979087114e-14,8.902162976942254e-16,6.150749364796834e-14,0.07080880831931817,0.00384723268524151,0.07528695762675876
1423,12.790268594197869,0.5964008138894327,2517.9260737199447,8.353455856262e-14,0.6149,1.2645,0.7871,0.2593,0.0893,0.0023,8.791177343039301e-16,0.0170859296469109,0.010524000478735,0.0277865175588078,0.2016,3.0500992063492065,-30.5117136534784,0.8627267321871299,10000,8.31951720420005e-14,1.042639059192042e-15,8.284859127525046e-14,0.6162093104714873,0.007781877567065337,0.616552000765511
1424,13.601802052207011,0.533930843428741,761.3367517289386,6.241322432573195e-14,0.3425,0.5805,0.7981,0.1772,0.0263,0.001,4.681338571652177e-16,0.0107578319421159,0.0075005555669107,0.0314097282981486,0.1578,2.170468948035488,-30.64411860849196,0.8813886753685495,10000,6.242173567791563e-14,9.196104388249628e-16,6.243402755857247e-14,0.34243909389958965,0.006784713926552032,0.3423988685535062
1425,1.4196073798741713,0.1421444507456453,241.14958930897728,8.967862972109e-14,0.0209,0.0397,0.9869,0.0158,0.0,0.0001,1.5573239612359035e-16,0.002187875151778,0.0017365608351502,0.1046830216161763,0.0132,1.5833333333333333,-30.06828899081684,0.305807148308913,10000,8.996122913306719e-14,8.80948352523439e-16,9.05690130617028e-14,0.02089050625785566,0.002124664489258768,0.020733290994285447
1426,10.526635036042183,0.0323399952614352,25.002607528638,3.342235877e-18,0.0,0.0065,0.0,0.0,0.0,0.0,9.457386865963616e-19,0.0,0.282965871171624,,0.0,0.0,-35.69993975239586,1.7054540071170778,10000,4.092819430747726e-17,8.62585801402783e-16,1.126072076790085e-16,0.0,1e-15,0.0004433973785009093
1427,12.40201659863168,0.3324460922091128,22.2710393683506,1.5764574130000001e-18,0.0,0.0035,0.0,0.0,0.0,0.0,6.299801843640447e-19,0.0,0.3996176358263886,,0.0,0.0,-35.97704112141974,1.6840754210733002,10000,0.0,8.567985130077096e-16,-1.28460401911752e-16,0.0,1e-15,-0.00010188217515161302
1428,9.578298335486624,0.0437937388106786,61.40170247352194,1.25770745041917e-17,0.0023,0.0302,0.0,0.0,0.0,0.0,1.79076710337176e-18,0.0007678085392826,0.1423834376408386,0.3338297996880925,0.0016,1.4375,-36.18345443171384,1.9927035412115237,10000,1.5754273106132303e-16,8.610026753739484e-16,4.2802423212420227e-16,0.0023106183169305417,0.0007648862248243732,0.003697587279045317
1429,14.59664703311896,0.2254026699521725,4100.062741318809,1.0147011042484999e-13,0.53,1.241,0.8059,0.2639,0.1477,0.0059,1.218587388898167e-15,0.0154730068633778,0.0120093235712073,0.0291943525724111,0.1837,2.8851388132825257,-30.41784335142644,0.9330763623356724,10000,1.0147213735422914e-13,1.1817165737975186e-15,1.0147392205112769e-13,0.524582673128744,0.007714271316434398,0.5227906890875068
1430,9.408546114318575,0.4045695372905766,103.71705020818456,8.660833435118018e-17,0.0201,0.0947,0.0,0.0,0.0,0.0,8.183920618160965e-18,0.00200249843945,0.0944934535396643,0.0996267880323422,0.0143,1.4055944055944056,-35.731864054872055,2.1555360338724605,10000,0.0,8.533221293327089e-16,-1.8155495754577596e-15,0.020450528220368944,0.0019505141480011315,0.026940172188993305
1431,8.442494334358617,0.1872221963722472,7783.843123331493,1.3475919311376032e-13,0.3825,0.98,0.8855,0.1822,0.2313,0.013,1.8107833879627123e-15,0.0130903212585125,0.0134371789124182,0.0342230621137582,0.1312,2.9153963414634148,-30.30059505341669,1.0720092021807797,10000,1.35003081425272e-13,1.2862824190779114e-15,1.350998397405388e-13,0.37657080692882916,0.007246546403185963,0.37395093410714686
1432,7.762514866246702,0.6455916657382897,6265.185278587862,1.310224642658e-13,0.5341,1.2197,0.8595,0.2146,0.2322,0.01,1.6627015907727572e-15,0.0168395984574342,0.0126902024022361,0.031528924279038,0.1575,3.391111111111111,-30.287506143435888,1.0513382645992866,10000,1.301491615063363e-13,1.2619517383751901e-15,1.2974084622956223e-13,0.5196163232040409,0.0077365982656158365,0.5157412519695108
1433,7.5455780904910545,0.3460464999972572,17.481241744877657,2.0554539800000007e-18,0.0,0.0036,0.0,0.0,0.0,0.0,7.902437607239539e-19,0.0,0.3844619088596446,,0.0,0.0,-35.771383475253906,1.571627596962,10000,0.0,8.54946015488605e-16,-4.151623982738838e-17,0.0,1e-15,0.0005191745157089867
1434,8.149358433069564,0.5346365276736172,7515.806131984927,1.3814810164663e-13,0.473,1.223,0.871,0.2002,0.2416,0.0096,1.796721302101419e-15,0.0154845431675497,0.0130057617924947,0.0327368777326632,0.1482,3.191632928475033,-30.270535019984354,1.0863169582360357,10000,1.3857941858006287e-13,1.2757018024002894e-15,1.3874730064892243e-13,0.48775386824991135,0.007567906364519074,0.4923840666452711
1435,3.593494166241518,0.3954750267136727,898.0726787136241,6.15893540748932e-14,0.1126,0.2059,0.9466,0.0646,0.0132,0.0006,4.949292099029853e-16,0.0057978863000713,0.0080359538971807,0.0514909973363351,0.0562,2.00355871886121,-30.625045053108632,0.6181762273966829,10000,6.188928861025282e-14,9.220997576097041e-16,6.229451290645742e-14,0.11539833928901384,0.004815856413975318,0.12162498519423623
1436,10.940560162458752,0.4285738584912832,17.822116967051745,5.495864099999999e-19,0.0,0.0018,0.0,0.0,0.0,0.0,2.968247345714413e-19,0.0,0.540087471543267,,0.0,0.0,-36.38541636532476,1.9740957842193527,10000,0.0,8.510753735174233e-16,-5.667797142890984e-17,0.0,1e-15,0.0004217020195215748
1437,4.959218297988128,0.5976793247268438,7840.8026491230785,1.2971221280332002e-13,0.3194,0.7916,0.9109,0.1505,0.1754,0.0107,1.756094472601122e-15,0.012201362683124,0.0135383895983938,0.0382008850442206,0.1066,2.99624765478424,-30.328523037985857,1.0550929961176478,10000,1.3032828324975922e-13,1.278755024168542e-15,1.3058884137028755e-13,0.32170490854984957,0.0071295132038382185,0.3228998745964008
1438,5.825304763021268,0.6441774838976699,8130.747713796534,1.3733060582243e-13,0.4113,1.0306,0.8967,0.1673,0.2036,0.011,1.841423130359216e-15,0.0145153126190944,0.0134086871555798,0.0352913022589216,0.127,3.2385826771653545,-30.286519808188874,1.079897066222042,10000,1.3681647268401768e-13,1.3026205847946835e-15,1.366097395529731e-13,0.40380735478117413,0.007574837516843654,0.40100325189898667
1439,5.57531330711435,0.5698683040436645,1442.7998570248888,6.6327657327e-14,0.2593,0.4254,0.9033,0.1082,0.0302,0.002,6.233347304746728e-16,0.0102428923007258,0.0093978101382593,0.039502091402722,0.1025,2.529756097560976,-30.628371867904903,0.7152039479509704,10000,6.645660708362364e-14,9.584283983153774e-16,6.661578522305315e-14,0.25318448499623014,0.00660860842035357,0.24882338902771217
1440,10.1389737698364,0.1938762785563191,76.69427026057224,3.411997469625236e-17,0.0093,0.0473,0.0,0.0,0.0,0.0,4.125476409815066e-18,0.0016191396361389,0.1209108871428382,0.1741010361439718,0.0059,1.576271186440678,-35.92758401775912,2.39127089783164,10000,9.28930541312715e-17,8.522033164208155e-16,1.900347689197169e-16,0.009253393566049931,0.0015913311524003017,0.007931425477194859
1441,1.2141167901661991,0.6597726092079851,11.399822025585475,1.4016793e-19,0.0,0.0005,0.0,0.0,0.0,0.0,1.0714203411797044e-19,0.0,0.7643833658524488,,0.0,0.0,-36.03155936923337,1.7890063548975228,10000,5.543403634122005e-17,8.812401025195826e-16,1.9233929743445593e-16,0.0,1e-15,5.8372822580671224e-05
1442,9.054117856793647,0.3249206581569256,37.69813679142072,5.936028998999999e-18,0.0003,0.0106,0.0,0.0,0.0,0.0,1.3408830627976082e-18,0.0002235978524046,0.2258889003108807,0.7453261746820798,0.0002,1.5,-35.90764708720568,1.7269599639044546,10000,0.0,8.512180055628144e-16,-1.2798446292307216e-16,0.00029970150279681214,0.00022352270986733771,-0.0001441861615076867
1443,4.0434099512945805,0.698085841385716,13.61822669952224,4.440003399999999e-19,0.0,0.0014,0.0,0.0,0.0,0.0,2.3333725327074203e-19,0.0,0.5255339517774739,,0.0,0.0,-35.730579136592496,1.4116900766856146,10000,7.56352463535175e-17,8.661819362270706e-16,2.263442530724772e-16,0.0,1e-15,-0.0001941705398056104
1444,4.508702213262128,0.6391121070992337,62.85205732811822,3.998559237606e-17,0.0102,0.0493,0.0,0.0,0.0,0.0,5.049703012415603e-18,0.0018138150381169,0.1262880630834155,0.1778250037369574,0.0057,1.7894736842105263,-35.5972532497251,1.9212327586893945,10000,0.0,8.647678876310741e-16,-1.5170570596793935e-15,0.010231102769740827,0.001776698547661915,0.010967823822762901
1445,6.655343762706732,0.3425248254992717,48.07841087161275,1.11692169105e-17,0.0022,0.0231,0.0,0.0001,0.0,0.0,1.777304371104559e-18,0.0007208106247799,0.1591252444415994,0.327641193081801,0.0014,1.5714285714285714,-36.10315045604073,1.777652890778193,10000,1.1922141361387183e-16,8.53734866676467e-16,3.016294343713633e-16,0.002200236624401987,0.0007183075125525508,0.0022341291223356152
1446,6.14722814443193,0.4028212548525215,39.604555800008,1.10855283456e-17,0.0015,0.0196,0.0,0.0,0.0,0.0,1.7324207396898746e-18,0.0005914473611388,0.1562776879622067,0.394298240759228,0.0011,1.3636363636363635,-35.76465188949702,1.818831762642265,10000,4.8989745617320444e-17,8.52135253915916e-16,1.1158481772325991e-16,0.0014952390175733989,0.0005900651776286098,0.00048017716292281243
1447,11.881503637628592,0.2573346781343101,200.2310426307932,6.123011380461897e-14,0.0891,0.1992,0.8648,0.0626,0.0,0.0001,1.9680270771158982e-16,0.0050118490463187,0.0032141489780596,0.0562497087128929,0.0524,1.700381679389313,-30.60042146890538,1.1528611443331385,10000,6.15083113589004e-14,8.673106580583764e-16,6.197090706512127e-14,0.08836280865119654,0.004335353051023014,0.08617160719642498
1448,9.691851338471984,0.3812901701521841,43.900344993699726,6.5399700941836e-18,0.0013,0.0169,0.0,0.0,0.0,0.0,1.2554148639003297e-18,0.0005914947054696,0.1919603370995301,0.454995927284367,0.0008,1.625,-36.49171493302293,2.0680661219061154,10000,0.0,8.546200472779574e-16,-1.3585874654602226e-16,0.001297901053816051,0.0005901116922475167,0.000850630222104326
1449,1.9531463632471304,0.2270241931731332,776.8467647028631,6.090701543333199e-14,0.0612,0.1012,0.9755,0.0313,0.0065,0.0003,4.60387282801815e-16,0.004005878269003,0.0075588547481159,0.0654555272712911,0.0333,1.837837837837838,-30.606607176806868,0.5446114361541111,10000,6.079528047206433e-14,9.214303355876588e-16,6.062607764886862e-14,0.061388872757538196,0.003642012631878117,0.06228913593938007
1450,5.244959570282791,0.496034770984482,13.698975652128905,1.3522070400000002e-18,0.0,0.0015,0.0,0.0,0.0,0.0,6.05901885115426e-19,0.0,0.448083664107699,,0.0,0.0,-35.102408182246364,1.471308877376192,10000,0.0,8.525853445281139e-16,-3.56595951996847e-17,0.0,1e-15,-0.0003895786752484698
1451,6.758181776631592,0.2030501753377347,745.7905768615486,6.263178288789e-14,0.1654,0.3041,0.9124,0.0974,0.0169,0.0008,4.686869667883451e-16,0.0074746151062846,0.0074832129180689,0.045191143326993,0.0822,2.0121654501216546,-30.591247527207027,0.6166108051507445,10000,6.238972232326317e-14,9.155790489890572e-16,6.205613359120086e-14,0.16346714386533973,0.005655592114121009,0.1608786572606061
1452,6.684446126562849,0.1323868528937204,674.5710257389419,6.201961958777271e-14,0.1449,0.2552,0.9204,0.0915,0.0108,0.0008,4.4368849326769053e-16,0.0070423972151429,0.0071540021724861,0.0486017751217596,0.0717,2.0209205020920504,-30.589959762709512,0.6313647867709128,10000,6.192574735953353e-14,9.140280362756953e-16,6.178718268645517e-14,0.1431803916590978,0.00546410006874317,0.14057937959079964
1453,5.82774422325958,0.4133533698067849,337.99969031109805,7.155213950569842e-14,0.0861,0.1628,0.9325,0.0668,0.0,0.0003,2.717939631215934e-16,0.0054764658464941,0.0037985441804985,0.0636058751044615,0.0441,1.9523809523809523,-30.353131659424573,0.6102244549637333,10000,7.149627384649865e-14,8.732499301613592e-16,7.141144994730847e-14,0.08520865084169536,0.004622675412339983,0.08299963450822946
1454,13.631178305433282,0.134876555961258,1764.04879303806,7.22251782376296e-14,0.3658,0.7565,0.8287,0.197,0.0601,0.0015,7.124581356281482e-16,0.0118056331171746,0.0098644012103933,0.0322734639616582,0.1557,2.3493898522800256,-30.59362157313625,0.8281355393304869,10000,7.213549743647443e-14,9.920966227871003e-16,7.202631923676385e-14,0.3578184776751605,0.007013580842033964,0.35346493986761135
1455,11.853564112064062,0.1976448443893544,535.5776661601791,6.108692148740401e-14,0.1522,0.3534,0.8709,0.118,0.0075,0.0011,3.766706628450018e-16,0.0062647777888824,0.0061661425011026,0.0411614835011985,0.0855,1.7801169590643275,-30.59382145647235,0.7552264107579029,10000,6.158320475497707e-14,8.990520289082657e-16,6.235110241378727e-14,0.15721880788501996,0.005077280422709537,0.16682471417874722
1456,2.9679648506666,0.6377317491734088,1178.7779091367956,6.345438883649999e-14,0.1383,0.2309,0.9452,0.0672,0.0171,0.0006,5.714706628281783e-16,0.0065986108512713,0.009006006886311,0.0477122982738351,0.0643,2.150855365474339,-30.634896252916786,0.6385265436190695,10000,6.348946464980224e-14,9.605095204851577e-16,6.354312329272985e-14,0.13784009859649124,0.005295735937368726,0.13700780977891014
1457,12.29222427627222,0.6395610470977169,27.904145888529825,2.4515210360000004e-18,0.0001,0.0049,0.0,0.0,0.0,0.0,7.387177037113718e-19,0.0001,0.3013303548545898,1.0,0.0001,1.0,-35.518590188877845,1.3902289732952555,10000,2.8783272760508703e-17,8.610255625582562e-16,7.793010520931088e-17,9.99435322713946e-05,9.99935232591258e-05,-0.000335941149999186
1458,5.2598216508532,0.3391874747649537,474.8460286467077,6.299684484729e-14,0.0933,0.1912,0.9365,0.0701,0.0032,0.0012,3.5549304218822923e-16,0.005093339298586,0.0056430293144041,0.0545909892667315,0.0501,1.8622754491017963,-30.512536538368543,0.528997243263019,10000,6.299607359362478e-14,8.919691658663297e-16,6.299490317978829e-14,0.09319207469700268,0.00438691519455963,0.09288193579208286
1459,13.262177744851725,0.0341150669529711,420.675850356036,6.5745651505337e-14,0.1161,0.2897,0.8805,0.1103,0.0012,0.0003,3.327284222863832e-16,0.00555924181134,0.0050608430317155,0.0478832197359179,0.0687,1.689956331877729,-30.49148088291604,0.7630203443177334,10000,6.596903488876429e-14,9.04299955700304e-16,6.639148328939129e-14,0.11805176605978113,0.0047334636009210874,0.12319685496015531
1460,14.435128024387572,0.4940506177759196,410.72377874716045,6.58056216459147e-14,0.1778,0.3343,0.8209,0.1394,0.001,0.0003,3.207158116890594e-16,0.0071108207949038,0.0048736840966985,0.0399933678003593,0.096,1.8520833333333333,-30.52316073543495,0.937343835205358,10000,6.592823894504154e-14,9.034834637767828e-16,6.616632009776404e-14,0.18138697579499238,0.005554810280183755,0.18700298157455375
1461,2.7689317073944584,0.2992070575497153,532.315908667434,6.123914016687999e-14,0.0599,0.1145,0.9649,0.0443,0.0026,0.0005,3.77580164899657e-16,0.0041343570589426,0.0061656673145757,0.0690209859589761,0.0324,1.8487654320987652,-30.549091812624265,0.4954773493559071,10000,6.112397819172253e-14,8.93505045480925e-16,6.095767126953085e-14,0.060150807806235176,0.003730595467651701,0.06125000663547554
1462,3.685169679563953,0.0699280196430222,1543.6886787685528,6.51372998548e-14,0.1363,0.2403,0.9486,0.066,0.0182,0.0012,6.347149078815828e-16,0.0068100564378622,0.0097442618790838,0.0499637302851226,0.0613,2.223491027732463,-30.646115131791927,0.6759564757527095,10000,6.503706831119922e-14,9.642259813489551e-16,6.491155507596804e-14,0.13367963832897742,0.0053654168271112515,0.12939096662840005
1463,5.399901345229077,0.0736395257972838,497.1408018038712,6.194297116330601e-14,0.0799,0.1616,0.9462,0.0635,0.0031,0.0001,3.6027937169231966e-16,0.0049813733455785,0.0058163075636536,0.0623450981924729,0.0429,1.8624708624708624,-30.52752523403652,0.4939687361325107,10000,6.203283451743406e-14,9.005202351182481e-16,6.218183603345883e-14,0.0814288981482353,0.004325029270322769,0.08611102580210593
1464,10.36582331593774,0.4714950822402298,3245.4978213475206,8.675956358124869e-14,0.4693,0.9871,0.8442,0.2136,0.0901,0.0023,1.0008235218756554e-15,0.0152305268423252,0.0115355988500149,0.0324537115753787,0.1579,2.9721342621912603,-30.509370426364303,0.8603934452336476,10000,8.688663638652836e-14,1.0687165092284954e-15,8.699201565086441e-14,0.48732377374400293,0.007513276294198028,0.49312044617270057
1465,3.142568422761177,0.500649173687425,522.9822729853006,6.075755725096002e-14,0.0795,0.1351,0.9544,0.052,0.0028,0.0,3.6501720861808074e-16,0.0048621331773104,0.0060077663608227,0.0611589078906979,0.0407,1.9533169533169528,-30.557118808030832,0.5230178158046156,10000,6.101589976304573e-14,8.92064015113953e-16,6.139714041480963e-14,0.07843830649160327,0.004236693236387726,0.07508956048235482
1466,2.5385345609745835,0.1307701254557828,7950.674691329307,1.1987923277000001e-13,0.1267,0.2829,0.9655,0.0639,0.0739,0.0073,1.703307266698685e-15,0.0066954606950822,0.0142085265924803,0.0528449936470583,0.0528,2.399621212121212,-30.40202795622647,1.0150267258614851,10000,1.1964787744139547e-13,1.3226342395567347e-15,1.1951910218690978e-13,0.12707984261081365,0.005397183536839606,0.12778461578316264
1467,9.635698391002151,0.4661909360322392,1146.710353130916,6.628641806905002e-14,0.3326,0.6018,0.8468,0.16,0.0391,0.0014,5.755560898237679e-16,0.010816164890676,0.008682866062007,0.0325200387572943,0.1421,2.340605207600281,-30.60689836583732,0.7359602717860704,10000,6.619199131009887e-14,9.426147057083329e-16,6.607342000345071e-14,0.3276487599638922,0.00675536319846818,0.3244821827951861
1468,8.835628847733942,0.5783887459565987,28.32445458168428,3.486801027e-18,0.0,0.0067,0.0,0.0,0.0,0.0,9.998208507229548e-19,0.0,0.2867444522875996,,0.0,0.0,-35.88471854179752,1.8961744344451816,10000,2.3757639478200127e-17,8.575604430322672e-16,5.982800710222319e-17,0.0,1e-15,-0.00027353120565004607
1469,9.153827677593464,0.5021916557845721,35.947868258635154,7.183260760196799e-18,0.0006,0.0119,0.0,0.0,0.0,0.0,1.4102189530272416e-18,0.000282793205717,0.1963201671365478,0.4713220095283997,0.0005,1.2,-36.07996173910016,2.4616167973002177,10000,0.0,8.54491847264558e-16,-5.856354813148834e-17,0.0005992851133823888,0.00028264203998006125,-6.886561081956288e-05
1470,2.45253471544992,0.4115756017282833,44.927786406605584,1.7805270362e-17,0.003,0.0339,0.0,0.0,0.0,0.0,2.4118234230523312e-18,0.0007868684236844,0.1354555911826895,0.2622894745614765,0.0021,1.4285714285714286,-35.61099535169077,1.586002166544613,10000,0.0,8.596972302463972e-16,-3.760634560490495e-17,0.00299439495072315,0.000783713305071121,0.0022996624070863725
1471,9.706593907597291,0.1081467239926973,492.5491041331846,6.264677341797656e-14,0.1172,0.2685,0.903,0.098,0.0041,0.0009,3.6444213706072135e-16,0.0056293503140678,0.0058174127281732,0.0480319992667905,0.0659,1.7784522003034902,-30.544363289642185,0.6825300758582459,10000,6.271846784750286e-14,8.943817165960011e-16,6.282745267503615e-14,0.1203468845925493,0.00472086545131935,0.12780547851449464
1472,4.131009310637388,0.255726812730938,68.23316705256558,4.3244272079900003e-17,0.0103,0.0583,0.0,0.0,0.0,0.0,4.7973267684547726e-18,0.0018973009711422,0.1109355421589944,0.1842039777808057,0.0065,1.5846153846153843,-35.42236140926429,1.6969930478900634,10000,7.20301590447608e-16,8.523041839816815e-16,1.8408788315048148e-15,0.010295352935961778,0.0018530723968860849,0.010199150518548972
1473,12.764567167437091,0.510857687426917,179.32439616008617,3.227308002177749e-14,0.1007,0.2205,0.82,0.0353,0.0,0.0,1.4096651396106495e-16,0.0055550910796935,0.0043679287463713,0.0551647574944737,0.0579,1.7392055267702935,-31.332632902472287,1.4459663817582704,10000,3.2170926423706287e-14,8.673361484254212e-16,3.198391691649058e-14,0.09881643474759425,0.004675890345673209,0.0942381376914126
1474,1.918273123247983,0.1095600629798651,2929.6489653728445,7.241029803539999e-14,0.0949,0.173,0.9762,0.0358,0.0159,0.0005,8.378139173517488e-16,0.0055903957151909,0.0115703696861205,0.0589082794013797,0.0449,2.11358574610245,-30.634105182501955,0.7581794338340059,10000,7.23284972664456e-14,1.03809621096455e-15,7.22353566340852e-14,0.09380555408473798,0.0047317713816839154,0.09104072853739845
1475,14.016460184461195,0.166979518431754,67.25487820205812,1.8447766507312e-17,0.0025,0.0325,0.0,0.0,0.0,0.0,2.858847797437888e-18,0.0007546071449398,0.1549698602432304,0.3018428579759525,0.0017,1.4705882352941178,-36.102578162487376,2.0629219020625564,10000,0.0,8.589759933246968e-16,-1.623415962251845e-16,0.0025037962480519184,0.0007518267247759058,0.003016102433787138
1476,7.185789301037479,0.2454527450162605,365.9179768570369,6.907682031236492e-14,0.0889,0.1825,0.9261,0.0763,0.0002,0.0003,2.9392128952687275e-16,0.0053331532185307,0.0042549915904895,0.0599904748991088,0.0476,1.8676470588235292,-30.40191989339525,0.6259350113464682,10000,6.917152344735789e-14,8.802199728207429e-16,6.93198266605366e-14,0.08875223237503913,0.00453631603333659,0.08836557837427231
1477,2.8862484228916365,0.4900786976745878,774.918434604695,6.107100494619999e-14,0.1055,0.1739,0.9511,0.0573,0.011,0.001,4.633170865545587e-16,0.0056621710516463,0.0075865312346294,0.0536698677881169,0.052,2.0288461538461537,-30.60810944276271,0.5641391188432152,10000,6.117980613027231e-14,9.172633714642176e-16,6.133546355151285e-14,0.10337900007411774,0.004740941818790789,0.09840462093466677
1478,6.26795888622657,0.1360018984057934,1739.171960343172,6.83186628354e-14,0.1978,0.393,0.9194,0.0999,0.0314,0.0009,6.962516506443268e-16,0.0082761322751961,0.0101912365047571,0.0418409114013961,0.0896,2.2075892857142856,-30.62882825627053,0.7216797012477906,10000,6.823996625498412e-14,9.809215357675882e-16,6.814806210705182e-14,0.2041102491156701,0.005977248247018624,0.21099065642695394
1479,10.965794625719177,0.2933950191718965,174.33975411577424,4.7099179161117045e-14,0.0795,0.1822,0.8758,0.044,0.0,0.0,1.5148463533691372e-16,0.004841520322368,0.0032162903480486,0.0608996266964539,0.0455,1.7472527472527473,-30.849614873519887,1.1267430261230678,10000,4.7526160645163704e-14,8.607995478576956e-16,4.823079546403835e-14,0.07832098688743953,0.004222503618857536,0.07457440452784599
1480,2.5769518800954643,0.0567864789971317,33.13173449616193,6.464937694e-18,0.0006,0.0138,0.0,0.0,0.0,0.0,1.1941611927327512e-18,0.000282793205717,0.1847134882430548,0.4713220095283997,0.0005,1.2,-35.831124390599385,1.6239371371578637,10000,1.1519980348926994e-17,8.552486993578948e-16,2.0233322015323592e-17,0.0005999999805239212,0.00028264607635412566,0.0005999812779184099
1481,13.320821448622665,0.6677488368386413,833.8422236526526,6.326527660880104e-14,0.4159,0.7438,0.7693,0.2024,0.031,0.0021,4.923529257047415e-16,0.0117807723711039,0.0077823563271396,0.028325973481856,0.1875,2.2181333333333333,-30.651846331667645,0.9055892214086718,10000,6.334485962464049e-14,9.392693333080069e-16,6.347573297074751e-14,0.41663770315081133,0.007180311167623224,0.4170737203740952
1482,7.044440743585182,0.2275049657082424,4007.657148589704,9.382476267213998e-14,0.3004,0.6225,0.9046,0.1353,0.0796,0.0049,1.1801263395605145e-15,0.011494746492189,0.0125779837427815,0.038264801904757,0.1091,2.7534372135655363,-30.49198326983235,0.8942773905420089,10000,9.234416618203929e-14,1.1250702226761733e-15,9.129991616261508e-14,0.30112842405651263,0.006909643461620785,0.3015405453280928
1483,4.630477584906501,0.6660069536176368,2259.7098144288825,7.370925915990002e-14,0.2779,0.5325,0.906,0.1205,0.039,0.0024,7.87766816876199e-16,0.0106244268948816,0.0106874879201711,0.0382311151309163,0.1039,2.674687199230029,-30.59303445976349,0.7578785073267916,10000,7.343425117355114e-14,1.0116479243320689e-15,7.31326196771195e-14,0.27691139294050526,0.006783476404390761,0.2762310260512972
1484,10.056568221754633,0.5498917889553697,25.17352540932904,9.5435589e-19,0.0,0.0042,0.0,0.0,0.0,0.0,2.681907203406509e-19,0.0,0.2810175146932356,,0.0,0.0,-36.084516443453566,1.2563056114217963,10000,8.744521754488067e-18,8.575808670608563e-16,2.2610478293744052e-17,0.0,1e-15,-0.00017531418882082983
1485,14.651546781490667,0.3270638103487162,198.9902846729533,4.68856616671138e-14,0.1028,0.2285,0.8276,0.0546,0.0,0.0002,1.8343650472183151e-16,0.0053184626166271,0.0039124222246072,0.0517360176714702,0.0605,1.6991735537190082,-30.93083753555125,1.3670749941954947,10000,4.6442625339096937e-14,8.771585121690359e-16,4.5581227030684487e-14,0.10050626214638192,0.004557785048374942,0.09416378546772036
1486,7.364913880233914,0.2940818988017437,10.072984753479876,9.352683e-20,0.0,0.0005,0.0,0.0,0.0,0.0,7.485388279862921e-20,0.0,0.8003466256541488,,0.0,0.0,-36.62280750457301,2.039494532338814,10000,6.490758268733061e-17,8.764521661911273e-16,2.1485332817020412e-16,0.0,1e-15,0.00032668122444107217
1487,3.422795627241155,0.0801139869327112,567.6247089478401,6.160232094415e-14,0.0702,0.1373,0.9618,0.0478,0.0052,0.0003,3.980932803906744e-16,0.0044191796653781,0.0064623097683542,0.0629512772845886,0.0384,1.828125,-30.55407639570896,0.5046764778807294,10000,6.13989416912099e-14,9.01669718244988e-16,6.109587842959562e-14,0.07015967749429139,0.0039432289137440275,0.07000214937379405
1488,11.797034108440808,0.0008627230166449,1984.5814926562568,7.376461904067e-14,0.3187,0.7269,0.8593,0.1688,0.0602,0.0015,7.6387786749722e-16,0.0106162282110994,0.0103556132659758,0.0333110392566658,0.1374,2.319505094614265,-30.582331837123533,0.7773166994848119,10000,7.346216058755937e-14,1.0119968146573151e-15,7.309940340146366e-14,0.31330170680853575,0.0068289402321224536,0.30949140308543455
1489,12.091187076826726,0.5250037821845928,15.329537411550715,5.181617400000002e-19,0.0,0.0013,0.0,0.0,0.0,0.0,3.22419270550924e-19,0.0,0.6222367374150857,,0.0,0.0,-35.71327654430831,1.8785460770998663,10000,0.0,8.578152543822505e-16,-2.707754512808191e-18,0.0,1e-15,0.00019516594130891685
1490,2.512880904294037,0.2252699789390361,2337.244788926601,6.901524740394999e-14,0.1069,0.195,0.9652,0.046,0.0182,0.001,7.588821388075223e-16,0.0059068374002343,0.0109958620356128,0.0552557287206206,0.0507,2.108481262327416,-30.64792421167704,0.7269507891367012,10000,6.927572151074307e-14,1.0036276832932278e-15,6.957183551137188e-14,0.11013700835752485,0.004887583442545596,0.11716531073976355
1491,7.756955343115286,0.0623020281451977,201.69301593383267,8.03736370566701e-14,0.0588,0.1492,0.929,0.0493,0.0,0.0002,1.7585179746671634e-16,0.0040169477949008,0.0021879288272437,0.0683154386887897,0.0341,1.7243401759530792,-30.23011593577453,0.7246560949258005,10000,8.019704177095389e-14,8.657349531634158e-16,7.989803064567213e-14,0.05987807278171118,0.003648365774265553,0.06495710251461734
1492,12.894994348745923,0.4273556768203884,12.25583784095542,9.000280000000001e-20,0.0,0.0003,0.0,0.0,0.0,0.0,7.420544863660587e-20,0.0,0.8244793343829955,,0.0,0.0,-35.560081312773406,0.979514956721966,10000,0.0,8.567914588683929e-16,-9.052627236768495e-17,0.0,1e-15,-8.83881821104604e-05
1493,11.78027872589511,0.209785708488677,74.94249739092382,2.87652225042e-17,0.0065,0.0429,0.0,0.0,0.0,0.0,4.010351241070526e-18,0.0014092457547779,0.1394166598393242,0.2168070391966111,0.0036,1.805555555555556,-35.842667772038425,1.7854974245204591,10000,0.0,8.564375417389556e-16,-1.8778682400205035e-16,0.006465453885605841,0.0013908547261219201,0.005167727572260111
1494,11.88462280949544,0.2028873051050431,287.2573166121816,8.44266794101513e-14,0.0974,0.2328,0.8837,0.0896,0.0,0.0,2.3739816269499193e-16,0.0051704929551968,0.0028118855834859,0.0530851432771747,0.0578,1.685121107266436,-30.216741821633303,0.8820192625749678,10000,8.536457095602625e-14,8.679185756919475e-16,8.680781287920651e-14,0.09868558056531368,0.004437616022810124,0.10228083613459527
1495,14.988051458217106,0.1480379456250262,928.4869446116172,6.457820057021043e-14,0.2979,0.6072,0.8195,0.1744,0.0354,0.0011,5.212503969971293e-16,0.0097480798881703,0.0080716153809584,0.0327226582348785,0.1487,2.003362474781439,-30.62233799361377,0.8214131916318533,10000,6.454890171191376e-14,9.613810940402159e-16,6.449400238744793e-14,0.29395130169700845,0.006624615946677573,0.29056271443403525
1496,11.058641724101468,0.6922843106974946,3228.1236071159906,9.1785906799466e-14,0.7087,1.4481,0.7952,0.271,0.1166,0.0041,1.0302446314312549e-15,0.0199570603903967,0.0112244315860182,0.0281600965011947,0.2006,3.532901296111665,-30.466981967147976,0.901388873807677,10000,9.102242300031837e-14,1.0971351800852794e-15,9.03213102219648e-14,0.6728875461875532,0.00816172085303352,0.6656948682732029
1497,14.55339597561146,0.2538684739464353,2442.224469681831,7.9199065207e-14,0.4519,0.9918,0.8103,0.2235,0.0802,0.0029,8.400210761114675e-16,0.0132810495680033,0.0106064519059149,0.0293893550962677,0.177,2.5531073446327683,-30.546691697058144,0.8277078155857563,10000,7.935993735456913e-14,1.042943890509867e-15,7.954881208715702e-14,0.4558376238603615,0.007358750114264911,0.45758202554733163
1498,8.7441337107603,0.3936997875018959,11.509121190409852,0.0,0.0,0.0001,0.0,0.0,0.0,0.0,0.0,0.0,,,0.0,0.0,,,10000,0.0,8.531541483061276e-16,-1.2791303875058828e-16,0.0,1e-15,-0.00030350350663002623
1499,12.97939017573056,0.3514671089705306,4813.476782833429,1.1341722793289e-13,0.5814,1.3559,0.8136,0.2662,0.1978,0.007,1.3880095026444376e-15,0.0165609429225225,0.0122380834723428,0.0284845939499871,0.1896,3.066455696202532,-30.356935586990907,0.9891881355945004,10000,1.1340220093277863e-13,1.1853614846325891e-15,1.1339345830389722e-13,0.5660840375871702,0.0076874635560810894,0.5618774175668646
