run_id,thickness_cm,w_regolith,incident_energy_mev,target_dose_sv_per_particle,target_secondary_neutrons,target_secondary_gammas,transmission_probability,target_secondary_protons,target_secondary_pions,target_secondary_light_ions,sem_dose,sem_neutrons,rel_sem_dose,rel_sem_neutrons,p_nuclear_interaction,mean_neutrons_given_interaction,log_mean_dose,log_std_dose,n_events
0,6.639443076880144,0.1920618567281157,231.3570852319424,9.799867164532196e-14,0.0664,0.1399,0.9343,0.0548,0.0,0.0002,2.0814530581890837e-16,0.004449840908213556,0.0021239604815484693,0.0670156763285174,0.0377,1.7612732095490715,-30.022176844001805,0.651409591380475,10000
1,10.65349123172878,0.1931560505709857,300.64137933754125,7.935275169216798e-14,0.1008,0.2229,0.8953,0.0843,0.0001,0.0003,2.3723385989125006e-16,0.005771244816040355,0.002989611006957239,0.05725441285754321,0.0543,1.856353591160221,-30.26596303260989,0.7590786568415318,10000
2,13.854229362781425,0.218966503324204,5594.274502626339,1.2431057920031999e-13,0.5283,1.325,0.8291,0.2387,0.2234,0.0087,1.5435198851564466e-15,0.015558409861285349,0.012416641408042554,0.02944995241583447,0.1745,3.0275071633237824,-30.31122556946074,1.0432273977145599,10000
3,4.402463064579641,0.3171602942553581,173.03998549332994,7.300008897544018e-14,0.0473,0.095,0.9542,0.0347,0.0,0.0,1.3661796276078446e-16,0.003705083503023439,0.0018714766608948598,0.0783315751167746,0.0262,1.8053435114503817,-30.30105486130992,0.5709769970784553,10000
4,7.723323925545913,0.4364160445804736,126.2156393597328,2.0915506270617e-14,0.0514,0.1462,0.8766,0.0144,0.0,0.0001,8.047267540352072e-17,0.0035237828685335385,0.0038475126713319,0.06855608693645017,0.0321,1.601246105919003,-31.672477854156234,1.1139014529692393,10000
5,14.101879105263343,0.5620745270993925,55.19152134540765,1.278949584136719e-17,0.0027,0.0208,0.0,0.0,0.0,0.0,2.242478354342821e-18,0.0008884536763351813,0.17533750995012648,0.32905691716117824,0.0014,1.9285714285714286,-36.03512889238873,2.2528810492735114,10000
6,11.576275442394737,0.270838556613743,2847.6317369599137,8.133083792249e-14,0.436,0.9003,0.8421,0.2001,0.0815,0.0017,9.037806839493705e-16,0.013733508689555361,0.011112398532161841,0.03149887314118202,0.1579,2.7612412919569347,-30.540549786146677,0.8251543761505244,10000
7,6.951357757630788,0.4755470075886156,17.70980412294754,1.732793867e-18,0.0,0.0027,0.0,0.0,0.0,0.0,6.855893335057261e-19,0.0,0.39565544786506684,,0.0,0.0,-35.82265448107545,2.2244730599152707,10000
8,4.968735087360645,0.3508425019363357,15.172828814996782,4.668431645400001e-19,0.0,0.0012,0.0,0.0,0.0,0.0,3.237398326366713e-19,0.0,0.6934659372289741,,0.0,0.0,-37.432920272058624,3.3095398353034766,10000
9,12.255591164852651,0.2775946649037018,16.620110316220735,9.811485000000001e-19,0.0,0.0005,0.0,0.0,0.0,0.0,6.367655743192534e-19,0.0,0.6490002016200945,,0.0,0.0,-34.17739084665435,1.3194149658151815,10000
10,5.995715553211527,0.5763484954581973,347.81503336969377,7.085053239737804e-14,0.1018,0.1969,0.9157,0.0787,0.0,0.0004,2.839786340373754e-16,0.005257988269677331,0.004008136910596942,0.051650179466378496,0.056,1.8178571428571428,-30.37930983761439,0.670260409996195,10000
11,13.18587570941034,0.6419142072880712,71.38731657476782,2.2590669047100003e-17,0.0078,0.0301,0.0,0.0,0.0,0.0,3.55184720855938e-18,0.0015146436592616281,0.15722629556273968,0.19418508452072156,0.0043,1.813953488372093,-35.92027266866279,1.866161484518902,10000
12,1.0081207326168689,0.2018446710344278,57.74922778858903,2.2953140747792998e-14,0.0044,0.0218,0.9823,0.0077,0.0,0.0001,2.8064362155540265e-17,0.0007733846471072711,0.0012226806982063544,0.17576923797892524,0.0037,1.1891891891891893,-31.426008500696994,0.3651008019811579,10000
13,10.812415069382965,0.6834626624378594,238.96519089245191,7.365224922172932e-14,0.1536,0.2571,0.8308,0.0776,0.0,0.0002,2.705661821580134e-16,0.006795978408754197,0.00367356306178073,0.044244651098660145,0.0851,1.8049353701527615,-30.48743349040683,1.3632566349555608,10000
14,7.4241308590479775,0.6634542289006882,17.07400799306104,1.05390207e-18,0.0,0.0017,0.0,0.0,0.0,0.0,4.721768415270098e-19,0.0,0.448027245574164,,0.0,0.0,-35.44547503289692,1.64529960406982,10000
15,12.565822199330029,0.4333525100897858,3187.30294335513,8.763110030309e-14,0.5398,1.1947,0.8117,0.244,0.11,0.0033,9.68816566429182e-16,0.01569988040159741,0.011055624807612054,0.02908462467876512,0.1799,3.000555864369094,-30.487057402132198,0.8595312551230517,10000
16,6.836296708629567,0.5249347821743156,4803.968860141667,1.0613748557336999e-13,0.3809,0.8186,0.8841,0.1718,0.1241,0.0063,1.3389635854787756e-15,0.013596323216241222,0.012615369379117109,0.03569525654040751,0.1266,3.0086887835703,-30.414258317760673,0.9537761481570759,10000
17,14.253264618815656,0.0677661019571656,1255.0767899919908,6.801725770222e-14,0.3195,0.6759,0.8226,0.1881,0.0523,0.0017,6.155201280848981e-16,0.01013963787448164,0.009049469926877223,0.03173595578867493,0.1534,2.0827900912646675,-30.602856821422094,0.7665513826806071,10000
18,5.2680851231328205,0.0505023264521897,2999.730013756458,7.634107034048e-14,0.196,0.4231,0.9341,0.0886,0.0413,0.0007,8.887560956874917e-16,0.008279206153095388,0.011641912953586492,0.04224084771987443,0.0861,2.2764227642276422,-30.60013779142843,0.789455243345946,10000
19,12.29735841550444,0.3989347614008737,1196.109500301446,6.66177910498796e-14,0.3624,0.6729,0.8237,0.1804,0.0449,0.0016,5.837726629341196e-16,0.01165934037678814,0.008763014410024852,0.03217257278363173,0.1578,2.296577946768061,-30.61617461815186,0.7803960212468359,10000
20,8.311094905689956,0.5359801551037998,285.01618836259,8.312356450059415e-14,0.1119,0.2179,0.8906,0.0847,0.0,0.0001,2.283455816981976e-16,0.005760308769129617,0.0027470619561383875,0.05147729016201624,0.0605,1.8495867768595042,-30.220761664056628,0.801772443372989,10000
21,14.134193343997453,0.5774371314506664,21.92263944453668,8.916980899999998e-19,0.0,0.0017,0.0,0.0,0.0,0.0,4.683765650589264e-19,0.0,0.5252636181590639,,0.0,0.0,-35.63683393990822,1.422375423893358,10000
22,9.572114066499708,0.3834581566209041,3580.456191707949,8.956540083148399e-14,0.4306,0.8877,0.8594,0.191,0.0935,0.0021,1.0454997598098648e-15,0.01407828767351988,0.01167303166294044,0.032694583542777246,0.1489,2.8918737407656145,-30.494903252498574,0.8817698590472185,10000
23,6.726590637700498,0.3046331938193508,22.140271525723712,2.6616055799999996e-18,0.0,0.0044,0.0,0.0,0.0,0.0,8.019884578675364e-19,0.0,0.3013175445279674,,0.0,0.0,-35.688013530455905,1.7257755137144362,10000
24,5.910701571316164,0.0470241615732628,21.3738813646174,1.87068745e-18,0.0,0.0037,0.0,0.0,0.0,0.0,7.045291755923054e-19,0.0,0.37661511846476836,,0.0,0.0,-35.67017389889911,1.683656057238542,10000
25,11.870707083674462,0.6872629895797087,236.9606142568327,6.788757891221788e-14,0.1456,0.2679,0.8196,0.0765,0.0,0.0002,2.6196960258528357e-16,0.006354848732286318,0.003858873843829719,0.043645939095373065,0.0809,1.799752781211372,-30.574320006466255,1.3515614893449701,10000
26,12.484134366578148,0.1569008475024169,40.61358931557567,4.400380315e-18,0.0006,0.0119,0.0,0.0,0.0,0.0,8.932263456448855e-19,0.0003741363358453439,0.20298844229442142,0.6235605597422399,0.0003,2.0,-36.08598819430696,1.7271283968616948,10000
27,14.809540389293224,0.5395534571538225,5124.671765990887,1.2256668850254e-13,0.7859,1.9904,0.7668,0.3268,0.2441,0.0081,1.4569175274558154e-15,0.020037122239153073,0.011886733216469523,0.02549576566885491,0.2324,3.381669535283993,-30.290427883656346,1.0257182227302724,10000
28,5.769121353984084,0.3410913109983047,12.375287048084571,2.6216023000000002e-19,0.0,0.0004,0.0,0.0,0.0,0.0,1.850666317159606e-19,0.0,0.7059294680812592,,0.0,0.0,-35.567575256376095,2.2207700063535807,10000
29,8.126355812517653,0.2617247398364509,11.142891723245054,5.808538000000001e-19,0.0,0.0009,0.0,0.0,0.0,0.0,3.3608634923411673e-19,0.0,0.5786074727136444,,0.0,0.0,-35.09255658674198,1.14416328788573,10000
30,7.6719117537080095,0.4854750504916303,684.0812507079241,6.151691685714657e-14,0.212,0.3629,0.8859,0.1118,0.0162,0.0012,4.3600420739122985e-16,0.008528357009842443,0.0070875497288609346,0.04022809910303039,0.0977,2.169907881269191,-30.605793885207596,0.6894861481390869,10000
31,11.907110468556434,0.2812592943583976,504.3586049645101,6.259490496278e-14,0.1709,0.3303,0.8613,0.1301,0.0052,0.0002,3.762918648705181e-16,0.007264612615938029,0.006011541436068441,0.04250797317693405,0.0905,1.8883977900552487,-30.575355274077108,0.7987307169340206,10000
32,4.0952897489681686,0.0951590967043191,52.21123765684881,2.0866821036169002e-17,0.0061,0.0333,0.0,0.0,0.0,0.0,2.668099343951745e-18,0.0012753202124033069,0.12786323989298892,0.20906888727923062,0.0037,1.6486486486486487,-35.64498594905131,1.9290020044169596,10000
33,9.251022288464204,0.0135759956776697,83.67593728169197,4.63189046972088e-17,0.0107,0.0637,0.0,0.0,0.0,0.0,5.519793750884877e-18,0.001748958800454879,0.1191693496849355,0.16345409350045598,0.0068,1.5735294117647058,-35.908440315058485,2.3331597463954616,10000
34,4.264185213693044,0.6729477176905709,32.09537824263906,6.166505133e-18,0.0003,0.0128,0.0,0.0,0.0,0.0,1.1918103992659884e-18,0.00022359785240462393,0.1932716139143427,0.7453261746820798,0.0002,1.5,-35.88654671617638,1.706303223837647,10000
35,2.8133090249011827,0.1407236312989995,452.33012951355954,6.259283367401e-14,0.0529,0.0966,0.971,0.0347,0.0009,0.0006,3.420924229244718e-16,0.003780421690607528,0.0054653608543451596,0.07146354802660733,0.0286,1.8496503496503496,-30.50336819577165,0.4540318452984908,10000
36,1.615100351019901,0.6421787855482795,4084.025521928997,8.47420622266e-14,0.1209,0.2243,0.9666,0.0594,0.0312,0.0032,1.0849077609596194e-15,0.0068083003969735024,0.01280247060849876,0.056313485500194396,0.0505,2.394059405940594,-30.56479058477688,0.8401127025906362,10000
37,9.594111275261913,0.1883905535753963,11.717678037034334,2.00418e-20,0.0,0.0002,0.0,0.0,0.0,0.0,2.0041799999999998e-20,0.0,0.9999999999999999,,0.0,0.0,-36.14612648835644,,10000
38,13.103683454025902,0.4116669133340901,88.40624833144463,5.06281608083653e-17,0.01,0.0617,0.0,0.0,0.0,0.0,6.184144943081482e-18,0.0014866812106508276,0.12214832307437237,0.14866812106508276,0.0067,1.492537313432836,-35.799838961277494,2.335864984036809,10000
39,6.901285012411124,0.4636650232481049,4599.868139588928,1.0147324999435e-13,0.3818,0.7858,0.8902,0.1612,0.111,0.006,1.2826700683157735e-15,0.013397791836067922,0.012640474887590495,0.0350911258147405,0.1294,2.9505409582689337,-30.445477128148347,0.9357442124426718,10000
40,6.930548418956815,0.3207634049192744,436.3461127605575,6.456056028471813e-14,0.1022,0.2086,0.9204,0.0822,0.0019,0.0009,3.4109551631112403e-16,0.005658508449387275,0.005283341947573887,0.05536701026797725,0.0542,1.8856088560885609,-30.494588800579315,0.6730400451096233,10000
41,5.737452464246407,0.3051805800521977,207.4970937953773,8.663865648679e-14,0.0661,0.1363,0.9338,0.0512,0.0,0.0002,1.8713081004900561e-16,0.004344532943441639,0.0021598997218699703,0.06572667085388258,0.0378,1.7486772486772486,-30.146362049686886,0.6242801324068754,10000
42,12.010254628684894,0.3629992220451958,503.26090478368,6.29801727606334e-14,0.1857,0.353,0.8472,0.1393,0.0055,0.0008,3.7799020106203734e-16,0.0073883022204678465,0.006001733315318963,0.0397862262814639,0.0991,1.8738647830474269,-30.565610362974244,0.7774932074569536,10000
43,9.973181983993008,0.1987203899480161,2547.7086392126844,7.512997332304e-14,0.3465,0.6811,0.8696,0.1705,0.0606,0.0012,8.172531056460532e-16,0.011711425649726633,0.010877856992336073,0.03379920822431929,0.1321,2.623012869038607,-30.586001894158724,0.7824170093989162,10000
44,4.998576762696128,0.6144381274245502,1602.5742823083815,6.702086613235e-14,0.2497,0.4342,0.9058,0.1134,0.0307,0.0016,6.642083839921627e-16,0.009962174235153146,0.009910471504210521,0.03989657282800619,0.1017,2.455260570304818,-30.631644992009836,0.7038851794747076,10000
45,2.437120497203723,0.3220193390338206,150.32644706653073,6.8332919490808e-14,0.0255,0.0625,0.9703,0.0233,0.0,0.0001,1.0114811533241602e-16,0.002363373341932107,0.0014802252865256586,0.0926813075267493,0.0167,1.526946107784431,-30.339333164098072,0.3533839748603388,10000
46,8.879361137878998,0.5585613926667027,1618.1794565978992,6.955916663307999e-14,0.3722,0.6826,0.8567,0.1642,0.0446,0.0023,6.796978810380546e-16,0.012564334532724963,0.009771506962172449,0.03375694393531694,0.1417,2.6266760762173607,-30.61243824449564,0.7619710434773315,10000
47,4.476753401386024,0.6547623476543449,20.742282454393088,2.6076836800000002e-18,0.0,0.0038,0.0,0.0,0.0,0.0,8.310762331927742e-19,0.0,0.31870285478519933,,0.0,0.0,-35.41685870115803,1.6874197252796512,10000
48,3.916914098923468,0.6228754113572238,500.4225389389181,6.259954814533e-14,0.1065,0.1863,0.9368,0.0676,0.0036,0.0004,3.7686883625921553e-16,0.005362709284036055,0.006020312405199532,0.05035407778437611,0.0579,1.839378238341969,-30.537353859368537,0.5769343382514216,10000
49,3.5431403909102657,0.6157951746518576,43.44669806915534,1.9404070631900002e-17,0.0032,0.0275,0.0,0.0,0.0,0.0,2.7887044856675808e-18,0.0007867896185069927,0.14371749817705737,0.2458717557834352,0.0024,1.3333333333333333,-35.38636938491801,1.7063630650209278,10000
50,10.913621275374188,0.2721151249731414,20.404196712611917,1.192333774e-18,0.0,0.0043,0.0,0.0,0.0,0.0,4.428529487097001e-19,0.0,0.37141692902318146,,0.0,0.0,-36.622597292575776,1.8076744354581409,10000
51,11.933495662660302,0.4311493313208034,275.83890480202854,9.61794233821719e-14,0.1145,0.2443,0.8587,0.0905,0.0,0.0002,3.0713974282854873e-16,0.005368599182814692,0.0031934038698497856,0.046887329107551896,0.0695,1.6474820143884892,-30.150812039547635,1.1213501295381023,10000
52,9.061375151350836,0.0827589361038104,60.05456295732484,1.76308176507e-17,0.0029,0.0309,0.0,0.0,0.0,0.0,2.5803068410235882e-18,0.0006551350396613047,0.14635208032573246,0.22590863436596714,0.0025,1.16,-35.945505021106115,1.9761494199911809,10000
53,13.200825956742102,0.5132830542252205,123.64255653397176,1.352211406892104e-16,0.0376,0.1054,0.0,0.0,0.0,0.0,1.274520214620198e-17,0.0034292564762639145,0.09425450843884908,0.09120362968787006,0.022,1.709090909090909,-35.49765614513785,2.364621888054729,10000
54,1.6418513360849811,0.2379825408071177,3012.245020050692,7.152634005999999e-14,0.0766,0.1558,0.9762,0.0346,0.0158,0.0008,8.279883159527795e-16,0.004807863928560745,0.011575991659271536,0.06276584763134131,0.0388,1.9742268041237114,-30.638948192245408,0.7457407317383635,10000
55,5.8872047253506175,0.4583460981198715,315.0529112377388,7.4756185063583e-14,0.091,0.1694,0.9249,0.0724,0.0001,0.0002,2.476980727910386e-16,0.005484059398907808,0.0033134124297589814,0.0602643889989869,0.0495,1.8383838383838385,-30.29766215304248,0.5480718501182754,10000
56,1.1370400370003213,0.6220886469489673,106.02741282677012,4.8701583815881994e-14,0.0121,0.0323,0.9828,0.0136,0.0,0.0003,5.686477716797683e-17,0.0014267314240093074,0.0011676165888763715,0.11791168793465351,0.0092,1.315217391304348,-30.672056107952713,0.3049011612705661,10000
57,12.372526133460504,0.6065472162910684,1675.436270017252,7.271990745003e-14,0.5221,1.0041,0.7876,0.2307,0.0636,0.0025,7.030767482563304e-16,0.01497042318563626,0.009668284420458794,0.028673478616426468,0.1914,2.7277951933124345,-30.589496917812312,0.834168229690697,10000
58,4.013130327035901,0.3910457083776168,327.43854806226614,7.2018681246271e-14,0.0576,0.1194,0.9544,0.0499,0.0,0.0003,2.617532387696839e-16,0.003930619413896198,0.003634518631000856,0.06823992038014233,0.0327,1.761467889908257,-30.33472795852023,0.5104083572092627,10000
59,4.929404494735478,0.014050550609081,1388.3622097289233,6.460075793119e-14,0.1458,0.2906,0.9367,0.0787,0.0226,0.0004,6.054158370436645e-16,0.0068803321065912006,0.009371652228732794,0.04719020649239506,0.0723,2.016597510373444,-30.638599890731697,0.6679730412949066,10000
60,11.1276859367518,0.4326497249014743,107.389614475078,8.085218847380001e-17,0.0227,0.0874,0.0,0.0001,0.0,0.0,8.235989235588301e-18,0.0022178735077297866,0.10186476570460622,0.09770367875461615,0.0155,1.4645161290322581,-35.68399844671886,1.9437677444414572,10000
61,10.32105132884958,0.4019063941983481,1182.1611355195505,6.69518653553165e-14,0.3229,0.5827,0.8515,0.1542,0.0365,0.0017,5.878477192063102e-16,0.010983424901289042,0.00878015446002253,0.034014942401019016,0.1379,2.3415518491660623,-30.6071732588222,0.7543878725497071,10000
62,2.0605125278638448,0.5062892488882379,459.73378536241495,6.274858912323e-14,0.052,0.0893,0.9716,0.0365,0.0018,0.0005,3.490686603453561e-16,0.003612603644258397,0.005562972255198138,0.06947314700496918,0.0284,1.8309859154929577,-30.502824903278043,0.44207412562210574,10000
63,7.353550368518053,0.6136961538630841,10.36377698232711,1.09573e-20,0.0,0.0002,0.0,0.0,0.0,0.0,1.0957300000000001e-20,0.0,1.0000000000000002,,0.0,0.0,-36.749940680093104,,10000
64,9.510854259297492,0.4886788140863416,15.47723694489288,8.9576356e-19,0.0,0.002,0.0,0.0,0.0,0.0,4.0084912519629965e-19,0.0,0.4474943423645182,,0.0,0.0,-35.59841812226435,1.3729977589120133,10000
65,12.543660162457194,0.2008536213639569,145.96572069619847,1.480483113613241e-14,0.0487,0.1651,0.8012,0.0112,0.0,0.0,8.237592960908422e-17,0.003540350887756868,0.005564124902987849,0.07269714348576731,0.0316,1.5411392405063291,-32.06050666327966,1.39994300564608,10000
66,3.266166609786664,0.4907885156193133,4022.028932040989,8.863092761049e-14,0.1925,0.3751,0.9436,0.087,0.0514,0.0031,1.1331100856760735e-15,0.009006247067931506,0.012784590167619583,0.04678569905418964,0.0761,2.5295663600525624,-30.53581167808165,0.8656121676642525,10000
67,13.105596286690098,0.1271663207797722,18.01823326402776,8.424851399999999e-19,0.0,0.0021,0.0,0.0,0.0,0.0,4.1172764682445053e-19,0.0,0.4887061234391037,,0.0,0.0,-36.456561415915786,1.6606311639089473,10000
68,12.67586992798139,0.2089594938526671,75.46339776557821,2.3407062216429e-17,0.0046,0.0426,0.0,0.0,0.0,0.0,3.714239570445448e-18,0.0010285863109043877,0.1586802964038131,0.22360571976182342,0.003,1.5333333333333334,-36.13662503462808,1.9331368889363651,10000
69,8.777675185712948,0.1744764781645066,2192.741015113971,7.465766541891e-14,0.3065,0.6249,0.8784,0.1539,0.0497,0.0021,7.959577452876493e-16,0.010752085180725336,0.010661433636070297,0.03508021266142034,0.124,2.471774193548387,-30.586124117896144,0.7844867281177106,10000
70,5.641520217267333,0.0277288122490302,332.3536469525538,7.21741241345154e-14,0.0644,0.1457,0.9443,0.0611,0.0,0.0003,2.7037544523650134e-16,0.004488572014335159,0.0037461548509073114,0.06969832320396209,0.0338,1.9053254437869822,-30.333895530683307,0.5125935619787848,10000
71,1.7111615044222988,0.5638661433395125,47.70040121749896,2.6124831849700003e-17,0.0043,0.0342,0.0019,0.0,0.0,0.0,2.7215713443816044e-18,0.0009839958459172875,0.10417565020281104,0.22883624323657847,0.0028,1.5357142857142858,-35.39001200138926,1.8458490551520506,10000
72,1.0641101276521316,0.2188089148916298,16.98810258595099,3.9234880994e-18,0.0,0.0043,0.0,0.0,0.0,0.0,1.1188707109847547e-18,0.0,0.28517244926927604,,0.0,0.0,-34.75767770835047,1.8888327957192828,10000
73,1.1082892701909672,0.6209928906105022,4275.853647555168,8.76668690868e-14,0.0642,0.1347,0.9804,0.0327,0.0175,0.0032,1.1525620456392037e-15,0.004439572837638557,0.013147065221389831,0.06915222488533579,0.0319,2.012539184952978,-30.553633334877038,0.8589689509561429,10000
74,1.04981326734754,0.5712207091467114,242.8997722210545,8.842567062489e-14,0.0193,0.0448,0.9841,0.0182,0.0,0.0001,1.607659913370088e-16,0.0020330185233862585,0.001818091852749336,0.10533774732571287,0.0125,1.544,-30.08521074752525,0.32065448103267385,10000
75,3.0820351213264208,0.002321732237353,1918.1810840071073,6.747594279363e-14,0.1237,0.2203,0.9615,0.0508,0.018,0.0005,7.121203205289524e-16,0.006453215895934363,0.01055369204261314,0.0521682772508841,0.0573,2.1588132635253054,-30.646282838056397,0.7107082070671314,10000
76,8.91808289895764,0.6462839145449162,1131.6687432212457,6.678012716407e-14,0.3923,0.6524,0.8357,0.1675,0.0381,0.0018,5.826071467568257e-16,0.01259110497901035,0.008724259319324693,0.03209560280145386,0.1517,2.5860250494396837,-30.601954289542952,0.733869953799862,10000
77,13.530754933019717,0.0630157584409998,131.46432469973936,1.3291407141359997e-16,0.0274,0.1462,0.0,0.0001,0.0,0.0,1.2438849601544904e-17,0.002446532761328821,0.09358564875225199,0.08928951683681828,0.0194,1.4123711340206186,-35.578599321280656,1.9283292067846485,10000
78,14.487291783265064,0.2483579649060472,4842.451021643115,1.1440418625092e-13,0.5714,1.4054,0.8047,0.2742,0.2019,0.0075,1.3866772945256774e-15,0.015525279624880935,0.01212086148215163,0.027170597873435308,0.1978,2.8887765419615774,-30.35078782041113,1.0021653128388748,10000
79,11.754008874473646,0.3257250095008107,145.1381930941921,1.2887621318792136e-14,0.0576,0.1813,0.7537,0.0064,0.0,0.0001,8.579095796644035e-17,0.003887124254959873,0.006656849688882767,0.06748479609305336,0.0372,1.5483870967741935,-32.18963332073969,1.386492965082162,10000
80,5.6962586662610954,0.2352948186921149,1885.9697322931036,6.866857862727999e-14,0.1978,0.4034,0.9225,0.0963,0.0302,0.0011,7.118895851956052e-16,0.00849557140358124,0.010367035395615317,0.04295031043266552,0.0872,2.268348623853211,-30.632534720135112,0.7300837666032284,10000
81,3.7857128171544088,0.1868505259503399,7695.990485103663,1.24454869579e-13,0.1701,0.4114,0.9501,0.0887,0.1043,0.0085,1.7146944008310232e-15,0.008106982873864464,0.013777640092600714,0.04766009919967351,0.0679,2.5051546391752577,-30.36123333893278,1.0275970019222322,10000
82,10.663704333198174,0.0194074666010056,18.84740799343761,8.22312131e-19,0.0,0.0032,0.0,0.0,0.0,0.0,3.541549831572745e-19,0.0,0.4306819391398162,,0.0,0.0,-36.31709982355888,1.6464334005376313,10000
83,9.722691767193847,0.1242957655213959,802.1674192370633,6.210171536524e-14,0.2048,0.4018,0.8845,0.117,0.0217,0.0012,4.744952729647339e-16,0.008028209091330483,0.007640614597746228,0.03920023970376212,0.1015,2.017733990147783,-30.614901639588535,0.6754595869648482,10000
84,8.817096962433954,0.068951008203956,2374.251249726264,7.38695446401e-14,0.2735,0.6073,0.8904,0.1451,0.0516,0.0013,7.907811218885873e-16,0.010630196381417926,0.010705103513787097,0.038867262820540864,0.1085,2.52073732718894,-30.591485299734458,0.7580538536506769,10000
85,1.403703866717728,0.2796189345770688,22.583406082218385,5.212099832000001e-18,0.0,0.0057,0.0,0.0,0.0,0.0,1.3656808518300775e-18,0.0,0.2620212382436341,,0.0,0.0,-35.21642616929668,1.9478468173889525,10000
86,12.656712117335084,0.6367225976235803,465.2727884656819,6.343587671815777e-14,0.2286,0.3961,0.8147,0.15,0.0022,0.0007,3.5427296943780994e-16,0.008561631512358807,0.005584741439167397,0.03745245630953109,0.1143,2.0,-30.574368724642547,0.9266664227975557,10000
87,1.4216364675557407,0.5267218438188352,31.025033287364764,7.77384671217e-18,0.0003,0.0162,0.0,0.0,0.0,0.0,1.4919045156988436e-18,0.00017318775765030273,0.19191329221391243,0.5772925255010092,0.0003,1.0,-35.82232108417862,1.8883655413659275,10000
88,9.839404275590116,0.0666560851960568,5800.034272652403,1.2467244652045e-13,0.3817,0.9296,0.8758,0.1875,0.1788,0.0098,1.584400419488394e-15,0.012671881022834206,0.012708505076368297,0.033198535558905444,0.138,2.7659420289855072,-30.320745247829265,1.037849182813498,10000
89,8.903899608311539,0.6766127713036227,2069.939747098575,7.720008048768e-14,0.5015,0.9204,0.8306,0.2075,0.0653,0.0027,8.070917648388652e-16,0.015396865958633751,0.010454545639595095,0.03070162703615903,0.167,3.002994011976048,-30.5581926759309,0.8068293141290518,10000
90,8.876816309514467,0.6807851673135633,220.74619995597587,7.222305477831339e-14,0.1199,0.2379,0.8526,0.0746,0.0,0.0002,2.378018447891628e-16,0.005813413676821716,0.0032926029717115788,0.04848551857232457,0.0703,1.705547652916074,-30.449912056585006,1.1589009801455554,10000
91,9.599815991049631,0.6128823332208269,58.50766136513221,2.0334806409259997e-17,0.0033,0.0307,0.0,0.0,0.0,0.0,2.9064001196183897e-18,0.0006549457194222579,0.14292735623462258,0.19846839982492662,0.0029,1.1379310344827587,-35.832260376333664,1.9686536212885193,10000
92,3.862365416428448,0.4323645544227229,8835.883683024646,1.28520230469048e-13,0.2303,0.5586,0.9378,0.1033,0.1488,0.0096,1.8287926738970034e-15,0.010025778903619529,0.014229609355839416,0.04353356015466578,0.0838,2.7482100238663483,-30.3566496692575,1.0489170081146872,10000
93,3.334722771482993,0.0191130449710606,819.6661554996499,6.07700496039e-14,0.0936,0.1539,0.9625,0.044,0.0086,0.0003,4.696759418634995e-16,0.005797177306799633,0.00772874047207224,0.06193565498717556,0.0471,1.9872611464968153,-30.620412973406825,0.5819855368859287,10000
94,5.561790381203026,0.1972836191312782,73.93626958548262,4.53516787306e-17,0.0119,0.0649,0.0,0.0,0.0,0.0,4.7637676036111195e-18,0.001753894698852091,0.1050406012952477,0.14738610914723452,0.0075,1.5866666666666667,-35.65278552174283,1.8417890298945887,10000
95,7.109448217360104,0.3205770147440337,250.75683043580972,1.015318332050867e-13,0.0742,0.1751,0.9199,0.0645,0.0,0.0004,2.470751861626271e-16,0.004546592476824268,0.0024334750822784194,0.061274831224046734,0.0439,1.6902050113895217,-30.002789664250983,0.6826723531656446,10000
96,3.981778305811969,0.4372192197786449,15.357944113651424,5.62572987e-19,0.0,0.0009,0.0,0.0,0.0,0.0,3.934140842191296e-19,0.0,0.6993120773840668,,0.0,0.0,-36.49008898762508,2.751894616130233,10000
97,4.751515022579659,0.0705017404611249,3060.566171790364,7.504132923260001e-14,0.1935,0.3959,0.9397,0.086,0.036,0.0013,8.734914897221555e-16,0.008457714129292221,0.011640138822896634,0.04370911694724662,0.0804,2.406716417910448,-30.608932689353743,0.7739031211391988,10000
98,2.896126633785088,0.0681787618661671,648.6954602659844,6.062712983887e-14,0.0749,0.1281,0.9637,0.0461,0.0063,0.0002,4.142004735429449e-16,0.004625055471430735,0.006831932744363361,0.06174973927143839,0.0402,1.86318407960199,-30.58248249924921,0.509078591840009,10000
99,2.70984775845078,0.4280362438143066,537.9167074081427,6.097578695707e-14,0.0708,0.1163,0.9638,0.0445,0.004,0.0005,3.7103277704553623e-16,0.004972042650743463,0.006084919860185844,0.0702265911121958,0.0345,2.0521739130434784,-30.551445183524073,0.4960562280479485,10000
100,13.620729367357272,0.0671372089694071,10.114114454286462,3.4957532999999996e-19,0.0,0.0002,0.0,0.0,0.0,0.0,3.4313985013257987e-19,0.0,0.9815905777234907,,0.0,0.0,-35.28934750919498,2.8048969722988195,10000
101,1.844533919878223,0.6636664663327428,3412.513681788304,7.783472769699999e-14,0.1231,0.2399,0.965,0.0544,0.0257,0.0021,9.515607901979584e-16,0.006907923779334433,0.012225401415962489,0.056116358889800426,0.0496,2.4818548387096775,-30.60157660420394,0.7939167986638604,10000
102,5.345739164703064,0.3772348704734226,2602.9574770825443,7.497442617867e-14,0.2382,0.4476,0.9221,0.109,0.0394,0.0018,8.458062485143809e-16,0.010108229005585645,0.011281263380379299,0.0424358900318457,0.0916,2.6004366812227073,-30.599759814083633,0.7742118731094068,10000
103,11.993362161497762,0.2844436572721222,248.40836780874344,8.812729404721072e-14,0.099,0.2244,0.8707,0.0828,0.0,0.0002,2.664601359399406e-16,0.005426126084457349,0.0030235824079336317,0.05480935438845807,0.0561,1.7647058823529411,-30.20500633106699,1.0482771478168793,10000
104,1.6791626805550637,0.6708951611552795,29.734950173945403,8.312992483e-18,0.0004,0.0132,0.0,0.0,0.0,0.0,1.4939377671258117e-18,0.00019996999474891224,0.17971118946407108,0.4999249868722806,0.0004,1.0,-35.40965864978536,1.6032842769159013,10000
105,5.7849433747321495,0.6405562500961274,45.146960122382,1.4595673634999998e-17,0.0025,0.0246,0.0,0.0,0.0,0.0,2.4885528039271115e-18,0.000727617992351948,0.1704993456389457,0.2910471969407792,0.0017,1.4705882352941178,-35.94993249495066,1.6905565293094706,10000
106,10.106562486237337,0.1764238663008661,127.69306281102482,1.2602085272084959e-14,0.0383,0.147,0.8201,0.0072,0.0,0.0001,6.776539811526296e-17,0.003124785981270217,0.005377316265695406,0.08158710133864797,0.0257,1.490272373540856,-32.17110443459731,1.2406745157434065,10000
107,8.303511502669199,0.6746467647709978,27.22257045112367,3.3187776470000006e-18,0.0003,0.0065,0.0,0.0,0.0,0.0,9.184782551758504e-19,0.00030000000000000003,0.27675197101743354,1.0000000000000002,0.0001,3.0,-35.93979295981867,1.8294426262018273,10000
108,4.669413435438113,0.6082287925744052,3036.625371746976,7.839780706001e-14,0.2796,0.551,0.9118,0.1264,0.0479,0.0015,8.934621320856058e-16,0.01145929821374569,0.011396519438377922,0.040984614498375135,0.1001,2.793206793206793,-30.573419216886894,0.7955035836528198,10000
109,11.92436125875672,0.6656379717730083,31.435740046033224,2.4449115270000003e-18,0.0001,0.0077,0.0,0.0,0.0,0.0,6.041806936851687e-19,0.00010000000000000002,0.2471176101928406,1.0000000000000002,0.0001,1.0,-36.181843310669045,1.4551449816866888,10000
110,5.5011409971517695,0.3611055445232079,30.24199266627304,4.9134460369999995e-18,0.0005,0.0098,0.0,0.0,0.0,0.0,1.1442373102057136e-18,0.0005,0.23287877827276396,1.0,0.0001,5.0,-35.833173894551734,1.676011771220296,10000
111,10.502633288695623,0.4096716853425925,1382.8377936515258,6.76091455949e-14,0.3471,0.6263,0.8394,0.173,0.0445,0.0019,6.211367943528856e-16,0.011124501537302484,0.009187171186493152,0.032049845973213725,0.1471,2.3596193065941535,-30.61202785915671,0.7463559350145195,10000
112,2.0724457730165207,0.6940613327068065,187.858570625634,8.684361870415e-14,0.0316,0.0729,0.9662,0.0301,0.0,0.0001,1.417630409509865e-16,0.002433256269612258,0.0016323944472412004,0.07700178068393221,0.0215,1.4697674418604652,-30.111586875419704,0.42221647220314057,10000
113,3.315264561654794,0.020469209632649,517.7048570549748,6.1175485676885e-14,0.0562,0.1148,0.9667,0.0431,0.0033,0.0003,3.656466544754435e-16,0.003816492180164414,0.005977012694377384,0.06790911352605719,0.0328,1.7134146341463414,-30.543855884238223,0.4885034990934715,10000
114,12.108525081023206,0.3403896150645823,48.80167763167508,1.2533978082e-17,0.001,0.0194,0.0,0.0001,0.0,0.0,2.0088139600603284e-18,0.00034628310845191386,0.16026946488323437,0.34628310845191385,0.0009,1.1111111111111112,-35.724220832239915,1.7168845096823628,10000
115,11.697912261502823,0.3131585207040185,1141.545518150625,6.6794433026088e-14,0.3287,0.6195,0.834,0.1701,0.0443,0.0013,5.867815558884425e-16,0.010835006725289732,0.00878488714260457,0.03296320877788175,0.1507,2.181154611811546,-30.60985757675368,0.7590829409587532,10000
116,6.986492624976656,0.2832223103744698,983.4848371862846,6.414274531199899e-14,0.2307,0.3833,0.8977,0.1123,0.0231,0.0013,5.384072948816504e-16,0.009112412117845668,0.008393892282950541,0.039498968867991625,0.1026,2.2485380116959064,-30.611286237616437,0.6729415834287878,10000
117,2.3704012811618007,0.4827363563813128,162.50066365074713,7.410842579058e-14,0.0305,0.0634,0.9708,0.0242,0.0,0.0003,1.1497483034188563e-16,0.0026301457690927833,0.0015514407318108247,0.0862342875112388,0.0194,1.5721649484536082,-30.270289202334624,0.4315316611042164,10000
118,2.563650805238842,0.1966894385047605,170.79382042674362,7.921921293968001e-14,0.0328,0.0641,0.9743,0.0245,0.0,0.0002,1.2124999530158907e-16,0.0029416460235950916,0.0015305629884749374,0.08968432998765523,0.0191,1.7172774869109948,-30.201134755997334,0.4201929931541158,10000
119,14.889873715979222,0.656370328499398,175.71175363921847,9.30381066864157e-16,0.0941,0.218,0.0544,0.0006,0.0,0.0,3.6029702518547594e-17,0.004924118570299606,0.038725747762672624,0.05232857141657392,0.059,1.5949152542372882,-34.48148209861512,2.492265689757086,10000
120,11.267308461800226,0.1021441243253661,281.6863438256595,8.529749883655958e-14,0.0881,0.2155,0.8919,0.0857,0.0,0.0001,2.3003600923848394e-16,0.004991626051004152,0.0026968669934772766,0.056658638490399,0.0504,1.748015873015873,-30.19781222969993,0.8573095833925862,10000
121,4.853848049222166,0.6861596638003143,24.499813782201265,3.86133469e-18,0.0006,0.0077,0.0,0.0,0.0,0.0,9.74661209802113e-19,0.0004242428528564977,0.2524156251791043,0.7070714214274962,0.0003,2.0,-35.659084602392156,1.5160651663121245,10000
122,2.420773000116009,0.597953425340456,141.03689055219596,6.123015327022001e-14,0.0298,0.0646,0.9659,0.0252,0.0,0.0,9.687285410061776e-17,0.002629046821324959,0.0015821102663764355,0.08822304769546842,0.0192,1.5520833333333333,-30.46095892795149,0.4309944857706902,10000
123,12.55561524555796,0.4882441516647003,393.96616972464017,6.728754457134744e-14,0.1595,0.3092,0.8431,0.126,0.0006,0.0003,3.135150625103637e-16,0.0066551036085401435,0.004659332785994772,0.041724787514358264,0.0888,1.7961711711711712,-30.491265639770745,0.9081359884135048,10000
124,8.593934207834126,0.102519928009238,1583.7432492489463,6.785194035537198e-14,0.2484,0.4742,0.8881,0.1288,0.0421,0.0016,6.548732073836744e-16,0.00946671568552616,0.009651503021929818,0.03811077168086216,0.1097,2.2643573381950777,-30.6235955770062,0.7499804545050337,10000
125,5.077287355189608,0.2501631405170912,12.4487054714154,4.380588e-19,0.0,0.0006,0.0,0.0,0.0,0.0,3.66997136382405e-19,0.0,0.8377805362713978,,0.0,0.0,-34.7828831534803,1.3517896387850272,10000
126,2.4710890149874105,0.4653928133359505,1002.0606632631154,6.146680804144e-14,0.094,0.1587,0.96,0.0462,0.0117,0.001,5.19074546808821e-16,0.0052667992098989055,0.008444794245031705,0.05602977882871176,0.0469,2.0042643923240937,-30.637941257636474,0.6020775037786428,10000
127,11.22992936012284,0.1251691926361756,1475.8467418971609,6.812995536768399e-14,0.2906,0.6072,0.8543,0.1646,0.0476,0.001,6.3733562656870495e-16,0.009985245841412787,0.009354704889048139,0.034360790920209175,0.1333,2.180045011252813,-30.615080387577148,0.7634757058014338,10000
128,2.7231539782475123,0.0182062386123686,8883.09853537721,1.2299551343060002e-13,0.1322,0.2955,0.9654,0.0605,0.0791,0.0073,1.7806753283233637e-15,0.006793889290617658,0.014477563275737747,0.05139099312116231,0.0553,2.390596745027125,-30.388043149938618,1.0218949930203594,10000
129,5.853788849839964,0.143678043330632,110.22977797088096,2.854747988980144e-14,0.0334,0.1003,0.929,0.0184,0.0,0.0,7.123677165991042e-17,0.002984850906409456,0.0024953786441008997,0.08936679360507353,0.0203,1.645320197044335,-31.295826999299294,0.9015712983604866,10000
130,13.463387310416085,0.1926764365501102,57.91932394785732,9.38394734085e-18,0.0019,0.0248,0.0,0.0,0.0,0.0,1.493182346706554e-18,0.0005913323662685307,0.15912092134260647,0.3112275611939635,0.0012,1.5833333333333333,-36.280772689770465,1.6309366051390566,10000
131,6.5842631005923495,0.2921275920799186,22.44354026868917,2.615107349e-18,0.0,0.0046,0.0,0.0,0.0,0.0,8.366006946656818e-19,0.0,0.31991065108114675,,0.0,0.0,-36.12276573620487,1.9905426439208642,10000
132,8.552296271228833,0.1221288324548394,1429.1667505987427,6.5278947902973e-14,0.2297,0.4422,0.8899,0.1238,0.0355,0.001,6.107654745647216e-16,0.008605881542277465,0.009356239556319588,0.03746574463333681,0.1073,2.1407269338303823,-30.636199990838744,0.7084339961573256,10000
133,4.337205068147366,0.0703257672173268,608.363452965314,6.17253357899824e-14,0.1018,0.1758,0.9489,0.0604,0.0079,0.0007,4.1156999809818657e-16,0.005621995791857939,0.006667764424944313,0.05522589186500922,0.0521,1.9539347408829175,-30.568062759417177,0.5619940367559395,10000
134,1.702041255669306,0.385415058741535,11.641419267138724,4.6267653e-20,0.0,0.0002,0.0,0.0,0.0,0.0,4.5861870142850636e-20,0.0,0.9912296641208629,,0.0,0.0,-37.679940998614725,3.339792430967785,10000
135,3.446460799773128,0.0059341760623301,43.684383074684256,1.36781645122e-17,0.0016,0.0265,0.0,0.0,0.0,0.0,1.9687987838680795e-18,0.0005654873805822371,0.14393735227501056,0.3534296128638982,0.0011,1.4545454545454546,-35.74512212074604,1.6987587541421014,10000
136,2.343006751035867,0.5362004177924453,1508.9283927879817,6.513004114276e-14,0.1119,0.1949,0.9594,0.052,0.0148,0.0012,6.36599122659531e-16,0.0060167648405031245,0.00977427791369201,0.05376912279269995,0.0529,2.11531190926276,-30.644801788816007,0.6715440526756442,10000
137,6.211265499854784,0.2220911276607407,986.7472692745616,6.280859092073799e-14,0.1705,0.3242,0.9202,0.0893,0.0205,0.0013,5.240483236975486e-16,0.0075847694673462085,0.008343577144707437,0.04448545142138539,0.081,2.1049382716049383,-30.62545050877427,0.6558835612822014,10000
138,9.36239600463676,0.569687613572914,11.849880104901729,2.9894700000000003e-19,0.0,0.0003,0.0,0.0,0.0,0.0,2.1471425700063573e-19,0.0,0.718235195538459,,0.0,0.0,-34.152996307424715,0.25499943240425205,10000
139,12.54741683255354,0.2757075046939672,2323.6928600490246,7.808286297664485e-14,0.4042,0.8823,0.8368,0.1956,0.0689,0.0018,8.231394835625108e-16,0.01274827391644786,0.010541871188928072,0.031539519832874466,0.1609,2.512119328775637,-30.554672989017977,0.8320346015853047,10000
140,5.707208155632944,0.3355164574017691,99.99749950023859,1.4148985334045832e-14,0.0298,0.1119,0.8912,0.0097,0.0,0.0,5.649810911936451e-17,0.002819927516642921,0.003993085566596538,0.09462844015580271,0.0178,1.6741573033707866,-32.01399834304157,0.970176956833854,10000
141,14.010184526107867,0.139250568250431,1170.56904798301,6.7070397760766e-14,0.3123,0.6472,0.825,0.1775,0.0458,0.0012,6.008030442392787e-16,0.009985331325708146,0.008957797542550567,0.03197352329717626,0.1527,2.045186640471513,-30.61619049682399,0.817064066621409,10000
142,11.544440173674143,0.6702036092066358,8126.1631248673875,1.54348611873527e-13,0.8165,2.3944,0.798,0.3077,0.386,0.0114,1.9341357710129107e-15,0.021897276635974787,0.012530956693006984,0.02681846495526612,0.2138,3.8189897100093546,-30.17570475549792,1.132108179459028,10000
143,7.021857670699345,0.3561003621325862,9428.786093291825,1.4298868505575998e-13,0.34,0.97,0.9029,0.1539,0.2119,0.0093,1.9348255545451936e-15,0.01249142119858089,0.01353131930537502,0.036739474113473204,0.1182,2.8764805414551606,-30.26635204783679,1.0941012901536946,10000
144,11.166817539349534,0.1064756092312941,66.3620353285986,2.28323106476e-17,0.0036,0.0414,0.0,0.0,0.0,0.0,3.561877352765922e-18,0.0008710797196513063,0.15600161576902538,0.24196658879202954,0.0023,1.565217391304348,-35.99221739262077,1.8444242673976328,10000
145,9.351450033633288,0.5114083689496574,210.3734542823606,7.02311939983937e-14,0.1024,0.2019,0.8764,0.0656,0.0,0.0002,2.1495831104174906e-16,0.005494947082943059,0.0030607241427031058,0.0536615926068658,0.0576,1.7777777777777777,-30.449596072847893,1.057691485022243,10000
146,5.137044910802264,0.695505994472531,11.279704900795808,3.1578290000000003e-19,0.0,0.0004,0.0,0.0,0.0,0.0,2.882008339514752e-19,0.0,0.9126549726140181,,0.0,0.0,-35.50089468097165,1.7566864330243162,10000
147,2.799884678737216,0.5335238434904302,75.79035076348448,1.494403054595773e-14,0.018,0.0649,0.9408,0.0058,0.0,0.0,4.093114471857315e-17,0.002075579630628589,0.002738962864984559,0.11530997947936607,0.0109,1.651376146788991,-31.90650927157741,0.7178759335395174,10000
148,12.785472918321034,0.0458687111412687,972.835903781169,6.480347603218e-14,0.2495,0.5475,0.8523,0.146,0.0324,0.001,5.315740597631062e-16,0.008816617734416497,0.008202863369538049,0.03533714522812223,0.125,1.996,-30.60976893704525,0.7384897547526147,10000
149,12.334292259677548,0.5679078998530039,20.08016985235893,1.1847548999999998e-18,0.0,0.0026,0.0,0.0,0.0,0.0,4.2463892714142734e-19,0.0,0.35841921999345805,,0.0,0.0,-35.5656806441593,1.4349285634392013,10000
150,1.5316047281852518,0.6580540653346955,4535.037091280931,9.085015674219999e-14,0.097,0.2137,0.9707,0.0486,0.0321,0.002,1.2186803985207397e-15,0.0056993287530044704,0.013414180472785704,0.058755966525819284,0.0439,2.2095671981776763,-30.539953433728098,0.8790137166295507,10000
151,7.746384140100058,0.4876238635306153,23.314866526711853,2.630372595e-18,0.0,0.0048,0.0,0.0,0.0,0.0,7.361850723893341e-19,0.0,0.27987862776122563,,0.0,0.0,-35.76392586573102,1.845130753640738,10000
152,13.002853079657497,0.698852671700186,18.985928372907296,1.03084297e-18,0.0,0.0021,0.0,0.0,0.0,0.0,3.9511444303055046e-19,0.0,0.3832925620383776,,0.0,0.0,-35.5783352550007,1.1384747363193106,10000
153,7.574060188806993,0.3375995405300192,403.3757068945283,6.654824395960534e-14,0.1048,0.2085,0.9142,0.0865,0.0011,0.0006,3.197564037917013e-16,0.005884314617340883,0.004804881162390894,0.05614804024180232,0.0566,1.8515901060070672,-30.45060676820678,0.6240618810809848,10000
154,14.160503771766791,0.5164593734381598,130.87116412586116,1.3789125764531984e-16,0.0373,0.1182,0.0,0.0001,0.0,0.0,1.2973510592823555e-17,0.0029140556226704395,0.09408508424945741,0.0781248156211914,0.0238,1.5672268907563025,-35.67161812533317,2.4693367087017064,10000
155,14.060135424517169,0.589097024527552,15.853268355278129,1.4583786e-18,0.0,0.0019,0.0,0.0,0.0,0.0,5.842081813085442e-19,0.0,0.4005874615196247,,0.0,0.0,-34.61008305597933,1.1174736658504825,10000
156,1.4466145694274128,0.2620294353887247,22.866091194860854,5.868318240000001e-18,0.0,0.007,0.0,0.0,0.0,0.0,1.4368783040641342e-18,0.0,0.24485350747851298,,0.0,0.0,-35.29018734775117,1.7383247558287438,10000
157,7.295574425191495,0.6080110318211077,1027.381664736712,6.4830772894541e-14,0.2881,0.481,0.8739,0.1308,0.0287,0.0022,5.501260430359518e-16,0.010416366404313305,0.008485569714413731,0.036155384950757735,0.122,2.3614754098360655,-30.615394099858865,0.7122671170924557,10000
158,10.013404628239376,0.0371911378515782,1151.1825387912368,6.5705211577178e-14,0.2431,0.4943,0.8734,0.14,0.0379,0.0009,5.783683478273727e-16,0.008837875864990439,0.008802472953732376,0.036354898663062275,0.1192,2.039429530201342,-30.615990180371462,0.725083845876782,10000
159,7.163630782894325,0.4421038397452047,4066.084298230776,9.342414993588701e-14,0.3631,0.7328,0.8915,0.157,0.0882,0.0043,1.1675682604273477e-15,0.013210726374016418,0.012497499428451849,0.03638316269351809,0.1225,2.9640816326530612,-30.49318692874098,0.9009285522131217,10000
160,14.968184690978664,0.051231773354208,11.036297207182743,0.0,0.0,0.0,0.0,0.0,0.0,0.0,0.0,0.0,,,0.0,0.0,,,10000
161,4.534374284827706,0.1180498387440038,8936.412346527155,1.27815319635e-13,0.2066,0.5155,0.9447,0.0977,0.1312,0.0103,1.8122192386621935e-15,0.009420218577708545,0.014178419643571026,0.045596411315143005,0.076,2.718421052631579,-30.357529797927068,1.0408502195105074,10000
162,10.646241428365824,0.6714280566615047,5739.249223454185,1.3139419689128997e-13,0.7107,1.8275,0.8054,0.2818,0.2592,0.0125,1.6056027252410919e-15,0.01944423716261154,0.012219738490958622,0.027359275591123593,0.2019,3.5200594353640415,-30.262935982644336,1.0588842748937681,10000
163,12.586719462262636,0.5848723989821484,34.25343288164539,3.937298847e-18,0.0003,0.0077,0.0,0.0,0.0,0.0,1.0988547368865265e-18,0.00022359785240462396,0.27908847653862795,0.74532617468208,0.0002,1.5,-35.942103416929264,1.6418181463557808,10000
164,4.904577291472471,0.5808524333958154,481.31027773929145,6.37612712462754e-14,0.1103,0.1983,0.9288,0.0765,0.0031,0.0006,3.6979558809315277e-16,0.005794544734046626,0.005799689699799615,0.05253440375382254,0.0582,1.895189003436426,-30.513525617768085,0.5906230594374765,10000
165,9.366874652419735,0.4104653381755827,360.36945672083874,6.966317901938744e-14,0.1275,0.2513,0.8862,0.1017,0.0002,0.0005,2.880610512268177e-16,0.006103122136249691,0.0041350546340506444,0.04786762459803679,0.0677,1.8833087149187593,-30.419535116688607,0.7919966090150204,10000
166,13.801967198211797,0.1957607216858502,488.1199842912727,6.320687580887227e-14,0.1563,0.3318,0.8595,0.1297,0.0039,0.0005,3.6621040272766197e-16,0.006756596492289292,0.005793838060198152,0.04322838446762183,0.0861,1.8153310104529616,-30.557419363359298,0.8237983839155752,10000
167,1.9997269063905787,0.3369701733079288,687.0569452913544,6.097487723046e-14,0.0554,0.1011,0.9753,0.0312,0.0049,0.0005,4.3370830954631476e-16,0.0038980255848757627,0.007112901726838669,0.07036147265118706,0.03,1.8466666666666667,-30.58785733928035,0.5229896977384545,10000
168,4.224477432262422,0.5199600604749768,582.6008294747841,6.131256674009e-14,0.113,0.1985,0.9369,0.0739,0.006,0.0009,3.98133932346719e-16,0.005923395028264289,0.006493512725285958,0.05241942502888751,0.0563,2.0071047957371224,-30.564787336706786,0.5385964718469924,10000
169,8.374851097951446,0.0931027338982918,2430.9066772303127,7.451386199519e-14,0.2645,0.5824,0.8942,0.1317,0.0508,0.0019,7.99833365796932e-16,0.00982464387969031,0.010734021085211806,0.037144211265369785,0.1149,2.3020017406440383,-30.58803688861663,0.7717184169984399,10000
170,2.651327447960653,0.1400737365015149,108.61476431795172,4.5072366221694995e-14,0.0163,0.0474,0.9724,0.0167,0.0,0.0002,6.438411009969057e-17,0.001985906690289917,0.0014284608396862937,0.12183476627545506,0.0105,1.5523809523809524,-30.761022299261384,0.42976617406412604,10000
171,9.873380959929417,0.2999107393144325,577.6356796905475,6.2425792718927e-14,0.1688,0.3421,0.8835,0.1185,0.0098,0.0005,4.0460087292946145e-16,0.007079242019224704,0.006481309332364948,0.04193863755464872,0.0877,1.9247434435575828,-30.567672123196672,0.6590279223769747,10000
172,9.19173699521518,0.3879200768021949,223.8569768093536,8.149329058597858e-14,0.0983,0.2061,0.886,0.0693,0.0,0.0001,2.3430667768025024e-16,0.005215978493357148,0.0028751652558813737,0.053061836148088994,0.0559,1.7584973166368516,-30.2829748078553,0.9842620922176364,10000
173,14.11494638137114,0.3430669442556652,61.838005968445195,1.42741844302e-17,0.0018,0.0266,0.0,0.0,0.0,0.0,2.541626605694986e-18,0.0005654272462457744,0.17805757086321844,0.3141262479143191,0.0012,1.5,-36.06220860562357,1.8241683351793188,10000
174,10.7518996129421,0.0855862744762922,304.6215719418008,7.7844961859025e-14,0.0941,0.2132,0.8954,0.0858,0.0003,0.0003,2.3893764151486347e-16,0.005165964355158859,0.003069404054016658,0.05489866477320785,0.0542,1.7361623616236161,-30.287410714036817,0.7761191021140283,10000
175,2.0232607526299367,0.0821527330489128,174.58586180715133,8.353088701848799e-14,0.0212,0.0509,0.9802,0.0201,0.0,0.0002,1.1522687406081164e-16,0.002171526548940923,0.0013794522981098996,0.10243049759155298,0.0132,1.606060606060606,-30.135908032611237,0.3202527730509277,10000
176,10.298127021014023,0.6116548846287035,9345.976182026106,1.563193937610348e-13,0.6434,2.0028,0.8343,0.252,0.3505,0.01,2.0408331143350896e-15,0.018641845290624636,0.013055533707192517,0.02897395910883531,0.1832,3.5120087336244543,-30.188111930107425,1.1487719015347415,10000
177,6.873416207255483,0.1304856738755902,2683.6027159342148,7.534003656471999e-14,0.2567,0.5164,0.9107,0.1203,0.0477,0.0011,8.53326357162085e-16,0.010356217269042416,0.011326333196414694,0.04034365901457895,0.1019,2.519136408243376,-30.59793570661888,0.7811448959228235,10000
178,14.85989987531356,0.1674357730926522,15.738010234365538,3.3620485e-19,0.0,0.0013,0.0,0.0,0.0,0.0,2.6810704402171605e-19,0.0,0.7974514467049362,,0.0,0.0,-36.49654884458517,1.5257961213726632,10000
179,14.737138321160256,0.3545892434616576,83.23910297928394,2.99931285562871e-17,0.0065,0.0433,0.0,0.0,0.0,0.0,3.858982198999401e-18,0.001107202596528285,0.12866220980440166,0.17033886100435153,0.0049,1.3265306122448979,-36.045886071644034,2.1137403432017736,10000
180,4.9854347586416194,0.4533405476002533,18.634676619375256,2.204189897e-18,0.0,0.004,0.0,0.0,0.0,0.0,7.885808724368001e-19,0.0,0.3577644891259567,,0.0,0.0,-35.86042002655597,1.830063715704368,10000
181,9.764090331132957,0.6896672552520011,139.02839488895515,4.3492853255366174e-16,0.0602,0.1679,0.0269,0.0004,0.0,0.0,2.2303262755025084e-17,0.0037840491411701145,0.0512802933945781,0.06285795915564975,0.0392,1.5357142857142858,-34.857765338872774,2.416349559934554,10000
182,12.429669321318809,0.4143626436676317,14.141300129098678,3.3083695999999997e-19,0.0,0.0008,0.0,0.0,0.0,0.0,3.2370121283711253e-19,0.0,0.978431227384971,,0.0,0.0,-37.053687646496,2.463576125049332,10000
183,5.83995139574499,0.0025809807640444,197.55983467298392,8.4308623189815e-14,0.0506,0.1231,0.9497,0.0403,0.0,0.0,1.6269689817456194e-16,0.0036885396205616726,0.001929777667087045,0.07289603993204886,0.0302,1.6754966887417218,-30.160082740205464,0.5559284447767159,10000
184,8.567644684579177,0.1526433516429937,73.77525203283555,3.2624969080891903e-17,0.0123,0.0553,0.0,0.0,0.0,0.0,3.861171299102806e-18,0.002062837009958122,0.11835019029532975,0.16771032601285546,0.0063,1.9523809523809523,-35.96964080670395,2.2421170804508206,10000
185,3.396493378673859,0.4954637056458531,9750.336516788893,1.3302465244628001e-13,0.2125,0.5355,0.9475,0.0972,0.1359,0.0094,1.8702338866509917e-15,0.009981199198179714,0.014059302935643883,0.04697034916790454,0.074,2.8716216216216215,-30.33195409672178,1.0663127722956147,10000
186,12.166526511718528,0.5121697980112696,4895.891327264383,1.1562225744011962e-13,0.6256,1.4957,0.8088,0.2708,0.1983,0.009,1.4099986831706865e-15,0.01734164171160635,0.012194872461307201,0.02772001552366744,0.1969,3.1772473336719145,-30.344804132132797,1.0021185987137124,10000
187,6.485725770428813,0.6543396587537774,56.58806224912616,2.21033589946e-17,0.006,0.0341,0.0,0.0,0.0,0.0,2.6237165529214123e-18,0.0012792824771588318,0.11870216438878833,0.21321374619313863,0.0037,1.6216216216216217,-35.66290396656304,1.7756225275115933,10000
188,11.157941275532078,0.058487238480836,1707.9462298570963,7.055459203697e-14,0.293,0.6271,0.8617,0.1601,0.0499,0.0011,7.106582667571106e-16,0.010198308710274218,0.010072459442253337,0.03480651436953658,0.13,2.253846153846154,-30.60347363931481,0.7478936729716911,10000
189,3.3794576541706,0.255095582753698,23.384115375385775,3.0851429999999997e-18,0.0001,0.0054,0.0,0.0,0.0,0.0,8.68431124001842e-19,0.0001,0.2814881268070369,1.0,0.0001,1.0,-35.53216707706505,1.613982245129568,10000
190,12.523507739489226,0.263739243192466,116.69032649493974,1.01325225275475e-16,0.0265,0.1069,0.0,0.0,0.0,0.0,9.254212434928989e-18,0.0023833470234742213,0.0913317726140689,0.0899376235273291,0.0178,1.4887640449438202,-35.63672948309547,2.07802435459027,10000
191,3.8021594758317128,0.1624690594254554,40.83103766222064,1.221682992e-17,0.0015,0.021,0.0,0.0,0.0,0.0,1.9267358881456486e-18,0.0005914473611388421,0.15771160773806112,0.39429824075922804,0.0009,1.6666666666666667,-35.64368092602262,1.6065464178219515,10000
192,13.115510845723868,0.3091260088277493,6703.466623951121,1.3853676529540314e-13,0.5999,1.5814,0.8178,0.2629,0.2962,0.0125,1.7359790839536841e-15,0.016590042855646733,0.012530818662122224,0.02765468053950114,0.1916,3.1310020876826723,-30.240941412059524,1.099469637011769,10000
193,10.71282115257448,0.3021672187526852,37.06271055118432,4.3119020103800004e-18,0.0004,0.011,0.0,0.0,0.0,0.0,8.73429407946641e-19,0.0001999699947489123,0.20256244363717976,0.4999249868722807,0.0004,1.0,-36.101034980278456,1.8022004500132542,10000
194,11.340353522651638,0.4207473421635392,398.2587484857908,6.70364165040946e-14,0.1478,0.2966,0.8606,0.1218,0.001,0.0005,3.1893338739579825e-16,0.006737956367148763,0.004757613906410372,0.045588338072725054,0.079,1.870886075949367,-30.474937585845193,0.7933238180761271,10000
195,2.627445565756596,0.439050496928196,1490.4667386332376,6.369325884323999e-14,0.1206,0.2019,0.9576,0.0544,0.0145,0.001,6.162793455731916e-16,0.006334790995581131,0.009675738952060225,0.05252728852057323,0.055,2.192727272727273,-30.658971221129754,0.6646174620811776,10000
196,8.772878371909814,0.0765217492051606,6282.682011105974,1.2465808778516e-13,0.3412,0.8457,0.8934,0.1662,0.175,0.0096,1.6144521406744741e-15,0.012348826071758199,0.0129510420812557,0.03619233901453165,0.1237,2.7582861762328212,-30.327799955681293,1.0287355598542784,10000
197,4.551816731602935,0.5327898169662036,3722.2286333022894,8.546458473653001e-14,0.2666,0.5119,0.9241,0.1148,0.0559,0.0039,1.0404051781398807e-15,0.01074355557525719,0.012173524054990018,0.04029840800921676,0.095,2.8063157894736843,-30.54244595135733,0.847740906097115,10000
198,8.727931731741265,0.2686702563502529,600.6119005373671,6.1508475915987e-14,0.1691,0.3278,0.8922,0.1096,0.0109,0.0007,4.0468354736721524e-16,0.007690021628270256,0.006579313522903138,0.04547617757699737,0.083,2.0373493975903614,-30.582622079194852,0.6477615405730521,10000
199,9.543418148784687,0.3794084905578135,12.043682128961157,1.482281e-20,0.0,0.0003,0.0,0.0,0.0,0.0,1.2659726233584253e-20,0.0,0.8540706002157656,,0.0,0.0,-37.448027358641156,1.1658361660328453,10000
200,1.863543278512808,0.1858446648038474,26.803613335962165,5.6541017999999996e-18,0.0,0.0098,0.0,0.0,0.0,0.0,1.2522504056224098e-18,0.0,0.22147645194899213,,0.0,0.0,-35.456363374342594,1.5359783890251777,10000
201,6.518606837830628,0.0942838347623436,13.135178822660546,2.9137335e-19,0.0,0.0009,0.0,0.0,0.0,0.0,2.256415761428773e-19,0.0,0.7744070490416414,,0.0,0.0,-36.23537037529078,1.4221773144544583,10000
202,4.0159098532428885,0.2426134181001142,37.199334724115104,7.695895165175599e-18,0.0021,0.0188,0.0,0.0,0.0,0.0,1.323946367040282e-18,0.0011178926461860457,0.17203279652654588,0.5323298315171646,0.0006,3.5,-36.15728225702287,2.1193638208554297,10000
203,3.8238925054710777,0.128541884892208,1537.0634486875397,6.51498240592e-14,0.1322,0.2336,0.9505,0.0645,0.0204,0.0008,6.377176316335141e-16,0.006623949250286194,0.009788478186127351,0.05010551626540237,0.0614,2.1530944625407167,-30.64573202560638,0.6708023258191539,10000
204,10.893615058910749,0.5114738635619985,6447.977947864616,1.3630756260709443e-13,0.6301,1.5645,0.8221,0.2632,0.2788,0.0118,1.721906995831126e-15,0.018124024029577496,0.012632512553940317,0.028763726439577045,0.1902,3.3128286014721344,-30.257813405234266,1.085605709411747,10000
205,4.605151634023914,0.4947833410156301,246.21075181260352,9.78913822871026e-14,0.065,0.1285,0.941,0.0512,0.0,0.0003,1.9977456110434734e-16,0.004115725199693481,0.0020407778134998106,0.06331884922605355,0.0366,1.7759562841530054,-30.01679438046418,0.5892524450038619,10000
206,9.454843882101269,0.5072475580852,15.504055478144812,9.686219000000002e-19,0.0,0.0009,0.0,0.0,0.0,0.0,4.903197359997303e-19,0.0,0.5062034381008009,,0.0,0.0,-34.160356769339764,1.0203741831368176,10000
207,10.459429469076374,0.5586067479209021,3864.2930430866704,9.909520194918e-14,0.573,1.2546,0.8254,0.2415,0.1311,0.006,1.180338150635907e-15,0.01689365678483958,0.011911153390062537,0.02948282161403068,0.1774,3.229988726042841,-30.434166739249505,0.9203788511151334,10000
208,5.377539441528644,0.6162745978656426,103.851466991614,8.48983769235476e-15,0.0343,0.1193,0.7276,0.0031,0.0,0.0,6.26920439724823e-17,0.0030550424429838683,0.007384363075508207,0.08906829279836352,0.0218,1.573394495412844,-32.46694468994563,1.1560544065802103,10000
209,2.33387502012509,0.5840074512019356,1557.3846161748568,6.3271533965e-14,0.1098,0.2042,0.9575,0.0558,0.0138,0.001,6.143385840948579e-16,0.0062400552745134315,0.009709557293722203,0.056831104503765315,0.0493,2.2271805273833674,-30.664373497743014,0.6556294074485618,10000
210,1.6820361177726144,0.4732827945577118,6545.247274971389,1.1233043682780001e-13,0.0949,0.2033,0.9715,0.0494,0.0514,0.0058,1.5769936235804209e-15,0.005463733543871245,0.014038880895637538,0.05757358844964431,0.0432,2.196759259259259,-30.43461064884882,0.9862682146067472,10000
211,2.2005214448144708,0.2076439407129201,5009.35067819667,9.799884762240001e-14,0.1232,0.2184,0.9675,0.0561,0.043,0.0054,1.3389877244590222e-15,0.0067087015634671645,0.013663300711639839,0.054453746456714,0.0511,2.410958904109589,-30.504000606652237,0.9180542858256605,10000
212,9.963030480799103,0.656733812841721,791.5029878715799,6.2948884921152e-14,0.3334,0.5533,0.8293,0.1587,0.0239,0.0013,4.826164083072869e-16,0.010917708717325426,0.007666798370007645,0.03274657683660896,0.1427,2.3363700070077087,-30.63399023758698,0.8242317802431252,10000
213,11.49192240555148,0.3697215986480442,221.0030446644909,7.238069488394706e-14,0.1021,0.2203,0.8653,0.0692,0.0,0.0003,2.2751801800739416e-16,0.005450736652325564,0.003143352220812323,0.05338625516479494,0.0593,1.7217537942664418,-30.43109244187133,1.152674930411885,10000
214,5.908876338708316,0.6560238835964606,852.6213521361326,6.311039640527145e-14,0.2308,0.389,0.8874,0.1169,0.0227,0.0016,5.013232619405431e-16,0.009209865262956684,0.00794359234762577,0.039904095593399844,0.1024,2.25390625,-30.612989803823478,0.6905943650446448,10000
215,7.9266574971568335,0.0135312332750281,1482.4182103623411,6.771105393779999e-14,0.2246,0.4468,0.9029,0.1165,0.0354,0.0008,6.523756585741346e-16,0.00900131025788112,0.009634699515582979,0.04007707149546358,0.1006,2.2326043737574555,-30.616563894120567,0.7107150683153143,10000
216,11.372345317605932,0.0121195165984066,5214.315303297848,1.1289495325205e-13,0.3917,0.9822,0.8645,0.1948,0.1675,0.0088,1.4186513998363406e-15,0.012782153548793508,0.012566118847394801,0.03263250842173477,0.143,2.739160839160839,-30.370287947980607,0.9774256996779312,10000
217,9.951640741107086,0.5536199140225339,74.39173424990022,3.96724797916955e-17,0.0121,0.0503,0.0,0.0,0.0,0.0,5.2668540127328145e-18,0.001815403142240556,0.13275837659725284,0.15003331754054183,0.0072,1.6805555555555556,-35.90843591930467,2.5504436063094076,10000
218,13.685374042790102,0.3199709186690755,26.686603965383007,1.6600548899999998e-18,0.0,0.0033,0.0,0.0,0.0,0.0,5.621708796017746e-19,0.0,0.3386459586295816,,0.0,0.0,-36.067957518269196,1.5860607768060386,10000
219,13.765209859256224,0.5032578505495878,95.76484715860333,5.5342979167163005e-17,0.0125,0.0543,0.0,0.0,0.0,0.0,7.206883137561738e-18,0.0016476184220402686,0.13022217535115715,0.13180947376322147,0.0085,1.4705882352941178,-35.756577159849364,1.901782451171189,10000
220,3.993434966192953,0.632386273137653,112.62240898627736,3.2563632633173455e-14,0.0387,0.1021,0.9301,0.0233,0.0,0.0,7.903529374034844e-17,0.003340860238727964,0.002427103100894003,0.08632713795162697,0.0233,1.6609442060085837,-31.147597115114145,0.8048108161566759,10000
221,9.203208425148468,0.4571737674286786,2914.5044429392924,8.199051796444e-14,0.4251,0.865,0.8562,0.1945,0.0753,0.0024,9.12331358683343e-16,0.014413874391623432,0.011127278877284676,0.033907020446067825,0.1423,2.9873506676036543,-30.53449064398121,0.8158234833015092,10000
222,6.8911306383442215,0.5142672530939688,26.388048637554164,3.9931098779e-18,0.0007,0.0091,0.0,0.0,0.0,0.0,8.848971876966595e-19,0.0006082663880240959,0.22160602005823896,0.8689519828915656,0.0002,3.5,-35.93291935460935,1.8038128119809014,10000
223,1.4721925417894413,0.2295361500702528,53.808422017622014,1.5475480353809e-14,0.0044,0.0324,0.9694,0.0068,0.0,0.0,2.5855972737407527e-17,0.0007733846471072711,0.0016707702860443722,0.17576923797892524,0.0037,1.1891891891891893,-31.83506991936154,0.49187876298313626,10000
224,4.9386892529855455,0.5862729221952769,31.68178003211197,7.620645883500002e-18,0.0,0.0121,0.0,0.0,0.0,0.0,1.4639157300227439e-18,0.0,0.1920986426088071,,0.0,0.0,-35.76510563976291,1.9430820648574612,10000
225,4.925671221799396,0.3911061939118667,1210.6153236812677,6.389465651561e-14,0.1856,0.3019,0.9288,0.0831,0.022,0.001,5.748339068361711e-16,0.008398947447854594,0.008996588105857245,0.04525294961128553,0.0803,2.311332503113325,-30.635468398749868,0.6647715440393485,10000
226,6.038745908809078,0.4543628233838403,314.67748222304795,7.501686503098679e-14,0.0809,0.159,0.9288,0.0685,0.0001,0.0004,2.4902498871836055e-16,0.004494167192470189,0.0033195867171401687,0.05555212846069455,0.0467,1.7323340471092077,-30.29473003207233,0.5630634254528611,10000
227,14.046114862314903,0.5044584212355333,63.84008258656212,1.758044531533e-17,0.0026,0.0236,0.0,0.0,0.0,0.0,2.3357419869055065e-18,0.0006159236447755675,0.13286022879458914,0.2368937095290644,0.0021,1.2380952380952381,-35.673116113181926,1.924906379132752,10000
228,3.971410957527117,0.0399731301842231,16.949591526115082,7.2364655e-19,0.0,0.0011,0.0,0.0,0.0,0.0,3.70805324057651e-19,0.0,0.512412204628974,,0.0,0.0,-35.086729501543836,1.6890521487459815,10000
229,12.769714046786785,0.4443824172099316,1161.230105789096,6.878462129675431e-14,0.3944,0.7493,0.8022,0.1945,0.0477,0.0019,6.077850156137768e-16,0.011521203835267448,0.008836059633033933,0.029211977269947894,0.1738,2.2692750287687,-30.598651571086116,0.8223818611852123,10000
230,10.42401095183229,0.5213147348272392,201.15452464436376,6.00207812694172e-14,0.1052,0.21,0.8593,0.0617,0.0,0.0001,1.9823722609784724e-16,0.005416292977947399,0.003302809825283904,0.05148567469531748,0.0604,1.7417218543046358,-30.64347552021273,1.2549075901701898,10000
231,7.203630134515177,0.0028424364199359,107.87999456210736,1.9894367599684036e-14,0.0289,0.1074,0.9095,0.0127,0.0,0.0,5.895122930798629e-17,0.0026659313042484605,0.0029632120253434225,0.09224675793247268,0.018,1.6055555555555556,-31.659598130573638,0.9575779780924064,10000
232,6.705071699138766,0.1005243190960569,547.8896817680144,6.185168120073e-14,0.1094,0.2319,0.9268,0.0804,0.0058,0.0005,3.9510843457031107e-16,0.005643256917318535,0.006387998303361362,0.051583701255196845,0.0586,1.8668941979522184,-30.559693097749257,0.5880125191966483,10000
233,13.56920575594586,0.1562206930379075,51.92243069374989,9.131901774e-18,0.0015,0.0176,0.0,0.0,0.0,0.0,2.016071201612061e-18,0.000538334450316938,0.22077232667483807,0.3588896335446254,0.0011,1.3636363636363635,-36.34835452435104,1.9827041115289128,10000
234,8.717215878735221,0.3355919866295309,9493.656328041847,1.4859139814859e-13,0.4617,1.2059,0.8773,0.1922,0.2693,0.011,1.9685766363043598e-15,0.015591588141112379,0.013248254346027498,0.03376995482155594,0.1429,3.230930720783765,-30.226170873455356,1.1102493715447863,10000
235,6.940092765652133,0.292230411934934,34.70822081459566,6.029593626e-18,0.0005,0.0132,0.0,0.0,0.0,0.0,1.1649932489498593e-18,0.00033164137045890393,0.1932125647616338,0.6632827409178078,0.0003,1.6666666666666667,-35.98400024486586,1.666802511472659,10000
236,4.383908394919881,0.5845110799226594,13.489957968077931,1.11389002e-18,0.0,0.0016,0.0,0.0,0.0,0.0,4.943747901601683e-19,0.0,0.4438272911002186,,0.0,0.0,-35.29108955015591,1.4192155545172969,10000
237,10.793703756881532,0.5656865020598782,12.653040322999017,3.477005e-19,0.0,0.0008,0.0,0.0,0.0,0.0,2.4938653020471e-19,0.0,0.7172452446997057,,0.0,0.0,-34.65414978600314,0.8666064427524582,10000
238,1.8793158281951927,0.4409135829723549,2772.52619787698,7.133883860266e-14,0.1101,0.1869,0.9676,0.0496,0.0189,0.0014,8.132838225921755e-16,0.0062162418844762335,0.011400295246211797,0.05645996262012928,0.048,2.29375,-30.6368800903116,0.7464580895300599,10000
239,11.984382321198398,0.46216196967427,3837.861528245248,9.459560055605999e-14,0.539,1.1853,0.8194,0.2481,0.1362,0.004,1.103776923253882e-15,0.015938422234660903,0.011668374816223646,0.02957035665057681,0.1793,3.0061349693251533,-30.460814758124663,0.9095359840967928,10000
240,2.1058811673998656,0.6232646128366616,968.1180436004388,6.12290871544e-14,0.0901,0.1516,0.9615,0.0463,0.0087,0.0004,5.088674145543062e-16,0.0050715649534544775,0.00831087703906326,0.0562881792836235,0.0462,1.9502164502164503,-30.63546001650191,0.5954597474148796,10000
241,13.451042104458258,0.6850185987474058,2896.795531046936,8.80644917574033e-14,0.7368,1.5709,0.7526,0.3172,0.109,0.0032,9.38554086082676e-16,0.019145997830442064,0.010657576820725531,0.025985339074975657,0.2274,3.2401055408970976,-30.474418750762613,0.8746755341177292,10000
242,10.48970337829262,0.3691027524641714,83.00223070751338,3.9169869273924e-17,0.0092,0.0551,0.0,0.0,0.0,0.0,4.5404668588386286e-18,0.0014736869326005208,0.11591733500783698,0.16018336223918705,0.0055,1.6727272727272726,-35.77738211510205,1.9493574042091912,10000
243,7.4818498471882675,0.1603874673571199,48.5174625197038,1.1689880571e-17,0.0025,0.0257,0.0,0.0,0.0,0.0,2.1426787871180897e-18,0.0009744074850875784,0.18329347114405944,0.3897629940350314,0.0014,1.7857142857142858,-36.038775361165655,1.606991982428695,10000
244,6.813625063229674,0.1430872312902713,26.53865710207509,3.0685586173e-18,0.0,0.0059,0.0,0.0,0.0,0.0,9.138464416190184e-19,0.0,0.29780967404921355,,0.0,0.0,-36.10862991866795,1.9517157428404537,10000
245,3.961483562560975,0.2626367237472884,98.49084349816235,2.9535991860900127e-14,0.0213,0.0769,0.9433,0.0185,0.0,0.0,6.479201682365133e-17,0.0019455100875991607,0.002193663145926827,0.09133850176521881,0.0158,1.3481012658227849,-31.223768396775387,0.7014916125321777,10000
246,6.297654826079671,0.0908055821712343,297.8493650294822,7.758557656561099e-14,0.0669,0.1491,0.9446,0.0547,0.0,0.0003,2.328214923579181e-16,0.004804658934279047,0.003000834725524407,0.07181851919699622,0.0334,2.002994011976048,-30.25226005738708,0.5861476980531894,10000
247,11.228287343204013,0.5138640432035875,85.5061857434019,5.2863280014359e-17,0.0152,0.0562,0.0,0.0001,0.0,0.0,6.124366977018901e-18,0.0020729992119084984,0.11585295076952033,0.1363815270992433,0.0087,1.7471264367816093,-35.68907760640014,2.017680578279546,10000
248,10.09525710467908,0.5089048990636299,644.6645835384707,6.111400715903454e-14,0.2229,0.4076,0.8556,0.1305,0.0149,0.001,4.204076754489619e-16,0.008293879541190863,0.006879072327150006,0.03720897057510482,0.1117,1.9955237242614146,-30.628639169623142,0.8138794605906708,10000
249,1.6493076144786332,0.4831023954691542,100.07315514110884,4.2944312904692e-14,0.015,0.0403,0.9771,0.0137,0.0,0.0002,5.816013459819582e-17,0.0018809183356484507,0.0013543151738688401,0.12539455570989672,0.0094,1.5957446808510638,-30.80500565419188,0.38101264038203747,10000
250,10.62957008026146,0.0115161711275483,89.02562561373841,5.2667373838470004e-17,0.0117,0.0678,0.0,0.0,0.0,0.0,6.234498421339345e-18,0.0016360252619888806,0.11837496284626707,0.13983121897340858,0.0079,1.481012658227848,-35.79616250482934,1.9169194105212852,10000
251,3.832854608261524,0.2661478127664258,2881.001565356972,7.55138262209685e-14,0.1785,0.3419,0.9428,0.0776,0.0335,0.0009,8.778358583555171e-16,0.008496528355711522,0.011624836169561777,0.047599598631437104,0.0745,2.3959731543624163,-30.603779091564352,0.7825496617565074,10000
252,8.21157979974082,0.524099153845125,254.62606671576995,9.840106785645301e-14,0.1068,0.2012,0.8913,0.0765,0.0,0.0004,2.736113080826083e-16,0.005418700234486414,0.002780572549088096,0.05073689358133346,0.0607,1.759472817133443,-30.075407584317478,0.8730628448469057,10000
253,12.727699483684432,0.0958012729139214,286.8792203742945,8.4540622026428e-14,0.112,0.2325,0.8819,0.0862,0.0,0.0004,2.3928869388553713e-16,0.0057627181860723685,0.0028304581649604347,0.05145284094707472,0.063,1.7777777777777777,-30.203309091047828,0.8069351281263029,10000
254,10.995557842479949,0.034935504159902,1585.4857886112093,7.054015655925999e-14,0.268,0.5912,0.8671,0.1533,0.0442,0.0012,6.743847506917393e-16,0.009721473689984998,0.009560295632817262,0.03627415555964551,0.1216,2.2039473684210527,-30.58789022043548,0.7414264511624922,10000
255,9.399913575369668,0.2579787830784213,933.1198603597262,6.319109763676999e-14,0.2415,0.4215,0.8827,0.1253,0.0265,0.0013,5.139266783254501e-16,0.00940992187337208,0.008132896840620846,0.038964479806923726,0.1082,2.231977818853974,-30.61745593020464,0.6880631647280517,10000
256,12.478967458302751,0.0935105969995734,1304.718204866322,6.74974521281788e-14,0.3148,0.6091,0.8439,0.1701,0.0456,0.0013,6.104645067653876e-16,0.010502434294610523,0.009044260005638512,0.03336224362963953,0.1434,2.195258019525802,-30.612675257947156,0.769465617704854,10000
257,11.914687354195982,0.0846579088213758,1283.220028121652,6.685983079594355e-14,0.2723,0.557,0.8618,0.1505,0.0396,0.0009,6.014357788993608e-16,0.009636625833544932,0.008995472643880075,0.035389738646878194,0.1276,2.134012539184953,-30.609721850630848,0.7343081712618885,10000
258,13.758622413666156,0.5166684275856402,251.62962004181315,7.62640565976645e-14,0.1345,0.2764,0.8207,0.0894,0.0,0.0003,2.837757437546383e-16,0.005683678863248878,0.003720963143249957,0.0422578354144898,0.0826,1.6283292978208233,-30.439360533448248,1.3270150700287906,10000
259,10.182481060796354,0.1424392958855368,7731.949643781988,1.3628320020309e-13,0.4107,1.1072,0.8762,0.1856,0.246,0.0113,1.7935242055486118e-15,0.013688728543181533,0.01316027362782714,0.03333023750470303,0.1397,2.9398711524695775,-30.2833932785256,1.071535365998579,10000
260,11.824293540818294,0.2282378962822453,3991.085991439452,9.649063689023e-14,0.449,1.028,0.8414,0.2144,0.1259,0.0049,1.1662545383588486e-15,0.01398354225314153,0.012086711995544262,0.031143746666239487,0.1618,2.7750309023485786,-30.462974136495507,0.9288779030373815,10000
261,3.6263680384262234,0.276273830217645,302.88441547125234,7.572440926713601e-14,0.0528,0.1057,0.962,0.044,0.0001,0.0002,2.405893296761261e-16,0.003982813362464782,0.003177170109408045,0.07543207125880269,0.028,1.8857142857142857,-30.26788299813096,0.43163958678213127,10000
262,13.275077179439013,0.15431808041168,1203.3766296411952,6.673273304361e-14,0.2911,0.6132,0.8388,0.1674,0.0401,0.0015,5.856749979435433e-16,0.009795186244648783,0.00877642756757472,0.033648870644619654,0.1396,2.085243553008596,-30.609877908448787,0.7587007936652906,10000
263,10.075726483423947,0.3181657006755614,119.99743083017049,1.5407491827820715e-16,0.0329,0.1259,0.0034,0.0002,0.0,0.0,1.3107194922308186e-17,0.002864014535215524,0.0850702701567625,0.08705211353238675,0.0209,1.5741626794258374,-35.492898818680146,2.2158657768165577,10000
264,5.25303540074594,0.0839635494165625,71.11158037585628,4.146037909084e-17,0.0116,0.0596,0.0,0.0001,0.0,0.0,5.091625139300169e-18,0.0017569441326543444,0.12280700878649421,0.15146070109089177,0.0073,1.5890410958904109,-35.66022486112434,1.8533314500255418,10000
265,13.9607661992162,0.1231911173976851,7272.2537535830525,1.3975080624214e-13,0.531,1.5352,0.8288,0.2503,0.3001,0.0112,1.7754547969626376e-15,0.015661048076124544,0.012704433303135199,0.029493499201741137,0.1772,2.9966139954853275,-30.24273307851426,1.090769059796084,10000
266,3.7465649556720577,0.0216028907566809,2670.0711805151723,7.30734803319e-14,0.1447,0.3052,0.9516,0.0668,0.0268,0.001,8.317175274253845e-16,0.007008644884020807,0.011381933960825742,0.04843569373891366,0.0646,2.239938080495356,-30.61669027002779,0.755116586020816,10000
267,8.86503990373612,0.2287179909200117,101.58096609374294,8.943676420389e-17,0.0215,0.0988,0.0,0.0,0.0,0.0,9.495387525593803e-18,0.0023160983206986516,0.10616872837602959,0.10772550328830939,0.014,1.5357142857142858,-35.64130353344713,1.9276624390928145,10000
268,5.637490420810365,0.2267329312913207,7561.601901199472,1.2741609070447e-13,0.2653,0.6309,0.9246,0.1257,0.1559,0.0094,1.73877101326455e-15,0.010503457681274593,0.013646400573515247,0.039590869511023724,0.0946,2.8044397463002113,-30.3464380465915,1.0448314453607583,10000
269,9.781052523259875,0.5555632634059283,7178.214817897523,1.4157450548397852e-13,0.5885,1.525,0.8352,0.2541,0.2969,0.0116,1.778296656719746e-15,0.01743006470772761,0.012560853740160085,0.02961778200123638,0.1767,3.3305036785512168,-30.24028031722276,1.1124384894107278,10000
270,6.9172959290224885,0.1964589294257811,289.7435859936334,7.987480894492e-14,0.077,0.1563,0.931,0.0684,0.0,0.0003,2.1624156840597167e-16,0.004854838508714226,0.0027072561582599506,0.06304985076252242,0.0425,1.811764705882353,-30.22298706899795,0.5555187697940346,10000
271,14.023876704214748,0.2939407753447579,106.21977951507748,8.09399084660712e-17,0.0174,0.0748,0.0,0.0001,0.0,0.0,8.835166005531941e-18,0.001957065918844092,0.10915710399197585,0.11247505280713173,0.012,1.45,-35.68358562244619,2.33392687340879,10000
272,10.950449783865476,0.0422164398072146,2956.3538623286845,7.990181148147e-14,0.3295,0.7727,0.8648,0.1734,0.0783,0.0017,8.907020501164847e-16,0.011604587094945017,0.011147457530710015,0.03521877722289838,0.135,2.4407407407407407,-30.55285113582872,0.8054289830966505,10000
273,3.3867835862126583,0.671976424141693,1103.5978984217356,6.451933697423e-14,0.1613,0.2848,0.9317,0.0825,0.0182,0.0014,5.615724834417912e-16,0.0076061827746669464,0.008703940706428706,0.0471555038727027,0.0727,2.218707015130674,-30.610122671758557,0.6340817215829635,10000
274,6.1212489515301085,0.2698903101782251,1219.9092086381982,6.466831962232999e-14,0.2005,0.3571,0.9105,0.1065,0.027,0.0011,5.782831444652529e-16,0.008479219581805371,0.008942294277050792,0.04229037197907915,0.093,2.1559139784946235,-30.625344815944494,0.6704508781292536,10000
275,1.9798305015901327,0.4617220002384799,80.45211003505695,2.8449576117899e-14,0.0127,0.0436,0.9664,0.0132,0.0,0.0,4.7060480759288304e-17,0.0014946887332956463,0.0016541715969427145,0.11769202624375168,0.0096,1.3229166666666667,-31.229964524885904,0.5141509272849749,10000
276,11.146510374019565,0.5528816232302711,11.933791881681389,2.4426199999999997e-20,0.0,0.0002,0.0,0.0,0.0,0.0,1.8048368894094826e-20,0.0,0.7388938473481274,,0.0,0.0,-36.689703370991325,0.4429331758559308,10000
277,9.432166952159164,0.3143484556333056,79.55083791672953,4.4107767549909083e-17,0.0104,0.0534,0.0,0.0,0.0,0.0,5.417382259728602e-18,0.001565065156117882,0.12282150198598678,0.15048703424210402,0.0068,1.5294117647058822,-35.59367428344643,2.0922019605749744,10000
278,6.8545594834093215,0.4169354290288508,124.30344227808908,2.6927304306263756e-14,0.0468,0.1221,0.9015,0.0198,0.0,0.0,8.438418023506173e-17,0.0035131481922944987,0.0031337774949656773,0.07506726906612177,0.0289,1.6193771626297577,-31.38361901144067,1.0462056787128329,10000
279,10.2681547739574,0.5710043395523128,91.82709256920717,7.17560927230854e-17,0.0163,0.0646,0.0,0.0001,0.0,0.0,8.200886124844871e-18,0.0018231191338850114,0.1142883595472929,0.11184779962484734,0.0116,1.4051724137931034,-35.66686723905743,2.3999904328070985,10000
280,9.250550281139216,0.2180285200070551,65.3069707944329,2.21368753201163e-17,0.0041,0.0356,0.0,0.0,0.0,0.0,3.265372789058107e-18,0.0008534587507219774,0.14750829743756952,0.20816067090779936,0.003,1.3666666666666667,-35.89965416043755,2.0371604662544587,10000
281,14.818859026649967,0.5464227664172248,164.52075246185942,4.807227432144767e-16,0.073,0.194,0.025,0.0003,0.0,0.0001,2.4763748511407362e-17,0.004085188964648721,0.05151357796350172,0.055961492666420844,0.0465,1.5698924731182795,-34.9044450349848,2.309983004067129,10000
282,4.440313265759621,0.1074814619208357,228.92923218948837,1.0341989329119194e-13,0.0493,0.1079,0.959,0.0391,0.0,0.0,1.9533052601583994e-16,0.003894671725163069,0.0018887132813593403,0.07899942647389593,0.0271,1.8191881918819188,-29.948296047705494,0.5034413734676287,10000
283,3.660358870124284,0.4754500605111498,39.77415080207884,1.14135839745e-17,0.0012,0.0206,0.0,0.0,0.0,0.0,1.9333749208485047e-18,0.0005097862181334641,0.16939244720746893,0.42482184844455345,0.0008,1.5,-35.92259336982932,1.9623481719801326,10000
284,12.303982826634794,0.0513741280527337,1752.1678413349207,7.077690544106999e-14,0.328,0.703,0.85,0.171,0.0529,0.0014,6.987611459502655e-16,0.010743981725334951,0.009872728139153604,0.032756041845533386,0.1396,2.349570200573066,-30.596781658287526,0.7499761766051364,10000
285,14.622281858377034,0.6520577023778706,202.4152683217713,3.122167169362489e-14,0.1412,0.2541,0.7808,0.031,0.0,0.0001,1.5636806684352903e-16,0.006588671873731911,0.005008318208517246,0.046661982108582946,0.0803,1.7584059775840597,-31.435800536461493,1.6304405154537374,10000
286,8.183128841512985,0.5000253909061368,316.6041237177964,7.51594265118209e-14,0.1158,0.2261,0.8917,0.0909,0.0001,0.0003,2.5417723440981887e-16,0.005781209063666854,0.0033818410571539214,0.04992408517847024,0.0663,1.746606334841629,-30.32649502795039,0.7522629754789087,10000
287,13.817176064217907,0.1111679519393211,10.159214554240018,6.610996e-20,0.0,0.0004,0.0,0.0,0.0,0.0,5.771288085318664e-20,0.0,0.8729831458555812,,0.0,0.0,-36.01720229067783,1.2955659208835577,10000
288,3.5283569257631555,0.5278448124642569,76.2550929732596,2.459361123571e-15,0.0152,0.0749,0.3898,0.0007,0.0,0.0,3.509105943969286e-17,0.0017768544456910694,0.014268363886609924,0.11689831879546508,0.0106,1.4339622641509433,-33.11973720946757,1.1116109468158533,10000
289,2.2992177572656955,0.6574867308439916,3323.4657328391127,7.746427178337e-14,0.1479,0.306,0.9533,0.0716,0.0318,0.0028,9.3647073306802e-16,0.007531814643442995,0.012089066501352707,0.050925048299141275,0.061,2.4245901639344263,-30.603358248213123,0.7957218539777624,10000
290,8.347726396592329,0.362589201289195,37.32858698760256,5.2129017920000005e-18,0.0001,0.0138,0.0,0.0,0.0,0.0,9.660925994135582e-19,0.00010000000000000002,0.18532722041611754,1.0000000000000002,0.0001,1.0,-36.02775032823543,1.589840265671914,10000
291,5.084479982983345,0.1181976541509442,15.784282961639656,1.15529195e-18,0.0,0.0014,0.0,0.0,0.0,0.0,5.935264790967685e-19,0.0,0.5137458796426033,,0.0,0.0,-34.864396547629376,1.7048160648418251,10000
292,5.1683167877106,0.4935844048386534,47.29143776574926,1.5511487323000002e-17,0.0022,0.0308,0.0,0.0,0.0,0.0,2.120161668263095e-18,0.0005473079157069259,0.13668332533911035,0.24877632532132993,0.0019,1.1578947368421053,-35.72918134616986,1.6385626675116889,10000
293,10.290577432511686,0.1846090680104417,13.576769677281908,1.69798e-20,0.0,0.0006,0.0,0.0,0.0,0.0,1.580710521242633e-20,0.0,0.9309358892581968,,0.0,0.0,-37.66590340267162,1.8093989272923776,10000
294,9.409936440550712,0.6484484345469075,6631.419708032909,1.37866827359288e-13,0.6062,1.5598,0.8377,0.2399,0.2667,0.0089,1.7266836697798788e-15,0.018070550918028155,0.012524286681959054,0.02980955281759841,0.1779,3.407532321528949,-30.251608472983715,1.0888852374856501,10000
295,9.265812744159758,0.4305494167414565,2816.681767708062,8.229556849205e-14,0.4433,0.8723,0.8543,0.1923,0.0693,0.0027,9.118828146527614e-16,0.014670379443058053,0.011080582239866927,0.03309356968882935,0.1491,2.973172367538565,-30.53427421703803,0.8290442201872257,10000
296,8.521146532661492,0.1056138710324162,1735.086155450449,6.941358628984001e-14,0.2646,0.522,0.8915,0.1269,0.0425,0.001,6.954869770309937e-16,0.009827936855428175,0.01001946469279014,0.03714261850124027,0.1131,2.339522546419098,-30.614897867903515,0.740092286834248,10000
297,12.825754281676012,0.1842196548521659,178.56739004566504,4.496410796724922e-14,0.078,0.1825,0.8614,0.0461,0.0,0.0003,1.5538583547060662e-16,0.004838795448677224,0.003455774894584497,0.062035839085605435,0.0443,1.7607223476297968,-30.920686995227715,1.2340991405325998,10000
298,9.523633957412,0.1027221831757716,4339.540773650345,9.564570204372499e-14,0.3447,0.7732,0.8808,0.168,0.1098,0.0047,1.1946577803793719e-15,0.01216893583268192,0.012490449177039101,0.03530297601590345,0.1266,2.7227488151658767,-30.478335339319525,0.9058894980560095,10000
299,3.303447177717976,0.6700466424703934,261.18965719943503,8.5663928183452e-14,0.061,0.1261,0.9455,0.0509,0.0,0.0001,1.9143118973887096e-16,0.003950881034161192,0.0022346767630001163,0.0647685415436261,0.0351,1.7378917378917378,-30.14502200179306,0.5194371170461506,10000
300,1.2289614446816968,0.4670122614080679,3466.64726325377,7.755350332e-14,0.0671,0.1291,0.9827,0.0299,0.0133,0.0011,9.578199016587872e-16,0.004463378896656379,0.012350440156218943,0.06651831440620534,0.0328,2.0457317073170733,-30.607465672257216,0.7932750484892728,10000
301,7.7808394141569535,0.1586856449044367,159.47586321846651,5.388605491385445e-14,0.052,0.1353,0.9178,0.0405,0.0,0.0001,1.3294110773125104e-16,0.0035029740339757405,0.0024670781326222315,0.06736488526876425,0.0328,1.5853658536585367,-30.662649372145587,0.90030776483195,10000
302,6.2407086054714656,0.1175483436987861,38.680771480693934,8.3889399167e-18,0.0011,0.0167,0.0,0.0,0.0,0.0,1.6024578702273485e-18,0.000499903981179426,0.1910203060385865,0.4544581647085691,0.0007,1.5714285714285714,-36.13488352985799,1.8979577631638758,10000
303,2.154582109803971,0.0052430916754499,18.123688051351056,2.249030321e-18,0.0,0.003,0.0,0.0,0.0,0.0,8.756932770001409e-19,0.0,0.3893648159491136,,0.0,0.0,-35.359714059217936,1.8851930222323046,10000
304,10.782251342700048,0.0644072013161496,52.24386116038272,8.926054334999998e-18,0.0014,0.0211,0.0,0.0,0.0,0.0,1.7042167338023112e-18,0.0006323321788415008,0.1909260990177819,0.45166584202964344,0.0008,1.75,-36.235627835659606,1.8007127095550073,10000
305,6.133772008094165,0.3984998163344319,1457.8888448317607,6.626610617596067e-14,0.23,0.4091,0.9073,0.1057,0.0307,0.0016,6.294551669003538e-16,0.009455101263021428,0.009498900768802089,0.04110913592618012,0.0958,2.4008350730688934,-30.633196379633876,0.7328713722131404,10000
306,3.4424916457528907,0.6386086474814365,4485.4502512955305,9.342635271229999e-14,0.1973,0.438,0.9384,0.0907,0.0574,0.0031,1.2276753070123502e-15,0.008990292182980125,0.013140567638264673,0.04556661015195197,0.0762,2.589238845144357,-30.511335386453343,0.8911898490637783,10000
307,2.52277256172718,0.4565788471164304,6743.964432980172,1.1784813430843002e-13,0.1482,0.3099,0.9569,0.0707,0.0718,0.0083,1.651242586735673e-15,0.0075927228939356405,0.014011614154315507,0.05123294800226478,0.0597,2.4824120603015074,-30.402694088936197,1.0084079463967615,10000
308,10.611790427648572,0.3470818141119465,1418.0102690049523,6.856209668928e-14,0.3421,0.6388,0.8427,0.1779,0.0429,0.0019,6.459199009083579e-16,0.011191929455124922,0.009420947317810811,0.032715374028427134,0.1431,2.390635918937806,-30.609979862893443,0.7586514300286585,10000
309,2.6907152905272484,0.2974606936653047,350.3722815053808,6.936182661851e-14,0.0484,0.0822,0.9723,0.0354,0.0003,0.0001,2.877389191319303e-16,0.003876499287330319,0.004148375744406129,0.08009296048203139,0.0242,2.0,-30.370328405258395,0.40608814265149606,10000
310,4.590570359946174,0.3236934154360254,14.361185438999852,8.54555e-19,0.0,0.0013,0.0,0.0,0.0,0.0,5.979737414589914e-19,0.0,0.6997486896209039,,0.0,0.0,-34.3837197883995,1.3372550784237414,10000
311,2.131573193597056,0.0416395686057518,147.77003389704845,6.9554975568e-14,0.0197,0.0514,0.9795,0.0197,0.0,0.0002,8.932706183621473e-17,0.0021003885743395966,0.0012842655914512497,0.10661870935733994,0.0125,1.576,-30.31609820481621,0.28725265753829315,10000
312,2.9232123040037776,0.2384103608425262,335.89826131009187,7.098017094723001e-14,0.0412,0.0788,0.9715,0.0353,0.0001,0.0001,2.758561890219457e-16,0.003182965461156104,0.003886383835663486,0.07725644323194428,0.0239,1.7238493723849373,-30.34531231510057,0.4399130519606828,10000
313,12.245729640640604,0.3596765480881293,1846.3202923987187,7.41993381849844e-14,0.4389,0.835,0.8182,0.2076,0.0685,0.0018,7.423512869851592e-16,0.013338833211609802,0.010004823562366861,0.03039150879838187,0.1731,2.535528596187175,-30.575569249898415,0.8190181617807651,10000
314,13.42099140732477,0.047873668298722,8611.925841563276,1.489382588499e-13,0.5038,1.4953,0.8394,0.2427,0.3305,0.0134,1.9490981619754864e-15,0.015219123436381519,0.0130866184217971,0.030208661048792215,0.1687,2.986366330764671,-30.216683530174777,1.1110502840496215,10000
315,2.83637758291845,0.1191352189060432,35.999571439934854,7.34805006e-18,0.0013,0.015,0.0,0.0,0.0,0.0,1.372833481309501e-18,0.0006707279534943807,0.1868296310041063,0.5159445796110621,0.0006,2.1666666666666665,-35.769360649999015,1.5731393772465316,10000
316,2.699837298694681,0.1384416496653229,5661.588483915776,1.068225403652e-13,0.1172,0.2338,0.9694,0.0494,0.0486,0.0038,1.44271538239195e-15,0.006571965845430678,0.01350572058537141,0.05607479390299213,0.0499,2.3486973947895793,-30.44722431697153,0.9622671703643139,10000
317,8.119014873563922,0.1828190949659432,54.66098983165837,1.7627931572499997e-17,0.0023,0.0296,0.0,0.0,0.0,0.0,2.7845164924592364e-18,0.0007138080639746372,0.15796047772293093,0.31035133216288574,0.0016,1.4375,-35.87044046404371,1.8241410871739818,10000
318,8.644559822565796,0.5175856052133173,42.70171155112746,8.848841062e-18,0.0016,0.0207,0.0,0.0,0.0,0.0,1.4144579687119407e-18,0.0008122868834334948,0.15984669165164633,0.5076793021459343,0.0007,2.2857142857142856,-35.96069487329804,1.669403118322416,10000
319,11.084501825801317,0.5126377163060944,11.883394329705109,3.16171e-20,0.0,0.0002,0.0,0.0,0.0,0.0,3.1617100000000006e-20,0.0,1.0000000000000002,,0.0,0.0,-35.69024846742845,,10000
320,4.373658698539947,0.4538638705604743,76.16167562246687,5.81767195771e-17,0.0138,0.0652,0.0002,0.0,0.0,0.0,5.57071313542906e-18,0.0015300948071972212,0.09575502324510318,0.11087643530414647,0.0101,1.3663366336633664,-35.26145646037491,1.8668103541964778,10000
321,1.726827137373227,0.4064889501326052,1524.1788765302588,6.340554797600001e-14,0.0786,0.1383,0.9723,0.0383,0.0102,0.0017,6.316940806656537e-16,0.004802552493314894,0.009962757216525592,0.06110117675973147,0.0384,2.046875,-30.668677700980265,0.6592334314641471,10000
322,12.92843674843422,0.0540569974570686,19.538497645869487,1.41293151e-18,0.0,0.0026,0.0,0.0,0.0,0.0,5.167095002781002e-19,0.0,0.365700316413851,,0.0,0.0,-35.62118006132195,1.4713693513854686,10000
323,11.180727972302051,0.5995485138504743,6108.574724401489,1.3575424742762e-13,0.7002,1.7428,0.8118,0.2689,0.2898,0.0118,1.673368657927276e-15,0.01954661615268234,0.012326455264830406,0.027915761429137872,0.1966,3.5615462868769074,-30.250788801340754,1.0781176502873184,10000
324,8.176223102433092,0.1834388040764397,142.34982383329236,4.0182807637901325e-14,0.0468,0.1295,0.9096,0.0345,0.0,0.0001,1.0694092757866785e-16,0.003641744393861687,0.0026613602648760354,0.07781505115089074,0.028,1.6714285714285715,-30.961687468832015,0.9674767842163228,10000
325,2.375657460688797,0.2513163267384049,12.000493264257903,1.1314369e-19,0.0,0.0008,0.0,0.0,0.0,0.0,5.925642136844546e-20,0.0,0.5237271417296488,,0.0,0.0,-36.19771422969744,0.6450378095741932,10000
326,9.647035729814103,0.4395126218258461,3419.9739040326576,8.714741136834e-14,0.4578,0.963,0.8509,0.1979,0.0951,0.0038,1.0084747407495091e-15,0.01524680827308626,0.011572056185203917,0.03330451785296256,0.1507,3.037823490378235,-30.507666511287937,0.8571125848331758,10000
327,9.065695793225434,0.2964539131713919,4498.445688156213,1.0063224976280999e-13,0.4001,0.8721,0.8726,0.1836,0.1175,0.0052,1.2548946067477282e-15,0.013679207253021176,0.012470103865366343,0.03418947076486172,0.1358,2.9462444771723124,-30.443800620623662,0.9340708078231647,10000
328,10.742573146860154,0.1045703559328056,19.829749402535924,1.5000559369999997e-18,0.0,0.0029,0.0,0.0,0.0,0.0,6.183886244408522e-19,0.0,0.4122437098429699,,0.0,0.0,-36.297854448072584,2.0926089938550767,10000
329,4.742199004229495,0.593906878284155,394.83085648720953,6.6713902849554e-14,0.0904,0.1856,0.9269,0.0768,0.0005,0.0004,3.1771165892069637e-16,0.005107386076972635,0.0047623005902857375,0.05649763359483004,0.051,1.772549019607843,-30.443273572305163,0.5812562736711415,10000
330,5.49285471838011,0.4401829419937856,1400.9180444575234,6.639298070189521e-14,0.2057,0.356,0.9176,0.1002,0.0271,0.0008,6.184876777392524e-16,0.008574736358067287,0.009315558229208971,0.041685641021231346,0.0896,2.2957589285714284,-30.620859803003015,0.6980534122268475,10000
331,3.947355090296581,0.5287689011191564,5612.082165019005,1.1178714954576e-13,0.2271,0.504,0.933,0.1074,0.0959,0.0076,1.4706227804120748e-15,0.009381970002942538,0.01315556203363139,0.04131206518248586,0.088,2.580681818181818,-30.411063528083336,0.9895796536120147,10000
332,14.368702539273531,0.3952655892394594,6886.733275510794,1.4374038708128677e-13,0.7133,1.9138,0.7989,0.2879,0.3315,0.0115,1.7757524640803135e-15,0.019123464165474016,0.01235388675470942,0.026809847421104746,0.2102,3.393434823977165,-30.216545039799843,1.1306007421465138,10000
333,14.484044967064335,0.5613710372169479,227.5534770192939,5.678055738853584e-14,0.1287,0.2666,0.8064,0.0692,0.0,0.0002,2.332716297136628e-16,0.0060363295741263775,0.004108301158747713,0.04690232769328964,0.074,1.7391891891891893,-30.760653239604807,1.4111976441496539,10000
334,13.440129052799634,0.1917289142019264,406.1958054414284,6.67722856498223e-14,0.1269,0.3035,0.8672,0.1174,0.0009,0.0003,3.218894495306904e-16,0.005743077336561765,0.00482070437454835,0.045256716600171505,0.0738,1.7195121951219512,-30.472512313320216,0.7707990608279905,10000
335,6.745666011012012,0.049503135523261,43.18786021275126,6.225059700800001e-18,0.0004,0.0197,0.0,0.0,0.0,0.0,1.1883674403600373e-18,0.00019996999474891224,0.1909005692278448,0.4999249868722806,0.0004,1.0,-36.39698332399086,1.6276076711918328,10000
336,6.770555652135084,0.1117848202659276,2315.6882787386817,7.434386401254001e-14,0.2602,0.4852,0.9103,0.12,0.0466,0.0011,8.157894426371358e-16,0.01063112873075145,0.010973191311384243,0.04085752778920619,0.1029,2.5286686103012634,-30.59625478536478,0.7649647315726087,10000
337,10.169069510003984,0.0011793674793791,3119.6069399416574,8.209131458846e-14,0.3203,0.7732,0.8785,0.16,0.0752,0.0017,9.373520164998302e-16,0.011340354992906374,0.011418406699892202,0.03540541677460623,0.1286,2.4906687402799377,-30.54429323416407,0.8250501088818831,10000
338,11.254134672667622,0.1259172900994169,8524.007278490035,1.4178802143147e-13,0.476,1.2929,0.8552,0.2153,0.3051,0.0127,1.863408272530322e-15,0.014822427953511656,0.013142212252612313,0.03113955452418415,0.1585,3.003154574132492,-30.25810834689728,1.1004099470479773,10000
339,5.052103929427793,0.6939145482546945,22.03437491202466,3.2911650940000003e-18,0.0,0.0069,0.0,0.0,0.0,0.0,8.998683276771138e-19,0.0,0.2734193824909088,,0.0,0.0,-36.0141080179333,1.8749177677725766,10000
340,1.4770034482295848,0.3039168446445026,432.5301487314536,6.285150091411999e-14,0.0297,0.0586,0.9806,0.026,0.0002,0.0001,3.23398150254097e-16,0.002470303876069503,0.005145432416896246,0.08317521468247485,0.0198,1.5,-30.487762066285814,0.42557564696286054,10000
341,14.19237347109176,0.3333586686645594,1065.1114157649583,6.6632853694848e-14,0.348,0.671,0.8073,0.1847,0.0452,0.0012,5.596548713529946e-16,0.01086376555988825,0.008399083039666763,0.031217717126115662,0.1613,2.157470551766894,-30.603340691835648,0.7854965781014602,10000
342,6.992489667736449,0.2140290434386736,10.877346882850572,3.2111789999999997e-19,0.0,0.0006,0.0,0.0,0.0,0.0,2.0995471760402141e-19,0.0,0.6538243978427283,,0.0,0.0,-34.650219465021465,0.7795144250966813,10000
343,6.7642373580948885,0.2153378178326372,11.6027366461654,3.7102759e-19,0.0,0.0006,0.0,0.0,0.0,0.0,2.6565098108155544e-19,0.0,0.7159871347614755,,0.0,0.0,-35.633384746814684,1.986178040279231,10000
344,9.805916614583657,0.5983100263807754,8773.268038822147,1.5253856034894e-13,0.6663,1.8562,0.8271,0.2614,0.3623,0.012,1.9754544579968496e-15,0.0191658854247961,0.012950525122814149,0.02876464869397584,0.1875,3.5536,-30.19878301464605,1.121931918001976,10000
345,3.495293996550662,0.0045068975311266,45.41336537599603,1.3228533304e-17,0.0015,0.0269,0.0,0.0,0.0,0.0,2.1921390361020263e-18,0.00038702710369934015,0.16571293171550427,0.25801806913289344,0.0015,1.0,-35.811387165782556,1.5872044658363655,10000
346,11.50522619898982,0.1656079567247875,3748.1464591482472,9.150670479868999e-14,0.3972,0.8777,0.8531,0.1986,0.11,0.0038,1.097016618766699e-15,0.012788259066698473,0.011988374198153882,0.03219601980538387,0.1491,2.6639839034205233,-30.489884486611626,0.8850803511941173,10000
347,14.704436760717297,0.0608274250554399,658.6795506760116,6.26880260941809e-14,0.2149,0.4964,0.8379,0.1537,0.0184,0.0011,4.423616415548852e-16,0.00787515084300485,0.0070565571946753,0.03664565306191182,0.1193,1.801341156747695,-30.61353754838648,0.8293619970336769,10000
348,8.457148846510133,0.564980944806753,4938.60600683399,1.1160779073305002e-13,0.4764,1.0503,0.8593,0.2063,0.1497,0.008,1.4011745554683807e-15,0.015354734800317418,0.012554451138807963,0.032230761545586524,0.1529,3.115761935905821,-30.380775130854968,0.9832582257587154,10000
349,14.180737253389593,0.0159317058126818,953.9083255347582,6.4000327947222e-14,0.2444,0.5602,0.843,0.1552,0.0357,0.0008,5.129583362369021e-16,0.008336294943278947,0.008014932933779875,0.03410922644549488,0.1295,1.8872586872586872,-30.620022326074807,0.7661315334425544,10000
350,5.6044334078507525,0.4460729640250527,133.4902956580109,4.156822855303855e-14,0.0471,0.11,0.923,0.0302,0.0,0.0001,1.0319913320396183e-16,0.0034827247863122514,0.0024826444810436407,0.07394320140790342,0.0288,1.6354166666666667,-30.91058986774289,0.8481625477360699,10000
351,1.306705891368488,0.0246010236422536,30.807079329532275,8.441560677000001e-18,0.0001,0.015,0.0,0.0,0.0,0.0,1.6366294742700394e-18,0.00010000000000000003,0.19387759407205635,1.0000000000000002,0.0001,1.0,-35.68360995746396,1.640823023199204,10000
352,14.170170282171604,0.236038822876302,133.9417108532301,1.327279147090498e-16,0.0301,0.1307,0.0,0.0,0.0,0.0,1.2550615300719611e-17,0.0025768319709093624,0.09455897298041308,0.08560903557838413,0.0207,1.4541062801932367,-35.84028967612793,2.290778430730029,10000
353,7.694787016388394,0.6318886361813733,4750.943646336968,1.0627902634970999e-13,0.4833,1.0339,0.8659,0.1992,0.1351,0.0062,1.334564724069177e-15,0.016096522009492617,0.012557178682441125,0.03330544591246144,0.1483,3.258934592043156,-30.414568837282054,0.9597960306710758,10000
354,4.460285668643744,0.4435081101934401,5825.846232645111,1.1499629419269e-13,0.2487,0.5274,0.9288,0.1134,0.1094,0.0086,1.5428708288750848e-15,0.010547793920799721,0.013416700422448576,0.04241171660956864,0.088,2.8261363636363637,-30.395160562179527,0.9931811261551143,10000
355,9.848222801686877,0.2224134844702569,1314.102206622188,6.642376552205557e-14,0.2784,0.5154,0.8745,0.1411,0.0353,0.0014,6.095835100613534e-16,0.010442233861813406,0.009177189899885233,0.037508023928927464,0.1194,2.3316582914572863,-30.621064137809547,0.7308792634129085,10000
356,14.850449875898097,0.0618799713251371,40.38776166715505,2.735736394e-18,0.0003,0.0098,0.0,0.0,0.0,0.0,7.135967393789961e-19,0.00017318775765030273,0.2608426531679192,0.5772925255010092,0.0003,1.0,-36.51321198831612,1.5314624784026354,10000
357,6.631637877185289,0.2368594933196818,95.08852812359952,3.455092009617016e-16,0.0229,0.1015,0.06,0.0001,0.0,0.0,1.389366583398701e-17,0.00253341682714906,0.04021214426508738,0.1106295557707013,0.0143,1.6013986013986015,-34.401077896184354,2.0070231617917242,10000
358,12.453362812489292,0.4072496326855493,443.5176456339243,6.391738120366578e-14,0.1677,0.3285,0.8517,0.1288,0.002,0.0004,3.3748844276181536e-16,0.007313208550419589,0.00528007306316955,0.043608876269645734,0.0909,1.844884488448845,-30.53345611203187,0.8138162322387864,10000
359,12.512761640276468,0.3856383054999463,10.847552918638828,1.34494e-21,0.0,0.0001,0.0,0.0,0.0,0.0,1.34494e-21,0.0,1.0,,0.0,0.0,-38.847597178505445,,10000
360,8.40838741999285,0.4592407531435473,42.2816815551906,9.929327127908999e-18,0.0018,0.0187,0.0,0.0,0.0,0.0,1.8071521489932637e-18,0.0006478564438185205,0.18200147157140034,0.3599202465658447,0.0012,1.5,-35.96790726127342,2.0914244786147123,10000
361,6.340128986399554,0.4764768379323098,252.64459816235623,9.8831321079745e-14,0.0843,0.1705,0.9137,0.0694,0.0,0.0001,2.423586530057175e-16,0.005020146530442982,0.0024522454051804404,0.05955096714641734,0.047,1.7936170212765958,-30.034904064912784,0.7087806544826871,10000
362,2.2808631058667546,0.0859774579570841,40.275300064053674,1.2118304342999998e-17,0.0008,0.0225,0.0,0.0,0.0,0.0,1.852968664007922e-18,0.00031614236444908793,0.15290659580424454,0.3951779555613599,0.0007,1.1428571428571428,-35.66958299779115,1.7855286574347684,10000
363,2.1157397795178667,0.1053545610711304,5089.9130286670525,9.738846225490002e-14,0.1037,0.1798,0.9734,0.0445,0.0359,0.0035,1.3106937943669266e-15,0.005888811324017861,0.013458409384639197,0.056786994445688146,0.0467,2.2205567451820127,-30.49729560156423,0.9108348073583363,10000
364,5.1319663453963775,0.4441463560754722,19.898854535470857,1.4666472460000003e-18,0.0,0.0043,0.0,0.0,0.0,0.0,5.409671581995136e-19,0.0,0.36884612825265106,,0.0,0.0,-36.34097467586992,1.9626642368993579,10000
365,6.7361734977099,0.2962312002492291,279.4910388749784,8.25670081408481e-14,0.0781,0.1555,0.9274,0.0667,0.0,0.0004,2.0704912581019182e-16,0.004810649980545615,0.0025076496105683535,0.06159603048073771,0.0432,1.8078703703703705,-30.193573027224453,0.6257153424646965,10000
366,4.36130134741992,0.5370550735574836,911.97931062494,6.3483434036985e-14,0.1762,0.2855,0.9252,0.0872,0.0158,0.0014,5.085362873819811e-16,0.0077692594331257815,0.008010535269495841,0.04409341335485688,0.0783,2.2503192848020435,-30.601355316670503,0.6327209716676436,10000
367,6.44752945362706,0.0719611616100156,11.757680436481566,6.694977299999999e-19,0.0,0.0012,0.0,0.0,0.0,0.0,3.4008997817019267e-19,0.0,0.5079777913066154,,0.0,0.0,-35.130241145331986,1.6541591533989528,10000
368,1.5400422620122505,0.6165719765794478,120.7170438173506,5.455843427713e-14,0.0166,0.0439,0.9767,0.0161,0.0,0.0002,7.27031774590404e-17,0.0017066737454848693,0.001332574484996106,0.10281167141475116,0.012,1.3833333333333333,-30.564517110063377,0.36139090048471634,10000
369,5.532359415825206,0.2515339822263277,754.422823057834,6.158152590218972e-14,0.1373,0.2497,0.9297,0.0763,0.0129,0.0009,4.53420734870058e-16,0.006458253781339846,0.007362934390262246,0.04703753664486413,0.0691,1.9869753979739508,-30.602039301501136,0.6273436847599603,10000
370,1.455896339895942,0.1295360265114781,646.7860776345137,6.003593921212e-14,0.0374,0.0676,0.9824,0.0237,0.0034,0.0005,4.1365832162807057e-16,0.0027750484841546357,0.006890178234182795,0.07419915733033784,0.0241,1.5518672199170125,-30.590532130377262,0.4952187360958306,10000
371,6.609959592697476,0.3780089501320845,2511.0809811532577,7.582396784450469e-14,0.2959,0.5825,0.898,0.1408,0.053,0.0015,8.228814356186612e-16,0.011545893199097958,0.010852524063448879,0.039019578232842037,0.1112,2.660971223021583,-30.58450218916839,0.793081963764397,10000
372,11.75071202317142,0.5017643222788484,5854.081113765828,1.3438999354060998e-13,0.6579,1.577,0.8135,0.2728,0.2646,0.0121,1.6712964234844767e-15,0.017993308059206105,0.012436167153914211,0.02734960945311765,0.2018,3.2601585728444005,-30.26019451767719,1.0766720645326378,10000
373,5.957074742111273,0.6814903884799598,43.03049186808615,1.3422070012639998e-17,0.0033,0.0242,0.0,0.0,0.0,0.0,2.015625152731036e-18,0.0008769195509223632,0.15017245110723282,0.26573319724920097,0.0019,1.736842105263158,-35.747505380878145,1.7982866254559684,10000
374,2.1868963933407093,0.0988510336893295,64.43962571068869,1.82550131286145e-14,0.0079,0.0448,0.9623,0.0085,0.0,0.0,3.396856428023506e-17,0.001401411929284018,0.0018607800520827763,0.17739391509924277,0.0054,1.462962962962963,-31.67841775116662,0.5711299852519355,10000
375,5.278846274000113,0.2433663091304292,87.62492800942809,4.3251652170433266e-15,0.0139,0.0858,0.58,0.002,0.0,0.0,4.289084156428719e-17,0.0016343029384448468,0.009916578769124402,0.11757575096725517,0.01,1.39,-32.88030070232007,1.0602246500068406,10000
376,14.99390825714122,0.5203370470640869,3147.756694068195,8.896811239846268e-14,0.683,1.5005,0.7654,0.3023,0.1256,0.0036,9.71930430323476e-16,0.018030075106910567,0.010924480739464025,0.026398353011582085,0.2184,3.1272893772893773,-30.481391527773738,0.9073442324572387,10000
377,10.636513045575398,0.4124889070927516,54.01872301614923,1.3811508309767002e-17,0.003,0.024,0.0,0.0,0.0,0.0,2.164041573863109e-18,0.0009050866909814878,0.15668394250125287,0.30169556366049594,0.0018,1.6666666666666667,-35.97146982779313,2.200761364599562,10000
378,14.944217801936643,0.5057181143524397,12.914499572185196,5.102227300000001e-19,0.0,0.0006,0.0,0.0,0.0,0.0,3.1867735133173684e-19,0.0,0.6245847795368442,,0.0,0.0,-35.28821091946152,1.572174028942906,10000
379,7.389368748701721,0.38777600439454,664.7455996197001,6.157162709743157e-14,0.1721,0.3436,0.8982,0.1039,0.0121,0.0013,4.2620360869292813e-16,0.007582473764599458,0.0069220780542066755,0.044058534367225205,0.0865,1.9895953757225433,-30.595843252248763,0.6899099183169907,10000
380,12.803368848179362,0.6254325168585052,1197.6661078527777,6.70061868551702e-14,0.4679,0.8458,0.7841,0.2086,0.0462,0.0015,5.910410123613412e-16,0.013357200323422868,0.008820693134483842,0.028547126145379072,0.1871,2.5008017103153395,-30.622836395845912,0.8246664168574118,10000
381,7.516335179325086,0.5752055558675813,5264.497316357243,1.1572176398996e-13,0.4521,0.9901,0.8758,0.1858,0.1514,0.0083,1.4892851784009954e-15,0.015504018719662522,0.012869534018943968,0.034293339348954927,0.1401,3.226980728051392,-30.368990742419435,0.9983025979231382,10000
382,12.41701100605644,0.34775935159754,1054.429347861014,6.5116199064489e-14,0.334,0.633,0.8235,0.1711,0.0403,0.0019,5.483669021566322e-16,0.010601680978220219,0.008421359201472235,0.031741559815030594,0.1556,2.146529562982005,-30.626281239958583,0.7932477132451404,10000
383,14.860998377150995,0.5482661759418299,9125.188877192551,1.6737460057466e-13,0.9059,2.9272,0.7662,0.359,0.4678,0.0142,2.0471101815492284e-15,0.02269308301226742,0.01223070988382185,0.025050317929426448,0.2397,3.7793074676679184,-30.103419521004742,1.1619631807575659,10000
384,10.211103111158929,0.0227950214230411,749.7773556590201,6.190328788492e-14,0.1863,0.3872,0.8874,0.1142,0.0209,0.0004,4.553919511483124e-16,0.007491651585888683,0.007356506684990614,0.040212837283353106,0.097,1.920618556701031,-30.60772226208959,0.6750254945256311,10000
385,3.8553698275182504,0.2734420233526799,6606.918696754901,1.169851259359e-13,0.1805,0.4182,0.9439,0.0937,0.0921,0.0089,1.606669409365252e-15,0.00835577386575831,0.013733963155671592,0.04629237598758066,0.0733,2.4624829467939975,-30.397625816269056,1.0041544831376308,10000
386,7.1559277111761865,0.6095718421887302,1218.7940441485084,6.517907637471e-14,0.2874,0.5013,0.8753,0.1374,0.0329,0.002,5.770259896649857e-16,0.010332027830000652,0.008852932900547766,0.03594999244954994,0.1213,2.3693322341302556,-30.618425397413127,0.6782580196414634,10000
387,3.6912455956729855,0.1732158739185391,1696.9302761781464,6.565367840312e-14,0.1274,0.234,0.9551,0.0596,0.0201,0.0005,6.696190182934668e-16,0.006575807792569098,0.010199261253603197,0.05161544578154708,0.0597,2.134003350083752,-30.653868183948912,0.6878197640428727,10000
388,11.601295938475,0.0770649595456437,689.2134605770087,6.207904847335001e-14,0.1976,0.4213,0.8699,0.1285,0.0205,0.0006,4.44641561309302e-16,0.007492732352340525,0.007162506066763938,0.03791868599362614,0.1049,1.8836987607244995,-30.605004114873626,0.7178978453701249,10000
389,3.038969876848201,0.0392843733896628,38.17811553121411,8.90603439e-18,0.001,0.0154,0.0,0.0,0.0,0.0,1.7709288409232464e-18,0.00034628310845191386,0.19884594684607396,0.34628310845191385,0.0009,1.1111111111111112,-35.568745725407624,1.6645994687551398,10000
390,3.357651505832572,0.5507890278071503,266.3698683609924,8.33537827567194e-14,0.0576,0.1099,0.9534,0.0462,0.0,0.0004,1.9342137157018616e-16,0.003968601640363768,0.0023204870273820163,0.0688993340340932,0.0333,1.7297297297297298,-30.16782563665983,0.49566999165824127,10000
391,4.866311596798621,0.6302313833179509,17.318069094242954,1.97776854e-18,0.0,0.0046,0.0,0.0,0.0,0.0,6.94257599909712e-19,0.0,0.3510307631396099,,0.0,0.0,-36.08773387446875,1.8090942993306771,10000
392,11.066329656713332,0.3568283113078964,190.35383093758227,5.576395812121986e-14,0.0865,0.1907,0.8689,0.0574,0.0,0.0001,1.774468915381031e-16,0.004913673719218839,0.0031821071802752687,0.056805476522761154,0.0512,1.689453125,-30.691839736704324,1.1511400287969569,10000
393,5.814055126146606,0.0766493042884,2146.6546390049507,7.104543561218e-14,0.2062,0.4165,0.9258,0.0985,0.0344,0.0009,7.678382443926815e-16,0.008715259696369208,0.010807706895966215,0.042266050903827394,0.0851,2.4230317273795534,-30.62135582367026,0.7441806552502984,10000
394,12.357864164732298,0.3643843973629896,31.163720956852643,4.45404699e-18,0.0002,0.0077,0.0,0.0,0.0,0.0,1.0546744614308148e-18,0.00014141428428549925,0.236790151473192,0.7070714214274962,0.0002,1.0,-35.86419855234802,1.923215585780773,10000
395,8.84165099552047,0.0352806969090453,3373.022382664588,8.138712658508e-14,0.3042,0.6751,0.8932,0.1429,0.0731,0.0017,9.542482850769877e-16,0.011325151738771124,0.01172480618392936,0.03722929565670981,0.1185,2.5670886075949366,-30.56088468721641,0.8284070069018946,10000
396,13.094719361593954,0.0589616814146762,1640.977177509159,7.144348277101469e-14,0.3364,0.724,0.8389,0.1769,0.0536,0.0014,6.901354588826226e-16,0.010809032681917095,0.009659879839489254,0.032131488352904566,0.1536,2.1901041666666665,-30.58930498004813,0.8036004554782235,10000
397,8.042999430350827,0.384124960707108,64.57267957403799,3.0899842663999996e-17,0.0056,0.0402,0.0,0.0,0.0,0.0,4.153216705716346e-18,0.0009984806940395176,0.13440899200936937,0.17830012393562816,0.004,1.4,-35.656893084674984,1.8777478116368156,10000
398,6.125186649718108,0.3685769263497836,1008.227187187016,6.437302561974e-14,0.2117,0.3666,0.9013,0.1078,0.0244,0.0012,5.387742021398306e-16,0.008578791906035296,0.00836956468882543,0.040523343911361816,0.0939,2.2545260915867944,-30.611263626185217,0.6805964177701347,10000
399,7.601876643795114,0.5547317609952354,934.3950944476128,6.357177994738e-14,0.2687,0.458,0.8724,0.1324,0.0265,0.0008,5.185738614097003e-16,0.01019904079035398,0.00815729655263605,0.03795698098382575,0.1138,2.36115992970123,-30.62333196156387,0.7199693956127913,10000
400,1.8160467405924436,0.5406095759080377,25.48841948933901,3.8828180741e-18,0.0003,0.0095,0.0,0.0,0.0,0.0,8.572833856675572e-19,0.00017318775765030273,0.22078896546454016,0.5772925255010092,0.0003,1.0,-35.89427439421001,1.7612000558915741,10000
401,3.793368360797068,0.2673875970430012,42.2572354951752,1.1173864962e-17,0.0005,0.0234,0.0,0.0,0.0,0.0,1.5926545396002166e-18,0.0002645411087143546,0.14253389897018665,0.5290822174287092,0.0004,1.25,-35.84547171870626,1.6904562399235008,10000
402,6.174385454443744,0.6344397770313762,156.12758091833012,4.8558406577780786e-14,0.0843,0.1627,0.8983,0.0423,0.0,0.0003,1.3601105943442856e-16,0.004664925203335555,0.0028009786362442977,0.05533719102414656,0.0483,1.7453416149068324,-30.79664773064114,0.9744482887881236,10000
403,9.946759209851727,0.3673796418512579,4449.864400346331,1.0502508045444001e-13,0.4614,1.039,0.8495,0.2163,0.1445,0.0084,1.3180163521995045e-15,0.014781503755887914,0.012549539086249607,0.03203620233179002,0.1582,2.9165613147914033,-30.41754396704051,0.9569706687698105,10000
404,7.472095251366358,0.3129534942422667,9582.053833779479,1.3938677806583938e-13,0.3842,1.0339,0.8918,0.1748,0.2484,0.0114,1.9298459169410876e-15,0.013651288282326203,0.013845258092051777,0.03553172379574754,0.1261,3.0467882632831085,-30.291597914960562,1.0966357144331778,10000
405,6.6044620942728205,0.0367197835113366,150.96344910698892,5.5033584676072815e-14,0.0512,0.1149,0.9349,0.0405,0.0,0.0004,1.14229019692056e-16,0.0038960716032169817,0.002075623827966268,0.07609514850033167,0.0276,1.855072463768116,-30.598319167307697,0.6739405846765464,10000
406,14.387017911096576,0.5781691630349041,24.210171453301875,1.953361704e-18,0.0,0.0045,0.0,0.0,0.0,0.0,5.968584228300329e-19,0.0,0.30555448159335513,,0.0,0.0,-35.96661656360253,1.8193752697182286,10000
407,6.7193520800374875,0.5745158946343978,587.0936978494242,6.172317751621618e-14,0.1456,0.2864,0.9037,0.0987,0.0084,0.001,4.011403486014796e-16,0.00646716680043452,0.006499022972303885,0.04441735439858873,0.076,1.9157894736842105,-30.576661056994865,0.6550341590494798,10000
408,4.255728370048589,0.4023178768178156,139.65615731667978,5.348591015436264e-14,0.0422,0.094,0.9452,0.0318,0.0,0.0001,1.0530156204286277e-16,0.0037233455829714522,0.001968771995072308,0.0882309379851055,0.0241,1.7510373443983402,-30.619281634982617,0.6390599178321882,10000
409,11.122223143604334,0.06256341375954,3356.4565274872666,8.5819060558e-14,0.3555,0.8579,0.8651,0.1808,0.0862,0.0025,9.792426592092608e-16,0.011981082156172843,0.011410549740840485,0.03370205951103472,0.1414,2.514144271570014,-30.5119993246903,0.8430267604861025,10000
410,14.353991669436798,0.6171266400482611,1818.0634125413503,7.669900936022109e-14,0.6088,1.1832,0.7537,0.2677,0.0783,0.0032,7.50589439521109e-16,0.01569779914796367,0.009786168632190863,0.025784821202305637,0.2161,2.817214252660805,-30.547968694119202,0.8382523960400706,10000
411,7.218991081247383,0.4824334235983094,7011.350626938046,1.321641899865e-13,0.4213,0.9721,0.8835,0.181,0.2166,0.0101,1.723118311999143e-15,0.014480386706159335,0.013037709474670499,0.03437072562582325,0.1344,3.134672619047619,-30.296702108847427,1.0568893834598538,10000
412,4.582068138510019,0.5052027241173396,9630.475337477112,1.351307602571e-13,0.281,0.6993,0.9271,0.1228,0.1738,0.0091,1.9068484555757337e-15,0.011331228515653869,0.01411113540653335,0.04032465663933761,0.0943,2.9798515376458115,-30.322963481675856,1.0677910708710154,10000
413,4.788076207767382,0.2814652017864311,34.463486090490015,8.567482903e-18,0.0004,0.0154,0.0,0.0,0.0,0.0,1.5157040801990863e-18,0.00019996999474891224,0.17691358096184184,0.4999249868722806,0.0004,1.0,-35.70540889241146,1.6579836884198826,10000
414,13.98863291892583,0.3943075404755661,8303.960233862308,1.52384406068903e-13,0.6746,1.9533,0.809,0.2845,0.3734,0.0106,1.9317085620764916e-15,0.019055912383816157,0.012676550126809164,0.02824772069940136,0.1981,3.4053508329126703,-30.18507752377834,1.1232975716086948,10000
415,12.850861799678334,0.5471151069685736,128.7031627564221,1.4691276750655413e-16,0.0395,0.1246,0.0,0.0,0.0,0.0,1.2401669332148837e-17,0.0030290084993688814,0.08441519101868099,0.0766837594776932,0.0256,1.54296875,-35.58124148921525,2.461846356240138,10000
416,14.599708589104749,0.2478328222435708,41.86010736309861,4.052419028e-18,0.0001,0.011,0.0,0.0,0.0,0.0,7.694325269703295e-19,0.00010000000000000002,0.18986993241665567,1.0000000000000002,0.0001,1.0,-35.94887914745132,1.4308316645867145,10000
417,8.624330905741306,0.1740128476622148,4156.816578577091,9.516596960620002e-14,0.3574,0.7336,0.8868,0.1658,0.0977,0.0057,1.1825038836705714e-15,0.01289430689548808,0.012425700999672596,0.036078083087543594,0.125,2.8592,-30.479754897432816,0.9019629707810309,10000
418,1.5961949563340436,0.5157355549182991,3967.267248223712,8.32600275279e-14,0.0955,0.1742,0.9732,0.044,0.0249,0.0025,1.076446521195264e-15,0.005667555656428252,0.012928731267048311,0.05934613252804453,0.0432,2.2106481481481484,-30.578650214152432,0.8342592797158402,10000
419,11.287015117323111,0.4468211717541198,2466.077072872888,8.065379217382e-14,0.4807,0.9642,0.8231,0.2224,0.078,0.0022,8.647999026142833e-16,0.01449426643110777,0.01072237125255711,0.030152416124626106,0.1728,2.7818287037037037,-30.536207769804992,0.8306094583058387,10000
420,13.160921032372524,0.4529460763500464,49.585206551204074,8.404087641e-18,0.0006,0.0177,0.0,0.0,0.0,0.0,1.664182371916839e-18,0.0002827932057170398,0.19802058748150064,0.4713220095283997,0.0005,1.2,-35.93277892892836,1.7058880877377893,10000
421,8.457812642012014,0.3161307982193677,6674.021756512088,1.3064188712274e-13,0.3976,0.9639,0.8795,0.1849,0.2075,0.0104,1.6755339569076687e-15,0.013372707539264181,0.012825396155931822,0.033633570269779124,0.1371,2.900072939460248,-30.29694695221894,1.0569432036592952,10000
422,3.6490768155258535,0.1992766373995131,2864.1959143762183,7.37883751431e-14,0.1542,0.3038,0.9533,0.0652,0.0251,0.0009,8.588190680810529e-16,0.007897371261836733,0.01163894809196597,0.051215118429550795,0.0641,2.405616224648986,-30.61910906966155,0.7632975682661707,10000
423,13.306059060621472,0.4960802537933453,91.46154540405065,4.8303451972561995e-17,0.0136,0.0538,0.0,0.0001,0.0,0.0,6.718149421640712e-18,0.002088525842315436,0.13908218040931836,0.1535680766408409,0.0074,1.837837837837838,-35.86583624354203,2.191464144475452,10000
424,6.35362309977082,0.5797937820720243,90.72853425385279,6.522108523921801e-17,0.0184,0.0848,0.0,0.0,0.0,0.0,5.959930711563087e-18,0.0020655678776224486,0.09138042842591844,0.11225912378382873,0.0116,1.5862068965517242,-35.605484136112466,1.9010976482265431,10000
425,9.145003200820156,0.0755098361161922,8390.608023925257,1.39664536178096e-13,0.3678,1.0152,0.889,0.1756,0.2256,0.0114,1.879858948318012e-15,0.012553408891909828,0.013459815925790014,0.03413107365935244,0.1316,2.7948328267477205,-30.27306983904922,1.085217849816204,10000
426,1.3465826503409106,0.2489249787891404,357.5054398066674,6.849889535340002e-14,0.0246,0.0448,0.9861,0.019,0.0001,0.0003,2.96353874973625e-16,0.002340946817678761,0.004326403709792309,0.09516043974303906,0.0156,1.5769230769230769,-30.37862959627891,0.35079780732809496,10000
427,7.557519085811244,0.6451986244649459,232.66641687092127,8.649587239486119e-14,0.1153,0.2011,0.8838,0.0718,0.0,0.0002,2.440641222427001e-16,0.005868904105839553,0.0028216851912716266,0.05090116310355206,0.0616,1.8717532467532467,-30.21531633976543,0.9379937431535199,10000
428,13.862016819012773,0.2594980361774934,359.10133200080867,7.050453089961027e-14,0.1234,0.2694,0.8564,0.1158,0.0002,0.0004,2.9146427097951786e-16,0.005528137121128871,0.004133979295522538,0.04479851799942359,0.0746,1.6541554959785523,-30.42854218362358,0.9378327140144573,10000
429,11.319593550377087,0.1388561782999135,617.8230847564504,6.26105350964223e-14,0.1854,0.3961,0.8669,0.1293,0.0178,0.0011,4.2720049544016755e-16,0.007306710805983786,0.006823140782653664,0.03941052214662236,0.101,1.8356435643564357,-30.586078395893637,0.728704899376917,10000
430,7.305023032826469,0.1471592484087521,92.23403364966462,6.692128109789861e-17,0.02,0.0933,0.0,0.0,0.0,0.0,6.274601616795257e-18,0.002302288003922468,0.09376093096030533,0.11511440019612339,0.0125,1.6,-35.466511436144955,1.912738122827614,10000
431,12.225006654897522,0.1328386589573107,1109.795129265138,6.5808091101312e-14,0.2812,0.5545,0.8488,0.1587,0.038,0.0013,5.61919541259087e-16,0.009838817827037116,0.008538760688165352,0.034988683595437824,0.1305,2.1547892720306514,-30.606804461456257,0.7306544768987775,10000
432,11.769783362163006,0.58838917077154,235.8054141579304,7.221667898267203e-14,0.1325,0.2545,0.8372,0.0775,0.0,0.0002,2.598950263575918e-16,0.006474454946687456,0.0035988227376109625,0.048863810918395895,0.0741,1.7881241565452093,-30.473548656895048,1.2555072705537884,10000
433,11.711035097359128,0.5295665484794719,386.25548102178345,6.73351903520431e-14,0.1517,0.2821,0.8534,0.1195,0.0007,0.0005,3.009698275978905e-16,0.006784785503715879,0.004469725651986048,0.04472501980036835,0.0821,1.8477466504263094,-30.46914671158063,0.8762745184008512,10000
434,10.970281630936917,0.0955465362309054,90.02153628698031,5.4301160426759103e-17,0.0107,0.0683,0.0,0.0001,0.0,0.0,6.5546308910783325e-18,0.001413771861046721,0.12070885483044431,0.13212821131277766,0.008,1.3375,-35.82895383159109,2.000888613260964,10000
435,3.1100099546435,0.1443878825530988,211.1845315724174,9.830844850409999e-14,0.0316,0.077,0.9678,0.0347,0.0,0.0001,1.660062617882261e-16,0.0027678349103602805,0.0016886266065047578,0.08758971235317342,0.0193,1.6373056994818653,-29.984914455009033,0.3957456444978762,10000
436,6.5808426240903195,0.5670254240508564,1928.4795173819489,7.040094311373999e-14,0.3317,0.5787,0.8816,0.142,0.0464,0.0015,7.229664336278949e-16,0.012001746339242433,0.010269271996255333,0.036182533431541854,0.1245,2.66425702811245,-30.613356390489002,0.7441745730699552,10000
437,4.080710262928243,0.0314631438217832,57.27838475406365,2.16819794903e-17,0.0028,0.0396,0.0,0.0,0.0,0.0,2.844431816081627e-18,0.0006475012940470306,0.13118875134782587,0.2312504621596538,0.0022,1.2727272727272727,-35.72266548643553,1.7763471828725939,10000
438,14.308973608006315,0.590015804557354,24.03669008548955,1.3416740500000001e-18,0.0,0.0022,0.0,0.0,0.0,0.0,5.279635659166635e-19,0.0,0.3935110512994296,,0.0,0.0,-35.832093825252265,1.8099500276893898,10000
439,2.4464190305860765,0.6618530520180961,111.2488958609168,4.277762783253e-14,0.0235,0.0686,0.9595,0.0216,0.0,0.0001,7.127120087315977e-17,0.0021852351189866333,0.0016660858603983178,0.09298872846751631,0.0164,1.4329268292682926,-30.826618501424367,0.5068329518875144,10000
440,11.262033436830569,0.6372493131944998,69.50068000012917,2.1803115199706197e-17,0.0063,0.0311,0.0,0.0,0.0,0.0,3.145769755181889e-18,0.001531752469089786,0.14428074733211882,0.24313531255393428,0.0034,1.8529411764705883,-35.92704189944639,2.2424238994171004,10000
441,5.155324602683393,0.6741789991688517,42.48567012554198,1.1447002091161e-17,0.0029,0.0222,0.0,0.0,0.0,0.0,1.664354457114998e-18,0.0007805254140591446,0.14539653647832895,0.2691466945031533,0.0017,1.7058823529411764,-35.88233031796686,1.950490883571061,10000
442,4.879184767849459,0.2881362969750389,5694.548765789518,1.134920104942e-13,0.2543,0.5275,0.9278,0.1094,0.1024,0.0078,1.499133310648511e-15,0.010270038868954539,0.013209152821599932,0.0403855244551889,0.0945,2.691005291005291,-30.39563302342083,0.9868852958458222,10000
443,13.850501175749208,0.5815717096450886,603.9581123050353,6.103591359674947e-14,0.2983,0.5388,0.7931,0.1694,0.0125,0.0014,4.0972411646761865e-16,0.00985197529136742,0.006712836628850575,0.03302707104045397,0.1427,2.090399439383322,-30.64633412653526,0.910278850362981,10000
444,6.426992779378312,0.4214161392217084,2570.826927509947,7.578963574770401e-14,0.2941,0.5648,0.9031,0.1318,0.0493,0.0014,8.455181477384221e-16,0.011137006882112862,0.011156118371554998,0.03786809548491283,0.1089,2.7006427915518825,-30.588862503445483,0.7798721530841062,10000
445,14.497347340197445,0.1865791156633762,1823.1040448125648,7.31178771993251e-14,0.3754,0.8299,0.8196,0.206,0.0622,0.0019,7.297038537586869e-16,0.011799212098297669,0.009979828213139403,0.03143103915369651,0.1619,2.3187152563310685,-30.58642041062921,0.8076837226505084,10000
446,4.1464706240365485,0.5523585834963237,125.8339378589492,4.2755695941285484e-14,0.0422,0.1014,0.9345,0.0285,0.0,0.0001,9.502695058845823e-17,0.0030500567674435937,0.0022225565154863707,0.07227622671667283,0.0273,1.5457875457875458,-30.870478508786693,0.77763215707134,10000
447,8.00176434624576,0.1145751770093643,7922.66357569959,1.3425812564849999e-13,0.3495,0.844,0.8971,0.1557,0.1989,0.0123,1.7938080199430713e-15,0.01275896759637756,0.013360889788074535,0.03650634505401305,0.1227,2.84841075794621,-30.294745172945355,1.0598780008750064,10000
448,7.841499986567699,0.639983301332436,3274.5380496243097,8.62973234526184e-14,0.4683,0.9748,0.8579,0.1945,0.0907,0.0027,9.982125425758595e-16,0.015240168544793964,0.011567132126918497,0.03254360141958993,0.149,3.1429530201342284,-30.51610534267746,0.8631340539275014,10000
449,5.019213479233426,0.4011384443300947,81.9904371271291,6.773424661319e-17,0.0124,0.0758,0.0006,0.0001,0.0,0.0,7.001700634168729e-18,0.0016866856526481409,0.10337017069302246,0.13602303650388234,0.0084,1.4761904761904763,-35.52264603372816,1.9207350907595162,10000
450,12.379248994788105,0.1578090654661793,262.68253921314226,9.736500069556754e-14,0.0929,0.2184,0.8798,0.0835,0.0,0.0003,2.816176023845569e-16,0.004920302829907301,0.002892390493223478,0.05296343196886223,0.0564,1.6471631205673758,-30.093922009398433,0.9350001976311931,10000
451,14.679831231561508,0.419125310680377,269.1237708347555,8.612340832391721e-14,0.1392,0.2653,0.8273,0.0942,0.0,0.0004,3.1444380171166684e-16,0.00664881618603399,0.0036510840412750257,0.04776448409507177,0.0766,1.8172323759791122,-30.30558194841501,1.283791906702593,10000
452,10.515142397191504,0.3245836179998153,4391.569361169283,1.03525129217374e-13,0.4574,1.0476,0.847,0.2134,0.1432,0.0072,1.2778355201517864e-15,0.01463557118784229,0.012343240040480288,0.03199731348456994,0.1562,2.9282970550576186,-30.41731029962548,0.9399267470107755,10000
453,14.130475010798603,0.5550214456542955,7400.252392208594,1.5220788775914902e-13,0.8318,2.4313,0.7769,0.319,0.3929,0.0121,1.849342859714142e-15,0.02098987692897101,0.012150111843352747,0.025234283396214245,0.2342,3.551665243381725,-30.165611092919836,1.1359578113510085,10000
454,13.911558662070416,0.121314622328726,3097.965276062896,8.489155352507e-14,0.4344,1.0657,0.8225,0.2256,0.0934,0.0012,9.459364167320826e-16,0.013231295126217677,0.011142880268444262,0.030458782518917305,0.1674,2.5949820788530467,-30.515537836366406,0.8615708890366737,10000
455,13.893792324989498,0.2948333143453343,8744.213496431,1.54703552541108e-13,0.6318,1.8777,0.8163,0.2788,0.3778,0.0112,1.949969374260674e-15,0.017812765239022997,0.012604554596395104,0.02819367717477524,0.1913,3.302665969681129,-30.179570590831627,1.1402297531671373,10000
456,14.24224090650522,0.4721060674969037,28.041831780561,2.18811784e-18,0.0,0.0052,0.0,0.0,0.0,0.0,5.923183662486007e-19,0.0,0.2706976541302733,,0.0,0.0,-35.76152011400059,1.444950046062597,10000
457,9.437825015239856,0.6960776694379684,11.5446842883321,3.7865467e-19,0.0,0.0008,0.0,0.0,0.0,0.0,2.713270728086188e-19,0.0,0.7165554641346924,,0.0,0.0,-36.08682257046607,2.5034803811740884,10000
458,10.146905440184316,0.6243623235359987,6407.618713353565,1.3690601620588e-13,0.6399,1.607,0.8315,0.2485,0.2651,0.0101,1.722099223095779e-15,0.01828267553238481,0.01257869647237472,0.02857114476072013,0.1876,3.4109808102345416,-30.25703472801092,1.0864517215940652,10000
459,10.12920018185708,0.0641040239308155,85.73180110820739,4.976059516952126e-17,0.0119,0.0685,0.0,0.0,0.0,0.0,6.073113163718708e-18,0.0018100184022991773,0.1220466343505179,0.15210238674783003,0.0075,1.5866666666666667,-35.88467042474271,2.109772962672063,10000
460,7.267976620662046,0.6351165805198631,140.25901947398782,2.9181391119931436e-14,0.073,0.1592,0.8802,0.0202,0.0,0.0002,1.0158608709223482e-16,0.0047105539941596246,0.003481194116988125,0.06452813690629623,0.0434,1.6820276497695852,-31.350952157554744,1.2211463178078181,10000
461,8.756060265363324,0.1353526031545464,385.4066478905886,6.804535702411145e-14,0.1072,0.2202,0.91,0.0877,0.001,0.0002,3.138692991987809e-16,0.005638616443733336,0.004612648282344426,0.05259903399004977,0.0575,1.8643478260869566,-30.432264421174022,0.6650878324652807,10000
462,4.773412561299458,0.386725843062208,169.90025147890918,6.895251954510299e-14,0.0545,0.1158,0.9412,0.0384,0.0,0.0002,1.4011974307286307e-16,0.0038903069864529823,0.002032119261156344,0.07138177956794463,0.0326,1.6717791411042944,-30.37261011761619,0.6287341226719062,10000
463,2.978245595706713,0.1134299254190614,1077.2711976028263,6.196056930169999e-14,0.0977,0.1691,0.9601,0.0484,0.0125,0.0007,5.396943122788719e-16,0.005347740722312863,0.008710286531600098,0.054736343114768306,0.0502,1.9462151394422311,-30.638694465494908,0.6031409508537197,10000
464,14.644236625765645,0.1371720819759185,494.6870991978404,6.2584797302012e-14,0.1712,0.3644,0.8439,0.1416,0.0048,0.0005,3.720125722093554e-16,0.007440066630020589,0.005944136407667102,0.043458333119279144,0.0936,1.829059829059829,-30.569072056908023,0.7916114268834155,10000
465,12.646546261737573,0.4799503808619445,403.80204150984696,6.650664365735762e-14,0.1702,0.3061,0.8405,0.1313,0.0011,0.0003,3.174252489485879e-16,0.007377576760961989,0.0047728351859697435,0.04334651445923613,0.0887,1.9188275084554678,-30.49261555477007,0.8557325326177412,10000
466,13.92137048427354,0.5598146244593126,2153.3269105213108,8.156936341132e-14,0.5984,1.2222,0.7716,0.2653,0.0851,0.0022,8.262117441813143e-16,0.016074749881673928,0.010128946820573748,0.026862884160551347,0.2134,2.804123711340206,-30.515973270203343,0.8575669149079623,10000
467,11.191410906406764,0.4046145822500312,33.37172772870096,4.1158481220000004e-18,0.0007,0.008,0.0,0.0,0.0,0.0,9.710958153340242e-19,0.0005195940702122957,0.2359406339955379,0.7422772431604224,0.0003,2.3333333333333335,-36.09887996714313,1.8484531292176234,10000
468,12.002232607411054,0.3055331779258078,6856.007020192802,1.3749495183194998e-13,0.5224,1.4023,0.8413,0.2374,0.2666,0.0111,1.7635141476016137e-15,0.015858593049112198,0.012826028331258503,0.0303571842440892,0.169,3.0911242603550297,-30.25885456997739,1.0823060355397323,10000
469,1.3724533301674453,0.1750619252477661,58.15463204503766,2.0234219142777e-14,0.0055,0.0283,0.978,0.0059,0.0,0.0,2.86166458328809e-17,0.0008871604732913528,0.0014142698381862772,0.16130190423479143,0.0046,1.1956521739130435,-31.559908310423896,0.4272525759763735,10000
470,11.240253154327847,0.1633445811478282,32.532369076881395,2.518020683e-18,0.0012,0.0085,0.0,0.0,0.0,0.0,6.736492594086144e-19,0.0007347856769147721,0.26753126531352417,0.6123213974289768,0.0003,4.0,-36.39877529297567,1.58399334651808,10000
471,2.22319509805474,0.4493407635468308,320.9286009538434,7.2516582429466e-14,0.0408,0.0782,0.9717,0.0317,0.0,0.0003,2.636352670491038e-16,0.003211630031112811,0.003635516984070938,0.07871642233119634,0.0234,1.7435897435897436,-30.31554190232908,0.40516415234011605,10000
472,1.0975736935219105,0.4258130353889627,21.68713369853229,4.94337533e-18,0.0,0.0091,0.0,0.0,0.0,0.0,1.0627681173365464e-18,0.0,0.21498835236865302,,0.0,0.0,-35.63271898475781,1.5388092876650077,10000
473,1.4575964976926308,0.3884044087825798,362.2714615541476,6.721504110085e-14,0.0274,0.0482,0.9827,0.0228,0.0001,0.0002,2.840411295411987e-16,0.002320659937658817,0.004225856666739533,0.08469561816273055,0.0183,1.4972677595628416,-30.397920333978764,0.3747748375838139,10000
474,11.281073563992916,0.4678863739866291,16.876283094984792,1.0059307300000002e-18,0.0001,0.0009,0.0,0.0,0.0,0.0,5.346192601276144e-19,0.00010000000000000002,0.5314672712380646,1.0000000000000002,0.0001,1.0,-35.583708240096186,1.875118187060295,10000
475,1.6683459361442785,0.371891448490216,10.419457986449377,8.21428e-19,0.0,0.0007,0.0,0.0,0.0,0.0,4.1745925447999915e-19,0.0,0.5082116198619954,,0.0,0.0,-34.20035628686493,0.658838648401088,10000
476,12.836721214790526,0.6176584993166371,4509.606325889395,1.1060967699498001e-13,0.748,1.7419,0.7865,0.2999,0.1854,0.0064,1.3064091159369727e-15,0.02025612576637266,0.011810983915957586,0.02708038204060516,0.2117,3.5333018422295703,-30.35738257282353,0.9769317774988843,10000
477,6.015619270586456,0.4246502512083138,842.723206193722,6.29074443797369e-14,0.1906,0.3299,0.9119,0.0946,0.0176,0.0007,4.928024007143004e-16,0.008289392945417678,0.007833769207655761,0.04349104378498257,0.0862,2.211136890951276,-30.60452741069792,0.6482143023574005,10000
478,7.970079015265213,0.3990113231886181,118.45750784566428,9.404601767494538e-15,0.0397,0.139,0.7177,0.0052,0.0,0.0001,6.960388132011481e-17,0.0029314246238019677,0.007401045045914565,0.07383941117889088,0.0263,1.5095057034220531,-32.40724630758602,1.286091471689884,10000
479,13.875186280354646,0.1507631174319012,5012.398767686883,1.14204607935037e-13,0.4964,1.2723,0.8237,0.2447,0.2016,0.0087,1.4150384637071216e-15,0.015364970297114899,0.012390379769194933,0.030952800759699636,0.1743,2.8479632816982217,-30.35998376453091,0.9952843979053254,10000
480,3.704460635936421,0.1535104117662499,25.68578223889428,4.709314572e-18,0.0002,0.0082,0.0,0.0,0.0,0.0,1.110885838008167e-18,0.00014141428428549925,0.23589119414810816,0.7070714214274962,0.0002,1.0,-35.63743818130724,1.639273552078504,10000
481,1.2607422675321094,0.4483756086874902,1370.448944033839,6.200212497620001e-14,0.0535,0.0973,0.9802,0.0281,0.0071,0.0006,5.916487401573336e-16,0.0037182196701851244,0.009542394561225805,0.06949943308757242,0.0285,1.8771929824561404,-30.668898665682843,0.6341772707130482,10000
482,9.615483811234576,0.5541492978542759,8067.668056257257,1.43461064087861e-13,0.5852,1.575,0.8449,0.2375,0.3038,0.0095,1.8847287501473474e-15,0.017911621328563804,0.01313756287903363,0.030607691949015383,0.168,3.4833333333333334,-30.24977343300218,1.1104423195312234,10000
483,11.096782572318313,0.2847597276436855,1624.6672354904272,6.978671583779e-14,0.3253,0.6698,0.8481,0.1742,0.0476,0.0015,6.812087764110289e-16,0.010978162095920264,0.009761295802977871,0.03374780847193441,0.1395,2.3318996415770608,-30.60946553012265,0.7777979350217892,10000
484,11.0346013895942,0.4186238732167306,6971.146320751852,1.4369927579713e-13,0.5794,1.4818,0.8342,0.2486,0.2968,0.0128,1.8115543228908274e-15,0.016971103848500358,0.012606565432162103,0.02929082472989361,0.1773,3.2679075014100394,-30.2217632383589,1.0995524067604971,10000
485,7.383154595453669,0.434361233152972,2234.2116747730493,7.395405919713e-14,0.3318,0.6249,0.883,0.1466,0.0529,0.0013,7.89736937307893e-16,0.01182982968968906,0.010678750373969209,0.035653495146742195,0.1252,2.6501597444089455,-30.594583839546523,0.7850448094506028,10000
486,9.661840192582973,0.4202901220828923,5526.605355961819,1.196686987940111e-13,0.4713,1.117,0.8576,0.2093,0.1839,0.0078,1.5082914578973114e-15,0.01531146874429461,0.01260389285667402,0.032487733384881416,0.1523,3.0945502298095864,-30.34519484214491,1.0374121936255736,10000
487,1.85362221753974,0.4138480225737988,1532.3519726553982,6.425709166314e-14,0.0859,0.1422,0.9713,0.0387,0.0119,0.0015,6.227215943674528e-16,0.005230186849955606,0.009691095227776494,0.06088692491217236,0.0416,2.0649038461538463,-30.650399127377312,0.657871779576791,10000
488,12.07257020907312,0.605886001749147,677.8451304852134,6.188171540938031e-14,0.308,0.5569,0.8095,0.17,0.0169,0.0009,4.392770455177691e-16,0.01049879147627222,0.007098656567803896,0.03408698531257214,0.1414,2.1782178217821784,-30.630428860015254,0.8548035917387478,10000
489,9.789865974375154,0.301596443502894,963.0797556879693,6.427527668126898e-14,0.248,0.4749,0.8695,0.1371,0.0293,0.0008,5.294601651994319e-16,0.00912457811586811,0.008237384458490033,0.03679265369301657,0.1172,2.1160409556313993,-30.614072564506923,0.7106422983998808,10000
490,6.432591082875925,0.1777123116631163,874.5514723424627,6.240695342985e-14,0.1791,0.3126,0.9132,0.0974,0.019,0.0007,4.95895858692663e-16,0.007624180730621574,0.007946163551311416,0.042569406647803315,0.0841,2.1296076099881094,-30.61406538901625,0.6265652007460637,10000
491,2.778021954777923,0.1122242101875488,826.0067839458525,6.091658456313e-14,0.084,0.1383,0.9642,0.0445,0.0091,0.0011,4.718471095624778e-16,0.0051124371586719905,0.007745790624119546,0.0608623471270475,0.043,1.9534883720930232,-30.617154265091905,0.5740545397500233,10000
492,13.175924436766172,0.4746024197166794,15.5965103864381,5.560799e-20,0.0,0.0007,0.0,0.0,0.0,0.0,3.9156547827926513e-20,0.0,0.7041532669662491,,0.0,0.0,-36.53978469994749,1.042352663879648,10000
493,4.392872498579761,0.3960031758373998,25.343485799746468,3.544101301e-18,0.0002,0.0078,0.0,0.0,0.0,0.0,8.262338842948882e-19,0.00014141428428549925,0.23312930814414332,0.7070714214274962,0.0002,1.0,-35.87571548387026,1.657114528734197,10000
494,9.861132404775937,0.2210936150396291,52.56840281299597,1.4100627776e-17,0.0014,0.0239,0.0,0.0,0.0,0.0,2.1639410076882897e-18,0.00042405422082349305,0.15346416074973837,0.30289587201678075,0.0012,1.1666666666666667,-35.7879980610232,1.7844585048972588,10000
495,4.471525554355148,0.6066753526860817,696.7259555069401,6.165058473862e-14,0.152,0.2601,0.9241,0.0828,0.0096,0.0007,4.431174609734431e-16,0.00709046031388275,0.007187562986663116,0.046647765222912835,0.072,2.111111111111111,-30.595085922271828,0.6150985091855005,10000
496,2.2142969498651537,0.1467780714524912,51.271891361458486,4.867194177060999e-16,0.0047,0.0401,0.1809,0.0005,0.0,0.0,1.1420436052942219e-17,0.001089912744663121,0.023464106089636887,0.23189632865172788,0.003,1.5666666666666667,-33.96586968650632,1.0409401764880006,10000
497,8.216326006903126,0.2876308475928219,35.6809563278986,3.6955525283e-18,0.0001,0.0117,0.0,0.0,0.0,0.0,8.069815438987443e-19,0.00010000000000000002,0.2183655996549901,1.0000000000000002,0.0001,1.0,-36.353161578761885,1.7225164019229144,10000
498,1.6960037479405838,0.0211689628526848,96.0036051318529,4.2713932009577e-14,0.0123,0.0302,0.9805,0.0137,0.0,0.0002,5.1527003256391513e-17,0.0018802192750985844,0.0012063277912424104,0.1528633556990719,0.0077,1.5974025974025974,-30.804465883218484,0.3412900659772967,10000
499,4.979443389199862,0.0581710856370765,204.49134942071157,8.988149837581301e-14,0.0527,0.113,0.9525,0.0418,0.0,0.0001,1.6974117216887974e-16,0.004076019184601482,0.001888499582629976,0.07734381754462015,0.0295,1.7864406779661017,-30.091795297261847,0.5304789482309868,10000
500,2.6737293609062687,0.4083517260841635,132.81837894737163,5.685205627535e-14,0.0257,0.065,0.964,0.0244,0.0,0.0002,9.333087551286677e-17,0.0023716056694453092,0.0016416446761545426,0.09228037624300814,0.0178,1.4438202247191012,-30.537631256534084,0.4746056705973359,10000
501,5.028032570169868,0.0999543426181127,1782.3314700883252,6.66617937358466e-14,0.1766,0.3114,0.9374,0.0776,0.0271,0.0009,6.875918776940694e-16,0.007918807659709582,0.010314632102741108,0.04484036047400669,0.0776,2.2757731958762886,-30.649542261000345,0.7161415241077471,10000
502,14.899791984464253,0.1108521355832549,2175.54970302211,7.652217031410508e-14,0.4001,0.9174,0.8202,0.211,0.0711,0.0012,7.964799331959444e-16,0.012131641136782244,0.01040848593194085,0.030321522461340275,0.1671,2.3943746259724716,-30.56540079110346,0.8247546015215054,10000
503,12.14637809746738,0.6341387942543804,2246.9987595754355,8.180908491936471e-14,0.6128,1.247,0.7801,0.2612,0.0841,0.0035,8.471286132887363e-16,0.016563062805681518,0.010354945469976964,0.027028496745563835,0.2056,2.980544747081712,-30.524722641581672,0.892382379552422,10000
504,6.388816300160681,0.032784607426577,783.809682782375,6.263234313276e-14,0.1426,0.2859,0.9259,0.0782,0.0159,0.0009,4.838911689110652e-16,0.006565884181396162,0.00772589918734758,0.046044068593240964,0.0727,1.9614855570839065,-30.604665155481772,0.6539972404217308,10000
505,7.904122526024117,0.2631483286793197,4366.041974932662,9.674076724040002e-14,0.3291,0.73,0.8911,0.1621,0.0991,0.006,1.2307538721667256e-15,0.012588692009762238,0.01272218432078704,0.03825187483975156,0.1177,2.796091758708581,-30.47892140806698,0.9109496085421149,10000
506,6.561225384511793,0.3382410887416144,5169.128650102472,1.0802592977609999e-13,0.3003,0.6699,0.9064,0.1426,0.1121,0.0071,1.3992753849803072e-15,0.011587295523190655,0.012953143637648074,0.038585732677957556,0.1076,2.79089219330855,-30.417978645082577,0.962466482259244,10000
507,13.557725680695754,0.4144546814025174,813.7273401503944,6.314353344326068e-14,0.3287,0.6034,0.8063,0.1758,0.0304,0.0017,4.869261035179037e-16,0.010431515357380496,0.00771141678277229,0.031735671911714315,0.154,2.1344155844155845,-30.62898792582558,0.8091805493462225,10000
508,10.448057196164136,0.2985849157350005,293.28147696976475,8.10747264947495e-14,0.1076,0.2071,0.8894,0.0847,0.0001,0.0002,2.382264601962799e-16,0.005977106037177019,0.0029383566309250236,0.05554931261316932,0.0565,1.904424778761062,-30.246835563038104,0.7847753511393383,10000
509,12.531534887356525,0.62806453455504,25.436253268333708,1.273251845e-18,0.0002,0.0027,0.0,0.0,0.0,0.0,4.392217289033969e-19,0.00014141428428549925,0.34496060667667594,0.7070714214274962,0.0002,1.0,-36.01573037843009,1.8396368583266591,10000
510,3.1344555567631067,0.541273937774113,12.328195722205187,5.421191000000001e-19,0.0,0.0012,0.0,0.0,0.0,0.0,3.3761354565273653e-19,0.0,0.6227663730216044,,0.0,0.0,-34.6022650786867,1.0932922912204561,10000
511,9.654753070165777,0.5231006985719773,6471.988751615166,1.3281462224562e-13,0.5749,1.3879,0.8369,0.2433,0.2615,0.0111,1.6675242414819174e-15,0.01705074988987818,0.012555276017712046,0.029658636093021707,0.1753,3.2795208214489446,-30.271683770671288,1.064835113015702,10000
512,3.671366028844167,0.2740509379398221,44.70641587969652,1.68384251e-17,0.0018,0.0295,0.0,0.0,0.0,0.0,2.1924093287807226e-18,0.0004895916359549045,0.13020275445954402,0.2719953533082803,0.0016,1.125,-35.59800516241598,1.6780920240281048,10000
513,3.366483087423741,0.6678837400281012,1635.0027740835856,6.733912072531e-14,0.1737,0.3237,0.9346,0.0846,0.0251,0.0013,6.740797170232201e-16,0.007940978334795491,0.010010224513814617,0.04571662829473513,0.0728,2.385989010989011,-30.63105178261073,0.6989955877037273,10000
514,7.95929910142677,0.4675177007310049,182.41688315055535,6.122885188887617e-14,0.0737,0.1603,0.901,0.0487,0.0,0.0003,1.6703737211202704e-16,0.004371354695536319,0.0027280827087070333,0.05931281812125263,0.0451,1.6341463414634145,-30.55676320917966,1.0023962263700181,10000
515,5.5230074397907885,0.1730209006790066,62.014955811567006,2.86014761815785e-17,0.0063,0.0444,0.0,0.0,0.0,0.0,3.428147518245523e-18,0.0012514741782241757,0.11985911134382314,0.19864669495621837,0.0039,1.6153846153846154,-35.74227146657737,2.0044883974275156,10000
516,4.543737430126958,0.3074060246459319,66.94809432353672,3.05879952383e-17,0.0083,0.0519,0.0,0.0,0.0,0.0,3.3951934760580264e-18,0.001357680127840484,0.11099758090085024,0.16357591901692578,0.0058,1.4310344827586208,-35.73625997707093,1.8137613259238512,10000
517,8.546570997449848,0.6606586165065425,1463.0577005697764,6.88406213813244e-14,0.3891,0.6843,0.8458,0.1749,0.0425,0.0018,6.543732786001437e-16,0.012515821330554296,0.009505627135109895,0.03216607897855126,0.146,2.665068493150685,-30.61152979640297,0.780432471779698,10000
518,2.668464025548875,0.3799771941047506,311.98951092837024,7.326372544427e-14,0.0384,0.0804,0.9702,0.036,0.0002,0.0003,2.4629534296760404e-16,0.0031294605529284484,0.0033617638398002994,0.08149636856584502,0.023,1.6695652173913043,-30.299089124635863,0.3891093593568098,10000
519,9.20868596937397,0.2260332674024409,23.45663205317021,3.3806058500000002e-18,0.0,0.0064,0.0,0.0,0.0,0.0,9.144979669584262e-19,0.0,0.27051304042393054,,0.0,0.0,-35.70749207517863,1.640735711418735,10000
520,13.712010923384886,0.3165803589737926,2559.8849146244847,8.0313022162556e-14,0.481,1.0005,0.8107,0.2317,0.0814,0.0021,8.557140254360173e-16,0.014464605852986392,0.010654735712771786,0.03007194564030435,0.1737,2.769142199194013,-30.545585412779072,0.8604199482077005,10000
521,5.098186323032146,0.4126306559723563,20.28047568135981,9.3396083e-19,0.0,0.0024,0.0,0.0,0.0,0.0,5.033397296945146e-19,0.0,0.5389302351090192,,0.0,0.0,-36.25402841458493,1.5610892171753508,10000
522,13.319242562662712,0.5609259574074612,2449.3203946509625,8.14891201972649e-14,0.5926,1.2289,0.7775,0.2683,0.0854,0.002,8.625768106454252e-16,0.01634102894320588,0.010585177610917153,0.027575141652389265,0.2042,2.9020568070519097,-30.532513124429173,0.8665413762079248,10000
523,13.231386397687007,0.6489432308856637,306.80587052974374,8.167682888050153e-14,0.1769,0.3109,0.8027,0.1169,0.0,0.0004,3.0333595315350175e-16,0.007085595216067355,0.0037138556590792945,0.04005424090484655,0.0982,1.8014256619144602,-30.36671795973309,1.3157118222514395,10000
524,1.041513148102492,0.3659429139141847,91.15545974691331,4.212077793007e-14,0.009,0.0249,0.9861,0.0105,0.0,0.0,4.562015522028869e-17,0.0012377613684876954,0.0010830795978181706,0.13752904094307727,0.0066,1.3636363636363635,-30.8137125235093,0.27265078194989006,10000
525,11.441898341783016,0.3510299310098187,226.1019595598814,7.598034805141223e-14,0.1028,0.221,0.8696,0.0713,0.0,0.0001,2.3569079975422673e-16,0.005791940146191577,0.0031019968425881144,0.05634183021587137,0.0572,1.7972027972027973,-30.367761437250262,1.065257791433393,10000
526,14.654714974006204,0.3453926410590193,243.3437531431768,7.453539407217094e-14,0.1176,0.2598,0.8279,0.0867,0.0,0.0002,2.684552777702758e-16,0.005425861037365377,0.0036017154146972996,0.04613827412725661,0.0718,1.6378830083565459,-30.429205017143232,1.2081371405062329,10000
527,14.717066085868789,0.2312792245707956,15.684252659649562,2.8936272e-19,0.0,0.0011,0.0,0.0,0.0,0.0,1.2415875644779182e-19,0.0,0.4290765460311951,,0.0,0.0,-35.70892495773729,1.0115550934630673,10000
528,2.786341205616868,0.5833618908347032,1902.4389028579017,6.771072288917e-14,0.1612,0.2691,0.9487,0.0665,0.0215,0.0017,7.13111616626536e-16,0.0077529005376487745,0.01053173834510331,0.048094916486654926,0.0662,2.4350453172205437,-30.645467902974374,0.7210277976625088,10000
529,11.71880131670244,0.328395060172455,217.60075608765425,7.079560177764997e-14,0.1012,0.2168,0.8674,0.0669,0.0,0.0003,2.211217369786462e-16,0.005412835290177216,0.0031233824054936405,0.05348651472507131,0.0582,1.738831615120275,-30.43882057460522,1.0706329735711735,10000
530,12.70217826838836,0.2888396255058822,2832.0532368835798,8.295404158303e-14,0.4456,1.0202,0.8267,0.2188,0.0872,0.002,9.068292987941176e-16,0.014058585575470895,0.010931707262104377,0.031549788095760534,0.1654,2.694074969770254,-30.521804578125177,0.8327547405155152,10000
531,6.334906456987262,0.2348107435837323,1088.0211584607396,6.35359260903257e-14,0.1973,0.3383,0.9131,0.0992,0.0255,0.0004,5.472173806983052e-16,0.008211212663263577,0.008612723767028357,0.04161790503428067,0.0921,2.1422366992399566,-30.625322389020152,0.6605242182153473,10000
532,1.6048754024934966,0.582318117618263,465.9893847860584,6.242174472989e-14,0.042,0.0782,0.9742,0.0324,0.0012,0.0005,3.5125086285637756e-16,0.0031693223976815683,0.005627059358502435,0.07546005708765638,0.0246,1.7073170731707317,-30.509576550728163,0.4418683011213341,10000
533,4.768196024034218,0.6692404669142724,1948.587396466939,7.1219408057386e-14,0.2557,0.473,0.9123,0.1104,0.0354,0.0015,7.457936480347277e-16,0.010323875688951514,0.010471775438428164,0.04037495380896173,0.0953,2.683105981112277,-30.612677419753982,0.7575682841543415,10000
534,1.4323413862650916,0.1335532455245188,53.39855282736166,1.6289821568567e-14,0.0044,0.03,0.9711,0.0077,0.0,0.0,2.6333707845084413e-17,0.0009477097738134488,0.0016165743580579294,0.215388584957602,0.0031,1.4193548387096775,-31.778736868494814,0.4858308940618107,10000
535,5.4214220646077385,0.268816557853135,2700.6655514471613,7.438649687355e-14,0.2189,0.4231,0.9293,0.0942,0.0415,0.0009,8.430375520721826e-16,0.009432241288133577,0.011333206798342267,0.04308927038891538,0.0871,2.513203214695752,-30.605731325722203,0.7687993087503614,10000
536,12.279987067534268,0.3502648260564869,18.771281843118725,5.3038535e-19,0.0,0.0017,0.0,0.0,0.0,0.0,2.619620437179981e-19,0.0,0.4939088979701233,,0.0,0.0,-36.082845529078305,1.6472113654565306,10000
537,13.294092616526587,0.3818398036398263,1841.8037970428825,7.324321872997149e-14,0.4422,0.8741,0.8068,0.2134,0.0634,0.003,7.256011421017903e-16,0.013213757086371528,0.009906734776046519,0.029881856821283418,0.1746,2.5326460481099655,-30.58298343623829,0.8097608811479307,10000
538,10.577538825949912,0.4847672316972804,72.1093180607239,2.62809288304681e-17,0.0067,0.0413,0.0,0.0,0.0,0.0,3.3408962908985156e-18,0.0011070833588110408,0.12712245873994132,0.1652363222106031,0.0047,1.425531914893617,-36.036210243220225,2.272841001894889,10000
539,7.210669104620813,0.3392694303728555,707.8198069971548,6.2221263971637e-14,0.1714,0.3319,0.9026,0.1015,0.0168,0.0011,4.529087186262259e-16,0.0075344462827787685,0.007279002220730846,0.043958263026713934,0.0834,2.0551558752997603,-30.59829917191036,0.6538645858060855,10000
540,5.93539201797872,0.5998911731668392,4039.9884037437737,9.205192203654e-14,0.3682,0.7286,0.894,0.1503,0.0885,0.0041,1.1436152249055831e-15,0.013445480805661414,0.012423588770385753,0.03651678654443621,0.1206,3.053067993366501,-30.500815810884117,0.8860157769084598,10000
541,5.544502274619299,0.5313488904949125,2538.083164667532,7.587635259331e-14,0.2931,0.5619,0.9094,0.125,0.0455,0.0023,8.397649238494337e-16,0.011623801025268261,0.011067544698023289,0.03965814065256998,0.1037,2.8264223722275794,-30.589030769879997,0.7888538330188245,10000
542,1.7805322633882072,0.5636452096704446,141.77805311032776,6.5105329951164e-14,0.0254,0.0512,0.9745,0.0216,0.0,0.0,9.099932676870616e-17,0.002382446558720786,0.0013977246845529457,0.09379710861105457,0.016,1.5875,-30.387570511267583,0.34506147325386094,10000
543,8.49083954465546,0.0445762720317572,389.29279971447056,6.712333893537999e-14,0.0952,0.207,0.9203,0.0823,0.0006,0.0004,3.1036925701696044e-16,0.005306270974155496,0.004623864991515911,0.055738140484826636,0.0519,1.834296724470135,-30.438436795134812,0.6106680106263108,10000
544,7.658005644093365,0.2988111457545594,3281.209993923358,8.187855478349999e-14,0.3029,0.6524,0.8947,0.1506,0.0651,0.0029,9.690482517388026e-16,0.011479910184046885,0.011835189987184329,0.037900000607615995,0.1144,2.647727272727273,-30.558613498688683,0.8279043686858754,10000
545,6.2228227945571915,0.313878434611817,39.09788870838512,6.7685342189999994e-18,0.0007,0.015,0.0,0.0,0.0,0.0,1.3351294678074949e-18,0.0004358554771936449,0.19725533248537677,0.622650681705207,0.0003,2.3333333333333335,-35.84894894806006,1.5709919299499553,10000
546,12.74837182785462,0.5885927528850586,43.50015993658425,5.526842665300001e-18,0.0011,0.0121,0.0,0.0,0.0,0.0,1.2100922826477714e-18,0.00045814843664362747,0.21894820531897424,0.416498578766934,0.0007,1.5714285714285714,-36.265041235285295,1.8358247106247128,10000
547,6.104420645357175,0.4557148253440096,4145.709579320662,9.420373753344e-14,0.3302,0.6541,0.9009,0.1481,0.0827,0.0061,1.1863349165397593e-15,0.012590974913203762,0.012593289264331361,0.03813135951909074,0.1132,2.9169611307420493,-30.491231776160195,0.8950262178843945,10000
548,1.7449364974538435,0.4076502135484506,7102.661877939105,1.1567370851e-13,0.1054,0.215,0.9715,0.0541,0.0515,0.0058,1.6149887461234198e-15,0.006123139169031546,0.013961588738929416,0.05809429951642833,0.0449,2.3474387527839644,-30.41262764211665,0.9948263078790587,10000
549,9.112570102488824,0.0429764510506844,3360.4277220471627,8.3178396774594e-14,0.3042,0.6868,0.8922,0.1466,0.0733,0.002,9.796800399757894e-16,0.011006286832305595,0.011778058702317075,0.03618108754867059,0.1185,2.5670886075949366,-30.54597122022068,0.8351877437866364,10000
550,3.1068503785221977,0.2560720706162786,6389.84823393642,1.1153391143509001e-13,0.1561,0.3257,0.9565,0.0758,0.0749,0.007,1.5192306874406689e-15,0.0075959890011038375,0.013621244587345292,0.04866104420950569,0.0617,2.5299837925445705,-30.426931558852583,0.983121558782668,10000
551,10.229406311103476,0.2492262274282182,28.261545277500304,2.79646151e-18,0.0001,0.0064,0.0,0.0,0.0,0.0,8.609255689624136e-19,0.0001,0.30786247759312574,1.0,0.0001,1.0,-36.32315370896669,1.7869023568274622,10000
552,7.419236231570904,0.3491382201764294,30.14405054945191,2.8255623800000002e-18,0.0001,0.0094,0.0,0.0,0.0,0.0,6.180368911020726e-19,0.00010000000000000002,0.21873057748669225,1.0000000000000002,0.0001,1.0,-35.93808989176621,1.4654984720266848,10000
553,5.19967224309631,0.1954577606005501,15.948560834628433,1.32006577e-18,0.0,0.0019,0.0,0.0,0.0,0.0,5.067536883027249e-19,0.0,0.38388518195023336,,0.0,0.0,-35.08167833726211,1.446796506009819,10000
554,6.256692884107729,0.5193015639520385,3021.1007508280877,8.10088020635e-14,0.3527,0.6919,0.8963,0.1444,0.0595,0.0025,9.2419311271983e-16,0.012991041055849662,0.011408551776822809,0.03683311895619411,0.1198,2.9440734557595993,-30.55045484862532,0.8093945092870137,10000
555,10.026724026879512,0.3440040889814381,17.439927601339168,1.6056766500000002e-18,0.0,0.0025,0.0,0.0,0.0,0.0,6.846396181124218e-19,0.0,0.4263869802879812,,0.0,0.0,-35.62213916707699,1.7353977707910804,10000
556,13.954194997439268,0.6272618690149079,27.63047808784517,1.6824940780000001e-18,0.0,0.0043,0.0,0.0,0.0,0.0,6.209088313465949e-19,0.0,0.3690407232129318,,0.0,0.0,-36.145288796414704,1.6526598887247923,10000
557,4.036890113775714,0.3650453487876063,6162.308175498254,1.167816229995e-13,0.2139,0.4358,0.937,0.0974,0.1025,0.0089,1.584143744799307e-15,0.009078707027552393,0.013565008809700217,0.04244369811852451,0.0823,2.5990279465370594,-30.392255179546574,1.0039843914240256,10000
558,10.494045508691157,0.2398953613191514,780.8061943837904,6.289314287275e-14,0.2299,0.4378,0.8672,0.1327,0.0233,0.0011,4.747983067909709e-16,0.008678256173507514,0.007549285742511191,0.037747960737309766,0.1138,2.0202108963093144,-30.60438528099384,0.6895228867783856,10000
559,2.993215254347515,0.1148575502019158,349.09617050343985,6.911166442259e-14,0.0421,0.0887,0.9694,0.0361,0.0002,0.0003,2.8236965892424064e-16,0.0032425006370142943,0.004085701904061576,0.07701901750627778,0.0248,1.6975806451612903,-30.369942207112988,0.4067361362587839,10000
560,12.38904880467371,0.5255504305595327,12.147902407618494,2.21828e-19,0.0,0.0004,0.0,0.0,0.0,0.0,2.2182799999999995e-19,0.0,0.9999999999999998,,0.0,0.0,-33.74204427409436,,10000
561,13.195980021156885,0.3709450061795772,418.33415387113587,6.63640667983143e-14,0.1591,0.3072,0.849,0.1324,0.0011,0.0002,3.327642508284816e-16,0.007379984106794651,0.005014223312139365,0.04638582091008581,0.0805,1.9763975155279503,-30.492077625801894,0.8502997640749341,10000
562,12.204639833921515,0.5284975374362632,1249.783283054552,6.715258561592432e-14,0.4115,0.736,0.8085,0.1899,0.05,0.0019,5.985097659556952e-16,0.01216353444345087,0.008912683859692913,0.02955901444338,0.1712,2.4036214953271027,-30.6146926600013,0.7969820613291231,10000
563,4.12297904951622,0.65903278402199,16.450295076644263,2.32460079e-18,0.0,0.0031,0.0,0.0,0.0,0.0,8.628802822446205e-19,0.0,0.37119503957693334,,0.0,0.0,-34.84464297708267,1.8806911516128149,10000
564,4.488363899500859,0.5787896224984057,188.2105900749777,7.732265122873301e-14,0.0645,0.1196,0.9373,0.0449,0.0,0.0005,1.646264830224506e-16,0.00417560996404803,0.002129084820636305,0.06473813897748884,0.0366,1.7622950819672132,-30.26621112426356,0.6610691088911667,10000
565,14.463117822006726,0.1725786858908587,113.3468709432226,9.569835918936088e-17,0.0238,0.0997,0.0,0.0001,0.0,0.0,9.723234243701043e-18,0.0025659334366737075,0.10160293578765986,0.1078123292720045,0.0154,1.5454545454545454,-35.69879552718708,2.0568935607850083,10000
566,1.2803674880007976,0.3790631430449576,578.3147644072226,6.03439534043e-14,0.0349,0.0626,0.9844,0.0205,0.0024,0.0,3.8875280197137114e-16,0.002865138722992344,0.006442282615571377,0.08209566541525341,0.0212,1.6462264150943395,-30.569776661915437,0.47850624214862,10000
567,12.172147604193816,0.3059690430186883,2720.968743144703,7.992638725801e-14,0.4247,0.903,0.8339,0.2073,0.0792,0.0019,8.787152762398562e-16,0.013670833192165603,0.010994057236733088,0.03218938825562892,0.1587,2.6761184625078767,-30.54834853866285,0.8172786281028375,10000
568,2.2462432944487114,0.0910062399181304,886.7728425293961,6.139421988802001e-14,0.0662,0.1169,0.9717,0.0379,0.0067,0.0008,4.894169719579206e-16,0.004224161497153655,0.007971710901296454,0.06380908605972288,0.0355,1.8647887323943662,-30.618543494740468,0.5743916120747361,10000
569,11.682817834133225,0.5945914151125539,97.59597281551484,5.4594045617111005e-17,0.0169,0.0603,0.0,0.0001,0.0,0.0,6.57398431578026e-18,0.00210757756401012,0.12041577504415289,0.12470873159823197,0.0111,1.5225225225225225,-35.718594936370984,1.9790562388599688,10000
570,11.725980600060703,0.6890880345240358,328.12554562583614,7.459859993564742e-14,0.1795,0.3026,0.8245,0.1161,0.0001,0.0007,2.8203693906691945e-16,0.007315280331787243,0.0037807269749059497,0.04075365087346654,0.0969,1.8524251805985552,-30.409484702944724,1.1184787431339371,10000
571,7.338420388193379,0.685392717166424,855.9721088404741,6.348881357768e-14,0.2871,0.4728,0.8669,0.1333,0.024,0.0009,5.024695504535408e-16,0.010494683074647071,0.007914300522229132,0.0365541033599689,0.1205,2.382572614107884,-30.61432859219299,0.7020652540043422,10000
572,12.411522672257558,0.603117030674566,62.32797805968138,2.28107858308719e-17,0.0048,0.0295,0.0,0.0,0.0,0.0,3.876025942904368e-18,0.001215665983886379,0.16992075466591736,0.2532637466429956,0.0029,1.6551724137931034,-35.89499981231112,2.1394036516155226,10000
573,11.622923776181867,0.374255256274255,132.2999512680859,1.884090026037503e-16,0.0434,0.1552,0.0049,0.0,0.0,0.0,1.4497104858274968e-17,0.0031988540552402,0.07694486281403627,0.07370631463687097,0.0286,1.5174825174825175,-35.349885272982156,2.1231895903899862,10000
574,6.462688767101174,0.6180703558227475,20.559322063209503,1.6783509400000002e-18,0.0,0.0044,0.0,0.0,0.0,0.0,5.944201226839065e-19,0.0,0.35416914813054917,,0.0,0.0,-36.36974044991635,1.7550307217349999,10000
575,5.395484707070724,0.4599708045877179,50.14986861078466,2.08626717885e-17,0.0053,0.0322,0.0,0.0,0.0,0.0,2.870569219067757e-18,0.0010522840539383923,0.13759355695995193,0.19854416112045137,0.0035,1.5142857142857142,-35.69325587442363,1.7143266238228017,10000
576,8.074378333520997,0.1314149964234963,163.72300359126672,5.5881775832334903e-14,0.0593,0.1388,0.9172,0.0437,0.0,0.0002,1.36635988945606e-16,0.004354336576873964,0.002445090316305665,0.0734289473334564,0.0333,1.7807807807807807,-30.62298968161219,0.9226860727424444,10000
577,10.38885844647758,0.6823834706495125,3676.925028116577,9.584994371704e-14,0.6637,1.3968,0.8064,0.2573,0.1316,0.0045,1.1209063802245169e-15,0.01862135619364629,0.011694387463946361,0.028056887439575545,0.1921,3.454971369078605,-30.448007071258882,0.9052126217202688,10000
578,10.586578317566566,0.3538518349431523,370.0228890226594,6.903084914630943e-14,0.1231,0.2467,0.8822,0.1011,0.0007,0.0003,2.9641958552140404e-16,0.005993182028195232,0.00429401621430368,0.04868547545243893,0.0667,1.8455772113943028,-30.436622617634058,0.8107578064809613,10000
579,14.428651368622642,0.4911520633810845,34.075439037370906,2.7163654063000003e-18,0.0001,0.0061,0.0,0.0,0.0,0.0,7.624837756214442e-19,0.0001,0.2807000022357206,1.0,0.0001,1.0,-36.12511279900507,2.0259177267444737,10000
580,13.149706802398711,0.5757589850575418,4206.739658151516,1.06606946148523e-13,0.7023,1.6377,0.7848,0.2933,0.1789,0.0051,1.2433673492249223e-15,0.019100365268636604,0.01166309883309746,0.02719687493754322,0.2086,3.3667305848513904,-30.38311989220154,0.9767444410543479,10000
581,14.291053857256228,0.0038686587893078,39.33044672766551,3.625419173e-18,0.0002,0.0114,0.0,0.0,0.0,0.0,8.897669440813216e-19,0.00014141428428549922,0.2454245706835185,0.707071421427496,0.0002,1.0,-36.47957200797419,1.6163217556061487,10000
582,7.582389382588179,0.1061519139712754,23.93578814967969,2.62382064e-18,0.0,0.0051,0.0,0.0,0.0,0.0,6.591613651040226e-19,0.0,0.2512219604705993,,0.0,0.0,-35.25484548057217,1.2659113174602523,10000
583,7.053137699082847,0.5485011283676849,112.0977588855242,2.0955760950755436e-15,0.0393,0.1408,0.2385,0.0006,0.0,0.0,4.106694096979206e-17,0.0031994647454638013,0.01959696957142071,0.08141131667846822,0.0239,1.6443514644351465,-33.317845046426505,1.7570327469999014,10000
584,8.729044785513198,0.6949545155600976,84.19782496836184,5.57447742111443e-17,0.0173,0.0631,0.0,0.0,0.0,0.0,6.169869807575012e-18,0.0023282210078311148,0.1106806852280972,0.1345792490075789,0.0098,1.7653061224489797,-35.722674645641675,2.0979725483874745,10000
585,12.623932979896416,0.1506675205933566,2023.276827050612,7.472704302275e-14,0.3641,0.7886,0.8356,0.1943,0.0623,0.0019,7.698315240347783e-16,0.01148504721936149,0.01030191337559563,0.03154366168459624,0.1536,2.3704427083333335,-30.57902837659826,0.7978824037929484,10000
586,6.964906334915451,0.3449031144969669,354.27105767088904,7.01835037836209e-14,0.0861,0.1753,0.9245,0.0752,0.0002,0.0001,2.8288923262328406e-16,0.005514682236722004,0.004030708319941465,0.06404973561814174,0.0444,1.9391891891891893,-30.375673125845232,0.5708188744545012,10000
587,4.69442140939776,0.2024345063237156,69.15442859600846,3.9622808144893e-17,0.0066,0.0608,0.0,0.0,0.0,0.0,4.430842536474443e-18,0.0010750625916464565,0.11182555563128445,0.16288827146158433,0.0049,1.346938775510204,-35.700978164077256,1.883457131343414,10000
588,14.541545634119052,0.2678333912173804,109.65295854408907,8.0815780593783e-17,0.0185,0.0756,0.0,0.0001,0.0,0.0,9.758100125314701e-18,0.0021531926583244674,0.12074498388332555,0.11638879234186311,0.0126,1.4682539682539681,-35.799275638883444,2.355269355917896,10000
589,8.111308794955221,0.2444714803622226,5947.651191942753,1.2388029015841e-13,0.3772,0.8237,0.8907,0.1632,0.1688,0.0112,1.6038156059418282e-15,0.013504453081309977,0.012946495393988617,0.03580183743719506,0.1285,2.935408560311284,-30.333306721801456,1.030672481893785,10000
590,7.6305844246437315,0.4989719386378676,1806.084959542377,7.151426594343999e-14,0.3063,0.6044,0.8806,0.1438,0.0454,0.0015,7.184431740735978e-16,0.01123657675031442,0.010046151835520597,0.03668487349106895,0.1212,2.527227722772277,-30.59253934776727,0.7446880798199514,10000
591,14.833099699343595,0.1877687151537097,453.89536697763486,6.33561873054837e-14,0.1471,0.3365,0.8548,0.125,0.0023,0.0004,3.436384682998748e-16,0.006486167284044072,0.005423913321092977,0.04409359132592843,0.0821,1.7917174177831912,-30.553264109990952,0.850611351606637,10000
592,2.5986810028582275,0.0875245500491636,45.63603161828848,1.7864066720000003e-17,0.0027,0.0297,0.0,0.0,0.0,0.0,2.5691913608862865e-18,0.000591021091495946,0.14381895237829062,0.21889670055405405,0.0024,1.125,-35.64460666139952,1.632380962704288,10000
593,12.36363524377713,0.4917874667509539,892.0862726649342,6.3900033480609e-14,0.3447,0.6373,0.8087,0.1834,0.0326,0.0013,5.103515865623701e-16,0.010761959532413126,0.007986718609736576,0.031221234500763344,0.1586,2.173392181588903,-30.633493322794145,0.8378525861269347,10000
594,5.328233431374198,0.572061685278376,77.53669682889553,6.167553116689999e-17,0.0177,0.0751,0.0,0.0,0.0,0.0,5.780143553404494e-18,0.002226918704553821,0.093718585702373,0.12581461607648706,0.0099,1.7878787878787878,-35.39054921682425,1.8259532372516256,10000
595,14.142807345250125,0.2079792393953877,64.06604290766734,1.7154187283937503e-17,0.0032,0.0279,0.0,0.0,0.0,0.0,3.179373315734603e-18,0.0011131486468531505,0.18534094697168438,0.3478589521416095,0.0017,1.8823529411764706,-36.04504149565565,2.0449603693903926,10000
596,6.844006843447213,0.4997637191554349,3299.6657675243323,8.316656341668237e-14,0.3575,0.7149,0.8893,0.1518,0.0674,0.003,9.762435845122962e-16,0.013245637760861845,0.011738414386814397,0.03705073499541775,0.122,2.930327868852459,-30.54622786235826,0.8429080998340013,10000
597,7.194461788980462,0.633632242896714,183.0721142410792,6.039401412437108e-14,0.0921,0.1739,0.8925,0.0499,0.0,0.0,1.7144112634451488e-16,0.005175368338944038,0.0028387105714063215,0.056192924418502044,0.0512,1.798828125,-30.568659164999513,0.9750783059126872,10000
598,13.53550856485449,0.2863956577026008,6559.373068664011,1.34967164159846e-13,0.5828,1.5627,0.8184,0.2649,0.2835,0.012,1.6748258401254845e-15,0.016614512337171386,0.012409135589023223,0.02850808568492002,0.1856,3.1400862068965516,-30.257524879046727,1.0779505005592525,10000
599,6.0746282149374045,0.3646746667266609,3603.763447190585,8.60947659107e-14,0.2985,0.596,0.9077,0.1333,0.0633,0.0023,1.0418077256670536e-15,0.01157381399181064,0.012100709196975422,0.03877324620372074,0.11,2.713636363636364,-30.530892498245347,0.8430092463894575,10000
600,5.212970203037958,0.0851090116941667,3497.2754593120435,8.19956505419e-14,0.2114,0.4205,0.9351,0.094,0.0452,0.0027,9.922611192657954e-16,0.00930159427010212,0.012101387240762816,0.04399997289546887,0.085,2.4870588235294115,-30.564411303996874,0.8202536952911574,10000
601,1.9641936222838567,0.1630184498336892,21.117126608329865,2.22218496e-18,0.0,0.0052,0.0,0.0,0.0,0.0,6.815535894262434e-19,0.0,0.3067042580588087,,0.0,0.0,-35.76595226104657,1.5387419072153383,10000
602,10.239308674841109,0.1645248085402067,36.40675152363112,3.6647653316468e-18,0.0005,0.0118,0.0,0.0,0.0,0.0,7.514187659307907e-19,0.00041230086005236504,0.20503871269518176,0.8246017201047301,0.0002,2.5,-36.49699246530849,2.2327639101003816,10000
603,13.356524026152664,0.5309628949669813,224.4492066893779,6.090007526610081e-14,0.1252,0.2442,0.8198,0.0724,0.0,0.0001,2.3660552438651523e-16,0.0059241881807181014,0.0038851433820512606,0.04731779697059186,0.0734,1.7057220708446867,-30.684369891952546,1.403049507991709,10000
604,6.9757328744413245,0.5010893710307404,152.17401530479404,4.5292273304690674e-14,0.0646,0.1416,0.9004,0.0373,0.0,0.0,1.28501230883969e-16,0.004174257591793332,0.0028371556892168807,0.06461699058503609,0.0398,1.6231155778894473,-30.854734772428916,0.9473806045627527,10000
605,3.150905882666432,0.0757118032135805,662.3002028046292,6.064354085284e-14,0.0743,0.1318,0.9647,0.0443,0.007,0.0006,4.1924266815441677e-16,0.004715949004972568,0.006913228717494704,0.06347172281255138,0.0384,1.9348958333333333,-30.590553210239207,0.5420134816212709,10000
606,8.41534085389606,0.5074441309516227,4112.861252168432,9.837039565114999e-14,0.4542,0.9813,0.8665,0.1936,0.1118,0.0035,1.2135837788366919e-15,0.015493683920363885,0.012336880123369766,0.03411202976742379,0.1466,3.098226466575716,-30.455418876076745,0.9263501724853407,10000
607,12.12074308257348,0.6843532931488827,1073.4850636080712,6.600922804320618e-14,0.4366,0.7753,0.7856,0.1968,0.0406,0.0019,5.658841389362418e-16,0.012528117950192574,0.008572803465688823,0.028694727325223487,0.1841,2.371537208039109,-30.633678520162785,0.8815608194596045,10000
608,2.2904498587185547,0.362099803176773,9182.66255480488,1.2494789635400002e-13,0.1388,0.304,0.9642,0.0634,0.0852,0.0078,1.7678486552784134e-15,0.007252497216241255,0.014148686827585941,0.05225142086629146,0.0564,2.4609929078014185,-30.371809909968054,1.0306721042682685,10000
609,7.239505145167411,0.6865032136740224,540.7704935272806,6.175704774872807e-14,0.1933,0.3456,0.8735,0.1158,0.0065,0.0006,3.842458679520814e-16,0.007771714801451189,0.006221895021851902,0.040205456810404494,0.0963,2.007268951194185,-30.580282654485938,0.7316152477480952,10000
610,11.392962341676183,0.5623509733386837,20.945891380410277,1.7269753899999999e-18,0.0002,0.003,0.0,0.0,0.0,0.0,6.333208165452702e-19,0.00020000000000000004,0.3667225486897473,1.0000000000000002,0.0001,2.0,-35.8223224228365,1.8315705355330598,10000
611,5.72097841198366,0.4665654391426906,255.74645642525883,9.287215928808069e-14,0.0735,0.1484,0.9313,0.0612,0.0,0.0001,1.950599524309578e-16,0.00445553141342507,0.0021003059897196984,0.06061947501258599,0.0409,1.7970660146699267,-30.071158758074194,0.5964041970593454,10000
612,5.573328030793583,0.653131758691533,652.3212327549152,6.21497840473581e-14,0.179,0.311,0.9054,0.0962,0.0114,0.0007,4.334475892722839e-16,0.007433802939452609,0.006974241277202139,0.041529625360070446,0.0856,2.0911214953271027,-30.588569250414068,0.6513898778289439,10000
613,12.9958209798672,0.2365849970923586,28.500995803137798,3.547415343000001e-18,0.0001,0.0076,0.0,0.0,0.0,0.0,8.984900243970586e-19,0.00010000000000000002,0.2532801878330993,1.0000000000000002,0.0001,1.0,-35.996976870882925,1.8870668969221982,10000
614,3.537226690829474,0.2062941644004431,32.03799062770743,9.220823186e-18,0.0005,0.0149,0.0,0.0,0.0,0.0,1.6413038035170649e-18,0.000331641370458904,0.1779997046260534,0.6632827409178079,0.0003,1.6666666666666667,-35.700943639306786,1.6928464197889046,10000
615,14.21015136730149,0.0777810887643234,1447.8276866850233,6.85359641332071e-14,0.3162,0.691,0.8271,0.1846,0.0489,0.0015,6.411484275006088e-16,0.009862630640367447,0.00935491950262007,0.031191115244678835,0.1519,2.0816326530612246,-30.615772913629595,0.8009321724619032,10000
616,12.214818919766335,0.223178833242257,30.587123861397952,2.6092143065925e-18,0.0002,0.0051,0.0,0.0,0.0,0.0,8.091905465242456e-19,0.0002,0.3101280506088467,1.0,0.0001,2.0,-36.511710483177936,2.786064798445554,10000
617,12.751545942706134,0.687633235496987,17.558516243425913,4.1202316899999998e-19,0.0,0.002,0.0,0.0,0.0,0.0,1.6981390681580977e-19,0.0,0.41214649949893906,,0.0,0.0,-36.45519968030455,1.7052464353716419,10000
618,3.577402518213588,0.3173338799815544,5242.6650116437595,1.0513160887180001e-13,0.178,0.3669,0.9466,0.0856,0.071,0.0065,1.4257998006650412e-15,0.008180360128330715,0.01356204680938247,0.04595707937264447,0.0718,2.479108635097493,-30.45828640366252,0.9562021314329586,10000
619,14.941322337473409,0.2644831312261917,1298.5965876569758,6.7970271006106e-14,0.3745,0.7377,0.8006,0.2047,0.0556,0.0014,6.112025992142994e-16,0.011283514823434988,0.00899220482965844,0.030129545589946564,0.1709,2.1913399648917498,-30.603275842134394,0.7691120094364556,10000
620,7.947897182412298,0.4680696894891985,5420.251569011037,1.1535752798567e-13,0.4311,0.9355,0.8752,0.1841,0.1596,0.0084,1.4799468555173635e-15,0.014578975740886782,0.01282921783571165,0.03381808337018507,0.1387,3.1081470800288393,-30.37298417712231,0.9980674701555516,10000
621,1.2750834498406185,0.5317017873018764,6641.712294477252,1.1312839729709998e-13,0.0701,0.1685,0.9788,0.0396,0.0388,0.0062,1.5912709673680448e-15,0.00467127189083528,0.014066061266553775,0.06663725949836348,0.0331,2.117824773413897,-30.437433298821176,0.9912038916895225,10000
622,11.407292621054433,0.4712381983739129,17.658057087788286,1.4473760500000003e-18,0.0,0.0015,0.0,0.0,0.0,0.0,7.19159364580402e-19,0.0,0.49687112383848125,,0.0,0.0,-35.0787930120441,1.7876487976861093,10000
623,2.868226854156492,0.4781918390309039,11.094823096042884,4.9392230000000004e-20,0.0,0.0002,0.0,0.0,0.0,0.0,4.3640414676189466e-20,0.0,0.8835481750103096,,0.0,0.0,-36.349337192150415,1.373508561021904,10000
624,4.8268008697192215,0.0574069782081969,230.24371624832224,1.0327421571944e-13,0.054,0.106,0.9564,0.0411,0.0,0.0003,1.983181413252445e-16,0.003910233879565171,0.0019203064379980932,0.07241173851046612,0.0301,1.7940199335548173,-29.94857156299936,0.4661295394576685,10000
625,8.141881148781604,0.4254744057663293,2485.1825748898627,7.804769802459999e-14,0.3888,0.7612,0.8711,0.1723,0.0606,0.0023,8.412609291624153e-16,0.013471510834365092,0.010778805146786734,0.03464894761925178,0.1336,2.910179640718563,-30.55846728789902,0.7951680917358643,10000
626,2.684225360148755,0.1476716372252043,35.56223064806938,1.0195911817e-17,0.0003,0.0175,0.0,0.0,0.0,0.0,1.62210592576272e-18,0.00017318775765030273,0.1590937578587259,0.5772925255010092,0.0003,1.0,-35.61758659326302,1.6699965444947762,10000
627,1.2460577440541143,0.2102761159227712,867.9638782795465,6.163244443262e-14,0.0414,0.0701,0.9848,0.0194,0.0043,0.0005,4.928540996748357e-16,0.0032418598004072523,0.007996666434570044,0.07830579228036842,0.0233,1.7768240343347639,-30.61386786380533,0.5671241270932763,10000
628,4.431553534019535,0.5724456840680917,378.22092120621073,6.7329017489842e-14,0.0833,0.1619,0.9361,0.0663,0.0007,0.0002,2.9970841501080417e-16,0.004812320317963494,0.004451400394429066,0.05777095219644051,0.0448,1.859375,-30.423750950254007,0.5358635855858537,10000
629,14.876905352706398,0.3258030902565033,1156.3982754288943,6.720051109823495e-14,0.3663,0.7279,0.7959,0.2017,0.0462,0.0021,5.89159098138443e-16,0.010962866844258599,0.008767181804275258,0.029928656413482385,0.1715,2.1358600583090377,-30.616878997426856,0.8380366700759326,10000
630,1.8378732339921733,0.5269789741533228,10.541248165348058,5.2281200000000006e-20,0.0,0.0002,0.0,0.0,0.0,0.0,5.228120000000001e-20,0.0,1.0000000000000002,,0.0,0.0,-35.187309739077946,,10000
631,9.885135877226716,0.6088523646532427,196.6282876620816,5.6374952845623974e-14,0.1108,0.2101,0.8567,0.0569,0.0,0.0004,1.9104685199718863e-16,0.005629876157657028,0.0033888605196770176,0.0508111566575544,0.0649,1.7072419106317411,-30.703026038923014,1.2006965577629267,10000
632,5.436545186630827,0.6905383188477058,4918.923931044137,1.05254837579e-13,0.3769,0.8357,0.8899,0.1691,0.1216,0.0086,1.3587675002864258e-15,0.013200835776818099,0.012909311643434822,0.03502476990400132,0.1277,2.951448707909162,-30.430158449643315,0.9522327731987291,10000
633,12.88082060676749,0.0076618605942859,1047.0237983301645,6.523190520826e-14,0.2602,0.5644,0.8474,0.1599,0.0385,0.0005,5.5425307324094e-16,0.008966472871958982,0.00849665622169744,0.03445992648715981,0.1315,1.9787072243346007,-30.616280076560972,0.7525746819096496,10000
634,5.724077940277397,0.0675941480110132,1039.4099438616215,6.4661980663414e-14,0.1539,0.2943,0.9291,0.0818,0.0224,0.0005,5.591551454311279e-16,0.006722053079213222,0.008647355674762063,0.0436780576946928,0.0756,2.0357142857142856,-30.611976286107303,0.6638897382934199,10000
635,5.979849578405233,0.0651266692900917,2258.6888382513634,7.176028041691e-14,0.203,0.4134,0.9294,0.0932,0.0347,0.0012,7.810942116726161e-16,0.009100955045393523,0.01088477089463205,0.0448322908640075,0.0832,2.4399038461538463,-30.619061312584417,0.7567705482354935,10000
636,1.3191743123313526,0.1036499088404484,389.02540782322,6.526678265304e-14,0.022,0.0426,0.988,0.0172,0.0003,0.0002,3.0404024854691305e-16,0.00222083164812665,0.004658422495914948,0.10094689309666591,0.0132,1.6666666666666667,-30.43702141058393,0.38706378282567183,10000
637,8.091666361026826,0.4209781780452288,3168.845116917272,8.2429313616463e-14,0.3688,0.7432,0.8782,0.1616,0.0706,0.0021,9.498387637308647e-16,0.013239191199554518,0.01152307015621152,0.03589802385996344,0.1294,2.8500772797527048,-30.547806475678204,0.8488419088666666,10000
638,8.801266297269683,0.6667720311221156,725.5711858155155,6.169132620616448e-14,0.2663,0.484,0.8467,0.1424,0.0195,0.0011,4.463993949298884e-16,0.009453431532347059,0.007236015537063979,0.0354991796182766,0.1229,2.1668022782750205,-30.619995525265853,0.7440342568816348,10000
639,12.230568376325696,0.0067202674893293,2399.350546291588,7.809801128102e-14,0.3419,0.8052,0.8473,0.1858,0.0688,0.0014,8.306436591967036e-16,0.011131614001708302,0.010635913073481466,0.03255809886431209,0.1467,2.330606680299932,-30.55622244751671,0.8120050978728036,10000
640,14.27672207303249,0.3297932064410001,78.53179679960937,2.4943963239508362e-17,0.0051,0.0352,0.0,0.0,0.0,0.0,4.037113943916155e-18,0.0010897328809277883,0.16184733376778843,0.21367311390740945,0.0032,1.59375,-35.97142972126945,2.295978019464798,10000
641,4.841976447925777,0.2537619392500851,149.24784653367746,5.847775133706609e-14,0.0408,0.1001,0.9441,0.0341,0.0,0.0001,1.144517795286733e-16,0.00341389828057999,0.001957185030405369,0.08367397746519582,0.0253,1.6126482213438735,-30.526421563207528,0.5883131225993297,10000
642,3.507379350060059,0.3776680089710688,831.6931496878098,6.213510798378e-14,0.1132,0.2028,0.9489,0.0598,0.0097,0.0003,4.879671489682857e-16,0.005824256879364069,0.007853324228480727,0.051451032503216164,0.0555,2.0396396396396397,-30.606191487800377,0.5962353600456388,10000
643,2.2652343338767444,0.5942327956126566,5306.14595411305,1.0178471738439999e-13,0.1484,0.2875,0.9583,0.0695,0.0617,0.0064,1.3876484388721461e-15,0.008011501882683522,0.013633170819068598,0.05398586174315042,0.0569,2.6080843585237257,-30.47655373567836,0.9336199566592984,10000
644,14.82475128126504,0.1097550907993587,278.3406187627646,9.70823418313443e-14,0.1051,0.2717,0.8578,0.0976,0.0,0.0002,3.036321823407432e-16,0.005581085364997129,0.0031275737339363564,0.05310262002851693,0.0616,1.7061688311688312,-30.126351754671756,1.0524643815010735,10000
645,10.08970722150265,0.6918449895261312,70.27375951207591,2.4543481784261002e-17,0.0066,0.0389,0.0,0.0,0.0,0.0,2.7890987827993726e-18,0.0011643794819378244,0.11363908378264155,0.1764211336269431,0.0046,1.434782608695652,-35.75559967143272,1.8486940194175654,10000
646,6.280374716971112,0.5707134758184313,111.05875979688189,9.160480213142094e-15,0.0362,0.1257,0.7275,0.0034,0.0,0.0001,6.68518027849774e-17,0.0029068541380843325,0.007297849155229698,0.08029983806862796,0.0229,1.5807860262008733,-32.391688039085025,1.1723500141581786,10000
647,8.229087652250495,0.2840068325177744,51.00898314535984,1.8171998557271604e-17,0.0028,0.0308,0.0,0.0,0.0,0.0,2.3024148605249332e-18,0.0007206024748727132,0.126701246055493,0.2573580267402547,0.0019,1.4736842105263157,-35.700516670938775,1.9581872343922688,10000
648,10.036305454934954,0.5801013462212562,205.87200936093552,6.210727514951423e-14,0.1092,0.2212,0.8546,0.0639,0.0,0.0002,2.1044154028137916e-16,0.005445227364408671,0.0033883557083251806,0.049864719454291856,0.0627,1.7416267942583732,-30.593813548380876,1.1330423952685102,10000
649,14.627323986121374,0.5301249982190515,113.80204729032148,7.689485375539734e-17,0.0216,0.075,0.0,0.0,0.0,0.0,8.434844108413049e-18,0.002339634883724149,0.10969321998120059,0.10831642980204394,0.0141,1.5319148936170213,-35.91218437324369,2.5580863294416427,10000
650,10.548448664625912,0.2911943757972592,9828.199452048451,1.5663012157869999e-13,0.5279,1.4851,0.8506,0.2287,0.3479,0.0112,2.041979511659154e-15,0.016357533918399468,0.01303695286115925,0.03098604644515906,0.1637,3.224801466096518,-30.188435001953362,1.136241860918153,10000
651,9.904278118656014,0.4153772456312183,6310.424567075676,1.310832058253577e-13,0.4877,1.2553,0.8552,0.214,0.2278,0.0093,1.675801580942943e-15,0.015050831330939006,0.012784258444026883,0.03086083930887637,0.1592,3.0634422110552766,-30.293184790972226,1.0779298005441467,10000
652,14.322863647280156,0.1609635271347201,15.007225958423785,1.189084812e-18,0.0,0.0016,0.0,0.0,0.0,0.0,5.870098936248501e-19,0.0,0.49366528585754915,,0.0,0.0,-35.33767870017811,2.13202426357712,10000
653,3.6076042696124486,0.696913122852712,94.87799376545968,1.8962736564120803e-14,0.031,0.092,0.9253,0.008,0.0,0.0001,5.492418335619945e-17,0.0026085590769706186,0.002896427062121452,0.08414706699905221,0.0212,1.4622641509433962,-31.706804573427014,0.8699319459629192,10000
654,4.065329474885802,0.0260616627697598,13.88418717861346,4.3967223e-19,0.0,0.001,0.0,0.0,0.0,0.0,2.880355811364382e-19,0.0,0.6551143362782731,,0.0,0.0,-35.3393618219831,1.398450107067869,10000
655,4.86329983846472,0.3809261023087128,329.83902889505475,7.24267006087e-14,0.0765,0.1383,0.9425,0.0609,0.0003,0.0002,2.682969638988626e-16,0.004804902049820666,0.003704393015890529,0.06280917712183877,0.0407,1.8796068796068797,-30.326696020036163,0.47562396200245266,10000
656,14.3422569590094,0.1943620791625067,49.816770683016365,6.820593035396e-18,0.0008,0.0167,0.0,0.0,0.0,0.0,1.2026611730451997e-18,0.00034633509033807125,0.176327947849094,0.432918862922589,0.0006,1.3333333333333333,-36.17337012403682,2.053389661421877,10000
657,14.692285053218562,0.1802578752452055,2164.023750413652,7.7655616372666e-14,0.4106,0.9292,0.81,0.2182,0.0711,0.0022,8.066156758816288e-16,0.012324607644682226,0.010387087419546252,0.030016092656313262,0.1716,2.3927738927738926,-30.551569048904653,0.8185993259890703,10000
658,3.6023684643951586,0.134297529523639,146.91703512246528,6.321399721795001e-14,0.0329,0.0772,0.9634,0.0263,0.0,0.0002,1.0204794421755118e-16,0.0029635514612920714,0.001614325129064517,0.09007755201495658,0.0198,1.6616161616161615,-30.430423163526353,0.4498212954933813,10000
659,6.796536028263732,0.6613907317053114,5515.304724324875,1.1931650229258e-13,0.4649,1.0505,0.8707,0.1951,0.1699,0.008,1.515125851071555e-15,0.015329067063252837,0.012698376351632098,0.03297282655033951,0.1472,3.1582880434782608,-30.347207193987792,1.0132314701114926,10000
660,9.10264409608809,0.6685568397559288,1996.625234310868,7.537550856244e-14,0.5089,0.9231,0.8283,0.2043,0.0593,0.0027,7.687844180018358e-16,0.01565364438903177,0.01019939278240472,0.030759764961744488,0.1714,2.969078179696616,-30.568020783417488,0.800551952339503,10000
661,6.9617441370855095,0.6189779583810963,10.474822177152724,2.592768e-19,0.0,0.0004,0.0,0.0,0.0,0.0,1.8743266983044911e-19,0.0,0.7229056738992811,,0.0,0.0,-35.04941499178151,1.11879127470341,10000
662,1.9029263225812876,0.3678766342577266,2704.116354371428,6.9954109763e-14,0.0968,0.1788,0.9692,0.0443,0.0176,0.0007,7.995074062018903e-16,0.005548518235120125,0.011429026956537216,0.0573194032553732,0.0457,2.1181619256017505,-30.649822773056158,0.7346778481098719,10000
663,5.478594415985732,0.3186920789310063,28.618812519509657,5.57687634e-18,0.0004,0.0096,0.0,0.0,0.0,0.0,1.2465578256198988e-18,0.0004000000000000001,0.22352258677119938,1.0000000000000002,0.0001,4.0,-35.50868209874471,1.6897291891347368,10000
664,11.114162464487675,0.5917000859105621,1352.22633210682,6.93613387487069e-14,0.4334,0.7816,0.8098,0.1987,0.0497,0.0018,6.379633581881216e-16,0.01269852626318998,0.009197679423395142,0.02929978371755879,0.1754,2.4709236031927024,-30.60231096848104,0.8094740180946529,10000
665,3.344964806989989,0.3069336095464728,21.643620293296298,3.35908636e-18,0.0,0.0052,0.0,0.0,0.0,0.0,9.754877979265207e-19,0.0,0.29040271472107093,,0.0,0.0,-35.5739302860224,1.6470934433488098,10000
666,1.1227734722606282,0.4300239664409445,23.78562327325604,6.252494092e-18,0.0001,0.0108,0.0,0.0,0.0,0.0,1.3610117462345962e-18,0.00010000000000000002,0.2176750151553116,1.0000000000000002,0.0001,1.0,-35.477721918441176,1.8000190174806405,10000
667,2.619833698073325,0.6071552782579385,606.3151370601843,5.984491598556001e-14,0.084,0.1539,0.9517,0.056,0.0056,0.0008,3.8490804389535155e-16,0.004621313195788114,0.006431758446920137,0.05501563328319183,0.0471,1.78343949044586,-30.58399523475976,0.5120522759829561,10000
668,1.5775849439236873,0.3225202899388274,901.615708438632,6.107714982050001e-14,0.0671,0.1106,0.974,0.0337,0.0071,0.0005,4.990882162996635e-16,0.004465619013677447,0.008171439200526494,0.06655169916061768,0.0354,1.8954802259887005,-30.62718666972587,0.5681222947881739,10000
669,12.273344702965584,0.3153954112708739,1934.750342129671,7.408856628683e-14,0.4059,0.8474,0.8248,0.2026,0.0651,0.0023,7.378431692649813e-16,0.012496805032231294,0.009958934370635008,0.030787891185590773,0.1623,2.500924214417745,-30.571957016560756,0.786218546952481,10000
670,5.3022245232705245,0.4851995895763735,3645.1921372348593,8.624486699533299e-14,0.2917,0.5598,0.9143,0.1255,0.0647,0.0034,1.0484776542524411e-15,0.011692509674071165,0.012156986157902915,0.04008402356555079,0.1024,2.8486328125,-30.533458335570803,0.8499470154812697,10000
671,11.206549943990238,0.1267399682397359,880.9601164703355,6.423193201195e-14,0.2347,0.4764,0.8616,0.1444,0.0298,0.0006,5.107152039264927e-16,0.008792571974808806,0.007951110731520217,0.03746302503114106,0.1135,2.06784140969163,-30.60480968805265,0.7176198323811112,10000
672,10.246723394261712,0.6859850463249568,190.88474748940413,4.645662222511695e-14,0.1288,0.2308,0.8359,0.0507,0.0,0.0001,1.7695638186013493e-16,0.00599204860332812,0.0038090668969140594,0.04652211648546677,0.0718,1.7938718662952646,-30.950209299279923,1.353988521949703,10000
673,14.231178631973098,0.1140293770005879,157.68219833663545,2.1624646740519765e-14,0.056,0.1888,0.8322,0.0195,0.0,0.0,9.524431749404333e-17,0.0038558898828517994,0.004404433452111693,0.06885517647949642,0.0361,1.551246537396122,-31.6842545670375,1.3618366811466043,10000
674,6.375871411350589,0.0199507960176535,144.2403957737167,5.197322710050809e-14,0.0443,0.1081,0.9386,0.0342,0.0,0.0004,1.0731302348122159e-16,0.003384508308403004,0.0020647750672417356,0.07639973608133192,0.0259,1.7104247104247103,-30.655401115968303,0.7117206832366932,10000
675,10.254988661574428,0.167621858807539,574.4395386197244,6.2192594433241e-14,0.1605,0.3331,0.882,0.1143,0.0102,0.0009,4.05293293167149e-16,0.006679703349976283,0.00651674523085221,0.04161808940795192,0.0877,1.830102622576967,-30.580336464667933,0.7086323755854044,10000
676,9.469715882323705,0.3305896927235269,10.231901183643012,5.7478578e-19,0.0,0.0005,0.0,0.0,0.0,0.0,3.5800505352790005e-19,0.0,0.6228495310512032,,0.0,0.0,-34.79086300879366,1.655097601040966,10000
677,12.811192088482768,0.5239057454122805,56.38420218932112,1.4528355468156002e-17,0.0032,0.0219,0.0,0.0,0.0,0.0,2.9051556916300895e-18,0.0007204359116467468,0.19996452440868198,0.22513622238960834,0.0024,1.3333333333333333,-36.095542112077325,2.283652703376882,10000
678,7.4017306509473775,0.1769680170693639,1330.807352152789,6.518786549029e-14,0.22,0.4005,0.9,0.1142,0.0324,0.0013,6.04416181470023e-16,0.008731988591522338,0.009271912447571294,0.039690857234192446,0.0998,2.2044088176352705,-30.633868560827494,0.6957013816220684,10000
679,14.747792157674125,0.497652692710688,755.9138660538872,6.216958012329134e-14,0.3371,0.6452,0.7901,0.1811,0.0256,0.0011,4.614942061287881e-16,0.010793424331549284,0.007423151406420598,0.03201846434752086,0.1573,2.1430387794024157,-30.642164486787742,0.859685845278488,10000
680,3.181341795839268,0.4793658073937304,437.25550901951766,6.3465270260231e-14,0.0588,0.1236,0.9556,0.055,0.0011,0.0008,3.3213650734376866e-16,0.003851719041409614,0.005233358433390208,0.06550542587431317,0.0332,1.7710843373493976,-30.4885648391986,0.483263339895188,10000
681,3.875327815432136,0.0359421977547015,292.358219138176,7.722775723047e-14,0.0472,0.1041,0.9646,0.0404,0.0001,0.0001,2.2952958446583633e-16,0.0036439736352484,0.0029721125240093865,0.07720283125526271,0.0258,1.8294573643410852,-30.24519318213849,0.41994895628086654,10000
682,5.681180580897081,0.4276780723657968,14.645577911725226,8.553001720000001e-19,0.0,0.0016,0.0,0.0,0.0,0.0,4.308989543474073e-19,0.0,0.50379851244483,,0.0,0.0,-35.71343575043052,2.2276274768585242,10000
683,4.0768613322493445,0.4265390978577136,591.5174201370006,6.207041883607001e-14,0.1087,0.1904,0.9397,0.0681,0.007,0.0006,4.1557789467767895e-16,0.005831966407929518,0.006695264869651253,0.05365194487515656,0.0555,1.9585585585585585,-30.563014634626096,0.5644959686991357,10000
684,1.5837765926391056,0.4970734278431981,9802.846393410868,1.2630229785850002e-13,0.1009,0.2489,0.9731,0.0535,0.0707,0.007,1.7780100662192234e-15,0.006072528843954227,0.014077416613680121,0.060183635718079546,0.041,2.4609756097560975,-30.362657795685493,1.0362760184187099,10000
685,11.43018854730762,0.3192102453186322,16.25736836840434,1.0441594100000002e-18,0.0,0.0016,0.0,0.0,0.0,0.0,5.132985321791437e-19,0.0,0.49159019902827256,,0.0,0.0,-35.545000347834694,1.7274742523006685,10000
686,10.9387780677533,0.3635091966372223,105.22263344802693,7.67414334929776e-17,0.021,0.0925,0.0,0.0,0.0,0.0,7.750411805387896e-18,0.0024034303917036533,0.10099383674005928,0.11444906627160253,0.013,1.6153846153846154,-35.80752698668312,2.095558035278966,10000
687,10.1628524454761,0.4818314368436031,186.13095107409745,5.301170909645901e-14,0.0904,0.1874,0.8675,0.0518,0.0,0.0003,1.7237942543325847e-16,0.004872900421294446,0.003251723597886656,0.0539037657222837,0.0544,1.661764705882353,-30.748959051209678,1.191889107100007,10000
688,8.36937921887486,0.2235659507576832,143.5473481930098,3.8891915108328855e-14,0.0541,0.1373,0.9014,0.0334,0.0,0.0002,1.1144260233528527e-16,0.00389086531292055,0.00286544393673788,0.0719198763940952,0.0318,1.70125786163522,-30.99853916873623,0.9618064497442926,10000
689,10.90293607191651,0.3526792100359558,47.53252765189912,8.339994404000001e-18,0.0006,0.0189,0.0,0.0,0.0,0.0,1.3460864928270936e-18,0.00024488772325231,0.16140136643035252,0.40814620542051666,0.0006,1.0,-35.94942907200398,1.6641278513349012,10000
690,11.68797771260978,0.4981908155678749,37.62192603400408,7.031808125e-18,0.0011,0.0114,0.0,0.0,0.0,0.0,1.4639655211098771e-18,0.0008185022874735659,0.2081919038582807,0.7440929886123326,0.0004,2.75,-35.80633070232965,1.7970462312519988,10000
691,3.9040155632747666,0.1780847182478594,1273.3229109261804,6.313065957453e-14,0.126,0.2311,0.9464,0.0686,0.0175,0.0014,5.744633209296768e-16,0.006289384360616193,0.009099593205603754,0.0499157488937793,0.0611,2.062193126022913,-30.647262265590335,0.6533168679522717,10000
692,12.918885747380124,0.2472463077957806,19.116007785493288,1.13260093e-18,0.0,0.0034,0.0,0.0,0.0,0.0,5.60724858839491e-19,0.0,0.4950771661819941,,0.0,0.0,-36.45719068274246,1.6824562063283568,10000
693,5.367710017066015,0.0404171424020419,168.88832681415388,6.995177027352464e-14,0.042,0.1081,0.9482,0.039,0.0,0.0002,1.2973710970037677e-16,0.003134418998514051,0.0018546651384672634,0.07462902377414406,0.0259,1.6216216216216217,-30.34321277539952,0.5791893112212696,10000
694,4.157653007269526,0.4731153833192425,7597.144283071125,1.2392591326742999e-13,0.2662,0.5684,0.9296,0.115,0.1352,0.0088,1.6876789859441661e-15,0.011069146697052133,0.013618451068439447,0.041582068734230405,0.0902,2.951219512195122,-30.359179234295752,1.0309917221298865,10000
695,4.180207562670232,0.0269008983440767,33.986174167858,7.552491851e-18,0.0004,0.0133,0.0,0.0,0.0,0.0,1.4471772047482033e-18,0.00024492855897159074,0.19161585782533316,0.6123213974289768,0.0003,1.3333333333333333,-35.85861977084897,1.8582705280933844,10000
696,2.953310316998473,0.2093156290105354,60.433452006716905,2.573346054938e-16,0.0058,0.0547,0.0806,0.0,0.0,0.0,9.0657608305713e-18,0.0011210538239387158,0.035229466371905126,0.19328514205839928,0.0041,1.4146341463414633,-34.19288069197665,1.3431361388984426,10000
697,5.8453755212889655,0.1905997563747007,2363.5910584410503,7.1701533623e-14,0.2388,0.4273,0.9214,0.1067,0.0378,0.0012,7.861308554050138e-16,0.010078075846176,0.010963933624326875,0.042202997680804016,0.0917,2.6041439476553983,-30.622764862762494,0.7551184758800737,10000
698,9.746265814737324,0.2807734298618509,1836.208702058247,7.101357063673e-14,0.3284,0.6228,0.8679,0.1521,0.0488,0.0011,7.304968948782536e-16,0.01178597619730722,0.010286722500057226,0.03588908708071625,0.1281,2.5636221701795474,-30.611759483721638,0.7701642351732689,10000
699,14.612717064576238,0.3980088289079276,238.51904790828928,7.043837300263511e-14,0.1288,0.2524,0.8311,0.081,0.0,0.0001,2.5542649071532125e-16,0.006172913938056213,0.003626240638831418,0.047926350450746995,0.0737,1.7476255088195387,-30.5018722454249,1.2502697889437198,10000
700,3.0743602985215843,0.3602056491537576,942.7273602513272,6.249893228601e-14,0.1084,0.1846,0.9546,0.0565,0.0109,0.0005,5.18137920670159e-16,0.0059151029445212895,0.008290348358257328,0.054567370336912266,0.0519,2.0886319845857417,-30.619230029437414,0.6049779022657851,10000
701,8.59792219864411,0.4579836183531429,322.5368065118672,7.454911949719171e-14,0.1148,0.2092,0.8952,0.0891,0.0001,0.0004,2.5743694815754555e-16,0.006030400697570379,0.0034532526996142896,0.052529622801135704,0.0601,1.9101497504159735,-30.32342542975965,0.7161332952494919,10000
702,3.7653398583075313,0.2888700229532738,51.67933581781672,2.59672847599e-17,0.0051,0.0385,0.0,0.0,0.0,0.0,3.4069133697460313e-18,0.0008873994296678228,0.1312002160120784,0.17399988817016132,0.004,1.275,-35.577600234725274,1.7940017708532556,10000
703,8.203813338855069,0.1224910552903733,184.89854787348975,6.794050836186985e-14,0.0687,0.1557,0.9087,0.056,0.0,0.0002,1.6940525187335115e-16,0.00473289245885671,0.0024934351531644733,0.06889217552920976,0.0382,1.7984293193717278,-30.415936489626915,0.8179562862750763,10000
704,2.641006150109236,0.3212472156044693,13.99496286854698,9.1698469e-19,0.0,0.0024,0.0,0.0,0.0,0.0,3.8249238806905655e-19,0.0,0.41711971011103416,,0.0,0.0,-35.53043355469851,1.4344951202552096,10000
705,2.092675094910428,0.30974319867035,277.920690157487,7.914258324417001e-14,0.0306,0.062,0.9787,0.0255,0.0,0.0002,2.1184107851777087e-16,0.0027544732186520217,0.002676701591407506,0.09001546466183077,0.0178,1.7191011235955056,-30.209391869466426,0.35539414947122394,10000
706,3.9016563385462346,0.2117545504908028,1168.0251325890808,6.228897915690999e-14,0.1271,0.2246,0.9486,0.0593,0.0171,0.0005,5.445757816778939e-16,0.0062095422408970005,0.008742730881912063,0.04885556444450827,0.062,2.05,-30.643500844301126,0.6286399657405009,10000
707,3.5570271066713546,0.6308029677543096,7304.8973334146285,1.238406145725e-13,0.2292,0.5326,0.9334,0.1122,0.1267,0.0094,1.6962507814043043e-15,0.009815109252421173,0.013697047509492683,0.0428233387976491,0.0836,2.7416267942583734,-30.362404490476823,1.031148371882451,10000
708,3.0684662046772777,0.3922869217225672,33.831556931276964,7.6129849725e-18,0.0001,0.016,0.0,0.0,0.0,0.0,1.3739689995687736e-18,0.00010000000000000002,0.180477040810128,1.0000000000000002,0.0001,1.0,-35.76291860319762,1.7995302234744766,10000
709,6.083606043753713,0.203891458737054,198.5864398599695,8.213242557154333e-14,0.0621,0.1274,0.9373,0.0465,0.0,0.0001,1.7114037103659645e-16,0.003965593473007453,0.002083712612231581,0.06385818797113452,0.0362,1.7154696132596685,-30.195481551627616,0.6477238214137349,10000
710,2.74344693319854,0.2656468969338722,16.750137654533287,2.5349410299999996e-18,0.0,0.0039,0.0,0.0,0.0,0.0,7.733171480436961e-19,0.0,0.30506317065833133,,0.0,0.0,-35.1521572586273,1.5709901690725343,10000
711,10.530000422366133,0.6908980309674156,55.83883545412629,1.55532621251024e-17,0.0027,0.0212,0.0,0.0,0.0,0.0,2.7363096657221027e-18,0.0006552205211935438,0.1759315598047948,0.24267426710871992,0.0021,1.2857142857142858,-35.91070857976407,2.148664644929444,10000
712,9.294397238689,0.190038828261969,4211.826634462587,9.727689539515e-14,0.3693,0.8272,0.8754,0.1803,0.1075,0.0042,1.1895460758433733e-15,0.012592363072941317,0.01222845436227482,0.03409792329526487,0.1354,2.727474150664697,-30.459015955592943,0.9140065728272418,10000
713,12.864120124662564,0.5894487645306415,671.6318786370967,6.145136220609278e-14,0.312,0.5429,0.8032,0.1637,0.0177,0.0014,4.383766820151204e-16,0.010468837550366594,0.007133717891312364,0.033553966507585235,0.1451,2.1502412129565815,-30.643740930369084,0.8675003837422108,10000
714,4.632842494697665,0.5950903472598952,27.001200935570463,5.658841819999999e-18,0.0002,0.0092,0.0,0.0,0.0,0.0,1.2456491935946014e-18,0.00014141428428549925,0.22012440587968257,0.7070714214274962,0.0002,1.0,-35.41539607653807,1.5244994711944213,10000
715,3.0166604057226087,0.0340226406321014,221.82549618933763,1.0404845199290998e-13,0.0408,0.0736,0.9706,0.0304,0.0,0.0001,1.8080433489108785e-16,0.003297669398582313,0.0017376936554847364,0.08082523035740963,0.0224,1.8214285714285714,-29.930968972253982,0.405235228002325,10000
716,2.047479153297184,0.6014898069108486,53.54113096825105,3.2803700329e-17,0.0044,0.0518,0.0013,0.0,0.0,0.0,3.055552145416623e-18,0.000719802619876559,0.09314656928247124,0.16359150451739976,0.004,1.1,-35.45456359158673,1.7442059097225253,10000
717,2.8850143254980027,0.0164405794235927,2282.4514800895577,6.85470923597e-14,0.1175,0.2118,0.9656,0.0455,0.0192,0.0008,7.541252358037272e-16,0.006415098623484669,0.011001564177900713,0.05459658402965677,0.0535,2.196261682242991,-30.650519414704164,0.7244531820768723,10000
718,4.793044170971147,0.2679334651504389,409.0762192178384,6.569576833964301e-14,0.0755,0.1458,0.9488,0.0587,0.0008,0.0004,3.244258056436403e-16,0.004781449699214938,0.0049383059798673665,0.06333045959225084,0.0389,1.9408740359897172,-30.449465630600727,0.5032066096345189,10000
719,4.310758044140952,0.1416733838232567,59.69185620152928,3.0675466462957596e-17,0.0068,0.0476,0.0,0.0001,0.0,0.0,3.5955832804059584e-18,0.0012710379828138009,0.11721364644113345,0.18691735041379426,0.0045,1.511111111111111,-35.66127425672309,1.9059374148542614,10000
720,13.903816649849336,0.4763429003871474,41.61161100755665,6.3551354599999995e-18,0.0006,0.0133,0.0,0.0,0.0,0.0,1.216136338229334e-18,0.0004242428528564977,0.19136277202647292,0.7070714214274962,0.0003,2.0,-35.931402448892776,1.6138955807421624,10000
721,8.098699042101407,0.232922941191039,768.1734947083875,6.24462366139962e-14,0.1911,0.3498,0.8977,0.1092,0.0174,0.0009,4.650595819469068e-16,0.007979000278515126,0.0074473596354831745,0.041753010353297364,0.0926,2.0637149028077753,-30.606172748584516,0.6836820252786147,10000
722,12.63032506413198,0.6316678802164206,2946.7574117945096,8.633526107082e-14,0.6693,1.4692,0.7761,0.2806,0.1056,0.003,9.24043751802866e-16,0.01854853513934676,0.010702970493653591,0.027713335035629404,0.2049,3.266471449487555,-30.493262876517086,0.8748038032259489,10000
723,1.172643220872872,0.4706717197996973,23.63117168177027,4.351853414e-18,0.0002,0.0081,0.0,0.0,0.0,0.0,1.0539758416762152e-18,0.00014141428428549925,0.2421901064694766,0.7070714214274962,0.0002,1.0,-35.5574482024206,1.7004832977627293,10000
724,3.8699749929685696,0.0157958258578965,713.3392816850528,6.073489522016e-14,0.0929,0.1683,0.9583,0.0528,0.0081,0.0004,4.411344418112593e-16,0.005254495215717414,0.007263278222711605,0.056560766584686915,0.0486,1.9115226337448559,-30.597436265794315,0.5357331622398854,10000
725,3.8133859579525087,0.162207076152618,542.4405845179206,6.1411294834073e-14,0.0797,0.1368,0.9568,0.0514,0.0049,0.0006,3.803378734784857e-16,0.004919066041544076,0.006193288620702746,0.061719774674329694,0.0421,1.8931116389548694,-30.551080530329358,0.5241499236165367,10000
726,2.406937263559005,0.4783474399298787,332.98951275698613,7.049657974584999e-14,0.0468,0.0889,0.9648,0.0402,0.0001,0.0003,2.652189177728008e-16,0.003159426244972296,0.0037621529828674245,0.06750910779855333,0.0294,1.5918367346938775,-30.34857013472088,0.42929699598552024,10000
727,1.8029691317573568,0.2903422029410792,21.86330393180136,4.216175818999999e-18,0.0,0.0066,0.0,0.0,0.0,0.0,1.1245027836438925e-18,0.0,0.2667115490242066,,0.0,0.0,-35.498119016549936,1.9782110056708788,10000
728,10.123086372487403,0.6112540100234419,50.39222625718884,9.3386369636276e-18,0.0014,0.0183,0.0,0.0,0.0,0.0,1.4843700593018957e-18,0.0004688560361115764,0.15894932687535282,0.334897168651126,0.0011,1.2727272727272727,-36.02248737585893,2.1599432665794174,10000
729,7.453214486607623,0.6588103903199668,9039.4249225416,1.4917838953458e-13,0.5301,1.4417,0.8672,0.2069,0.2828,0.0103,1.9564584552199085e-15,0.016765366287399597,0.013114891917816257,0.03162679925938426,0.1547,3.4266321913380735,-30.21723133074617,1.1096832844653783,10000
730,4.620258263502401,0.4920701975450466,14.274401854256032,5.8302504e-19,0.0,0.0018,0.0,0.0,0.0,0.0,3.026785575071587e-19,0.0,0.5191519004177911,,0.0,0.0,-36.0524897094583,1.5406938321102792,10000
731,9.38078408031823,0.1798543338511704,6002.9979848742,1.22709152664e-13,0.3858,0.9039,0.8847,0.1715,0.1771,0.011,1.574513877245719e-15,0.013738075173434854,0.012831266804987439,0.03560931874918314,0.1287,2.9976689976689976,-30.334591899680778,1.0251918990885598,10000
732,8.960703078398765,0.6782942866134835,119.53164205985978,1.328416458754579e-16,0.04,0.1249,0.0,0.0,0.0,0.0,1.0807752602584362e-17,0.0031497606415742006,0.08135816544095577,0.07874401603935502,0.0251,1.593625498007968,-35.48373018495218,2.1702646146515527,10000
733,1.2644793717856553,0.6985446172286965,527.3827216492421,6.141106484588001e-14,0.0418,0.0835,0.9762,0.0317,0.0023,0.0006,3.7696602036931797e-16,0.003017645873634259,0.006138405535148576,0.07219248501517367,0.0256,1.6328125,-30.542454875933288,0.4679408512345403,10000
734,8.159649199903996,0.4348465452707246,138.4692909127032,2.9593838311684655e-14,0.0576,0.1539,0.8825,0.0238,0.0,0.0002,1.0080977227391e-16,0.0038845505497158007,0.0034064446528420367,0.06744011371034377,0.0366,1.5737704918032787,-31.323013635671014,1.1395990611053133,10000
735,6.622515406903238,0.692664904242904,7065.041023923204,1.3081289239172e-13,0.4569,1.156,0.8776,0.1918,0.2131,0.0094,1.7327001389132336e-15,0.01499255537497418,0.013245637392717014,0.03281364713279532,0.1444,3.164127423822715,-30.31258851613987,1.0593599767673179,10000
736,4.321207947661698,0.2342180626362253,3614.10253202252,8.298352097361999e-14,0.2104,0.3934,0.9389,0.0902,0.0452,0.0029,1.029883786535088e-15,0.009519571745862439,0.012410702443711475,0.045245112860562924,0.0801,2.6267166042446943,-30.563781290215356,0.8305280070559279,10000
737,1.9104167135331944,0.153592818517064,5140.853738283438,1.0025654003400002e-13,0.0909,0.1786,0.9736,0.0454,0.0334,0.0049,1.3490246355753617e-15,0.005140657704629206,0.013455727029058322,0.056552890039925266,0.0444,2.0472972972972974,-30.482198429510984,0.925766670122798,10000
738,11.47272466204024,0.4059590456213732,162.09587444453203,3.023765605947831e-14,0.0786,0.1829,0.8459,0.0286,0.0,0.0,1.2060386483602074e-16,0.004565554558741237,0.003988532199678096,0.05808593586184779,0.0483,1.6273291925465838,-31.332368239850055,1.2530611764600015,10000
739,8.271323432914574,0.6192911699123121,7644.87810465488,1.458597398666e-13,0.5569,1.4719,0.8514,0.2282,0.2732,0.0121,1.8769226549201496e-15,0.016956561900902844,0.012867996725050656,0.030448126954395485,0.1668,3.3387290167865706,-30.22662430398044,1.1035567583488162,10000
740,10.563351794388057,0.0035221898904104,462.55957643052955,6.422301371945e-14,0.1124,0.2694,0.9005,0.1056,0.0017,0.0001,3.528297952282425e-16,0.005416600221153078,0.005493821837286151,0.04819039342662881,0.0636,1.7672955974842768,-30.508316944346983,0.6585036971355221,10000
741,5.944892911317711,0.6930474248208282,2058.2275392493566,7.393257129582e-14,0.3606,0.6505,0.8801,0.1535,0.0502,0.002,7.738348266047346e-16,0.012818470865104464,0.01046676468898202,0.03554761748503734,0.1264,2.8528481012658227,-30.587609617940725,0.7727389386751469,10000
742,13.658750790844875,0.2902353273503903,457.0066265449967,6.450548933825078e-14,0.1607,0.3244,0.855,0.1308,0.0023,0.0001,3.551368683709291e-16,0.007015160172599391,0.00550552940554686,0.04365376585313871,0.0862,1.8642691415313226,-30.53627836456864,0.849309391827804,10000
743,11.941898515589282,0.1935084592664658,38.96629205006996,4.9056249020000005e-18,0.0011,0.0108,0.0,0.0,0.0,0.0,1.1466416961334891e-18,0.0007279642801671796,0.2337401898922212,0.6617857092428905,0.0005,2.2,-36.25196461345822,1.6618253136840149,10000
744,7.467122468779757,0.2160900693560392,14.740186248964433,6.082714999999999e-19,0.0,0.0013,0.0,0.0,0.0,0.0,3.6728249936033225e-19,0.0,0.6038134276557956,,0.0,0.0,-35.162529005971756,1.2525664922763204,10000
745,1.4864881724917591,0.6840696470747792,158.2558154484098,7.449095915793e-14,0.0202,0.0516,0.9766,0.0213,0.0,0.0004,1.0642358887481768e-16,0.0018437830549159952,0.0014286779238429,0.0912763888572275,0.0148,1.364864864864865,-30.256077062104794,0.35588358476003096,10000
746,8.257895454467407,0.4645493194307807,180.88654473885936,5.855964533743145e-14,0.0913,0.1802,0.8863,0.0509,0.0,0.0004,1.7220149509481602e-16,0.005236332009841595,0.002940617111025166,0.05735303406179184,0.0504,1.8115079365079365,-30.623358670080812,1.08280915759165,10000
747,11.966100779739566,0.3031611900889891,1245.9221344699915,6.63395324594125e-14,0.3362,0.6316,0.8441,0.1634,0.0391,0.0016,5.950542901148667e-16,0.011402190885777153,0.00896982942228195,0.03391490447881366,0.1431,2.3494060097833684,-30.61756729424933,0.7396298824715719,10000
748,12.71906473461301,0.4241080855467773,25.08858728302729,2.57184912e-18,0.0,0.0051,0.0,0.0,0.0,0.0,7.991642339275637e-19,0.0,0.31073527125400097,,0.0,0.0,-35.73753912856404,1.5979102845017699,10000
749,6.668815111489299,0.4006855282105302,86.95793805419116,6.742746480877401e-17,0.0153,0.0862,0.0,0.0,0.0,0.0,6.723026075637554e-18,0.001845787553639182,0.0997075315630541,0.12063970938818183,0.0104,1.4711538461538463,-35.63532287798825,2.0391363618588523,10000
750,14.91101688076126,0.3216397984142728,81.51588802892084,3.02815519659766e-17,0.0067,0.0433,0.0,0.0001,0.0,0.0,4.374855606382361e-18,0.001313652757907064,0.1444726350649997,0.19606757580702447,0.0041,1.6341463414634145,-35.95022313021566,2.2817236159253698,10000
751,10.393183151402813,0.2039491054414948,6352.666255332214,1.3216181636518998e-13,0.4463,1.0969,0.8635,0.2058,0.2215,0.0125,1.709083737436866e-15,0.01409224929345968,0.012931751276135007,0.031575732228231415,0.152,2.936184210526316,-30.291850299096392,1.0661748838521827,10000
752,9.158175222619167,0.3654962861086803,70.77543749835415,3.2084699733021e-17,0.0088,0.0453,0.0,0.0,0.0,0.0,4.182717820852782e-18,0.001439605239753118,0.13036487346484352,0.16359150451739976,0.0055,1.6,-35.80315904433203,2.1532662482035785,10000
753,12.886661743866286,0.3473407847429946,351.5819545426213,7.1381757281387e-14,0.1422,0.2803,0.8572,0.1127,0.0001,0.0004,2.8468223991210977e-16,0.007129025059559686,0.003988165194503295,0.05013379085485011,0.073,1.9479452054794522,-30.41193914700353,0.8666209626653825,10000
754,7.8090551546158276,0.6364900334547408,5927.560313356304,1.2521469471502e-13,0.486,1.1957,0.855,0.2075,0.2109,0.0097,1.6023030945951594e-15,0.015689646793400104,0.012796446121933936,0.03228322385473272,0.1546,3.14359637774903,-30.320773417111038,1.041494255774692,10000
755,8.577485404606843,0.4294492908718696,38.281120921609485,7.125245975e-18,0.0007,0.0129,0.0,0.0,0.0,0.0,1.3192607304093373e-18,0.000435855477193645,0.18515300875761517,0.6226506817052072,0.0004,1.75,-35.98048722493936,1.7860653720576338,10000
756,8.077247973895144,0.6501276311474566,550.4807087094774,6.166755452694308e-14,0.2075,0.3511,0.8684,0.124,0.0085,0.001,3.9405406333521745e-16,0.008004422657394338,0.006389973890776743,0.038575530879008856,0.1019,2.0363101079489696,-30.588362605824862,0.7379517014994027,10000
757,13.388950566260302,0.4560478671954614,430.8390801550005,6.522703519533619e-14,0.1671,0.3424,0.8364,0.1354,0.0014,0.0001,3.395432710798097e-16,0.006902356355066379,0.005205560394750051,0.041306740604825726,0.094,1.7776595744680852,-30.538860285962496,0.9350853831136414,10000
758,7.226555497994749,0.1133829992420146,5557.604268263312,1.1103439006560999e-13,0.311,0.6728,0.9026,0.1492,0.1348,0.008,1.4433653834646154e-15,0.011653389212929209,0.01299926430551592,0.03747070486472415,0.1161,2.678725236864772,-30.402646915418032,0.9799182280186708,10000
759,14.269981486441887,0.4611318385843017,4352.143480293521,1.0768194733358998e-13,0.6471,1.5585,0.7931,0.2819,0.1743,0.0057,1.2814101124703828e-15,0.017640501062265005,0.01189995300234196,0.027260857768915167,0.2018,3.2066402378592667,-30.381101695399956,0.9707967805416877,10000
760,2.1627445901956968,0.1711788846935433,245.08794633410463,8.9190626964e-14,0.0287,0.0634,0.979,0.0267,0.0,0.0001,1.64582966751525e-16,0.0025861747485394332,0.0018452944255897604,0.09011061841600813,0.0181,1.5856353591160222,-30.079971983047958,0.3544102373235159,10000
761,7.0134314081842914,0.4726379655455678,704.3894360763305,6.1538527608663e-14,0.1865,0.3357,0.8962,0.1056,0.0144,0.0006,4.441023037939821e-16,0.007974843873925141,0.007216654688557485,0.042760556964746066,0.0884,2.1097285067873304,-30.608150638227855,0.67389651383724,10000
762,4.72504506492321,0.3701767018368625,12.519887029764371,3.854293e-20,0.0,0.001,0.0,0.0,0.0,0.0,3.037609642396135e-20,0.0,0.7881107228734648,,0.0,0.0,-37.239067758538155,1.5634265843172301,10000
763,2.2759384255946533,0.0480797005840055,3472.0312950827088,7.78325579999e-14,0.0988,0.2035,0.9696,0.0445,0.0249,0.0006,9.58128056025834e-16,0.005641545772558296,0.012310119063889239,0.0571006657141528,0.047,2.1021276595744682,-30.602920960631764,0.7958282934958234,10000
764,1.5449684612940042,0.5173897733734687,343.08501501366004,6.9388061098833e-14,0.0298,0.0689,0.9782,0.028,0.0002,0.0003,2.793321881210421e-16,0.0025479099639740903,0.004025652017040436,0.08550033436154665,0.0198,1.505050505050505,-30.36521910080034,0.39489602115643946,10000
765,2.3249644462255574,0.3230600417954457,346.66791587474955,6.967658879709001e-14,0.0392,0.0804,0.972,0.0349,0.0,0.0,2.833879529486549e-16,0.003080143621403529,0.004067190398398069,0.07857509238274309,0.0228,1.719298245614035,-30.3614827245676,0.39162248418782314,10000
766,3.249287998180745,0.4336595689589981,15.069618311238989,7.9297332e-19,0.0,0.0015,0.0,0.0,0.0,0.0,4.480654007738014e-19,0.0,0.56504473665495,,0.0,0.0,-35.58302691701053,1.4084802565036836,10000
767,3.5689393048878784,0.0534465679110419,21.43028316268112,2.4045673499999997e-18,0.0,0.0049,0.0,0.0,0.0,0.0,7.990148284370409e-19,0.0,0.33229047563880504,,0.0,0.0,-35.823636266948085,1.7338578004097278,10000
768,5.354596060055275,0.1398484996220151,125.01340135013736,4.249523309287666e-14,0.0283,0.0873,0.9434,0.0274,0.0,0.0001,8.649629141677087e-17,0.0025397944908211695,0.0020354351564027535,0.08974538836823921,0.0188,1.5053191489361701,-30.856181906394564,0.6865893681611904,10000
769,13.017309257733348,0.2143875216559809,4407.616090521953,1.0743625485421041e-13,0.5078,1.1912,0.8259,0.2383,0.152,0.0068,1.2962084852921328e-15,0.015121401445572691,0.012064907577531168,0.029778262003884778,0.177,2.8689265536723165,-30.391051465414574,0.9795293346282341,10000
770,10.977379912104976,0.3672299197980545,7034.457871662659,1.3532183480757e-13,0.5319,1.2991,0.8511,0.2235,0.2672,0.0124,1.7549320644559381e-15,0.01690759668558983,0.012968580177408045,0.031787171809719544,0.1642,3.239342265529842,-30.273300570577895,1.0673378356774872,10000
771,1.1476467421728431,0.3125023437788347,484.64647014653104,6.0961818927031e-14,0.0297,0.0489,0.9854,0.0192,0.0011,0.0003,3.4525846878688644e-16,0.002549988479214056,0.005663519804094884,0.08585819795333521,0.0179,1.6592178770949721,-30.531449447703952,0.43543309918473966,10000
772,4.6477043201048165,0.5517100978417366,325.8422699151645,7.281379917833e-14,0.0835,0.16,0.9336,0.0672,0.0001,0.0004,2.5903795746140995e-16,0.004937125937349798,0.0035575393728185228,0.059127256734728115,0.0456,1.831140350877193,-30.327040664948367,0.52589041291033,10000
773,7.59008704123264,0.0573847901931513,86.66945068095518,5.5124228580499996e-17,0.0131,0.0748,0.0,0.0001,0.0,0.0,6.231540777407578e-18,0.0019629631485161008,0.11304540558435976,0.14984451515390082,0.0081,1.617283950617284,-35.68555644592932,1.8617590512486486,10000
774,7.062902779892649,0.0242292039171447,8984.09924478187,1.3122776793835e-13,0.3073,0.7663,0.9123,0.1382,0.1893,0.0109,1.822089104699618e-15,0.011489119678508823,0.013884935584331699,0.03738730777256369,0.1098,2.7987249544626596,-30.330628566229365,1.0552324105447404,10000
775,4.098797055731285,0.6691024855165071,1673.4154121439424,6.84484566117e-14,0.2276,0.401,0.9194,0.1044,0.0302,0.0016,6.990615803844278e-16,0.009441860985731966,0.010212963374033712,0.041484450728172084,0.0913,2.492880613362541,-30.62859905420556,0.7226903664122825,10000
776,8.983979353757906,0.6493676007976297,39.887711812402,7.377318025700001e-18,0.0017,0.017,0.0,0.0,0.0,0.0,1.2739394898988414e-18,0.0007935829996904794,0.17268328211700795,0.4668135292296938,0.0007,2.4285714285714284,-35.92716115613641,1.5872328835844496,10000
777,13.36315047073672,0.4588141775653823,1957.5949630705084,7.689425249883e-14,0.4857,0.9838,0.7959,0.2358,0.0698,0.0018,7.64827934560188e-16,0.014365242323702789,0.009946490273402754,0.029576368794940886,0.1833,2.6497545008183305,-30.548131261071667,0.8189890773939342,10000
778,6.325335001972147,0.2437447778040594,12.831089287920673,2.1163992999999996e-19,0.0,0.0008,0.0,0.0,0.0,0.0,1.3540723080341335e-19,0.0,0.6398000169600008,,0.0,0.0,-36.3719010024007,1.851339864586098,10000
779,1.939217331674004,0.4603350520537562,24.4265268528465,4.492274363e-18,0.0,0.008,0.0,0.0,0.0,0.0,1.0605791927273937e-18,0.0,0.23608958559225776,,0.0,0.0,-35.37446625220072,1.5994787692799208,10000
780,7.867743688510957,0.1549010688575157,5327.754912728985,1.1155302925253035e-13,0.3131,0.7375,0.897,0.1534,0.1366,0.0087,1.4375416925185067e-15,0.011682486338477134,0.012886621745288903,0.03731231663518727,0.1152,2.7178819444444446,-30.398824250364036,0.9958213506530835,10000
781,6.167978106958594,0.3547955855312438,10.811033259770037,3.8043919999999996e-20,0.0,0.0009,0.0,0.0,0.0,0.0,2.338826961151777e-20,0.0,0.6147702342849468,,0.0,0.0,-36.69342074925998,0.5539223660779936,10000
782,10.829282887196188,0.4877434192408814,3596.020364562181,9.271263428514e-14,0.5214,1.1211,0.8335,0.2251,0.1113,0.0042,1.0921593357013363e-15,0.015912244466208883,0.011780048578302426,0.0305183054587819,0.1708,3.0526932084309135,-30.47388964988294,0.8920397739774109,10000
783,11.3037782726064,0.4475070652206084,7116.930743931347,1.39844544350943e-13,0.5759,1.5148,0.8361,0.2434,0.2802,0.011,1.7899587413910764e-15,0.017234083101866377,0.012799632260942087,0.02992547855854554,0.1749,3.2927387078330477,-30.252233502633302,1.1020737396603655,10000
784,9.136476100768848,0.3287441391183328,1596.4212924173958,7.02247530876077e-14,0.3317,0.5849,0.867,0.1592,0.0415,0.0019,6.853190334967982e-16,0.011678233989559871,0.0097589383139851,0.03520721733361432,0.133,2.493984962406015,-30.60050887480171,0.7592967319032023,10000
785,13.4432417617552,0.1719718474593136,26.242105571550464,1.270158989e-18,0.0,0.0049,0.0,0.0,0.0,0.0,4.68045896420688e-19,0.0,0.3684939448321992,,0.0,0.0,-36.502825105924224,1.613439494741538,10000
786,14.524101808564666,0.6107966062068502,1319.2849012593713,6.996955708334212e-14,0.517,0.9618,0.7658,0.2234,0.0561,0.0025,6.335795997957513e-16,0.014119880916768045,0.009055075181354687,0.027311181657191576,0.2039,2.535556645414419,-30.614989137546537,0.9285640355869552,10000
787,4.331517002374364,0.2298437639075326,1888.9798721076236,6.917277280917e-14,0.1698,0.3108,0.9372,0.0827,0.0277,0.0011,7.128019698281041e-16,0.007851303095412227,0.010304660936385223,0.04623853413081406,0.0742,2.288409703504043,-30.62387082219588,0.7247686887291963,10000
788,3.1964580029876952,0.0832135665109624,16.124021383407975,1.110599232e-18,0.0,0.0022,0.0,0.0,0.0,0.0,5.320556417896719e-19,0.0,0.4790707813038285,,0.0,0.0,-36.200470645114,2.242513661225438,10000
789,5.55075996861396,0.6526955955037003,1717.7387527121623,7.116213325575e-14,0.2765,0.5185,0.8976,0.1259,0.0386,0.002,7.145229137793988e-16,0.010236955334739551,0.010040774230467077,0.037023346599419714,0.1135,2.436123348017621,-30.596162565668738,0.7388989909659088,10000
790,7.883685872651992,0.629380780769124,9940.060752780653,1.497244302273e-13,0.5222,1.5072,0.8638,0.2138,0.3148,0.0121,2.0074978432159074e-15,0.01608093827043577,0.013407951128404897,0.030794596458130544,0.1567,3.3324824505424377,-30.231207091270218,1.1102269148072712,10000
791,3.3123253730112188,0.0786963112847871,11.007789525584464,3.064575e-19,0.0,0.0004,0.0,0.0,0.0,0.0,2.7488896947893975e-19,0.0,0.8969888793028062,,0.0,0.0,-35.42619546682075,1.6532902568110142,10000
792,13.703860359847964,0.315652344283811,8048.823929105629,1.536474309116644e-13,0.6446,1.8528,0.812,0.2687,0.3548,0.013,1.9472452142536574e-15,0.01775952206739827,0.012673464194615628,0.027551228773500268,0.1965,3.280407124681934,-30.182463542674196,1.1387377367775884,10000
793,5.986857312880716,0.6772044223149342,2463.3432309443297,7.550729458e-14,0.3582,0.6823,0.8839,0.1559,0.0555,0.0032,8.24005972814499e-16,0.012823639131387675,0.010912932020646885,0.03580022091398011,0.1263,2.836104513064133,-30.5858445701113,0.7780392038673328,10000
794,1.6239277277861857,0.2053293119466708,356.3735795762526,6.852356260856e-14,0.0275,0.0549,0.9822,0.0227,0.0003,0.0001,2.929413133650666e-16,0.0025719713263662887,0.004275044994938314,0.09352623004968323,0.0169,1.6272189349112427,-30.37977499756516,0.3805887195653022,10000
795,13.238218987415834,0.0462059797117138,274.10075977548195,9.463746450937102e-14,0.0987,0.2437,0.8782,0.0858,0.0,0.0001,2.6546757547603924e-16,0.00535338181616882,0.0028051002512831753,0.05423892417597589,0.0542,1.8210332103321034,-30.111583280769974,0.9510378594871144,10000
796,13.490351337715254,0.0895664643226075,18.399911508800795,1.9583495700000003e-18,0.0,0.0019,0.0,0.0,0.0,0.0,9.000403128539872e-19,0.0,0.45959124287191844,,0.0,0.0,-35.44147761469393,2.0717856201989773,10000
797,6.49960996403067,0.418432371281275,335.72070818082966,7.205725131087066e-14,0.087,0.174,0.9251,0.0705,0.0005,0.0001,2.7175548223624207e-16,0.005030470212918104,0.003771382855888157,0.05782149670020809,0.0475,1.831578947368421,-30.359083404933735,0.7018749282011507,10000
798,4.195778232713496,0.6911374191735346,36.60031011166148,1.4867077014900002e-17,0.0018,0.0207,0.0,0.0,0.0,0.0,2.096111354902852e-18,0.0005654272462457745,0.14099014572952698,0.31412624791431915,0.0013,1.3846153846153846,-35.37918603505826,1.75760788973085,10000
799,7.092898081412919,0.4988088345833816,137.68590666445542,3.395807787745732e-14,0.0666,0.1418,0.8953,0.0289,0.0,0.0001,1.0369801257050597e-16,0.004671041196841049,0.0030537067776543595,0.07013575370632204,0.0365,1.8246575342465754,-31.15743972234979,1.044638490160365,10000
800,12.689099845739303,0.2044969402759871,127.20197471288928,1.181575588717776e-16,0.0363,0.1259,0.0,0.0001,0.0,0.0,1.0451578472458331e-17,0.0031399389996769316,0.08845459039823421,0.08649969696079701,0.0221,1.6425339366515836,-35.68365505225096,2.184728535670998,10000
801,7.002336279381913,0.6790906394074403,7473.18039538792,1.403421390476e-13,0.525,1.3165,0.8652,0.218,0.2538,0.0122,1.831737274351665e-15,0.01684000767772564,0.01305194068426157,0.032076205100429786,0.1528,3.4358638743455496,-30.254754760654354,1.0782866293094713,10000
802,5.045478477554492,0.5421278744190896,422.0271871152973,6.528397995209997e-14,0.092,0.1778,0.9327,0.0722,0.0012,0.0006,3.3306509974635435e-16,0.00504144241404793,0.005101789137101173,0.05479828710921663,0.0503,1.8290258449304175,-30.469411738258803,0.6041150311000009,10000
803,9.279301852553854,0.1681484485776353,288.4368999178032,8.161131026484742e-14,0.0898,0.1927,0.9111,0.0768,0.0,0.0,2.19549898661721e-16,0.005071111083062733,0.002690189606676222,0.056471170190008156,0.0496,1.810483870967742,-30.21964383742955,0.7054016346124135,10000
804,14.38010881632396,0.4477491957991014,12.218721586343438,2.521854e-20,0.0,0.0003,0.0,0.0,0.0,0.0,2.414107976352429e-20,0.0,0.9572750747475584,,0.0,0.0,-37.50370051615526,2.181607498226889,10000
805,5.590998654129779,0.1851562057358875,116.1300805514114,3.4109368072302705e-14,0.0322,0.0922,0.9348,0.0215,0.0,0.0001,7.865107083583263e-17,0.0028420280984485773,0.002305849544591781,0.08826174218784402,0.0209,1.5406698564593302,-31.09234658025064,0.7977128407686949,10000
806,2.8567045064854257,0.5660986510996558,344.94695265443244,6.9929140381467e-14,0.0538,0.1058,0.9605,0.0445,0.0004,0.0001,2.7994585096404985e-16,0.003708359636432167,0.004003278882550695,0.06892861777754958,0.0312,1.7243589743589745,-30.361589414629506,0.44264345145653045,10000
807,11.740818846366777,0.6753761834288285,1411.9071284948498,6.935520884478859e-14,0.4853,0.8962,0.7876,0.215,0.0554,0.0012,6.416924729492434e-16,0.01349728152854737,0.009252260697322674,0.027812243001333958,0.1892,2.565010570824524,-30.60914813648506,0.8368910723459644,10000
808,2.2329307377369227,0.1522613395469961,1577.1128063818037,6.376492756902e-14,0.097,0.1552,0.9669,0.045,0.0132,0.0007,6.296807988063011e-16,0.00567999350638918,0.009875033546062234,0.05855663408648639,0.0465,2.086021505376344,-30.662544646581424,0.6612277603463097,10000
809,7.732209427428,0.3847052400136533,5629.70063131274,1.202019955899e-13,0.3978,0.8754,0.8789,0.1814,0.169,0.0101,1.5305986061467209e-15,0.013542298748201448,0.012733554036563182,0.03404298327853557,0.1339,2.970873786407767,-30.34380010305843,1.0164215991743517,10000
810,12.602936820043432,0.5489314364038524,6498.717333352597,1.429574015699065e-13,0.7279,1.9197,0.7973,0.2957,0.3169,0.0115,1.7618718255178742e-15,0.019590419532356764,0.012324453341832145,0.026913613865031962,0.2072,3.513030888030888,-30.21503308972116,1.110931990476306,10000
811,14.222323675693236,0.382341272291146,239.93083024779656,7.293525275588329e-14,0.1257,0.2501,0.8327,0.0812,0.0,0.0002,2.616684178067709e-16,0.006085528273324884,0.003587680962491263,0.048413112755170115,0.0709,1.772919605077574,-30.46069228774234,1.250922757283972,10000
812,7.257183130048396,0.5918899723947306,20.659782444347385,1.65957038e-18,0.0,0.0035,0.0,0.0,0.0,0.0,6.443556475822311e-19,0.0,0.3882665389474058,,0.0,0.0,-35.833885998791054,1.6687655555064071,10000
813,8.42227620577573,0.1885344218835752,264.04577416316886,9.088873512284941e-14,0.0771,0.1852,0.9188,0.0669,0.0,0.0001,2.149043657018249e-16,0.004664518707592173,0.0023644774614956436,0.0604995941321942,0.0445,1.7325842696629215,-30.118380971617214,0.7750415475448073,10000
814,3.9381108840579646,0.1696149290459566,209.4292074459204,9.516551662820109e-14,0.0487,0.0976,0.9615,0.0364,0.0,0.0001,1.6510837721931671e-16,0.0037648703065102374,0.001734960131245575,0.07730739849096997,0.0256,1.90234375,-30.02074649619695,0.43800021253978916,10000
815,7.97599868201127,0.0251770987777286,48.21602982342007,1.0830012443216209e-17,0.0018,0.0273,0.0,0.0,0.0,0.0,2.0313088755040353e-18,0.00097967952780372,0.1875629308973161,0.5442664043354,0.0007,2.5714285714285716,-36.369928257882826,2.1095878852800682,10000
816,5.465225536220721,0.0963269107027243,118.76414104303576,3.79303956415081e-14,0.0356,0.091,0.9361,0.0268,0.0,0.0001,8.368262441509312e-17,0.003119973946003776,0.002206215437508311,0.08763971758437573,0.0212,1.679245283018868,-30.97544974064668,0.7119833962109873,10000
817,6.378611317062641,0.4463006113051075,165.35583080680095,5.836856104758788e-14,0.069,0.1409,0.9172,0.0424,0.0,0.0,1.4230287064548885e-16,0.004421069393875033,0.002438005462040932,0.06407346947644975,0.0416,1.6586538461538463,-30.578500939654976,0.8711658449613859,10000
818,9.338168900742945,0.2834824964241493,2017.3795176362812,7.285864734449864e-14,0.3364,0.6465,0.8712,0.1555,0.0507,0.0019,7.53015357725868e-16,0.011999079205929887,0.010335291487987338,0.035669082062811795,0.1311,2.5659801678108316,-30.591880631481857,0.7770059544482665,10000
819,9.315055528576968,0.0320725269476614,195.40928715041107,7.219162571964618e-14,0.0687,0.1606,0.9138,0.0535,0.0,0.0004,1.7440658660241122e-16,0.004684039391647155,0.002415883904314795,0.0681810682918072,0.0368,1.8668478260869565,-30.35640519960518,0.8244548872893452,10000
820,1.3278521193229174,0.2792164426070655,507.9479171638201,6.0410725355003e-14,0.0319,0.0571,0.9819,0.0243,0.0019,0.0004,3.536572334509271e-16,0.0027765103819345064,0.005854212664599938,0.0870379430073513,0.0191,1.6701570680628273,-30.545170158299005,0.43286162328982253,10000
821,9.030472100462516,0.306496522272436,6060.828104968151,1.2481390294536e-13,0.4045,0.955,0.8771,0.1792,0.1926,0.0109,1.6134307851365563e-15,0.013508746189871294,0.012926691234412169,0.03339615868942224,0.1382,2.9269175108538352,-30.33075895298951,1.0407904597779791,10000
822,7.124277218709918,0.1518563870727913,5405.268536296523,1.1019800363359e-13,0.3038,0.6553,0.9069,0.1396,0.1236,0.0101,1.4497813982323307e-15,0.01127932969319688,0.01315614938953772,0.03712748417773824,0.1117,2.7197851387645477,-30.41202162062508,0.976355418035978,10000
823,4.272839813196699,0.6736584166567913,2209.386944012264,7.248182490021e-14,0.2758,0.4857,0.9141,0.1166,0.0381,0.002,7.905067146357334e-16,0.010915372212391729,0.010906274996857084,0.03957712912397291,0.0989,2.788675429726997,-30.609818057496284,0.754720209375948,10000
824,7.563915676910974,0.1187574482921419,71.65781067092404,4.1549906475763495e-17,0.0091,0.0581,0.0,0.0,0.0,0.0,5.013232670644946e-18,0.0017326336029063363,0.12065569085141546,0.1903992970226743,0.0058,1.5689655172413792,-35.727164757391165,2.0765414319734803,10000
825,12.059529789109307,0.4838665965460475,9991.114811188638,1.6679722511591e-13,0.7746,2.1911,0.8152,0.2957,0.4215,0.0115,2.1369878894949756e-15,0.022122577264922918,0.012811891133140551,0.028560001633001444,0.2015,3.844168734491315,-30.13625128810856,1.1658512220165738,10000
826,5.896515086929584,0.161026066298031,957.171355185482,6.407794629106801e-14,0.1728,0.3046,0.919,0.096,0.0211,0.0011,5.327587788287549e-16,0.007476603905557393,0.008314229928792482,0.04326738371271639,0.0826,2.0920096852300243,-30.60558394757126,0.6475648377001733,10000
827,2.21114149180958,0.2594173166025179,31.865694555627176,9.867397396000001e-18,0.0007,0.0148,0.0,0.0,0.0,0.0,1.8004811442542527e-18,0.00026449573871724277,0.18246768342218822,0.3778510553103468,0.0007,1.0,-35.5693991215839,1.794009207834436,10000
828,1.1977198474015234,0.0525544400297417,87.99439068758173,4.0516861964869996e-14,0.0052,0.0215,0.9879,0.01,0.0,0.0002,4.1019438369665174e-17,0.0009150845523632215,0.0010124041295505792,0.17597779853138876,0.004,1.3,-30.849570549796105,0.23605055152090734,10000
829,9.093841420222818,0.4376816169741406,13.765204902806106,6.0361559e-19,0.0,0.0009,0.0,0.0,0.0,0.0,3.4438382550860394e-19,0.0,0.5705350080646591,,0.0,0.0,-35.755085647887434,2.108073429858498,10000
830,6.535048436741869,0.4641456688983782,5887.055251870429,1.221337964927e-13,0.3424,0.7775,0.8999,0.1546,0.1578,0.0084,1.587160764797715e-15,0.012352792524296474,0.01299526265764268,0.03607708097049204,0.1185,2.889451476793249,-30.347096063163278,1.0243392870706896,10000
831,4.594049174890928,0.1895209557352661,2903.7265605054126,7.608252118290001e-14,0.1987,0.3915,0.9376,0.0872,0.0355,0.0006,8.8306830582244e-16,0.009055939045907959,0.011606717181461052,0.04557593883194745,0.0805,2.46832298136646,-30.600755360220923,0.7864264015830156,10000
832,4.233512304210123,0.1991678541520378,7986.584638423859,1.195837658602e-13,0.1969,0.4651,0.9453,0.0947,0.1135,0.0091,1.6479051830964156e-15,0.008940974952616206,0.0137803419322227,0.04540870976442969,0.0729,2.700960219478738,-30.387187329127805,1.012473500544681,10000
833,8.63001306630834,0.6631175236956,7221.608989879705,1.41892082384e-13,0.6006,1.561,0.8435,0.2398,0.2785,0.0115,1.8217037518496474e-15,0.017589170017092592,0.012838656824554899,0.02928599736445653,0.1767,3.398981324278438,-30.241130647711767,1.0875762024186215,10000
834,4.108462034815174,0.0654130631045053,9108.473596087373,1.301740305223089e-13,0.1998,0.4897,0.9448,0.0918,0.1339,0.0099,1.854792057484718e-15,0.00884962301924541,0.014248556720895636,0.04429240750373078,0.0759,2.632411067193676,-30.350752190598207,1.0560848432797807,10000
835,9.996835632540623,0.1712945026741488,59.17331153933663,1.7504035673e-17,0.0043,0.0288,0.0,0.0,0.0,0.0,2.5728461955816523e-18,0.0013886482039679592,0.14698588620624622,0.3229414427832463,0.0021,2.0476190476190474,-35.82870573391335,1.7047026861355592,10000
836,11.971030790349346,0.4449002518745532,136.48181831936063,1.9715758172070196e-16,0.0515,0.1551,0.0026,0.0002,0.0,0.0,1.5385846993732753e-17,0.003980748627577932,0.07803832274392929,0.07729608985588218,0.0302,1.705298013245033,-35.523906590987785,2.4036662917811644,10000
837,12.186748856573743,0.2720109240632332,2050.248459272187,7.601983154819999e-14,0.3781,0.7964,0.8309,0.1974,0.0685,0.0019,7.932909919126021e-16,0.01186204492534829,0.010435316360963256,0.0313727715560653,0.1548,2.4425064599483206,-30.57123361854911,0.8219607823256689,10000
838,9.985827833297687,0.4896095676516769,7442.3199280591725,1.4157088259343e-13,0.5662,1.4646,0.8449,0.2351,0.2927,0.0122,1.823691100061006e-15,0.017174144844070476,0.012881823342857647,0.030332293966920654,0.1704,3.322769953051643,-30.247448716117976,1.0947792327307164,10000
839,9.743217479248797,0.3082106467723163,1665.596262222142,7.156421575806999e-14,0.3145,0.6184,0.8655,0.1575,0.0431,0.0022,7.045467966740371e-16,0.011010499448699453,0.0098449593726539,0.03500953719777251,0.1322,2.3789712556732225,-30.59112034243275,0.7638042914406686,10000
840,7.251810070942636,0.3749371190872075,2662.3418160495235,7.617105029723001e-14,0.3142,0.626,0.8924,0.1414,0.0557,0.0016,8.414862012757689e-16,0.011568112124362047,0.011047323070801479,0.036817670669516384,0.117,2.6854700854700853,-30.584573981915792,0.7872209957203112,10000
841,12.707489179998824,0.5231743041744757,19.39536753518746,7.93070286e-19,0.0001,0.002,0.0,0.0,0.0,0.0,3.854729506477158e-19,0.00010000000000000003,0.486051435102835,1.0000000000000002,0.0001,1.0,-36.08185191433826,1.899752181824332,10000
842,12.434141285841743,0.2977788380152026,19.603870493789437,1.3649990800000002e-18,0.0,0.0025,0.0,0.0,0.0,0.0,5.100143583556615e-19,0.0,0.3736371443969482,,0.0,0.0,-35.28489139252202,1.5680924876233289,10000
843,14.788774664771813,0.3483105982265161,218.13310165439069,5.912131930414534e-14,0.103,0.2372,0.8367,0.0626,0.0,0.0002,2.1684486384296657e-16,0.005219370094409693,0.0036677947379256527,0.05067349606223003,0.0622,1.6559485530546625,-30.666457577617493,1.2762969566844016,10000
844,8.581555374855299,0.6206589749730551,3206.888164716832,8.699217412012e-14,0.5037,1.0772,0.8401,0.2195,0.0889,0.0035,9.971337001875032e-16,0.015318684578308966,0.011462337966293923,0.03041231800339282,0.1636,3.0788508557457215,-30.50433629437915,0.8499311222506972,10000
845,6.5105343648929885,0.6357019826082788,154.61279683755706,4.567329792047566e-14,0.0718,0.1543,0.8985,0.0374,0.0,0.0003,1.302700656595879e-16,0.004308866745823469,0.0028522150050650694,0.06001207166885054,0.0426,1.6854460093896713,-30.86242949267957,1.0353557594592602,10000
846,14.766550959336785,0.2246954571587243,22.96072619932831,1.0537016360000001e-18,0.0001,0.0033,0.0,0.0,0.0,0.0,3.5500746049403016e-19,0.00010000000000000003,0.3369145955222092,1.0000000000000002,0.0001,1.0,-36.38868577403656,1.6847593351943764,10000
847,6.3999214333090935,0.1757747987080576,10.952174325208064,2.00982e-19,0.0,0.0006,0.0,0.0,0.0,0.0,2.0098200000000003e-19,0.0,1.0000000000000002,,0.0,0.0,-33.84073122908855,,10000
848,8.135076247838025,0.180891536868143,13.8057541798373,2.1196637e-19,0.0,0.0004,0.0,0.0,0.0,0.0,2.044738071462374e-19,0.0,0.9646521150795638,,0.0,0.0,-35.46774330965246,2.3243205898225185,10000
849,3.0610526784608414,0.4576508227351073,61.011552902841785,3.35499547329e-17,0.0082,0.0548,0.0,0.0,0.0,0.0,3.511979913166141e-18,0.0013687451721685207,0.1046791252365595,0.16692014294738056,0.0054,1.5185185185185186,-35.56802342220406,1.7542533003864145,10000
850,2.4135957810217974,0.1663670025467453,59.80156079964723,1.0185271693144e-14,0.0087,0.051,0.9433,0.0049,0.0,0.0001,2.7477044472533718e-17,0.0016741300042491065,0.002697723271440006,0.19242873612058697,0.0052,1.6730769230769231,-32.266911624123374,0.6047058258996958,10000
851,6.544466650141308,0.0152668968267695,799.1245205182586,6.162090288194e-14,0.1473,0.2807,0.9273,0.0801,0.0152,0.0009,4.684173016682521e-16,0.006662185037279219,0.0076015975060556434,0.04522868321302932,0.0733,2.009549795361528,-30.60687026455009,0.5902844503634936,10000
852,11.005099624771953,0.3531442187127243,186.6691545682469,5.376159769930207e-14,0.0818,0.1973,0.873,0.051,0.0,0.0004,1.715253849893809e-16,0.0048490439596617675,0.0031904815394206117,0.059279266010535056,0.0483,1.6935817805383022,-30.729376777347913,1.1403965688024509,10000
853,14.001044048640845,0.0599117542517416,1232.0926839552342,6.56209202122516e-14,0.2944,0.6293,0.8321,0.175,0.0433,0.0015,5.812579883058684e-16,0.009909726750442055,0.008857815258088167,0.03366075662514285,0.1436,2.050139275766017,-30.627335183805005,0.7693263500549319,10000
854,6.658363837328179,0.3488255985644065,372.21349138065995,6.7614856856918e-14,0.0864,0.1873,0.9217,0.0766,0.0006,0.0004,2.9164067334924576e-16,0.004993595658416887,0.004313263192531725,0.057796246046491744,0.048,1.8,-30.42153405469771,0.5844368323927448,10000
855,4.804303390988068,0.2613140819181635,62.77693330224176,3.26661901694e-17,0.0076,0.0455,0.0,0.0,0.0,0.0,4.5284493001836075e-18,0.0015014824157959675,0.13862802110377795,0.1975634757626273,0.005,1.52,-35.80951043146827,1.9118997341995574,10000
856,14.079220038040784,0.4802020741935266,380.1617284335212,6.818314420977741e-14,0.1591,0.3111,0.8354,0.1203,0.0,0.0004,3.066513730564698e-16,0.006540871295150974,0.004497466002931796,0.04111169890101178,0.0913,1.742606790799562,-30.483147761460476,0.98237465297012,10000
857,14.584129220696289,0.6800495292486546,203.3978932777736,2.9130349002588226e-14,0.1404,0.2734,0.7607,0.0319,0.0,0.0,1.5630179126700705e-16,0.006072270682959111,0.005365599679328238,0.04324979118916746,0.0838,1.675417661097852,-31.528716185494318,1.7001871299571154,10000
858,7.173578087588589,0.4495773725425806,2304.6583331746087,7.605908162152001e-14,0.3405,0.6393,0.8818,0.153,0.0532,0.0024,8.133481857229058e-16,0.012027902645274629,0.010693636688518452,0.035324236843684666,0.1265,2.691699604743083,-30.57266469672939,0.7827402696024747,10000
859,3.2226496483361946,0.4166762648826386,100.95960334065812,3.4103080997257795e-14,0.0297,0.0681,0.9515,0.0185,0.0,0.0004,6.735930750439958e-17,0.0030104314092380467,0.001975167801109111,0.10136132691037195,0.0173,1.716763005780347,-31.070995871126723,0.6418902680636621,10000
860,14.36509050423352,0.0887431067828863,93.72307284990865,4.55884632829e-17,0.0086,0.0659,0.0,0.0,0.0,0.0,5.163609680991082e-18,0.0015533336037466172,0.11326571042652202,0.1806201864821648,0.0061,1.4098360655737705,-35.9723582843895,1.976223064649891,10000
861,13.34618347002502,0.3103315160650221,117.24909158168884,8.949403937818908e-17,0.0225,0.1035,0.0,0.0001,0.0,0.0,9.036305705773e-18,0.002370640629386785,0.1009710341443731,0.10536180575052378,0.0148,1.5202702702702702,-35.925568495565976,2.4169761499483253,10000
862,5.626212647217304,0.3340558699746393,905.9366293951015,6.3243324857e-14,0.1795,0.3096,0.9181,0.0947,0.0184,0.001,5.111046219538028e-16,0.007977113414879056,0.008081558379630826,0.04444074325837914,0.0821,2.1863580998781975,-30.606246915895362,0.6232398542646004,10000
863,8.014911205090392,0.0071084248514072,8245.438169899933,1.351028612672e-13,0.3137,0.8705,0.9067,0.1512,0.2021,0.011,1.8178361848572452e-15,0.01181283984986387,0.013455201228210967,0.03765648661097823,0.1119,2.803395889186774,-30.29522598984251,1.0656176593450035,10000
864,10.54190937231684,0.3737419418185942,68.45563737175053,2.14793196419e-17,0.0059,0.038,0.0,0.0,0.0,0.0,3.394037328639642e-18,0.0011075385610291033,0.15801419156772767,0.1877184001744243,0.0039,1.5128205128205128,-36.00987688173248,1.8743116508248754,10000
865,7.646142362562899,0.6238919239032629,10.744501932375064,1.3287300000000001e-20,0.0,0.0002,0.0,0.0,0.0,0.0,1.3287300000000002e-20,0.0,1.0000000000000002,,0.0,0.0,-36.557137889084345,,10000
866,9.913869956887154,0.0308230230739809,2114.3534739788624,7.147179868409e-14,0.2846,0.5907,0.8775,0.1514,0.0505,0.0015,7.609173852848752e-16,0.010243572476324252,0.010646400388608934,0.03599287588307889,0.1229,2.3157038242473558,-30.61421832033054,0.7600879040604943,10000
867,13.724437629044411,0.0207868520541014,5181.948337952454,1.1748337711762998e-13,0.4701,1.2454,0.8324,0.2384,0.2095,0.0089,1.4485653902255233e-15,0.014038173172838517,0.012329960423040532,0.029862099920949833,0.1696,2.771816037735849,-30.34225346923792,1.0178338040734984,10000
868,11.957038574246866,0.3615993933305032,41.953828871131854,5.0433782316e-18,0.0003,0.0109,0.0,0.0,0.0,0.0,1.143245369880676e-18,0.00017318775765030273,0.22668245715094504,0.5772925255010092,0.0003,1.0,-36.095502628995746,1.8155894232519483,10000
869,4.217829512217199,0.502755842260341,1031.0923249387668,6.243420434172e-14,0.1598,0.2728,0.9305,0.0793,0.0182,0.0013,5.323142375369633e-16,0.007242350527564682,0.008526003384674487,0.04532134247537348,0.0747,2.139223560910308,-30.63073666953645,0.6305609394462044,10000
870,2.6063913081241403,0.5792176789534051,29.175232415197208,7.613281011999999e-18,0.0009,0.0107,0.0,0.0,0.0,0.0,1.5150262450894124e-18,0.000412232936092399,0.19899780957795185,0.45803659565822114,0.0006,1.5,-35.53040802807552,1.745121614087505,10000
871,11.614119645853782,0.4520734689864235,563.6525556178714,6.2183396563617e-14,0.2312,0.4244,0.841,0.141,0.01,0.0003,4.0355281436157226e-16,0.008436929191205634,0.006489719710770636,0.03649190826646036,0.1174,1.969335604770017,-30.605394585298068,0.8441918576919586,10000
872,3.6394901675159423,0.3299982531213568,72.50264737462622,2.684060235595851e-15,0.0134,0.0779,0.4621,0.0011,0.0,0.0,3.32905742369955e-17,0.001761350117217909,0.012403065249988743,0.1314440385983514,0.009,1.488888888888889,-33.15417714065397,1.0803889887587348,10000
873,12.191579936428182,0.089657177408762,29.517583977155635,1.70837632e-18,0.0,0.0055,0.0,0.0,0.0,0.0,5.32469598668026e-19,0.0,0.31168167834826116,,0.0,0.0,-35.990241501046725,1.3615071152005331,10000
874,6.495202195171435,0.5464984819976288,1686.0000129220466,6.898057147078e-14,0.2844,0.5253,0.8888,0.1325,0.0404,0.0014,6.959444653293611e-16,0.010649084669605648,0.01008899245817587,0.03744403892266403,0.1117,2.5461056401074305,-30.619452915318913,0.7325540759121528,10000
875,2.358723379216764,0.3114718255152149,172.7089306877131,8.063128054741999e-14,0.0318,0.0631,0.9743,0.0238,0.0,0.0004,1.1935423602999385e-16,0.002949533179097577,0.0014802473087327508,0.09275261569489235,0.0174,1.8275862068965518,-30.17565573743884,0.3481671709943402,10000
876,2.938640171935031,0.1982207199756104,145.8260606882253,6.453542916017e-14,0.03,0.067,0.9666,0.0263,0.0,0.0003,1.0180062463500627e-16,0.0026173813379992707,0.0015774377882007736,0.08724604459997569,0.0182,1.6483516483516483,-30.40721271845488,0.426364624571769,10000
877,6.156698727626625,0.0877857112180001,3756.1220537927966,8.698079216952001e-14,0.2462,0.5256,0.9194,0.1111,0.0623,0.0034,1.0837982118669666e-15,0.009920100646650918,0.012460201670211432,0.04029285396690056,0.0958,2.569937369519833,-30.536505302252205,0.8535810389543188,10000
878,14.201804227427612,0.6759999899714829,126.78596973907452,1.2490571457217066e-16,0.0374,0.0996,0.0,0.0001,0.0,0.0,1.1414771256867576e-17,0.0029156429989643357,0.09138710183089428,0.07795836895626565,0.0245,1.526530612244898,-35.62265345733996,2.4006938975187104,10000
879,11.078046744755994,0.6972826299239766,923.8537672012333,6.458586503761e-14,0.4428,0.7028,0.7976,0.1811,0.0361,0.0021,5.238620306884286e-16,0.013281206836937091,0.008111094128465576,0.029993692043670032,0.1776,2.4932432432432434,-30.6362118951566,0.8328897201990316,10000
880,2.0106448542705446,0.5736453403279684,400.7285287483359,6.550839307591e-14,0.0414,0.0754,0.9727,0.0331,0.0007,0.0,3.2063712889417995e-16,0.003103154355924898,0.004894596155375559,0.07495541922523909,0.0257,1.6108949416342413,-30.4427136266395,0.43018963293045925,10000
881,9.755946020500419,0.116997509835523,9868.173250170401,1.4201409748779998e-13,0.4079,1.1651,0.8792,0.1873,0.2637,0.01,1.931692156057741e-15,0.014056725015159654,0.013602115495778066,0.034461203763568656,0.1364,2.9904692082111435,-30.274282415003935,1.0935719784656313,10000
882,11.894525502377077,0.2768272500803778,2983.1208022169144,8.3946656696694e-14,0.4657,0.9814,0.8343,0.2094,0.0836,0.0021,9.424116099077251e-16,0.014734451513583414,0.011226314983725127,0.03163936335319608,0.1657,2.8105009052504526,-30.5250715347505,0.8489594485253146,10000
883,4.697434131841425,0.3341365538640651,998.0669493028125,6.296292958252e-14,0.1488,0.2549,0.9363,0.0766,0.0166,0.0008,5.28975058656736e-16,0.006933301022334645,0.008401373032737537,0.04659476493504466,0.0705,2.1106382978723404,-30.621552064183984,0.6328557507658598,10000
884,9.89640345361871,0.0990525294455582,93.9927291100241,5.66283672123713e-17,0.0162,0.0789,0.0,0.0,0.0,0.0,6.83886989359867e-18,0.002038178455666165,0.120767562800303,0.1258134849176645,0.0104,1.5576923076923077,-36.05199802804089,2.4250629273555586,10000
885,12.854015142669162,0.3997492678995328,55.31833094367566,1.39275523644e-17,0.0037,0.0212,0.0,0.0,0.0,0.0,2.3454899893561697e-18,0.0009320503590403142,0.16840647430279568,0.25190550244332816,0.0021,1.7619047619047619,-35.88100937338024,1.848696984723462,10000
886,10.117677871334752,0.2607613049094357,7521.745028534567,1.3639798383376e-13,0.4747,1.2232,0.8645,0.2127,0.2634,0.0101,1.7755340297337418e-15,0.015155162780250484,0.013017304067322126,0.03192576949705179,0.1536,3.0904947916666665,-30.27358694478054,1.073209702811016,10000
887,13.138965507920265,0.1790160940916062,216.52499535893648,6.885313154248484e-14,0.0889,0.2169,0.866,0.0685,0.0,0.0003,2.1912959204802034e-16,0.004814768654849365,0.0031825653697800157,0.05415937744487475,0.0528,1.683712121212121,-30.48215365831933,1.1429761893918897,10000
888,10.048744970213225,0.110223952084703,54.22626246043138,1.03460746319958e-17,0.0013,0.024,0.0,0.0,0.0,0.0,1.406548691098002e-18,0.0005383864652817712,0.13594998500669747,0.41414343483213173,0.0008,1.625,-36.02089697325875,1.9857511086825055,10000
889,2.1473455986342547,0.2601317503254212,22.649856417311423,4.467710318e-18,0.0001,0.0075,0.0,0.0,0.0,0.0,1.1910187985948563e-18,0.00010000000000000002,0.2665837115258681,1.0000000000000002,0.0001,1.0,-35.70592541997525,1.7260706832099328,10000
890,1.8249333693955987,0.6465912713461093,215.37867970387876,1.0195121641204e-13,0.0294,0.0656,0.9742,0.0245,0.0,0.0003,1.7179700530194331e-16,0.0025326281646823033,0.0016850902946328634,0.08614381512524841,0.019,1.5473684210526315,-29.949729549809877,0.39796630036472874,10000
891,12.130262446683991,0.2134617337399136,17.90597746451538,6.081939639499999e-19,0.0,0.0013,0.0,0.0,0.0,0.0,4.385273028363721e-19,0.0,0.7210319878683041,,0.0,0.0,-36.836907128336804,3.3029946576884277,10000
892,1.2942599851238072,0.1699516768553529,4310.311965340342,8.7556130066e-14,0.0662,0.1155,0.9828,0.0285,0.0194,0.0015,1.1474157600495803e-15,0.004287609399121607,0.013104916345487811,0.06476751358189739,0.0333,1.987987987987988,-30.552834605887682,0.8566848465150227,10000
893,4.058147134054309,0.3575597306784927,3253.064682311276,7.80218954109e-14,0.1871,0.3664,0.9391,0.0873,0.0389,0.0015,9.22557557788715e-16,0.008788463045849987,0.01182434178162544,0.04697200986557984,0.0768,2.4361979166666665,-30.588758878312767,0.7935204871930907,10000
894,13.075900739416506,0.0333280815178589,710.279656538334,6.300152693977434e-14,0.2155,0.4631,0.8605,0.1311,0.0214,0.0007,4.618641809943419e-16,0.008012015616523968,0.00733099979363764,0.03717872675881192,0.1128,1.9104609929078014,-30.599209359553118,0.7422362531782513,10000
895,5.2864343916620165,0.1160885668462992,2007.5075761970809,7.004032395805001e-14,0.212,0.3645,0.9295,0.0932,0.0317,0.0011,7.317254208348071e-16,0.00945486855825851,0.010447202118497726,0.04459843659555901,0.0843,2.5148279952550414,-30.618643496973913,0.726757322407488,10000
896,9.500285503210128,0.249894799577066,22.704017196859265,2.8255040399999996e-18,0.0,0.0041,0.0,0.0,0.0,0.0,9.51827166263441e-19,0.0,0.3368698656199554,,0.0,0.0,-35.44075579046946,1.5131537083018713,10000
897,13.521774462974406,0.5451246553732171,721.1508352168479,6.193543567376703e-14,0.3469,0.6194,0.7906,0.1813,0.0216,0.0014,4.520909455173839e-16,0.010859458171712728,0.0072993907381016234,0.03130428991557431,0.1597,2.1721978710081404,-30.652986511697268,0.912088038923729,10000
898,12.014501392077818,0.4740559291861291,299.47507583502954,8.116304729751479e-14,0.1422,0.2647,0.8489,0.1015,0.0001,0.0003,2.648834354021497e-16,0.0064855317601736585,0.003263596479210317,0.04560852152020857,0.0794,1.7909319899244331,-30.31009955254461,1.0967933561416092,10000
899,7.943699938979062,0.3367497924542736,6169.621669440852,1.2279612088782e-13,0.3657,0.8824,0.8826,0.1752,0.1809,0.0119,1.6001621287440675e-15,0.012287043914010174,0.01303104786352242,0.033598698151518114,0.1308,2.7958715596330275,-30.341834514649452,1.0311388758912312,10000
900,8.63757164601424,0.0095513878005756,1703.0377389825148,6.9282339539327e-14,0.2478,0.5309,0.8945,0.1236,0.0391,0.0012,6.779107145664575e-16,0.00955346234955089,0.009784754947278483,0.03855311682627478,0.1081,2.2923219241443107,-30.610269792624447,0.7311471065050694,10000
901,13.66708522849961,0.0925355394114908,14.55670863655009,1.749301e-19,0.0,0.0006,0.0,0.0,0.0,0.0,1.7256814881727168e-19,0.0,0.9864977429114353,,0.0,0.0,-36.135446335974194,3.029526024062188,10000
902,9.018336812852707,0.6541593575916845,153.34132689606392,2.5699113609251312e-14,0.0767,0.1788,0.848,0.0207,0.0,0.0,1.0675769404747594e-16,0.004329386256565225,0.004154139153229187,0.05644571390567438,0.0495,1.5494949494949495,-31.528250819210484,1.3343531035208833,10000
903,13.398000498199554,0.3691464026400724,2396.103021792481,7.942782202421e-14,0.5034,1.0407,0.8046,0.2403,0.0823,0.0022,8.2977578697636095e-16,0.015116934086302585,0.010446916028031602,0.030029666440807682,0.1784,2.821748878923767,-30.5386451885538,0.8269164059735136,10000
904,5.309669743129951,0.5991349005376175,8322.980418905916,1.3650206259028e-13,0.3497,0.8874,0.9066,0.1598,0.1968,0.0105,1.871235305109166e-15,0.013323615983444115,0.013708476411274482,0.03810013149397802,0.1134,3.083774250440917,-30.303567779502107,1.0789211805028849,10000
905,5.067220289622828,0.3026318500208616,1465.6094447839944,6.626763251969e-14,0.203,0.3353,0.9216,0.0933,0.026,0.0014,6.477975705110748e-16,0.008736517193554153,0.009775474781275696,0.04303703051011898,0.0888,2.286036036036036,-30.63351927990676,0.6923171106206003,10000
906,13.030553351591394,0.2788069731577616,305.47482305504366,7.939047094941901e-14,0.1128,0.2462,0.8716,0.0957,0.0001,0.0002,2.510051741533145e-16,0.005736802863155493,0.003161653673943238,0.050858181410952955,0.0627,1.799043062200957,-30.295534979258854,0.9028899165494673,10000
907,3.120463824486839,0.5631008686148752,149.68535693307646,6.27306471886244e-14,0.0466,0.0953,0.9504,0.0307,0.0,0.0004,1.1530193706771218e-16,0.0035445874809406246,0.0018380479436313083,0.07606410903306061,0.0273,1.706959706959707,-30.460982060615034,0.5965934916833487,10000
908,12.506432578847743,0.4173209528919032,859.8656146110993,6.477333272858971e-14,0.3198,0.5743,0.8206,0.1706,0.0314,0.0014,5.11776837069075e-16,0.010176598268342498,0.007901042226953167,0.03182175818743746,0.1466,2.1814461118690316,-30.613488363652518,0.8378641680345824,10000
909,13.057391142339398,0.3787497200321387,84.37507852247116,4.5806190641559196e-17,0.0098,0.0506,0.0,0.0001,0.0,0.0,5.3882065724822104e-18,0.0016585147171812222,0.11763053196555445,0.16923619563073697,0.0064,1.53125,-35.74569146658598,2.3583819493217146,10000
910,10.60397473211236,0.541660579100376,23.168073133231424,1.6657557470000002e-18,0.0,0.005,0.0,0.0,0.0,0.0,6.284662015037645e-19,0.0,0.3772859272048872,,0.0,0.0,-36.34036561778068,1.7058712959584392,10000
911,10.432881790643174,0.0376730455783837,3936.225087873154,9.23772073579e-14,0.3547,0.8269,0.8718,0.1706,0.0969,0.0038,1.1154931422365417e-15,0.011974269468862445,0.012075415290643616,0.03375886515044388,0.1339,2.648991784914115,-30.484528938738215,0.8816828523439562,10000
912,5.319639117657643,0.3497528415542188,163.14982344929646,6.345654992397439e-14,0.054,0.1137,0.9386,0.0367,0.0,0.0005,1.3315197456587478e-16,0.0038819978092084323,0.002098317269460767,0.07188884831867468,0.031,1.7419354838709677,-30.45589993285939,0.6392183147278246,10000
913,4.8212972471088005,0.5459565489789325,525.1836325684715,6.15927333687e-14,0.1035,0.1965,0.9325,0.0724,0.0039,0.001,3.729364379716147e-16,0.005616220187360827,0.006054877216427162,0.054262996979331665,0.0546,1.8956043956043955,-30.55477712280251,0.579641418267686,10000
914,3.723700206850117,0.2563097543997148,6043.36562249296,1.1057235887040001e-13,0.1669,0.3567,0.9492,0.0837,0.0864,0.0068,1.5177452333506221e-15,0.007935410264983617,0.013726262592711308,0.04754589733363462,0.0669,2.494768310911809,-30.43272373106869,0.9758887317975288,10000
915,1.160694227418143,0.5879037393117442,159.0840635402914,7.691958158748999e-14,0.0172,0.0389,0.9817,0.0174,0.0,0.0001,1.0133201553950282e-16,0.0016524796727666246,0.0013173760627421718,0.09607439957945492,0.0129,1.3333333333333333,-30.2170616154603,0.2922127892365734,10000
916,7.4073610921019695,0.1264512965264741,2627.5404183577134,7.608027821092999e-14,0.2731,0.5667,0.9076,0.1228,0.0475,0.0011,8.477242036634563e-16,0.010873981025656364,0.011142496105405526,0.03981684740262308,0.1061,2.5739868049010366,-30.58752241210571,0.7842688279941944,10000
917,13.12657588564628,0.6258758877101241,35.142967370087085,3.743449609e-18,0.0005,0.0091,0.0,0.0,0.0,0.0,9.370481939817989e-19,0.0002645411087143546,0.2503167644434022,0.5290822174287092,0.0004,1.25,-35.78999837370039,1.5615637846736148,10000
918,3.474433941378578,0.1013611586381085,1871.805122280433,6.71265892663e-14,0.1333,0.2278,0.9565,0.0571,0.0178,0.0004,7.008211295237622e-16,0.006897671258249315,0.010440291055806704,0.05174547080457101,0.0592,2.251689189189189,-30.64728193753122,0.7033787128700715,10000
919,14.77881466682393,0.5372853952352628,264.81940992949944,7.914951811766795e-14,0.1558,0.2834,0.8061,0.0953,0.0,0.0,3.0676458222309497e-16,0.0068130226572185116,0.003875760579704884,0.04372928534800072,0.0853,1.8264947245017584,-30.418691394740055,1.3809601412700307,10000
920,13.50990731923808,0.5614377488232023,3088.8652011642125,8.93069393574e-14,0.6408,1.3886,0.7819,0.2772,0.1091,0.0023,9.874155456404736e-16,0.017639973153757534,0.011056425768762571,0.0275280479927552,0.2054,3.1197663096397275,-30.47381718092232,0.873033996849624,10000
921,8.529052864873439,0.2822995210123219,19.147425554537183,4.881082499999999e-19,0.0,0.0021,0.0,0.0,0.0,0.0,3.071174298974107e-19,0.0,0.6291994243027254,,0.0,0.0,-36.59589832302525,1.6921389800250037,10000
922,3.2825108556506724,0.0724848392470177,1092.239201880329,6.216635096681e-14,0.1082,0.1803,0.9542,0.0561,0.014,0.0006,5.327485423822225e-16,0.005570671345351813,0.00856972516637902,0.05148494773892618,0.0554,1.9530685920577617,-30.634503908755903,0.6129906279201998,10000
923,14.029417331017951,0.3037245015196969,10.289658818426728,1.26697e-19,0.0,0.0003,0.0,0.0,0.0,0.0,1.26697e-19,0.0,1.0,,0.0,0.0,-34.30214817183149,,10000
924,1.9810507196173903,0.0429105248241362,2034.6598671247984,6.644065969282e-14,0.0829,0.1454,0.9751,0.0337,0.0113,0.0003,7.018827345583422e-16,0.004970435546604774,0.010564054267423116,0.059957002974725865,0.0426,1.9460093896713615,-30.658553022787284,0.6985081429688815,10000
925,4.664689230335499,0.5321639881639803,3689.5372858244527,8.704963577446e-14,0.2704,0.5355,0.9182,0.1189,0.0622,0.0034,1.0854959280891925e-15,0.010749880929294027,0.012469850315073602,0.03975547680951933,0.0997,2.712136409227683,-30.539740612558695,0.8590783999161514,10000
926,6.457575738980524,0.1166035633643981,177.73219543290125,7.051149676645173e-14,0.047,0.1201,0.9384,0.0401,0.0,0.0003,1.4581027497189702e-16,0.0035749654596658386,0.002067893629528955,0.0760630948865072,0.029,1.6206896551724137,-30.354171347825638,0.6721112609409626,10000
927,3.2577023199947206,0.2176356979812705,102.6353997804205,3.743248248436e-14,0.0216,0.0589,0.9614,0.0165,0.0,0.0003,6.547021733355112e-17,0.0022257222162566453,0.0017490215178997495,0.10304269519706691,0.0145,1.4896551724137932,-30.96482030913581,0.5751983621377592,10000
928,13.28997808791008,0.1275437869567372,16.543458291871342,5.9889929e-19,0.0,0.0015,0.0,0.0,0.0,0.0,3.7495663680942043e-19,0.0,0.6260762753774853,,0.0,0.0,-36.08121039732288,1.8161450721182566,10000
929,9.833634429271337,0.3724303530187959,1397.1054008846031,6.710670095373e-14,0.32,0.6036,0.8542,0.1555,0.0414,0.0023,6.286915973937003e-16,0.01096412427885238,0.009368536799733047,0.03426288837141369,0.1351,2.368615840118431,-30.619371794502225,0.7369803556428163,10000
930,2.308198612268153,0.2855649349429649,27.448608810482785,3.4116503582999998e-18,0.0003,0.0086,0.0,0.0,0.0,0.0,8.975868786938138e-19,0.00022359785240462396,0.2630946270652057,0.74532617468208,0.0002,1.5,-36.197980581168544,1.8590210005148253,10000
931,5.750774490804235,0.6473382541657322,545.5576758515846,6.210944226578199e-14,0.1473,0.2581,0.9074,0.0974,0.0061,0.0005,3.9026694148894083e-16,0.006841414436733789,0.0062835364036741784,0.04644544763566728,0.0731,2.015047879616963,-30.567948890453987,0.6547650572570941,10000
932,6.024816850066279,0.5439684648769294,6833.465868470421,1.2311619264479202e-13,0.3556,0.8161,0.8976,0.1637,0.1765,0.0082,1.6630179627910312e-15,0.012956529287008791,0.013507711106605431,0.03643568415919232,0.1203,2.9559434746467166,-30.362337325095424,1.0390486839666029,10000
933,11.856809643090308,0.4484674933754783,2296.2283477816472,7.864893962543e-14,0.4707,0.9457,0.8177,0.2176,0.0778,0.0041,8.292660875824078e-16,0.014516722237559423,0.010543894063058374,0.03084071008616831,0.1717,2.7414094350611533,-30.54827731239577,0.8244694800660224,10000
934,9.82876116205278,0.0865219329563255,235.3758772766592,9.145572993389197e-14,0.0771,0.1922,0.9064,0.0712,0.0,0.0001,2.323603464992849e-16,0.004531844300202306,0.0025406865886614723,0.05877878469782498,0.0453,1.7019867549668874,-30.127881848069542,0.8349822348405849,10000
935,3.489715526260143,0.2317799027080573,15.224321277505217,1.3848955700000001e-18,0.0,0.0026,0.0,0.0,0.0,0.0,5.448674198473712e-19,0.0,0.3934357446513972,,0.0,0.0,-35.491560031802386,1.6775015858586915,10000
936,11.572951124177134,0.4553893152914735,29.10114464123769,2.0593515399999997e-18,0.0002,0.006,0.0,0.0,0.0,0.0,6.401156792441823e-19,0.00014141428428549925,0.3108336128197823,0.7070714214274962,0.0002,1.0,-36.2152148342969,1.5562164007536585,10000
937,14.749183093927364,0.5923430308019672,12.999304204818404,1.4707321999999998e-19,0.0,0.0007,0.0,0.0,0.0,0.0,8.838828216424777e-20,0.0,0.6009814850334261,,0.0,0.0,-36.400052352504346,1.584475541214624,10000
938,4.247735938480711,0.1500059519949782,7168.609627973245,1.2359360944399998e-13,0.1914,0.4435,0.9449,0.0916,0.1152,0.0087,1.6981717825329148e-15,0.008465445669132708,0.013739964308610577,0.04422907873110088,0.0752,2.5452127659574466,-30.365451697442317,1.0255086603203978,10000
939,10.46776388739597,0.0548638513846822,29.79568504188108,1.937908891e-18,0.0,0.0067,0.0,0.0,0.0,0.0,5.3652263241448605e-19,0.0,0.2768564791183911,,0.0,0.0,-36.641907205342456,1.8045246610040344,10000
940,13.643980449193696,0.3762830654947285,96.80368535256963,6.22029513867747e-17,0.0175,0.0624,0.0,0.0001,0.0,0.0,6.7093868863868874e-18,0.002029725838308679,0.10786283828669592,0.11598433361763878,0.0109,1.6055045871559632,-35.90909031454248,2.5257234138999776,10000
941,5.14441196834757,0.3425423131816427,61.16765775820039,3.2902225978899897e-17,0.0076,0.0474,0.0,0.0,0.0,0.0,4.186677906890729e-18,0.001324537443768199,0.1272460382946623,0.17428124260107883,0.0047,1.6170212765957446,-35.66815410803752,1.9213909192478462,10000
942,14.575658016932072,0.1496973363949806,55.5104780341834,1.0375092816e-17,0.001,0.0225,0.0,0.0,0.0,0.0,1.8167134509537327e-18,0.00034628310845191386,0.1751033444396834,0.34628310845191385,0.0009,1.1111111111111112,-36.1717599228269,1.8157741301305883,10000
943,5.865127361759961,0.1650964214482048,595.7959811353197,6.058323860831999e-14,0.1156,0.2252,0.93,0.0765,0.009,0.0002,3.913582406874804e-16,0.005972204846040724,0.006459843509153942,0.05166267167855298,0.06,1.9266666666666667,-30.57932073931418,0.5520608720484597,10000
944,5.111680543247044,0.2058810084100127,9696.886462405058,1.326270470149e-13,0.245,0.6045,0.9349,0.108,0.158,0.0086,1.8724051908475865e-15,0.01028338829411205,0.014117823121231304,0.041973013445355305,0.089,2.752808988764045,-30.333232482254022,1.0598068056650114,10000
945,8.46999710292696,0.6576967472028038,6941.59161495536,1.395286447580554e-13,0.6227,1.5281,0.8443,0.2376,0.2683,0.0106,1.7730390570221107e-15,0.018606157311733953,0.012707348086814611,0.029879809397356596,0.1736,3.5869815668202767,-30.248639145621596,1.093743446469538,10000
946,7.856530694908257,0.0223786909334628,191.61350616934573,7.445782712833111e-14,0.0597,0.1562,0.9232,0.0517,0.0,0.0001,1.6925870121457978e-16,0.004339985546917725,0.0022732156946086474,0.07269657532525502,0.0344,1.7354651162790697,-30.311496594637777,0.7391194605973908,10000
947,10.06795868332508,0.0973288221000257,8462.706662729857,1.427149900936e-13,0.4285,1.1757,0.8739,0.2048,0.2644,0.0115,1.8736578309370955e-15,0.014467539734543573,0.01312866875237319,0.03376321991725455,0.141,3.0390070921985815,-30.245963666500657,1.0846373946191827,10000
948,7.2793786787063794,0.4859923497662011,25.91402622691663,2.95351942e-18,0.0,0.0071,0.0,0.0,0.0,0.0,7.818843735544672e-19,0.0,0.2647297215179534,,0.0,0.0,-35.74098695620681,1.4663280403891668,10000
949,12.974067384052056,0.0001084965392089,729.872601573368,6.277181094338714e-14,0.2159,0.4843,0.8569,0.1383,0.022,0.0011,4.6737002920173285e-16,0.008074356848929355,0.007445539999208341,0.03739859587276218,0.1149,1.8790252393385554,-30.606324744860604,0.742754224668187,10000
950,6.78311780121694,0.4687987181352925,1855.1110416348067,7.15717200021e-14,0.306,0.5298,0.8915,0.1394,0.0401,0.0015,7.311538332822795e-16,0.01164946226214325,0.010215680624425773,0.03807013811157925,0.1146,2.670157068062827,-30.59751431603184,0.7507585573543821,10000
951,8.323672188971228,0.5904462497680795,153.50442893101814,3.49079107222736e-14,0.0769,0.1748,0.8725,0.0283,0.0,0.0001,1.2136990801670658e-16,0.004634737002107873,0.0034768597004364516,0.06026966192598014,0.0449,1.712694877505568,-31.165168641892333,1.1879094999093651,10000
952,9.384498563504703,0.5210652154954507,269.46627603775977,9.589844791896627e-14,0.1256,0.2266,0.88,0.0828,0.0001,0.0003,2.7910150322568366e-16,0.006383301548091347,0.002910386031080744,0.050822464554867414,0.0668,1.8802395209580838,-30.11381532179643,0.941423368853093,10000
953,1.7703929578823203,0.6092732672734829,106.89304129122438,4.518886999603048e-14,0.0182,0.0528,0.9707,0.0177,0.0,0.0001,6.515404871123705e-17,0.001899272682811072,0.0014418162861111678,0.10435564191269626,0.0123,1.4796747967479675,-30.76080955774459,0.46335593607535597,10000
954,9.686367924875114,0.1413513498990693,3141.7403947753064,8.1683790883569e-14,0.3377,0.7372,0.8719,0.1678,0.0759,0.0026,9.344691360181084e-16,0.011698698942860937,0.01144008041142567,0.03464228292230067,0.1305,2.5877394636015327,-30.54720928751907,0.8236597964984237,10000
955,3.4348440024427926,0.0744751273123407,1011.3142635399764,6.202801692287e-14,0.0969,0.1773,0.9565,0.0557,0.013,0.0007,5.16754412893685e-16,0.005397587645906227,0.008330983941276952,0.055702658884481185,0.0499,1.9418837675350702,-30.62634895680047,0.6002346405433563,10000
956,7.991313362308746,0.2216497629121788,5067.072090923797,1.0849583446908e-13,0.3368,0.7667,0.895,0.1555,0.123,0.0072,1.4132397589371049e-15,0.012575070148469307,0.013025751318958343,0.03733690661659533,0.118,2.854237288135593,-30.419212414396462,0.9714498587157137,10000
957,5.037061138257932,0.6626572114735046,148.42289683361977,4.968430944730466e-14,0.0559,0.1353,0.9191,0.0397,0.0,0.0,1.2114879961300999e-16,0.0035998353964435854,0.0024383714086134334,0.06439777095605699,0.0342,1.6345029239766082,-30.731650333597756,0.8059574864237306,10000
958,6.822894137644688,0.2308988293986586,3903.4701218475343,8.864569697166999e-14,0.3053,0.6206,0.9055,0.1376,0.0771,0.0026,1.0809150742133991e-15,0.011631969793294996,0.01219365531706345,0.03810013034161479,0.1106,2.7603978300180834,-30.5171470283154,0.8680752846493657,10000
959,4.953587807536433,0.1551531149497051,2387.8003966902243,7.281774203211e-14,0.1955,0.3678,0.9348,0.0879,0.0335,0.0012,8.185609412850916e-16,0.008809979374190235,0.011241229382313664,0.04506383311606258,0.0801,2.4406991260923845,-30.618972502219346,0.7637218517862009,10000
960,1.017155885967465,0.2337563356867158,194.49151227280024,9.579487865192002e-14,0.015,0.0254,0.9892,0.0122,0.0,0.0,1.4406067694526475e-16,0.0017657326471405908,0.0015038452887311772,0.11771550980937272,0.0101,1.4851485148514851,-30.001603167707547,0.31193971551551836,10000
961,8.24892863454292,0.604544081056517,554.0594331891098,6.1444424569923e-14,0.1957,0.3454,0.8646,0.1253,0.0075,0.0009,3.9523521352959494e-16,0.008115832531155838,0.006432401577458377,0.04147078452302421,0.0979,1.9989785495403474,-30.60174536203768,0.7808386280671628,10000
962,14.094440526028515,0.4512940287794072,74.7796423573747,3.0981105749726284e-17,0.0091,0.0353,0.0,0.0,0.0,0.0,5.125973455806367e-18,0.0015172175832488535,0.16545482582885712,0.16672720695042345,0.0054,1.6851851851851851,-36.113229190156545,2.6669764012435215,10000
963,4.685482651685691,0.1595316114809619,2642.6366082944064,7.45234105475e-14,0.2086,0.3885,0.9321,0.0935,0.0358,0.0014,8.303776016836256e-16,0.009315432449874393,0.011142506704713367,0.04465691490831444,0.0843,2.4744958481613284,-30.599921928281915,0.7654788701421343,10000
964,4.1675685044250805,0.0281818646892048,142.5694924786622,5.953248708642e-14,0.0359,0.0782,0.9618,0.0284,0.0,0.0002,9.505629495137861e-17,0.003259168792517781,0.0015967129814917806,0.09078464603113595,0.0192,1.8697916666666667,-30.490038594546185,0.45088647534885673,10000
965,8.269841238153436,0.5926785662501469,3203.258400173384,8.345767902976e-14,0.4455,0.9192,0.8571,0.1988,0.0823,0.0026,9.546102415694842e-16,0.014808946805581723,0.01143825532494238,0.03324118250411161,0.1468,3.034741144414169,-30.533978998778064,0.8430129032462657,10000
966,1.8901846659667545,0.1818039610028587,65.64960182542883,2.1121045604232996e-14,0.0072,0.0419,0.9658,0.0091,0.0,0.0001,3.591097593397941e-17,0.0010931310504918223,0.0017002461244997394,0.1518237570127531,0.0061,1.180327868852459,-31.52237971255248,0.4921457607837495,10000
967,14.664641728934193,0.3746636937267278,98.6292798228437,3.526167181501252e-17,0.0106,0.0546,0.0,0.0,0.0,0.0,4.0095794654922494e-18,0.001899769699856077,0.11370928430526617,0.17922355659019595,0.0067,1.5820895522388059,-36.01377278465763,2.277375070965004,10000
968,6.11112816609648,0.5685639050448519,34.83888013413333,8.57300964574e-18,0.0013,0.0136,0.0,0.0,0.0,0.0,1.5819809587138933e-18,0.0005194785710677389,0.18453040694990852,0.3995989008213376,0.0009,1.4444444444444444,-35.59677461401502,1.8639802120866,10000
969,8.699462390196464,0.6944359966306349,272.1851187572707,9.606977625079191e-14,0.1286,0.2474,0.8654,0.0903,0.0,0.0004,2.9088947505839373e-16,0.005850609110400068,0.0030278979134813577,0.045494627608087625,0.073,1.7616438356164383,-30.12751251678575,0.9844141585080968,10000
970,1.1800922957962103,0.189397047380853,181.5236539982388,8.933255744858001e-14,0.0147,0.0299,0.9884,0.0127,0.0,0.0,1.2295994629273941e-16,0.0017912877689492321,0.0013764292639166342,0.12185631081287293,0.0099,1.4848484848484849,-30.06874483526414,0.2965921472449425,10000
971,7.769713871995898,0.423520417923219,20.878054630376376,2.21420996e-18,0.0001,0.0036,0.0,0.0,0.0,0.0,6.909390388659253e-19,0.0001,0.31204766094807257,1.0,0.0001,1.0,-35.728340971471134,1.9021076876531455,10000
972,13.793721555299202,0.6795346166975363,8510.029351982717,1.64263564700808e-13,1.0147,3.0629,0.7605,0.3538,0.4606,0.0128,2.010732565367885e-15,0.025181576642065485,0.012240892062888455,0.02481677012128263,0.2465,4.116430020283976,-30.119290177509257,1.1691527568798612,10000
973,3.2333839539345526,0.3360002846496265,26.18092785955036,3.62625405e-18,0.0,0.0078,0.0,0.0,0.0,0.0,9.86591757959478e-19,0.0,0.27206912266929506,,0.0,0.0,-35.82211165218942,1.7493221143380435,10000
974,2.9211635736270134,0.6880187326595831,657.4761726333564,6.025342156324299e-14,0.0975,0.1746,0.948,0.0568,0.0061,0.001,4.1450101493811647e-16,0.005366773260118462,0.006879294224030901,0.055043828308907305,0.0518,1.8822393822393821,-30.5973438843336,0.5598990770029824,10000
975,7.835828626817346,0.2857474666183381,11.45048038963012,1.7929620000000002e-19,0.0,0.0004,0.0,0.0,0.0,0.0,1.2885985555146269e-19,0.0,0.7186981963447228,,0.0,0.0,-35.83885069334118,1.9940693109089886,10000
976,13.428591609438472,0.4383412682618729,24.592994414098545,1.19435961e-18,0.0,0.0037,0.0,0.0,0.0,0.0,3.889015130057887e-19,0.0,0.3256150909237367,,0.0,0.0,-36.101916341521225,1.5586460023481437,10000
977,7.08339538639379,0.3464705367463269,63.42145270424188,1.9994936095e-17,0.0056,0.0392,0.0,0.0,0.0,0.0,2.4987015466548152e-18,0.001181949110736176,0.1249667183122255,0.21106234120288855,0.0031,1.8064516129032258,-35.890817007459646,1.8433067764702553,10000
978,1.4977762226668891,0.3189798306298828,1867.9138049311575,6.519413061230001e-14,0.0704,0.122,0.9763,0.0312,0.0122,0.0009,6.732659476262688e-16,0.0046590293683840996,0.010327094499197836,0.06617939443727414,0.0347,2.0288184438040346,-30.664907433697522,0.6842506009046847,10000
979,13.33786506204525,0.6508858406713791,9332.062236652313,1.7222434835022677e-13,0.959,3.0933,0.7652,0.3583,0.5045,0.0127,2.1303333360954208e-15,0.024382603452771684,0.012369524730401546,0.025425029669209266,0.2424,3.956270627062706,-30.097286626079995,1.197250721105026,10000
980,11.098791491436437,0.3974961749490065,102.88930842778134,7.11966550825618e-17,0.0203,0.0838,0.0,0.0001,0.0,0.0,7.4294765720256e-18,0.0020854797823503966,0.1043514834146373,0.10273299420445305,0.0133,1.5263157894736843,-35.81174841227136,2.1484736205869304,10000
981,14.475759314436488,0.4926676527968507,561.2591644101848,6.184742265440299e-14,0.2646,0.4724,0.8056,0.1625,0.0106,0.0006,4.0352353070186947e-16,0.009242685038595237,0.0065245003491368955,0.034930782458787744,0.1287,2.055944055944056,-30.61887555135285,0.8812786529404094,10000
982,5.458305547134679,0.3006274362873787,440.6407047566744,6.412736095668361e-14,0.0893,0.169,0.9354,0.0712,0.0014,0.0004,3.403244947211758e-16,0.005253123883086436,0.005307009202375508,0.05882557539850432,0.0471,1.8959660297239915,-30.487943164705808,0.544179733136292,10000
983,6.181163918152592,0.5435949969954244,5351.143810166432,1.1309929281793001e-13,0.3617,0.754,0.8943,0.1624,0.1399,0.0094,1.4506550934497206e-15,0.013020148364221608,0.012826385181603393,0.035997092519274555,0.1232,2.9358766233766236,-30.386397147800793,0.9841016881391438,10000
984,6.598619162142489,0.5096404221502709,629.4543553020006,6.101274836256042e-14,0.1627,0.3171,0.902,0.1044,0.01,0.0007,4.062641152026335e-16,0.006950374217995533,0.006658675868663729,0.04271895647200696,0.0813,2.001230012300123,-30.59184517867979,0.6511943375073947,10000
985,1.5661937765114708,0.1464600547679107,32.95917875457611,7.2619033e-18,0.0003,0.0148,0.0,0.0,0.0,0.0,1.2795305696090614e-18,0.00017318775765030273,0.1761976876790774,0.5772925255010092,0.0003,1.0,-35.6844009643789,1.5814637047957503,10000
986,2.808352494744498,0.4107067906371353,1277.6311023322878,6.3078373012235e-14,0.1063,0.1947,0.9574,0.0537,0.0148,0.0007,5.752330054440589e-16,0.005730908770128273,0.00911933802307304,0.05391259426273069,0.0521,2.0403071017274472,-30.64455926054478,0.6382536855936841,10000
987,12.256281925394326,0.3947529779568099,640.9374416530347,6.213914472509477e-14,0.2598,0.4866,0.8345,0.1473,0.0186,0.0011,4.281850250585543e-16,0.009594769510529996,0.006890745390089552,0.0369313684008083,0.1233,2.1070559610705595,-30.615645188259915,0.8465522376751154,10000
988,1.0349332622423797,0.3926799605373062,99.39375319004876,4.6696000735729994e-14,0.0099,0.0195,0.9877,0.0085,0.0,0.0002,4.993767279865569e-17,0.0015685805827258129,0.001069420764344928,0.15844248310361744,0.0064,1.546875,-30.70918157936059,0.25736084927285235,10000
989,8.940020988197729,0.5741988721923884,189.51053762701167,5.779632605866501e-14,0.1009,0.1907,0.8751,0.0541,0.0,0.0002,1.7918155641405161e-16,0.005629839119268941,0.0031002239871125536,0.05579622516619367,0.0551,1.8312159709618874,-30.64483388631402,1.0854064529239837,10000
990,10.263621421254928,0.1690962876096461,29.35916068320681,2.491420662e-18,0.0001,0.0111,0.0,0.0,0.0,0.0,6.039577274782197e-19,0.0001,0.24241499506285288,1.0,0.0001,1.0,-36.17234634618845,1.3445501709903154,10000
991,1.3739811201384824,0.5667639951402547,6228.17696658028,1.0961835366280002e-13,0.0895,0.1894,0.973,0.0483,0.048,0.0057,1.516058159376177e-15,0.005434328679130411,0.013830331406360696,0.06071875619140125,0.0389,2.3007712082262213,-30.443721259409777,0.9743593247187252,10000
992,5.408563549314204,0.3636686662274294,2101.685549223102,7.114623289101e-14,0.233,0.4403,0.9178,0.1069,0.0375,0.0017,7.631502824205811e-16,0.009722168073799463,0.010726503026374743,0.04172604323519082,0.0923,2.524377031419285,-30.613889116229984,0.730397236425599,10000
993,8.785165734294093,0.2783136507969781,383.2159402511829,6.8242451692086e-14,0.1048,0.2182,0.9058,0.0943,0.0005,0.0002,3.0380148823378876e-16,0.005621819677439732,0.004451796216298897,0.053643317532821866,0.0567,1.8483245149911816,-30.428335437327757,0.6667883971490045,10000
994,12.320404576666588,0.6885170830442566,3889.262842043556,1.0089587249724001e-13,0.7355,1.7095,0.7782,0.2941,0.1556,0.0045,1.161449609066379e-15,0.01956047638028334,0.011511368902609473,0.026594801332812154,0.2154,3.414577530176416,-30.4096504693362,0.9394573592071106,10000
995,5.953747927784232,0.6430383366471857,992.892487743294,6.3722375385e-14,0.2624,0.4225,0.8884,0.1176,0.0253,0.0012,5.29234326719278e-16,0.009533294937808077,0.008305313848106448,0.036331154488597854,0.1119,2.3449508489722968,-30.613540408096824,0.6588691688729844,10000
996,14.457170177500531,0.6777818099175976,32.39054606443783,3.425864666e-18,0.0,0.006,0.0,0.0,0.0,0.0,9.807948550933718e-19,0.0,0.2862911850626419,,0.0,0.0,-35.98373813208365,1.8162057951488422,10000
997,7.488329113272797,0.1785888796962024,1909.422742225716,7.123585726789999e-14,0.2594,0.5016,0.9009,0.1265,0.044,0.0014,7.377841082465044e-16,0.009808199838829133,0.010356920468744911,0.037811101923011306,0.1071,2.42203548085901,-30.60684813744388,0.7495230038364528,10000
998,13.884078566239191,0.004912652648328,298.3250844368226,8.130458100972604e-14,0.099,0.2544,0.8791,0.0918,0.0,0.0001,2.379082062901725e-16,0.00533692310932315,0.0029261353214736175,0.05390831423558737,0.0562,1.7615658362989324,-30.251510152816785,0.8528152605241252,10000
999,2.463372520177647,0.3075430198215261,369.66117561626686,6.774566552449e-14,0.0523,0.0839,0.9702,0.0375,0.0003,0.0002,3.0432285588517087e-16,0.003786542590606773,0.004492137667097808,0.07240043194276813,0.0284,1.841549295774648,-30.40529114047216,0.4447037059234811,10000
1000,6.564260602682104,0.1597894218727561,12.575066503389968,4.4162722e-19,0.0,0.0007,0.0,0.0,0.0,0.0,3.3362044129187987e-19,0.0,0.7554345071662021,,0.0,0.0,-34.93320022486265,1.9041986227764711,10000
1001,3.205040366660504,0.0615605755820173,1796.5990443362634,6.55383684965e-14,0.1213,0.2119,0.9573,0.0539,0.0185,0.0006,6.64047103022312e-16,0.006499450383342315,0.010132188491353347,0.05358161898880721,0.0558,2.173835125448029,-30.655082936589903,0.6858923514603185,10000
1002,11.774493471259063,0.5394149831847483,114.77333173267064,1.0873994097376946e-16,0.0324,0.1002,0.0,0.0001,0.0,0.0,1.0382283569787877e-17,0.0029926442474773373,0.09547810562351068,0.09236556319374498,0.0198,1.6363636363636365,-35.677649622809874,2.338641015570848,10000
1003,1.7956588608879265,0.6018632965769648,27.053371497347708,5.866787320000001e-18,0.0,0.0117,0.0,0.0,0.0,0.0,1.1409301788064407e-18,0.0,0.19447273551522581,,0.0,0.0,-35.43808072202966,1.4779229385861785,10000
1004,5.799553985137051,0.2320741778857984,624.3710928740928,6.192501409211e-14,0.1225,0.2403,0.9265,0.0794,0.0098,0.0007,4.2294598116338103e-16,0.0062187814179493735,0.0068299698815453246,0.05076556259550509,0.0643,1.9051321928460343,-30.571950840302176,0.5724973224532602,10000
1005,8.497383184489129,0.266490864413893,267.80388953214526,8.90054216977541e-14,0.0931,0.1959,0.903,0.0825,0.0,0.0003,2.193530027709011e-16,0.005329735416318601,0.002464490348866423,0.057247426598481206,0.0502,1.8545816733067728,-30.131845801970723,0.6779380052409284,10000
1006,9.182289148674634,0.5827571529427846,81.13598253721308,4.56793641376e-17,0.0129,0.061,0.0,0.0,0.0,0.0,6.197685878961958e-18,0.002003437140525652,0.135678024332665,0.15530520469191103,0.0075,1.72,-35.76729893101593,1.8637963501560701,10000
1007,10.373071561888032,0.6610453534620014,486.2487957857656,6.272095532963611e-14,0.2328,0.3574,0.8374,0.1382,0.0044,0.0005,3.6776585364673906e-16,0.008702182990427165,0.0058635244267870226,0.037380511127264454,0.1122,2.0748663101604277,-30.580795537513463,0.8659273692382977,10000
1008,10.731734554377937,0.5478007316753593,4714.831025494509,1.056132585782e-13,0.5652,1.3118,0.8277,0.2369,0.1646,0.0064,1.3078658820084845e-15,0.017006581619533015,0.012383538767910391,0.03008949331127568,0.1757,3.2168468981217986,-30.411937844056908,0.9615181104012,10000
1009,8.822642983855076,0.0594522054176617,1239.4928407676907,6.4953586619927e-14,0.2172,0.4261,0.8929,0.1167,0.0371,0.0005,5.79036107376096e-16,0.008346818731606302,0.00891461330325452,0.0384291838471745,0.1042,2.0844529750479848,-30.62312563659478,0.6856582033938631,10000
1010,14.507294210837136,0.6057032531981876,2751.0103088590986,8.59683936398e-14,0.7274,1.5617,0.7512,0.3069,0.1123,0.0037,9.16411062250254e-16,0.01867361224775319,0.010659860251547047,0.025671724288910073,0.228,3.1903508771929823,-30.49018498857529,0.8646858597113083,10000
1011,13.215185703895465,0.5222068298709881,472.7023951357826,6.310358126875043e-14,0.2214,0.397,0.8219,0.1437,0.0034,0.0008,3.640015961966826e-16,0.008433582662881366,0.005768319148899717,0.038092062614640314,0.1114,1.9874326750448834,-30.598725470507574,0.9894642669087099,10000
1012,6.696900664593706,0.3313310070161958,214.6008214343429,8.69391260534994e-14,0.0776,0.1493,0.9259,0.0531,0.0,0.0002,1.9810241800960357e-16,0.004756057822251624,0.002278633648648573,0.06128940492592298,0.0434,1.7880184331797235,-30.152948332740703,0.6764245256603473,10000
1013,13.034068281265585,0.6601561309809753,17.224690982146438,7.749821850000001e-19,0.0,0.0012,0.0,0.0,0.0,0.0,4.530801253998593e-19,0.0,0.5846329556593087,,0.0,0.0,-36.03736071005396,2.3127728354877157,10000
1014,4.651529240621343,0.583124554099358,2782.9215898098846,7.688755655799999e-14,0.2572,0.5181,0.915,0.1213,0.0455,0.0017,8.800435305048951e-16,0.010263301103200348,0.011445851187129817,0.039903970074651435,0.0964,2.66804979253112,-30.588883556390076,0.7847912836294744,10000
1015,13.07756289297762,0.4501182089484726,470.66829904427743,6.335896594864021e-14,0.1794,0.3499,0.8411,0.1329,0.0033,0.0006,3.613939644564295e-16,0.007192130190261253,0.005703911972764536,0.040089911874365954,0.0968,1.853305785123967,-30.569912708879748,0.920971146496099,10000
1016,10.772759130259429,0.4054172851577164,30.354765640531408,2.090307006e-18,0.0,0.0076,0.0,0.0,0.0,0.0,6.395663760340516e-19,0.0,0.30596767565637273,,0.0,0.0,-36.30250945879536,1.5937819035455008,10000
1017,8.615089582736786,0.2012973908537257,68.61741036853672,3.879737695173034e-17,0.0094,0.0475,0.0,0.0,0.0,0.0,5.186851937699652e-18,0.0019317187046035903,0.1336907890487767,0.20550198985144577,0.0053,1.7735849056603774,-35.81453513277591,2.235042624116709,10000
1018,9.170263675286977,0.4263020837580621,2634.9070883528534,7.919373798374999e-14,0.4062,0.8068,0.8637,0.1764,0.0637,0.0021,8.658589364201926e-16,0.013799971011563465,0.010933426789348685,0.03397334074732512,0.1414,2.8727015558698725,-30.55308168393667,0.8094950385206219,10000
1019,5.879917805384725,0.6471660670018458,1017.3261342786664,6.41095308093e-14,0.2467,0.4212,0.8933,0.1136,0.0239,0.0011,5.416857155460031e-16,0.009413435731826491,0.00844937887873957,0.03815742088296105,0.1039,2.3743984600577477,-30.617327827170183,0.6771628434308904,10000
1020,12.577087392820786,0.1299937794989189,1100.2998362214682,6.639644424019441e-14,0.3114,0.6113,0.8343,0.1699,0.0415,0.0015,5.783380451233603e-16,0.010518273023968367,0.008710376764020322,0.03377737001916624,0.1452,2.144628099173554,-30.615377256758507,0.7957619068099702,10000
1021,5.611760446233316,0.6498921698078631,18.582662384066445,8.971111300000001e-19,0.0,0.0028,0.0,0.0,0.0,0.0,2.798612088607673e-19,0.0,0.3119582396227402,,0.0,0.0,-35.88567193879826,1.3081266587432063,10000
1022,7.62284278995221,0.2206484266208708,60.608948002539336,1.5731148468270002e-17,0.0038,0.0384,0.0,0.0,0.0,0.0,2.4949464942579093e-18,0.0009892693593690945,0.158599132116149,0.26033404193923537,0.0024,1.5833333333333333,-36.11262142234572,1.7106777564576738,10000
1023,14.977147722885492,0.0391924133487167,2128.4917568483743,7.626177761014501e-14,0.3791,0.899,0.8224,0.2105,0.0678,0.002,7.885279905555633e-16,0.01194121343322469,0.010339753612701869,0.03149884841262118,0.1581,2.3978494623655915,-30.564167165872266,0.8143194439854021,10000
1024,3.7737195396251098,0.0995290056347571,1306.9585561578913,6.3084932735e-14,0.1259,0.2249,0.9534,0.0577,0.016,0.0008,5.79684017551713e-16,0.006455159634632661,0.009188945639155765,0.05127211782869468,0.0597,2.1088777219430486,-30.648317138588634,0.6431665095079416,10000
1025,3.2875364656330146,0.0740425048036872,2493.3203555736886,7.168548726309e-14,0.1422,0.2684,0.9527,0.0674,0.0246,0.0011,8.037430838770625e-16,0.007134634279388823,0.0112120753385867,0.050173236845209725,0.0622,2.2861736334405145,-30.62654666459163,0.748109479856949,10000
1026,9.730317793780749,0.2159419268212216,480.34812023234906,6.359086530814078e-14,0.1342,0.2658,0.8936,0.1043,0.003,0.0007,3.715787114860007e-16,0.006307377767458529,0.005843271823483614,0.04699983433277592,0.0731,1.8358413132694937,-30.53996773161713,0.7344290188043866,10000
1027,9.613603532288355,0.3436256533752389,30.650542238168505,3.106701461e-18,0.0002,0.0076,0.0,0.0,0.0,0.0,7.99420615869307e-19,0.00014141428428549925,0.25732135060444,0.7070714214274962,0.0002,1.0,-35.886811180099514,1.4956919131781694,10000
1028,11.39956443885784,0.508519071490647,16.73360373365808,9.9948006e-19,0.0,0.0018,0.0,0.0,0.0,0.0,5.126765353095276e-19,0.0,0.5129432350151414,,0.0,0.0,-35.78119816434659,1.728901253483518,10000
1029,11.607766267667756,0.391744820385221,92.93126004538793,5.3716142551002605e-17,0.0133,0.0691,0.0,0.0001,0.0,0.0,5.96666095032317e-18,0.0019526116534597767,0.11107761404605557,0.14681290627517118,0.0086,1.5465116279069768,-35.87275416325786,2.4100417619609447,10000
1030,10.875834983893442,0.1853058394453924,104.30364251737456,8.015984245024149e-17,0.0214,0.0931,0.0,0.0,0.0,0.0,7.263775739766469e-18,0.0023737665168983395,0.09061614291813751,0.1109236690139411,0.0143,1.4965034965034965,-35.735794415000036,2.277914515232369,10000
1031,4.350997242091928,0.0291827666679877,8431.504050909916,1.266880765838e-13,0.1938,0.4633,0.9449,0.0938,0.1198,0.0095,1.7446386821666705e-15,0.008751674992909537,0.013771135604956868,0.04515828169715963,0.0756,2.5634920634920637,-30.350797051937054,1.0385869154943632,10000
1032,1.0925534210332808,0.2149512044671729,374.52828836385487,6.64269927157e-14,0.0192,0.0366,0.9882,0.0166,0.0,0.0002,2.9876257901563385e-16,0.0018770957218093285,0.004497608077702747,0.0977654021775692,0.0134,1.4328358208955223,-30.415346570676025,0.37321001742083576,10000
1033,2.846413887813964,0.1124885049052293,53.16296089246622,2.15967577638e-17,0.0042,0.0332,0.0,0.0,0.0,0.0,3.374980690062494e-18,0.001112816173491201,0.1562725630844256,0.2649562317836193,0.0027,1.5555555555555556,-35.51853597483073,1.7105359064218175,10000
1034,8.532379126791724,0.6408449418745167,79.19871015678444,4.561782734409169e-17,0.0134,0.0565,0.0,0.0,0.0,0.0,5.277644915699234e-18,0.0018391254003530652,0.11569259701674023,0.13724816420545263,0.0089,1.5056179775280898,-35.78932148633551,2.3848139174548875,10000
1035,2.1790238230391656,0.439911978648959,735.7108246144364,6.0499810920602e-14,0.0789,0.1203,0.9673,0.0417,0.007,0.0004,4.441368067821856e-16,0.004792679415274692,0.007341127187406526,0.06074371882477429,0.0398,1.9824120603015076,-30.604599095757315,0.5419706995481596,10000
1036,6.066257540229375,0.5558290707981498,2351.7784869963493,7.490416766099e-14,0.3023,0.6139,0.8954,0.1366,0.0453,0.0018,8.137173020363089e-16,0.011379122085729823,0.010863444951676458,0.03764181966830904,0.1114,2.713644524236984,-30.589968015932026,0.7883581810715727,10000
1037,7.8949515925519265,0.219934790694176,4950.933608918956,1.0682476766947098e-13,0.3437,0.7641,0.8886,0.1694,0.1338,0.0077,1.3740073776350436e-15,0.011995474986094308,0.012862254771163107,0.034901003741909534,0.1226,2.8034257748776508,-30.426497754516074,0.9742986303458208,10000
1038,8.341121210095462,0.4430381917571442,14.24560879625068,5.5314165e-19,0.0,0.0007,0.0,0.0,0.0,0.0,2.7190744977341146e-19,0.0,0.49156929291694357,,0.0,0.0,-35.07095972111666,1.2574987631681047,10000
1039,12.73504893579758,0.6788737150089088,284.08894112323713,9.042574140795755e-14,0.1659,0.2855,0.8136,0.1,0.0,0.0003,3.453041588756837e-16,0.006823662890085042,0.003818648910135412,0.04113118077206174,0.0946,1.7536997885835095,-30.278659395635255,1.3410189441965936,10000
1040,11.47048632060719,0.1379782240036497,771.5027845464656,6.310506669699254e-14,0.2099,0.4394,0.8667,0.1311,0.0218,0.0014,4.736176588701191e-16,0.007936655344022756,0.007505223964729456,0.03781160240125181,0.1089,1.9274563820018364,-30.60402795044326,0.7403566059299799,10000
1041,2.7317609958907787,0.5188444708978223,823.4059196774313,6.220844321684e-14,0.0961,0.1681,0.9565,0.055,0.0087,0.0006,4.828647644994774e-16,0.005358110668416014,0.007762045464091674,0.05575557407300742,0.0475,2.0231578947368423,-30.600233017502553,0.5754419444818571,10000
1042,4.812277106664476,0.4792065238778203,3950.2283906058233,8.745686693270001e-14,0.256,0.5192,0.9252,0.1089,0.0613,0.0033,1.1005968558630566e-15,0.010747927790750155,0.012584453279237526,0.041984092932617796,0.0916,2.7947598253275108,-30.53802994079025,0.8555220730034012,10000
1043,8.047189826825283,0.2448008287098899,258.3436489132417,9.54220683749485e-14,0.0804,0.1854,0.9139,0.0687,0.0,0.0002,2.2784897275522686e-16,0.0047154859326222235,0.0023878016546437057,0.05865032254505253,0.0459,1.7516339869281046,-30.06612377128116,0.7169188302869488,10000
1044,3.052415711816159,0.5683799531072246,193.44489011979115,8.64587882582821e-14,0.0479,0.1018,0.9551,0.0377,0.0,0.0003,1.5754411817331728e-16,0.0033766402191996985,0.0018221874415204487,0.0704935327599102,0.0296,1.6182432432432432,-30.129084471195526,0.5248030807746917,10000
1045,11.651563798652171,0.3930065728208826,7832.246812372348,1.48240870859489e-13,0.6227,1.6853,0.8292,0.2596,0.3205,0.0092,1.903504996372432e-15,0.018672689627736903,0.012840622058788907,0.029986654292174245,0.18,3.4594444444444443,-30.2198387970111,1.1309363539804032,10000
1046,14.442082200820405,0.2126242819246949,12.629708435959774,1.0328543000000001e-19,0.0,0.0007,0.0,0.0,0.0,0.0,9.300509401287173e-20,0.0,0.9004667358491099,,0.0,0.0,-37.07848040133278,1.6477133893804747,10000
1047,1.763718443400796,0.6183351926476188,19.314019823555068,3.1603417631000003e-18,0.0001,0.0056,0.0,0.0,0.0,0.0,8.521086895198334e-19,0.00010000000000000002,0.26962548780926604,1.0000000000000002,0.0001,1.0,-35.45072091702238,1.849311886557493,10000
1048,7.310947925196991,0.5377682359301043,584.1573414670034,6.1659131377541e-14,0.1744,0.3319,0.8913,0.1057,0.0112,0.0007,4.043984445883707e-16,0.00748625863878885,0.0065586140374282115,0.04292579494718377,0.0891,1.957351290684624,-30.576403747195876,0.6394069886870453,10000
1049,7.134690640214064,0.4891327305736325,1347.8216118749913,6.609878101439699e-14,0.2756,0.4604,0.8872,0.13,0.0335,0.0019,6.121933383716506e-16,0.010604513641415013,0.009261794680272675,0.0384779159703012,0.1116,2.4695340501792113,-30.624395609876938,0.7116301635658352,10000
1050,13.749325636909544,0.5760540200384464,1436.4558512874169,7.116439775511069e-14,0.5036,0.9467,0.7752,0.2344,0.0587,0.0024,6.538352760567356e-16,0.01454922238427878,0.009187673846502556,0.028890433646304167,0.1922,2.620187304890739,-30.592166863808117,0.8456476248218033,10000
1051,1.5121779849095731,0.1459798019147513,367.56698956796447,6.73270047671e-14,0.0271,0.0521,0.9856,0.02,0.0003,0.0,2.9781717272740995e-16,0.0025014365309701234,0.00442344307098808,0.09230393103210788,0.0173,1.5664739884393064,-30.399637989662356,0.3698166776180743,10000
1052,10.724677821871726,0.6103734405056733,4247.838017707859,1.04554185892169e-13,0.6125,1.4083,0.8123,0.26,0.1531,0.008,1.2457554494637114e-15,0.01773487602389028,0.011914926588864743,0.02895489963084127,0.187,3.2754010695187166,-30.395517549997162,0.9541330684083695,10000
1053,11.842420374339364,0.5642082923411789,46.99712226714546,8.237922667e-18,0.0004,0.0153,0.0,0.0,0.0,0.0,1.4645953131574863e-18,0.00024492855897159074,0.17778697037597307,0.6123213974289768,0.0003,1.3333333333333333,-35.799514256956655,1.615314015215963,10000
1054,10.285336001364946,0.5349330353253151,18.314640160500904,9.0378985e-19,0.0,0.0018,0.0,0.0,0.0,0.0,3.407536608402084e-19,0.0,0.3770275367002721,,0.0,0.0,-35.23846364683542,1.2498816145048275,10000
1055,3.466887293984352,0.2122884441999932,613.2292754906513,6.150194995496e-14,0.0866,0.1514,0.9581,0.0524,0.0069,0.0006,4.1685622532277346e-16,0.005245264081009454,0.006777935100074903,0.06056886929572118,0.0447,1.9373601789709172,-30.56903970267382,0.5301113948460069,10000
1056,9.324618039159793,0.1583847373708987,80.54281751575523,5.028856054428399e-17,0.0093,0.0618,0.0,0.0,0.0,0.0,6.038692895785302e-18,0.0017325273923134697,0.12008084602993642,0.18629326799069568,0.0056,1.6607142857142858,-35.73173663166759,1.9958489362107612,10000
1057,11.45639481098186,0.071534977950323,1259.0147842018737,6.6649987859757e-14,0.2632,0.5782,0.8607,0.1485,0.0364,0.0011,6.002796936783619e-16,0.009425574791280084,0.009006448657446918,0.035811454374164456,0.1261,2.0872323552735925,-30.6142942874682,0.7382021541335013,10000
1058,8.805671892161062,0.4036479152661066,9381.364037595964,1.466303836669e-13,0.5016,1.3142,0.8681,0.2139,0.2955,0.0118,1.9638524333450086e-15,0.01619833271044461,0.013393216223223483,0.03229332677520855,0.1499,3.3462308205470315,-30.24205751141338,1.1006567223161674,10000
1059,14.259263002623133,0.1012646303099598,137.08360965221,1.554416873848569e-16,0.0384,0.1529,0.0,0.0001,0.0,0.0,1.41423604730062e-17,0.003306605111551177,0.09098177400758162,0.0861095081133119,0.0241,1.5933609958506223,-35.639451046773665,2.2303456310709824,10000
1060,10.800587859991822,0.2374132456793089,1774.2588233937895,6.994592621347199e-14,0.3203,0.6742,0.856,0.1637,0.0474,0.0022,6.978081096505781e-16,0.011029186520116956,0.009976393872044777,0.03443392606967517,0.1371,2.336250911743253,-30.613537858894297,0.7671621424265511,10000
1061,9.04371141571403,0.4456397434198889,168.20500339848687,4.7010151218728515e-14,0.0864,0.1765,0.8784,0.0425,0.0,0.0003,1.501638284261988e-16,0.005090785362747183,0.0031942851604011553,0.058921126883647944,0.0482,1.7925311203319503,-30.872017287418537,1.1850279538714446,10000
1062,11.026547898211028,0.5530634319136535,2592.467987581899,8.173160276535001e-14,0.516,1.0467,0.8221,0.2282,0.079,0.0032,8.824934566392686e-16,0.015927955611973486,0.010797456880576437,0.03086813103095637,0.1713,3.012259194395797,-30.53097305245642,0.8343037225225505,10000
1063,4.75864236003377,0.5081089862484323,66.06117415184396,3.7345588004949994e-17,0.01,0.0537,0.0,0.0,0.0,0.0,4.234153412486622e-18,0.001735021910554161,0.11337760733410875,0.1735021910554161,0.0064,1.5625,-35.773891314004466,1.9799547780346074,10000
1064,9.56283464054772,0.3272733696539357,120.97739957030991,8.616236195748536e-16,0.0404,0.141,0.1038,0.0007,0.0,0.0,2.6297789878524524e-17,0.003319320079260037,0.03052120355231267,0.08216138810049597,0.0246,1.6422764227642277,-33.966812527114065,2.0361959935575227,10000
1065,9.088378166891845,0.2951409952185613,14.716746238629034,5.107132100000001e-19,0.0,0.0008,0.0,0.0,0.0,0.0,3.001808153093759e-19,0.0,0.5877678693867657,,0.0,0.0,-35.508602286790705,1.6667149308714864,10000
1066,4.2932264986252555,0.6328318291775419,56.816828060608,2.9184673671e-17,0.0053,0.0423,0.0,0.0,0.0,0.0,3.308948244175154e-18,0.0010522840539383923,0.1133796554135592,0.19854416112045137,0.0037,1.4324324324324325,-35.57983845298007,1.7162357436634252,10000
1067,8.355387768438966,0.0233722158672336,5478.99891921262,1.1425111333451e-13,0.3366,0.7627,0.898,0.1511,0.1381,0.0085,1.483147620685769e-15,0.011843313320479228,0.012981471929672465,0.03518512572929063,0.124,2.714516129032258,-30.38376224128873,0.9908000905559,10000
1068,8.028669772617617,0.2802722047518948,65.1617542308133,2.9020339567240603e-17,0.0066,0.045,0.0,0.0,0.0,0.0,3.321988665973157e-18,0.0011383205073079092,0.11447104739336543,0.172472804137562,0.0045,1.4666666666666666,-35.73474480951388,2.0965276912593764,10000
1069,5.190082669585436,0.1558155725813396,89.49716802886934,1.2627415893541334e-14,0.0193,0.0859,0.9093,0.0071,0.0,0.0,4.450742103660211e-17,0.0021431776223710675,0.003524665807464752,0.11104547266171333,0.0131,1.4732824427480915,-32.10711292031446,0.9121523411713491,10000
1070,5.336717444352065,0.3398727402900155,8638.109447419933,1.325165390722e-13,0.288,0.6824,0.9216,0.1296,0.1678,0.0102,1.832218451255152e-15,0.011171306092305447,0.01382633793550019,0.03878925726494947,0.1021,2.820763956904995,-30.32493307171285,1.0592860791291692,10000
1071,5.175824676106116,0.4525983297852067,917.2847995095545,6.2306738239505e-14,0.1726,0.2973,0.918,0.0904,0.0172,0.0011,5.031652777510631e-16,0.007474390319689299,0.008075615767542071,0.0433046947838314,0.0823,2.097205346294046,-30.620878733444226,0.6350485601462875,10000
1072,12.159355182088047,0.493260603103953,720.1762958802707,6.176978666060248e-14,0.2983,0.539,0.8207,0.1598,0.0231,0.0021,4.538784661994574e-16,0.00988035794631524,0.007347904060172941,0.03312221906240442,0.1412,2.1126062322946177,-30.64703380516883,0.8714626330941669,10000
1073,12.103581061494683,0.0904053520835648,5039.370156086068,1.1148483326166002e-13,0.4515,1.0209,0.8519,0.2101,0.1696,0.0092,1.3818368559225637e-15,0.014544618578462596,0.012394841661370469,0.032213994636683486,0.1574,2.8684879288437104,-30.37883087180551,0.9860415762526168,10000
1074,4.446240686955789,0.1564754090524741,11.36899275807979,1.654127e-19,0.0,0.0003,0.0,0.0,0.0,0.0,1.4191016409836655e-19,0.0,0.8579157712700811,,0.0,0.0,-35.04806657588472,1.1913633836149033,10000
1075,7.320460216842741,0.615217317884557,878.2341582023171,6.33132421201778e-14,0.2473,0.4557,0.8791,0.1229,0.0199,0.0015,5.010455633078041e-16,0.009348957765501464,0.007913756214801735,0.03780411550950855,0.1089,2.27089072543618,-30.615563650572703,0.7105322176078038,10000
1076,7.909951123317373,0.0529743612341982,468.9443415516964,6.362136519393399e-14,0.0952,0.2202,0.9263,0.0803,0.0032,0.0003,3.5803586317921447e-16,0.005205420793803711,0.005627604218925996,0.05467878985087931,0.0528,1.803030303030303,-30.513116467838554,0.6121130105519501,10000
1077,1.0829535171409244,0.0660247913379389,294.9851383829722,7.526377003549999e-14,0.0166,0.0333,0.9911,0.0115,0.0,0.0002,2.3607565462842667e-16,0.0019320500205036548,0.0031366440256324632,0.11638855545202739,0.0106,1.5660377358490567,-30.260969825769987,0.3075889716062661,10000
1078,10.574466968385623,0.332204811720005,94.20886757384189,5.748865704770001e-17,0.0192,0.0766,0.0,0.0001,0.0,0.0,5.918768931688614e-18,0.0023374521103622257,0.10295542174132959,0.12174229741469926,0.011,1.7454545454545454,-35.78538671130271,1.95981435460268,10000
1079,3.5173412628891905,0.538367571315655,693.9941966412764,6.150433261425e-14,0.1146,0.2064,0.946,0.0636,0.0071,0.0005,4.475492435799147e-16,0.005984167864164796,0.007276710835753733,0.05221786966984988,0.0547,2.0950639853747717,-30.591367302592083,0.5609994543222482,10000
1080,13.498282995845004,0.406203949241377,4657.594553098647,1.1075795704246e-13,0.6187,1.4185,0.8029,0.2712,0.1837,0.0078,1.3343084928924518e-15,0.017280650829448203,0.01204706667152531,0.027930581589539684,0.1957,3.161471640265713,-30.364087207051828,0.9760999078376694,10000
1081,2.947867367545606,0.5151464104852651,2182.164885943088,7.06818776406e-14,0.1616,0.3019,0.9489,0.071,0.0231,0.001,7.653419495657815e-16,0.007700290478114753,0.010827979888386064,0.04765031236457149,0.0684,2.3625730994152048,-30.62778980640496,0.73771400841412,10000
1082,5.747441654743293,0.2735591101443709,229.21400691968864,9.823165026849899e-14,0.0692,0.1375,0.937,0.0552,0.0,0.0002,2.0572564282870359e-16,0.004499239970931935,0.0020942908142781744,0.06501791865508577,0.0377,1.8355437665782492,-30.015309507350157,0.5813341825966192,10000
1083,11.6635893138982,0.5492800324554266,13.08862346300756,1.2421471e-19,0.0,0.0004,0.0,0.0,0.0,0.0,1.057528550041568e-19,0.0,0.8513714277814343,,0.0,0.0,-36.3562552349247,1.9015263308468344,10000
1084,13.55080474299506,0.4417051447595059,1116.6713645475347,6.636811270400401e-14,0.3866,0.7234,0.7996,0.1923,0.0453,0.0016,5.77625385316297e-16,0.011764688044673299,0.008703357106031564,0.030431164109346348,0.171,2.2608187134502926,-30.624602514688736,0.8202893960400258,10000
1085,13.975162655837543,0.0181526636429346,10.031884030301336,7.537870000000001e-22,0.0,0.0001,0.0,0.0,0.0,0.0,7.53787e-22,0.0,0.9999999999999999,,0.0,0.0,-39.42659202515043,,10000
1086,2.1240570455612877,0.644913278274698,20.037399919413968,3.998270707000001e-18,0.0004,0.007,0.0,0.0,0.0,0.0,1.0208890525983113e-18,0.0003162182780927441,0.25533264939039335,0.7905456952318601,0.0002,2.0,-35.199037483393695,1.6931620495432769,10000
1087,5.221502913995612,0.6644998373565715,4645.643014982237,9.976533197069998e-14,0.3413,0.7011,0.9049,0.1398,0.1021,0.0059,1.2795068345531939e-15,0.013366349424195558,0.012825164907274316,0.039163051345430876,0.1073,3.180801491146319,-30.46594997113275,0.9266254628678406,10000
1088,7.875505507421405,0.1912268962762869,412.6885714889565,6.6279127610589e-14,0.0939,0.2051,0.9184,0.0818,0.0013,0.0001,3.2772757021119384e-16,0.0051952842172310245,0.004944657270335508,0.05532784043909504,0.0519,1.8092485549132948,-30.457542518543875,0.6061277193481214,10000
1089,12.024874827925162,0.4839559469765298,31.31263679535954,2.353115083e-18,0.0007,0.0054,0.0,0.0,0.0,0.0,6.461015286179473e-19,0.0005195940702122957,0.27457285590734,0.7422772431604224,0.0003,2.3333333333333335,-36.12982477488604,1.6138204376274505,10000
1090,7.281709641954374,0.5867891108317115,1034.4670909226982,6.4609059412343e-14,0.281,0.471,0.8794,0.1312,0.0276,0.0014,5.450904110274307e-16,0.010374712693195249,0.008436748901552587,0.03692068574090836,0.1146,2.4520069808027922,-30.60919258401205,0.6772260070901598,10000
1091,10.018707353804004,0.1238047445178345,1420.2355450423536,6.74328874395566e-14,0.2717,0.536,0.875,0.1401,0.0429,0.0007,6.328904415918712e-16,0.010012888533968575,0.009385486305315962,0.03685273659907463,0.1203,2.258520365752286,-30.61757432820045,0.7457431812013758,10000
1092,9.796820959254088,0.6026844326591598,37.96228506078905,5.2113088057e-18,0.0011,0.0109,0.0,0.0,0.0,0.0,1.0923732769283438e-18,0.0004357728649181588,0.2096159175471492,0.3961571499255989,0.0008,1.375,-36.03511467621987,2.0020277495123624,10000
1093,9.464350929124691,0.0729565012442344,296.43725295366505,7.92766560220474e-14,0.0933,0.1999,0.9096,0.0773,0.0001,0.0002,2.3432332000970513e-16,0.005167415332457979,0.0029557669529418364,0.05538494461369753,0.0521,1.7907869481765835,-30.26087762814546,0.7501470935371377,10000
1094,14.568094072856557,0.1156893593965918,35.28730942531114,3.3851578269999997e-18,0.0005,0.0074,0.0,0.0,0.0,0.0,8.516507739457602e-19,0.0005,0.2515837717086626,1.0,0.0001,5.0,-36.25925650729294,1.8220312744167124,10000
1095,14.406038511479624,0.296973377572571,20.19100285399795,8.314592700000001e-19,0.0,0.0016,0.0,0.0,0.0,0.0,4.4004738239491e-19,0.0,0.5292470699074772,,0.0,0.0,-35.449441471954394,1.430026418854126,10000
1096,14.6911583948861,0.0081977588389856,225.57684089356863,7.319993082939685e-14,0.0797,0.2364,0.8641,0.075,0.0,0.0001,2.2750704363216677e-16,0.004476247834902347,0.0031080226586880965,0.05616371185573836,0.0488,1.6331967213114753,-30.40081968679126,1.0712373585333235,10000
1097,7.787942381240011,0.3553297875828404,72.27978773048244,3.56683303459e-17,0.0077,0.0541,0.0,0.0,0.0,0.0,4.406715206989265e-18,0.0011934041316092943,0.12354699993676063,0.1549875495596486,0.0057,1.3508771929824561,-35.79729980492236,1.9004699019245332,10000
1098,14.930121500565154,0.360282394785945,16.38654562617139,4.1073638000000006e-19,0.0,0.0012,0.0,0.0,0.0,0.0,2.5542910152420843e-19,0.0,0.6218808801991399,,0.0,0.0,-36.15849011128175,1.6806612327837536,10000
1099,10.33802819076904,0.4179096961139851,10.278909486724451,1.4812299999999999e-21,0.0,0.0003,0.0,0.0,0.0,0.0,1.4812300000000002e-21,0.0,1.0000000000000002,,0.0,0.0,-38.751073757198334,,10000
1100,12.13520324687568,0.5911177188131752,1366.1177112004682,6.814538044737899e-14,0.474,0.8185,0.7933,0.2137,0.0552,0.0019,6.29336161373511e-16,0.0137721228260829,0.009235199176259298,0.02905511144743228,0.1831,2.588749317312944,-30.61995330776343,0.8082268919747442,10000
1101,2.344005516696382,0.0379312781532978,27.791070277212185,4.1756392464e-18,0.0001,0.0102,0.0,0.0,0.0,0.0,8.974265429550994e-19,0.0001,0.21491955841942278,1.0,0.0001,1.0,-35.74069303908791,1.6212938951182074,10000
1102,5.451422402214428,0.0807214326034852,3654.2710908657928,8.188740387599e-14,0.2107,0.4459,0.9283,0.1045,0.0537,0.0022,9.980969755993017e-16,0.009273572715792523,0.012188650859060282,0.04401315954339119,0.085,2.478823529411765,-30.56761224544113,0.8241633383363507,10000
1103,1.7553320646660886,0.5511644187668056,6196.210836226574,1.115205564e-13,0.1013,0.226,0.9702,0.0545,0.0468,0.0074,1.5219968459001038e-15,0.005829856749781447,0.013647679809281365,0.05755041213999454,0.0434,2.334101382488479,-30.424508166829995,0.9769004307626151,10000
1104,4.000236828710351,0.3889122351653485,59.07669774047866,3.23592428573e-17,0.0075,0.0425,0.0,0.0,0.0,0.0,4.463620178761927e-18,0.0013581455945316004,0.13793957412557223,0.18108607927088005,0.0047,1.5957446808510638,-35.76201790245748,2.0020286363285402,10000
1105,5.516736256270856,0.2824558517922438,212.71417320137107,9.047347850496e-14,0.0592,0.1298,0.936,0.0535,0.0,0.0004,1.8877676724419674e-16,0.00404860162494555,0.002086542601916732,0.06838854096191807,0.0348,1.7011494252873562,-30.09790903686367,0.6038819178427351,10000
1106,1.1952014620171616,0.3587214292157046,446.65795035202547,6.256076389650001e-14,0.0204,0.0487,0.986,0.0189,0.0007,0.0002,3.3260654581017447e-16,0.0019694597932396894,0.005316535877989532,0.09654214672743575,0.0135,1.511111111111111,-30.492872050512364,0.3956395979722252,10000
1107,5.121282334252941,0.4775364155752959,166.87731448163473,6.452190169849587e-14,0.0645,0.121,0.9334,0.0405,0.0,0.0003,1.3771729467371955e-16,0.004588690511252726,0.002134427086747352,0.07114248854655389,0.034,1.8970588235294117,-30.44635215963001,0.6874515557741745,10000
1108,9.935693131831208,0.3962714587052134,4733.550291091,1.100818814559e-13,0.5019,1.0732,0.85,0.2094,0.1559,0.0074,1.3614303145634233e-15,0.01589166113058509,0.012367433192071913,0.03166300285033889,0.1606,3.1251556662515565,-30.38155905683872,0.972681240124289,10000
1109,4.025411460539435,0.3446303124551007,4183.636349857102,8.91233655799e-14,0.1968,0.3947,0.9405,0.0905,0.0555,0.0041,1.1378827159099516e-15,0.00920409949667834,0.012767501636704105,0.04676879825547937,0.0751,2.6205059920106524,-30.531266869490498,0.8657987083636022,10000
1110,2.6525213072978358,0.4511383469255426,1570.1733321867691,6.541141193443e-14,0.1246,0.2065,0.9566,0.0566,0.0176,0.0012,6.47744241394441e-16,0.006402466958783609,0.009902618247160842,0.051384164998263315,0.0585,2.12991452991453,-30.643965909133577,0.6752701637996428,10000
1111,1.0724017089324198,0.3894955458047464,2737.141822934564,7.07685784e-14,0.0581,0.1097,0.9825,0.0287,0.0096,0.0008,8.181570566464261e-16,0.004206448433160936,0.011561021503385548,0.07240014514906946,0.0292,1.9897260273972603,-30.648284127365258,0.7416320997754255,10000
1112,6.044436436578526,0.2385212074550499,82.30293513417986,5.365126636112585e-17,0.0137,0.0698,0.0,0.0,0.0,0.0,5.98839947152814e-18,0.0018951491126072114,0.11161711321444522,0.1383320520151249,0.0086,1.5930232558139534,-35.78462833329028,2.2183129089964293,10000
1113,3.6551394743257144,0.4231079351549453,731.739423476283,6.123083083299e-14,0.106,0.1814,0.9507,0.0588,0.0095,0.0006,4.530989294672784e-16,0.005808594836739582,0.007399849443544663,0.05479806449754323,0.0519,2.0423892100192678,-30.598759182265717,0.5515298740351066,10000
1114,12.329195719209308,0.0564183618747886,161.06234186478648,3.7708629793002644e-14,0.0525,0.1705,0.8801,0.0365,0.0,0.0002,1.2143541781136739e-16,0.0036899507549095238,0.0032203614524837867,0.07028477628399094,0.0325,1.6153846153846154,-31.05514189803566,1.0925865240927297,10000
1115,10.30839571586619,0.0500287549061576,24.82108434122356,2.9391892099999997e-18,0.0001,0.0048,0.0,0.0,0.0,0.0,9.673459378208557e-19,0.00010000000000000002,0.32911999490528066,1.0000000000000002,0.0001,1.0,-35.637209596958705,1.6906736043874777,10000
1116,2.9061107355610227,0.5304167353060049,392.5855086826016,6.605462167844e-14,0.0554,0.108,0.9616,0.0444,0.0006,0.0001,3.1227150886164814e-16,0.003629655829433972,0.00472747403477405,0.06551725323888036,0.0324,1.7098765432098766,-30.438706056608606,0.47903918806506796,10000
1117,2.865583073126252,0.5730485961194263,4298.749246437112,9.170764670616e-14,0.1808,0.3667,0.9476,0.0876,0.0478,0.0041,1.196506870811604e-15,0.008514598395613493,0.013046969514388756,0.0470940176748534,0.0691,2.6164978292329955,-30.521928525876458,0.8845373680237971,10000
1118,4.887375414148159,0.30876705184096,48.62714825358876,1.3576427851999998e-17,0.0017,0.0286,0.0,0.0,0.0,0.0,2.0645224260125977e-18,0.0005742333797311331,0.1520666885662759,0.3377843410183136,0.0012,1.4166666666666667,-35.797230050962426,1.5707121367885863,10000
1119,13.614180981280736,0.4808169600257968,3331.701433368783,8.981873835637194e-14,0.5811,1.3492,0.7926,0.267,0.1167,0.0048,1.0026964816921356e-15,0.01637648002196415,0.011163555623702456,0.028181862023686374,0.196,2.964795918367347,-30.478815706983248,0.9057492862981799,10000
1120,2.1730314012936525,0.4627717665874981,3394.921247640096,7.79398122955e-14,0.1346,0.252,0.962,0.0606,0.0272,0.0018,9.581642375926833e-16,0.0069550788142285795,0.012293643125029756,0.05167220515771605,0.0567,2.3738977072310408,-30.600075269388526,0.7934761157147334,10000
1121,4.205099963633019,0.5934531400403025,971.2686346831274,6.342778916854999e-14,0.1665,0.2831,0.9254,0.087,0.0159,0.0003,5.263880776593696e-16,0.00739886811106486,0.008299013485407335,0.04443764631270186,0.0786,2.118320610687023,-30.6165923878777,0.6523791301838653,10000
1122,2.253522246543596,0.4425645416159911,621.9133770736966,6.033308063883001e-14,0.0615,0.1112,0.9677,0.0408,0.0047,0.0003,4.093948833712503e-16,0.004122314198048803,0.006785578973200421,0.0670294991552651,0.0334,1.841317365269461,-30.586499234547787,0.5233550933868758,10000
1123,12.662550275789696,0.1792500704966016,89.9347203667311,6.2014035082089e-17,0.0129,0.0649,0.0,0.0,0.0,0.0,8.24614144465225e-18,0.0020133962293690834,0.13297218014819864,0.1560772270828747,0.0075,1.72,-35.709185291388664,2.041165134572067,10000
1124,7.712018469832813,0.5356571835267033,13.212515285072689,2.6870489999999997e-20,0.0,0.0004,0.0,0.0,0.0,0.0,2.2998640258941223e-20,0.0,0.8559069916083117,,0.0,0.0,-36.859002903000444,1.1779798706374462,10000
1125,2.078706193330052,0.0410619396425739,2755.301991591913,7.214408936059999e-14,0.0908,0.1711,0.9748,0.0386,0.0137,0.0002,8.3417285109534755e-16,0.005390588265132518,0.011562594503423226,0.05936771217106297,0.0429,2.1165501165501164,-30.632106014259403,0.7505940780246287,10000
1126,4.28108736454488,0.4223546748041783,10.602945087252127,2.223465e-19,0.0,0.0003,0.0,0.0,0.0,0.0,1.936048847286216e-19,0.0,0.8707350227173426,,0.0,0.0,-34.79611293779305,1.2795448034459775,10000
1127,2.5039147594481177,0.4769695515321353,425.4870388370092,6.449016649772e-14,0.0575,0.1081,0.9634,0.0431,0.0012,0.0004,3.3641451255563077e-16,0.0038079948900317934,0.005216524174542555,0.06622599808750945,0.0336,1.7113095238095237,-30.475190882487155,0.5012226050526133,10000
1128,1.222108340646568,0.4700802178650173,555.77888590838,6.04586054192e-14,0.034,0.0603,0.9828,0.0214,0.0023,0.0008,3.794267368403347e-16,0.00281161706479597,0.006275810270672224,0.08269461955282265,0.0201,1.691542288557214,-30.56201546577339,0.4720890637898537,10000
1129,12.947184389785376,0.3558616730378217,135.97622270570017,1.456051528251538e-16,0.0388,0.1529,0.0,0.0001,0.0,0.0,1.3222877555055285e-17,0.0028688462886503337,0.09081325281759525,0.0739393373363488,0.0272,1.4264705882352942,-35.69464301722025,2.152995735675357,10000
1130,2.044042654652721,0.0085406376679462,38.3752997485252,1.1544613511e-17,0.001,0.0198,0.0,0.0,0.0,0.0,1.7266980553482145e-18,0.00046895841201456223,0.1495674197930466,0.46895841201456223,0.0006,1.6666666666666667,-35.50063705767345,1.6741602262533297,10000
1131,12.946402124808,0.5955877921677701,130.06071562645678,1.824145816385859e-16,0.0491,0.1229,0.0,0.0002,0.0,0.0,1.666069052944172e-17,0.003551081527929456,0.09133420354767027,0.07232345270732089,0.0292,1.6815068493150684,-35.52575428150605,2.3235185049729328,10000
1132,14.112635372347212,0.1450819206456171,77.73490744435394,2.89768649761e-17,0.0054,0.0395,0.0,0.0,0.0,0.0,4.531234615573768e-18,0.001147700188016085,0.15637421851228944,0.21253707185483056,0.0035,1.542857142857143,-35.93941251711059,1.957514965818039,10000
1133,10.691285675158303,0.366767880539519,13.253517458193404,1.9469279999999998e-19,0.0,0.001,0.0,0.0,0.0,0.0,1.202290496702909e-19,0.0,0.6175320796161488,,0.0,0.0,-35.67841056717247,1.1779345062467927,10000
1134,8.433781377420114,0.0807766412257762,438.7771654625478,6.44617917313842e-14,0.1056,0.2406,0.9125,0.0913,0.0019,0.0004,3.3716808003214753e-16,0.005805879332494118,0.005230510523771124,0.054979917921345815,0.0569,1.8558875219683655,-30.49318979676377,0.6168959168551796,10000
1135,1.944416594155532,0.0450259138484192,2096.508264361681,6.75101571759e-14,0.0839,0.1446,0.9753,0.0325,0.013,0.0003,7.224255694190573e-16,0.004932394129749276,0.010700990778865363,0.05878896459772677,0.0419,2.0023866348448687,-30.650975014189434,0.7051246911282227,10000
1136,6.091277561963496,0.1492862880236924,14.082582615458378,1.5213484e-19,0.0,0.0007,0.0,0.0,0.0,0.0,1.2273236481172456e-19,0.0,0.8067341104228628,,0.0,0.0,-36.69676274061745,1.4625071778627123,10000
1137,10.360082879287196,0.4547614526174996,41.104676638192736,5.6975984290000006e-18,0.0009,0.0117,0.0,0.0,0.0,0.0,1.035112638215473e-18,0.0004358187625600577,0.18167525337463072,0.48424306951117524,0.0005,1.8,-35.85362485223303,1.6187859274031522,10000
1138,4.917204550090768,0.3839583624516874,13.327845109707171,2.1326911999999997e-19,0.0,0.0007,0.0,0.0,0.0,0.0,1.6399890403378268e-19,0.0,0.7689763245320406,,0.0,0.0,-36.42569084546181,1.6821186738511358,10000
1139,7.507323324021123,0.5105065919545477,5758.368222025163,1.2254137675265e-13,0.4238,0.9551,0.877,0.1878,0.171,0.0091,1.553084531719334e-15,0.013980661711456616,0.012673960199208778,0.0329888195173587,0.137,3.0934306569343066,-30.33268779560093,1.029842886521698,10000
1140,3.3999661681804234,0.5962402744319989,699.3297307240575,6.029900603249e-14,0.1161,0.2077,0.94,0.0681,0.0094,0.0009,4.3314758731090046e-16,0.005980439412414154,0.007183328811050619,0.051511106050078845,0.0585,1.9846153846153847,-30.60522074351981,0.5589826010293317,10000
1141,6.362908945037433,0.1749280442549781,270.9833922900004,8.427644943368337e-14,0.0719,0.1488,0.9335,0.0602,0.0,0.0,1.9905241665923553e-16,0.00433531065690213,0.0023618984662597668,0.06029639300281126,0.0414,1.7367149758454106,-30.164578850241956,0.5745943978993918,10000
1142,3.192527309704652,0.2417900463274818,1514.0890565024863,6.52461424135e-14,0.1303,0.2127,0.9527,0.0625,0.0167,0.0008,6.428627302199563e-16,0.006619408784571755,0.009852884882385666,0.05080129535358216,0.0614,2.1221498371335503,-30.644285988722217,0.6697051124193429,10000
1143,6.4056649440545606,0.0884041535436472,18.06694834267473,2.68329516e-18,0.0,0.0043,0.0,0.0,0.0,0.0,8.934617182232636e-19,0.0,0.33297183684528525,,0.0,0.0,-35.52950210873255,1.7483579124347413,10000
1144,4.509476997818391,0.0386176458780787,9286.415328146526,1.3009822831700002e-13,0.2044,0.4909,0.9443,0.0962,0.1358,0.0094,1.8488135200671896e-15,0.008950423174772282,0.014210904667835542,0.04378876308597007,0.0774,2.640826873385013,-30.3485607427619,1.048967006913342,10000
1145,1.6574218847130555,0.5813132333876885,716.7295699926848,6.053208339033999e-14,0.0607,0.1085,0.9723,0.0341,0.0058,0.0006,4.484366824344175e-16,0.004064874330201616,0.007408247945848519,0.06696662817465594,0.0335,1.8119402985074626,-30.605082606084473,0.5384657704655956,10000
1146,12.90926720336108,0.4743217549422109,115.73692316940968,1.100897915600272e-16,0.0281,0.1071,0.0,0.0001,0.0,0.0,1.1059672370486889e-17,0.0025478791511405877,0.1004604715275215,0.09067185591247644,0.019,1.4789473684210526,-35.700762051771726,2.225255534294817,10000
1147,7.036913320216868,0.6215811317653499,3709.1233538599927,9.1676381136616e-14,0.4441,0.8873,0.8748,0.1771,0.0912,0.0037,1.0997013547486494e-15,0.014946901350647851,0.011995470819358327,0.03365661191319039,0.1383,3.2111352133044107,-30.49275376199,0.8850796478560566,10000
1148,11.827796290524391,0.3582428869564545,7322.204458928687,1.4085344770698e-13,0.5582,1.538,0.8317,0.2559,0.3026,0.0097,1.7956641974077543e-15,0.016722118254691668,0.012748457539664257,0.029957216507867552,0.1782,3.132435465768799,-30.239673520645685,1.0876938377896193,10000
1149,8.991605561674914,0.4100468862890445,1122.9404305434362,6.551629726976e-14,0.2807,0.4807,0.8673,0.1396,0.0342,0.0012,5.716559181960943e-16,0.009992033580483372,0.008725400274718369,0.0355968421107352,0.1234,2.2747163695299837,-30.61740537859059,0.7374729993143816,10000
1150,12.492209123176442,0.3590723536266062,123.026314792382,1.29410555393005e-16,0.0347,0.1183,0.0,0.0001,0.0,0.0,1.1350701849095052e-17,0.0028513863365745512,0.08771078846408065,0.08217251690416574,0.023,1.508695652173913,-35.479420792023,2.0293322856235956,10000
1151,11.649005819518052,0.2053375959394171,109.25351846718044,7.58635774900116e-17,0.0206,0.1005,0.0,0.0,0.0,0.0,6.97619239968404e-18,0.0022221741168910636,0.09195707123886353,0.10787252994616814,0.0138,1.4927536231884058,-35.98002389996431,2.222096330886774,10000
1152,11.556582724251452,0.6809122585043715,916.1342380549044,6.547068820944088e-14,0.4333,0.7101,0.7931,0.1914,0.0322,0.0021,5.319564597634269e-16,0.01262739308430725,0.008125108721351715,0.029142379608371217,0.1754,2.470353477765108,-30.61797447699522,0.8449944571801413,10000
1153,4.5579427586286165,0.3012561319861281,128.94986256192732,4.663117462945e-14,0.0409,0.0892,0.9417,0.0292,0.0,0.0001,9.469137657779292e-17,0.0031246912438730574,0.0020306453210807694,0.07639831892110165,0.0253,1.616600790513834,-30.762058234307855,0.653326102711787,10000
1154,8.690603986014473,0.246265506992773,309.38364547087457,7.658498631781028e-14,0.0898,0.1916,0.9103,0.0817,0.0,0.0004,2.3864252006751684e-16,0.005249414408785375,0.0031160483476122152,0.05845673061008213,0.0503,1.7852882703777335,-30.283752670430825,0.7020876019829759,10000
1155,11.511265139306389,0.1042441331860998,219.48128167460663,7.749489018233752e-14,0.0833,0.2062,0.888,0.0633,0.0,0.0,2.198172120797663e-16,0.0048102416615471875,0.0028365381454513836,0.05774599833790141,0.0489,1.703476482617587,-30.327083287811426,1.0240332615334868,10000
1156,10.853103282481312,0.4942155101503003,789.0809806597204,6.288251539226375e-14,0.3022,0.529,0.8348,0.1541,0.0253,0.0015,4.76956843633056e-16,0.010241972749455062,0.007584888114888207,0.03389137243366996,0.1366,2.212298682284041,-30.62273447101056,0.7952906282563529,10000
1157,1.7891601615310575,0.0790755780498876,38.83121641400611,1.3306403311000001e-17,0.0016,0.0235,0.0,0.0,0.0,0.0,1.9618063083927475e-18,0.0005475161891649778,0.14743325168650057,0.3421976182281111,0.0012,1.3333333333333333,-35.66476043066733,1.7176297476608189,10000
1158,1.993508398730424,0.0109982434693751,1047.9644977641633,6.03476520828e-14,0.0667,0.1063,0.9773,0.0308,0.0058,0.0005,5.154825262866459e-16,0.004421206363264518,0.008541882053329567,0.06628495297248153,0.0343,1.944606413994169,-30.654048012848115,0.5856038940210557,10000
1159,7.534182190481881,0.1068983485454194,46.652122527351615,9.0699288769e-18,0.0012,0.021,0.0,0.0,0.0,0.0,1.5383965853342513e-18,0.00039983995197918865,0.1696150660290578,0.3331999599826572,0.001,1.2,-36.3368596332766,2.086618512650831,10000
1160,14.333206613463666,0.3277375546392304,634.3418330245945,6.248151445426778e-14,0.2488,0.4959,0.8229,0.1594,0.0172,0.0009,4.309880731103311e-16,0.008841813941006492,0.006897849337915538,0.03553783738346661,0.1274,1.9529042386185242,-30.6174218600577,0.8622725525202708,10000
1161,3.738745499074047,0.0519400088564829,13.443134422037014,8.880231e-20,0.0,0.0005,0.0,0.0,0.0,0.0,7.236498608102553e-20,0.0,0.814899816018587,,0.0,0.0,-36.38365580021394,1.4406734911732948,10000
1162,6.864353658083972,0.4000518043406595,4984.053658829089,1.0588585423929999e-13,0.3347,0.7218,0.8967,0.1556,0.1142,0.0066,1.3513614566517624e-15,0.01217548418920267,0.01276243617582488,0.0363773056145882,0.1195,2.800836820083682,-30.420709832218265,0.948306781047901,10000
1163,9.330015170894463,0.2069254746745176,424.6147185155716,6.58798560383898e-14,0.1146,0.2382,0.9036,0.0992,0.0017,0.0005,3.407380394767928e-16,0.0059958551540128776,0.005172112690687065,0.052319853001857576,0.0621,1.8454106280193237,-30.47893517856101,0.7114144122891128,10000
1164,14.310677683251072,0.047315321896059,44.43669261822292,6.5102536299999996e-18,0.0013,0.0139,0.0,0.0,0.0,0.0,1.403650486099979e-18,0.0007415429782547063,0.21560611396640458,0.5704176755805433,0.0007,1.8571428571428572,-36.009354962318966,1.7226556411790075,10000
1165,8.655047333989293,0.286665373415661,18.217274438625207,1.6294350399999998e-18,0.0,0.0021,0.0,0.0,0.0,0.0,5.468378482492405e-19,0.0,0.335599661738734,,0.0,0.0,-35.16661727182813,1.460337395069358,10000
1166,7.6416742703559555,0.1195347054968756,36.91237122237552,6.948724674720001e-18,0.0012,0.0158,0.0,0.0,0.0,0.0,1.367468175550129e-18,0.0006479953624826183,0.1967941225999476,0.5399961354021819,0.0007,1.7142857142857142,-35.979538080749904,1.8539456980129798,10000
1167,14.397341914572507,0.13486636692494,45.99496087535931,6.062872101e-18,0.0004,0.0152,0.0,0.0,0.0,0.0,1.303446397319751e-18,0.00019996999474891224,0.21498827215978425,0.4999249868722806,0.0004,1.0,-36.217759799534626,1.7320822180063082,10000
1168,9.215963692606806,0.3861353489627719,638.2736009809745,6.250106970803585e-14,0.2093,0.3833,0.8721,0.1257,0.0145,0.0016,4.3199213825231274e-16,0.008420002413542672,0.0069117559150634975,0.04022934741300846,0.1004,2.0846613545816735,-30.58439759964844,0.7076149108651154,10000
1169,4.296440592912024,0.2871486927319895,1992.7088606889713,6.85867070403419e-14,0.172,0.3083,0.941,0.0766,0.0223,0.0007,7.215233265251701e-16,0.007911248876497225,0.010519871235409779,0.04599563300289085,0.0732,2.349726775956284,-30.63929343786668,0.7352483549731511,10000
1170,7.141715315511253,0.3109366086427088,597.0684488058656,6.279641234430633e-14,0.1419,0.2761,0.9106,0.0953,0.0099,0.0004,4.1649940281054345e-16,0.0065223226744241134,0.006632535000995274,0.04596421898818966,0.074,1.9175675675675676,-30.557879133087805,0.6250495060772381,10000
1171,1.3549348943814907,0.4158378421293552,1755.8574592591356,6.507567061340001e-14,0.0655,0.1192,0.9785,0.031,0.0095,0.0007,6.719658127766814e-16,0.0045324418697795,0.010325914530618976,0.06919758579816031,0.0334,1.9610778443113772,-30.662126514109545,0.6767852432547848,10000
1172,9.814311992560697,0.3265863203569479,5456.489165096349,1.20215064631804e-13,0.4497,1.0631,0.8612,0.2122,0.1801,0.0087,1.5110034070362637e-15,0.014290815712945644,0.012569168528621444,0.03177855395362607,0.1515,2.9683168316831683,-30.333292107158687,1.0110549603422563,10000
1173,8.28218981912432,0.5196235999926039,3063.8219394484827,8.3402701081057e-14,0.4333,0.8809,0.8592,0.1954,0.0785,0.0025,9.450970893482209e-16,0.013997667822549836,0.011331732391133288,0.03230479534398762,0.1482,2.9237516869095814,-30.532942992290977,0.8366069673246274,10000
1174,5.777643211607544,0.4319555611709106,166.33669617717618,6.169260228086259e-14,0.0666,0.1436,0.9191,0.0478,0.0,0.0001,1.4522510352183933e-16,0.004567113952266277,0.0023540116343396494,0.06857528456856271,0.0376,1.7712765957446808,-30.509641649119132,0.7849829698208769,10000
1175,8.854631630571886,0.0256159929443499,593.8721283457347,6.1294739596535e-14,0.1392,0.3086,0.9008,0.1051,0.0093,0.0008,4.011289543523516e-16,0.0064920374810274704,0.006544263944879007,0.04663820029473758,0.0768,1.8125,-30.588388860207083,0.6694555343278485,10000
1176,8.664182238600015,0.0543739540123726,30.0540188971976,2.9152607925862e-18,0.0009,0.0065,0.0,0.0,0.0,0.0,8.537853171014445e-19,0.0005384681929320245,0.29286756069052416,0.5982979921466939,0.0003,3.0,-36.37450070400281,2.7584190727745437,10000
1177,14.962512748249544,0.1999790448124026,2803.3107507149743,8.2621057152621e-14,0.4583,1.0787,0.8132,0.2348,0.0887,0.0019,9.068041788077394e-16,0.013622946431185388,0.010975460857788995,0.029724954028333816,0.177,2.589265536723164,-30.52786060337147,0.8495536916888867,10000
1178,9.514752157837341,0.200295515717487,73.03708078530802,3.32798408172e-17,0.0057,0.0493,0.0,0.0,0.0,0.0,4.390965521163968e-18,0.0011519043746634687,0.13194070083696396,0.20208848678306468,0.0039,1.4615384615384615,-35.884069224252336,1.9123854181633293,10000
1179,9.235806348514435,0.6042612591663734,341.50167228177133,7.193526964671489e-14,0.1376,0.2395,0.8758,0.1003,0.0003,0.0004,2.7574845942034883e-16,0.006323813964871691,0.0038332859635418297,0.045957950326102406,0.0743,1.8519515477792732,-30.39296090434672,0.8823116828999185,10000
1180,12.985037908720972,0.3721460875573082,54.73034964081186,1.204009270476015e-17,0.0019,0.0242,0.0,0.0,0.0,0.0,1.8865282083453042e-18,0.0009948557552717778,0.15668718294830486,0.5236082922483042,0.0008,2.375,-36.108425457462836,2.189497467918418,10000
1181,12.599231020494322,0.2107793219731506,509.3990089813325,6.2503551910602e-14,0.1713,0.3586,0.8605,0.1299,0.0056,0.0007,3.756783542974196e-16,0.007047027533627633,0.006010512087932977,0.041138514498701886,0.0906,1.890728476821192,-30.57761063147109,0.8026317645611947,10000
1182,14.54751925263152,0.0298677642819809,69.78645045090738,1.7486648066287e-17,0.0032,0.0333,0.0,0.0,0.0,0.0,2.5222341969506115e-18,0.0011041276691537891,0.14423771710790576,0.34503989661055906,0.0018,1.7777777777777777,-36.21658597716725,2.040173092892898,10000
1183,14.282714993001052,0.1638636150482697,4622.677571247318,1.0975660603096001e-13,0.499,1.2189,0.819,0.2508,0.1791,0.0062,1.3315011143726225e-15,0.014575360857090689,0.012131398396166098,0.029209139994169717,0.1791,2.786152987158012,-30.375385580837257,0.9769248640446172,10000
1184,3.927455653096248,0.0711576944846654,516.9101554424483,6.177468809876e-14,0.0692,0.1472,0.9567,0.0533,0.0039,0.0003,3.7154057844835144e-16,0.004512557181602437,0.006014446853286652,0.06521036389598897,0.0371,1.8652291105121295,-30.538962586680086,0.5004539826000827,10000
1185,10.40054166381456,0.5579008030592684,375.1010809143701,6.870129783595821e-14,0.1574,0.281,0.8551,0.1203,0.0006,0.0003,3.027703824511515e-16,0.0068269454896367696,0.0044070547717175975,0.043373224203537286,0.0851,1.8495887191539366,-30.454106320257683,0.8814916166460898,10000
1186,11.363521547452676,0.6199599843112131,631.7974392011521,6.1685343406375e-14,0.2775,0.506,0.8225,0.1542,0.0147,0.0009,4.237050372492204e-16,0.009487801475456987,0.006868812165929058,0.03419027558723238,0.1326,2.0927601809954752,-30.622363032147575,0.8077793518997881,10000
1187,1.1539632923319845,0.2455112303698042,1966.21546687734,6.7200654664e-14,0.0539,0.0876,0.9852,0.0225,0.008,0.0004,7.142202755813676e-16,0.004020086455477165,0.010628174370509247,0.07458416429456706,0.0286,1.8846153846153846,-30.64795171660401,0.6931234641713143,10000
1188,6.786915412285038,0.431287644409136,3821.893080565105,9.052754451189999e-14,0.3664,0.6891,0.8959,0.1455,0.0824,0.0043,1.0984087088596821e-15,0.013307622375215196,0.012133419886532928,0.03631993006336025,0.1218,3.0082101806239736,-30.501244994924694,0.8733007667880092,10000
1189,5.66215952689787,0.1438093059436424,105.0476767272248,2.5218482997001468e-14,0.0262,0.0929,0.9245,0.0154,0.0,0.0001,6.667399532003394e-17,0.00237316649056049,0.002643854324146366,0.09057887368551489,0.0175,1.497142857142857,-31.413631349971546,0.8835600529854217,10000
1190,1.870221817000068,0.0797344565927517,980.3607066057224,6.11004380469e-14,0.0572,0.1014,0.9759,0.0336,0.0068,0.0004,5.07745452770333e-16,0.0038489345837183276,0.008310013299423376,0.06728906614892181,0.0308,1.8571428571428572,-30.633582619460437,0.5732532302613579,10000
1191,14.07183982847531,0.6051162507981996,24.278730019645863,1.1664162399999999e-18,0.0,0.0023,0.0,0.0,0.0,0.0,4.79017320765238e-19,0.0,0.41067442679402166,,0.0,0.0,-35.84251134328338,1.5709178803204338,10000
1192,2.383012355715352,0.3386802179170003,427.0802002220021,6.340660288689001e-14,0.0393,0.0791,0.9721,0.0354,0.0007,0.0003,3.2116224251472987e-16,0.0031553996030083842,0.0050651229981149735,0.08029006623431002,0.0226,1.738938053097345,-30.482106712355442,0.4569986669204505,10000
1193,7.504645354021624,0.6147093217498261,19.427456871708326,1.07991139e-18,0.0,0.0032,0.0,0.0,0.0,0.0,3.6581428623274503e-19,0.0,0.3387447244470169,,0.0,0.0,-36.01041093727249,1.4594577845913113,10000
1194,14.921584144761978,0.3417295103491885,36.65808072049312,3.14462727e-18,0.0002,0.0077,0.0,0.0,0.0,0.0,7.339828226507644e-19,0.00014141428428549925,0.23340852814354826,0.7070714214274962,0.0002,1.0,-36.31893753991652,1.739407978560961,10000
1195,8.673860012246825,0.2392177916284814,213.31999899827264,8.101598251355476e-14,0.0799,0.1738,0.9107,0.057,0.0,0.0002,2.0521702955671211e-16,0.004778481180065359,0.002533043767288477,0.059805771965774204,0.0455,1.756043956043956,-30.250731625449866,0.8344173298814679,10000
1196,9.551392662915331,0.0231967891914037,490.22136456649673,6.2762520695248e-14,0.127,0.2868,0.9042,0.098,0.0043,0.0004,3.639112225579101e-16,0.006178261656138333,0.005798225095593767,0.04864772957589238,0.0665,1.9097744360902256,-30.536862567676863,0.6479448321186385,10000
1197,1.3982713360027643,0.2194238710615533,850.7978800920365,6.027738792122199e-14,0.0425,0.083,0.9816,0.0253,0.0048,0.0003,4.745834500989169e-16,0.003363109580522921,0.007873324748563455,0.07913199012995108,0.0251,1.6932270916334662,-30.627469088005338,0.5538054187511859,10000
1198,11.452918958562169,0.6020010847912273,23.028257961294276,2.107948775e-18,0.0,0.0052,0.0,0.0,0.0,0.0,7.282422397867118e-19,0.0,0.34547435327820614,,0.0,0.0,-35.92334496074587,1.6970907565690405,10000
1199,3.166426756634316,0.2426894026911168,1227.7879518517764,6.3661397366e-14,0.1174,0.2018,0.9542,0.0574,0.016,0.0008,5.894003315467743e-16,0.006272611781854237,0.009258363088673869,0.053429401889729444,0.0544,2.1580882352941178,-30.6399139493775,0.644332357167229,10000
1200,8.51065620148965,0.3905393216689915,680.7655679996103,6.2026555737301e-14,0.1913,0.3791,0.8839,0.1175,0.0146,0.0012,4.3995592228816767e-16,0.007905484214649145,0.0070930251899121765,0.04132506123705774,0.0945,2.0243386243386245,-30.594762546584054,0.6699356110769221,10000
1201,7.820612882342218,0.1213634096001883,669.8722600439102,6.164012330798407e-14,0.1568,0.3102,0.9079,0.0972,0.0147,0.0005,4.306355360762438e-16,0.006823930876207667,0.006986286090385948,0.04351996732275298,0.079,1.9848101265822784,-30.59470803819636,0.6620353667253943,10000
1202,7.447996830447731,0.6004849779352277,5390.16533342404,1.1681846199396e-13,0.4629,1.0558,0.8658,0.1983,0.1707,0.0092,1.4753752508418755e-15,0.015104475281099696,0.012629641117156282,0.03263010430136033,0.1494,3.0983935742971886,-30.357147850545207,1.0028412758888765,10000
1203,7.437892734591923,0.0939605111176381,180.03003911448093,6.87520302203187e-14,0.0612,0.1417,0.9267,0.0481,0.0,0.0001,1.4916237362267894e-16,0.004116691719703032,0.002169570456969518,0.06726620457031099,0.0342,1.7894736842105263,-30.38302808159309,0.7025483723287318,10000
1204,11.522259772435568,0.108317879630965,115.02570041928992,9.818844280862282e-17,0.0224,0.115,0.0,0.0,0.0,0.0,9.207425110700642e-18,0.002184101881804741,0.09377300268063783,0.09750454829485451,0.0157,1.4267515923566878,-35.65310595603098,2.0996959773440858,10000
1205,8.749517693947993,0.6438294317941634,73.39737416767788,3.5328516159068005e-17,0.0114,0.0498,0.0,0.0,0.0,0.0,4.8434245808635225e-18,0.0018513094648581765,0.1370967452766999,0.1623955670928225,0.0064,1.78125,-35.844659137118775,2.020155870249073,10000
1206,14.8850078820838,0.2277500014306047,1495.3965598875232,7.007180543542e-14,0.3546,0.7644,0.8146,0.1977,0.0587,0.0014,6.609942364206044e-16,0.010753485376601138,0.009433098409741903,0.030325677880995872,0.1635,2.168807339449541,-30.59428395637779,0.7655412635458982,10000
1207,14.054743229551953,0.5971229062086576,625.6464345285948,6.120292834908821e-14,0.3003,0.5579,0.7885,0.172,0.0144,0.0013,4.2295361818244223e-16,0.009698525513690931,0.006910676165199263,0.03229612225671306,0.149,2.0154362416107383,-30.656684414236995,0.94495348726438,10000
1208,8.395094526673411,0.3572050286743263,14.462043857775054,6.33003e-19,0.0,0.0006,0.0,0.0,0.0,0.0,4.523818540562685e-19,0.0,0.7146598895364927,,0.0,0.0,-33.39752435938665,0.20924112594233302,10000
1209,11.801723897325976,0.0104333927922974,2126.2800466898607,7.492193854644e-14,0.3225,0.7484,0.8549,0.1714,0.059,0.0018,7.73084580134956e-16,0.010913353523482727,0.010318534132105555,0.03383985588676814,0.1395,2.3118279569892475,-30.573137618428234,0.7820053640330058,10000
1210,10.873673705625215,0.0126162670120398,1357.6952020670533,6.741879173251234e-14,0.2715,0.5635,0.8622,0.1504,0.0437,0.0009,6.231704540545213e-16,0.009499884198240417,0.009243275324882465,0.034990365371051255,0.1289,2.1062839410395657,-30.61891481046112,0.7897655590552223,10000
1211,1.5187869548479669,0.5135251236169085,3925.331831186228,8.3423564942e-14,0.0939,0.1781,0.971,0.0493,0.0264,0.0024,1.067976353307938e-15,0.005590295532475367,0.012801854656420468,0.05953456371113277,0.0431,2.1786542923433876,-30.57677918009058,0.8340471601295907,10000
1212,3.1576601454435616,0.3755655654167366,10.432560405276332,1.7118873e-19,0.0,0.0006,0.0,0.0,0.0,0.0,9.722530770050948e-20,0.0,0.5679422220172408,,0.0,0.0,-36.0821417713805,1.2281752495746503,10000
1213,11.812345801196203,0.0148042663936267,448.68296394061457,6.47502702582975e-14,0.1164,0.2917,0.89,0.1094,0.0015,0.0003,3.5310329546565193e-16,0.005685801336107635,0.0054533099870792134,0.048847090516388615,0.0675,1.7244444444444444,-30.500243288122302,0.6994844962609156,10000
1214,7.684385555350285,0.2509843186006476,430.4239114177076,6.439071802522199e-14,0.1083,0.2053,0.9211,0.0803,0.0015,0.0004,3.285591076402542e-16,0.006059767576261307,0.005102584933306022,0.05595353256012287,0.0547,1.9798903107861061,-30.491281485959135,0.6281357477256103,10000
1215,5.920945141178958,0.4697699798295592,35.41777967590511,8.534322738999999e-18,0.0015,0.0159,0.0,0.0,0.0,0.0,1.4554284129852935e-18,0.000670686202331761,0.17053824392348113,0.4471241348878407,0.0007,2.142857142857143,-35.81209603108211,1.8475282343501427,10000
1216,8.949694035852046,0.6748657167099413,4564.627484997238,1.0796171676229e-13,0.5769,1.3051,0.8358,0.2288,0.1506,0.0055,1.327665323265832e-15,0.01707857742262739,0.012297556606932106,0.02960405169462193,0.1752,3.2928082191780823,-30.391813972466643,0.9711743853861121,10000
1217,1.5580382026823238,0.2751890167943764,25.79845516839157,5.16450604e-18,0.0001,0.0102,0.0,0.0,0.0,0.0,1.1744288665223892e-18,0.00010000000000000002,0.22740390996277918,1.0000000000000002,0.0001,1.0,-35.81453844316761,1.644478594268356,10000
1218,6.233035217939151,0.2589612964293281,32.335750108230144,6.1218595763999995e-18,0.0008,0.0104,0.0,0.0,0.0,0.0,1.204628287722526e-18,0.0007070968806322513,0.1967748970209009,0.8838711007903141,0.0002,4.0,-35.5433724782625,1.903830847373943,10000
1219,10.824107506421637,0.6669229154673914,234.3610410483128,7.191449124315437e-14,0.1488,0.2561,0.8334,0.0745,0.0,0.0005,2.598976487990984e-16,0.006337970731022566,0.0036139816093580216,0.04259388932138822,0.0825,1.8036363636363637,-30.49377455415379,1.290052523999478,10000
1220,4.143348369403573,0.6767094386847472,14.935507031700064,1.00112618e-18,0.0,0.002,0.0,0.0,0.0,0.0,5.828650730855491e-19,0.0,0.5822094005028908,,0.0,0.0,-36.077120131576685,1.8349799200968662,10000
1221,6.313658458889238,0.5332877790080888,117.80409272424122,2.0289773702812754e-14,0.049,0.1308,0.8872,0.0158,0.0,0.0002,7.43196942275924e-17,0.0034700294105974145,0.0036629139051112002,0.07081692674688601,0.0304,1.611842105263158,-31.69058565720388,1.091991108261166,10000
1222,13.78469527071858,0.0298066586957415,7366.140584536576,1.426349178399e-13,0.5284,1.5461,0.8313,0.2572,0.3046,0.0123,1.8080934223425472e-15,0.01573035563516734,0.012676373006868028,0.02976978734891624,0.1729,3.056101792943898,-30.23182120601765,1.0931300790516296,10000
1223,6.9212923316860095,0.613498698084783,25.988328689274567,4.291227813e-18,0.0,0.0084,0.0,0.0,0.0,0.0,1.0779184584877137e-18,0.0,0.25119115215049376,,0.0,0.0,-36.044830614964404,2.0089425408698784,10000
1224,12.96256828913646,0.0488386030870449,33.60614158869627,2.544485348e-18,0.0008,0.007,0.0,0.0,0.0,0.0,6.644907865568918e-19,0.0008,0.2611493860945949,1.0,0.0001,8.0,-36.39623672361359,1.5964002639114594,10000
1225,7.982469062511657,0.0493163840952855,36.212371606855775,5.667687543000001e-18,0.0003,0.0132,0.0,0.0,0.0,0.0,1.1792668545400336e-18,0.00022359785240462393,0.20806843101231162,0.7453261746820798,0.0002,1.5,-36.057439145482576,1.6914949544141507,10000
1226,2.985403818683672,0.6649751105005365,3503.67880236778,8.21746276048e-14,0.2021,0.3785,0.9411,0.095,0.0427,0.0026,9.915654839482901e-16,0.009192062249617335,0.012066564983013938,0.04548274245233713,0.0754,2.680371352785146,-30.562524905271733,0.8217059354763766,10000
1227,3.0050706341564624,0.0287346674889181,2075.0373057313886,6.831278011842e-14,0.1183,0.2168,0.9625,0.0506,0.0176,0.001,7.266997019448342e-16,0.006306701867762966,0.010637829417644873,0.053311089330202587,0.0539,2.1948051948051948,-30.64260472705207,0.7133410482233227,10000
1228,3.4156115985476614,0.217422540836357,102.16543158644556,3.6224858110209e-14,0.0228,0.0605,0.9565,0.0196,0.0,0.0003,6.562773912169697e-17,0.002329926791958406,0.0018116769131857982,0.10218977157712307,0.0147,1.5510204081632653,-30.999037213561763,0.5726442776170576,10000
1229,8.233778664862864,0.2694462700580054,45.83921582811424,1.0387441095100001e-17,0.0012,0.0233,0.0,0.0,0.0,0.0,1.6782113109368105e-18,0.0004241155354366778,0.1615615718608948,0.35342961286389823,0.0009,1.3333333333333333,-36.00972504523477,1.6940777350232203,10000
1230,12.470303499006109,0.2344532058020174,283.0189300052078,8.730622222524987e-14,0.1141,0.2457,0.869,0.095,0.0,0.0001,2.543995723450064e-16,0.00558670207940359,0.0029138767645753363,0.04896320840844514,0.0644,1.7717391304347827,-30.206021611980695,0.9866445893520787,10000
1231,5.428269588670223,0.0122490897628065,320.0021006891729,7.348195006930101e-14,0.0636,0.1391,0.9504,0.0553,0.0002,0.0001,2.5482440151279305e-16,0.004093553434117087,0.0034678502853077186,0.0643640477062435,0.0356,1.7865168539325842,-30.3108178616997,0.493105382830166,10000
1232,8.389205492715046,0.2524445540242184,4874.728631894035,1.05918737462374e-13,0.376,0.795,0.8832,0.1697,0.1261,0.0078,1.3511527271140342e-15,0.013215894445197367,0.01275650332967772,0.0351486554393547,0.1323,2.8420256991685564,-30.42032674716946,0.9635896639666814,10000
1233,8.02398641868331,0.0439211055403386,11.259312535896878,0.0,0.0,0.0,0.0,0.0,0.0,0.0,0.0,0.0,,,0.0,0.0,,,10000
1234,10.701308815279369,0.334747323950816,247.67281499017955,9.093129944074976e-14,0.0996,0.2191,0.8806,0.0789,0.0,0.0004,2.6186772029907104e-16,0.005583108552599619,0.0028798413957528708,0.056055306753008224,0.0543,1.8342541436464088,-30.168220564895186,1.0025297144201346,10000
1235,3.0145710631591687,0.1949120708297375,18.9086191111489,1.04233623e-18,0.0,0.0031,0.0,0.0,0.0,0.0,3.7117112321972605e-19,0.0,0.3560953870131963,,0.0,0.0,-35.70185574634852,1.3466270862583696,10000
1236,10.002569005619204,0.2712573756348314,21.491404795114743,2.97685241e-18,0.0,0.004,0.0,0.0,0.0,0.0,8.720604009299248e-19,0.0,0.2929471404092637,,0.0,0.0,-35.334530897263186,1.628826716530956,10000
1237,9.420921858751747,0.3766036179699205,476.9702348086312,6.322008917981392e-14,0.1547,0.3015,0.8832,0.1107,0.0022,0.0008,3.637139003597686e-16,0.0069528141901331044,0.005753138046440812,0.04494385384701425,0.0792,1.9532828282828283,-30.54780398484602,0.7890964086425729,10000
1238,6.004046327513264,0.4247448956993829,2609.392852617124,7.542782772609e-14,0.2871,0.5473,0.9068,0.1242,0.047,0.0016,8.326158801010391e-16,0.011324318214281238,0.011038576944368805,0.0394438112653474,0.1056,2.71875,-30.59055551101042,0.7826330981331219,10000
1239,6.8258498497112114,0.3000971478269952,192.77449994492284,7.5166586100651e-14,0.0685,0.1432,0.9244,0.0521,0.0,0.0,1.6924377576461926e-16,0.004454521217361927,0.002251582578700531,0.06502950682280186,0.0381,1.7979002624671916,-30.293780477670484,0.6893290542233129,10000
1240,3.0287093211101497,0.6726930281299327,16.15466386779714,1.19858011e-18,0.0001,0.0038,0.0,0.0,0.0,0.0,4.553084269461198e-19,0.00010000000000000002,0.3798731708856072,1.0000000000000002,0.0001,1.0,-35.42259841861875,1.2038430516244198,10000
1241,11.019973977039866,0.0817507941734657,741.9955332138337,6.258376709729041e-14,0.2135,0.4356,0.8744,0.1277,0.0201,0.0004,4.617475612239806e-16,0.008311358665602564,0.00737807234432157,0.03892908040094878,0.1058,2.0179584120982987,-30.60073272106414,0.689350973507497,10000
1242,9.671022396387226,0.2747505036736798,3806.981452767004,9.180693502855999e-14,0.4079,0.8624,0.8605,0.1896,0.104,0.0043,1.097804420656166e-15,0.013568720279267374,0.01195775047184238,0.033264820493423324,0.1445,2.8228373702422145,-30.48487628258143,0.8853065200282537,10000
1243,1.3849354180219569,0.0779630700366911,317.823638454497,7.21849872592e-14,0.0206,0.0404,0.9887,0.0158,0.0,0.0,2.614128643598619e-16,0.002116131328906625,0.0036214298053581042,0.10272482179158372,0.0133,1.5488721804511278,-30.31342657040274,0.33810040981881323,10000
1244,10.85998042529072,0.5387297285132634,275.21076500773205,9.613015822801676e-14,0.134,0.2426,0.8574,0.0917,0.0,0.0005,3.0351471614814806e-16,0.006299870541279693,0.0031573308703832952,0.04701395926328129,0.0717,1.8688981868898187,-30.14548835472537,1.0671162304760848,10000
1245,8.28956701477738,0.5015476585174051,171.61313601169832,5.178393609931258e-14,0.0803,0.169,0.8883,0.0478,0.0,0.0,1.5113709297392348e-16,0.004659115982262474,0.002918609599009021,0.05802136964212296,0.0474,1.6940928270042195,-30.735110154706963,1.0267768022729153,10000
1246,9.709905913288484,0.6125274327645146,67.54257482238128,2.880276959329235e-17,0.0085,0.038,0.0,0.0001,0.0,0.0,3.8190402088025915e-18,0.0014638952486192081,0.13259281182778956,0.17222297042578918,0.0049,1.7346938775510203,-35.820950748757724,2.1842546380252035,10000
1247,10.350236369747282,0.6034669685329124,134.5793687906055,2.321309301437335e-16,0.0527,0.1592,0.004,0.0,0.0,0.0,1.646573141901445e-17,0.0034660456354806872,0.07093294895608702,0.06576936689716674,0.0342,1.54093567251462,-35.30409760851936,2.269874089757904,10000
1248,7.616492054834309,0.6380653909127106,16.349318632488952,1.90769248e-18,0.0,0.0034,0.0,0.0,0.0,0.0,6.860025489260118e-19,0.0,0.3595980778442927,,0.0,0.0,-35.501463431177214,1.5006210762482992,10000
1249,11.323820315659658,0.241122199833186,135.39401227446407,7.468466877088461e-15,0.0457,0.1517,0.6086,0.0035,0.0,0.0,6.891680194996492e-17,0.0034989105786692736,0.009227704036739564,0.07656259471924012,0.0277,1.6498194945848375,-32.56621791798485,1.387126163707395,10000
1250,14.728541321193488,0.2568946188029023,764.0090883896237,6.316915389528263e-14,0.284,0.5745,0.8164,0.1716,0.0262,0.0017,4.814922423485235e-16,0.009668699414856036,0.007622268348673902,0.03404471624949309,0.1417,2.0042342978122796,-30.634647850908078,0.8690547827031255,10000
1251,10.755654419983705,0.2583165187926432,1060.0158717577958,6.558371277902401e-14,0.2876,0.5441,0.8542,0.1439,0.037,0.0015,5.642827342118565e-16,0.009882225955673342,0.008604007158196968,0.03436100819079743,0.1344,2.1398809523809526,-30.614069266674637,0.7427440291759734,10000
1252,12.346891220787423,0.3106701981854473,6763.076566274494,1.3683802516445e-13,0.5894,1.5148,0.8214,0.26,0.2895,0.0135,1.706595594017659e-15,0.016906488308773452,0.012471647350703115,0.028684235338943757,0.1862,3.1654135338345863,-30.251166214463108,1.0807641589757262,10000
1253,5.795792599713848,0.3290055176685399,7894.891413491321,1.292007031378e-13,0.2872,0.7023,0.9195,0.1334,0.1609,0.0104,1.7614557346408788e-15,0.011662984974776063,0.013633484120919874,0.040609279160083785,0.1,2.872,-30.330137701078606,1.0459893423050584,10000
1254,5.973841691136104,0.0918172778222989,20.50610473673625,2.21141178e-18,0.0,0.0039,0.0,0.0,0.0,0.0,7.511229361649506e-19,0.0,0.3396576535216569,,0.0,0.0,-35.73076130742983,1.772159639823093,10000
1255,2.5792930554878035,0.6246274753074808,92.75258597973519,2.979417467069115e-14,0.0216,0.0646,0.9553,0.0129,0.0,0.0001,5.851178021913936e-17,0.0021894801625815734,0.0019638664559719463,0.1013648223417395,0.0141,1.5319148936170213,-31.204178431548858,0.6467727611005044,10000
1256,2.085820870356772,0.2302390316212231,2524.1796191948383,6.941286882910001e-14,0.1009,0.1842,0.9704,0.0443,0.0158,0.0011,7.712511763788205e-16,0.005617390364524326,0.01111106901917139,0.05567284801312514,0.0492,2.0508130081300813,-30.645776053288685,0.7273559857143241,10000
1257,8.999028235177015,0.1616156809046894,8557.844051862758,1.4472575888039e-13,0.4301,1.1372,0.8763,0.1919,0.269,0.0118,1.8907552985902046e-15,0.014134757802587699,0.01306440065139225,0.03286388700903906,0.1424,3.020365168539326,-30.24083257503234,1.0986621078391883,10000
1258,13.732604032396871,0.22283739168474,11.183843557590682,1.9794466000000001e-19,0.0,0.0008,0.0,0.0,0.0,0.0,1.2603853370438414e-19,0.0,0.6367362155886607,,0.0,0.0,-35.98645350815781,1.8102683336532763,10000
1259,4.71393624926162,0.3869795901611965,510.5947370267428,6.1771241517919e-14,0.0897,0.1754,0.9409,0.0673,0.0041,0.0006,3.706166159276348e-16,0.005082122961654877,0.005999824624216497,0.05665688920462516,0.0489,1.834355828220859,-30.54323767233599,0.5458424710866521,10000
1260,8.708540235637491,0.4504098126338571,14.000193556084804,8.6519227e-19,0.0,0.0018,0.0,0.0,0.0,0.0,3.650359715260332e-19,0.0,0.4219131217226816,,0.0,0.0,-35.60111382155748,1.226320707010699,10000
1261,3.620555570361848,0.0814217547791157,338.9567473913396,7.0794300987989e-14,0.0619,0.1017,0.963,0.0441,0.0002,0.0001,2.7508962497482924e-16,0.004533088780223584,0.0038857594627779587,0.07323245202299813,0.0307,2.01628664495114,-30.347461344417134,0.4357792854953373,10000
1262,13.964371223957784,0.5450069882206355,97.11850569468706,6.52017354607805e-17,0.0135,0.0554,0.0,0.0,0.0,0.0,7.656957412618765e-18,0.001797803718380008,0.11743487130376311,0.13317064580592652,0.009,1.5,-35.70958753244304,2.3439869642502544,10000
1263,2.4961506500159247,0.0983632727002865,67.81885586260401,1.8264513879416102e-14,0.0084,0.0447,0.9572,0.009,0.0,0.0001,3.657738828712308e-17,0.001439844198214346,0.0020026477862268963,0.17141002359694596,0.0055,1.5272727272727273,-31.68051464525811,0.6171297458553416,10000
1264,3.333115950106623,0.1823950232155654,22.32931194888592,3.3009161200000004e-18,0.0001,0.0063,0.0,0.0,0.0,0.0,9.159249657005484e-19,0.00010000000000000003,0.2774759892113067,1.0000000000000002,0.0001,1.0,-35.64999620081151,1.6172531373361319,10000
1265,14.797904492714494,0.0976971744788219,26.573164686183127,1.105291079e-18,0.0,0.0035,0.0,0.0,0.0,0.0,3.949931583440966e-19,0.0,0.3573657345551566,,0.0,0.0,-36.38233706889984,1.9332312736225807,10000
1266,1.6307907068051044,0.3120723709990874,66.67589263605662,2.3038217395443e-14,0.0089,0.0377,0.97,0.0103,0.0,0.0,3.676975304399713e-17,0.0012418668299468878,0.00159603290536143,0.13953559887043684,0.0069,1.289855072463768,-31.43713821869529,0.48077633778002454,10000
1267,10.891404788290178,0.5038542190209722,812.1637218326817,6.2061220693775e-14,0.3042,0.5267,0.8354,0.1549,0.0251,0.0017,4.79603646914248e-16,0.010330387586667265,0.007727911915892337,0.03395919653736773,0.1367,2.2253108997805415,-30.646215223059666,0.820089836460146,10000
1268,1.3171453182660318,0.6537265244492894,51.36506013471468,9.2551185315637e-15,0.0055,0.0459,0.9519,0.0021,0.0,0.0,2.5425717859753023e-17,0.000941840594989745,0.002747206075539825,0.17124374454359,0.0042,1.3095238095238095,-32.361678573682184,0.5691359696655306,10000
1269,12.082123869446256,0.2893633476349475,844.1189759847291,6.397904886750453e-14,0.2769,0.5365,0.8385,0.1592,0.029,0.0012,5.027611302927251e-16,0.00952846882619748,0.007858215137488257,0.03441122725242861,0.1326,2.088235294117647,-30.610760175509476,0.7776090940871336,10000
1270,11.354700942909483,0.0844024737045031,3538.929054590913,8.747032715995001e-14,0.3704,0.8378,0.8602,0.184,0.0948,0.0038,1.0253927480516879e-15,0.012198166400174768,0.011722749660883673,0.03293241468729689,0.1421,2.60661505981703,-30.511135691565993,0.8642726364108059,10000
1271,11.2194251127648,0.0553322537145416,9532.778076439216,1.49897945782607e-13,0.4558,1.3811,0.864,0.2212,0.3107,0.0106,1.986612898758783e-15,0.01441337609795339,0.013253102892016378,0.03162215028072267,0.1509,3.020543406229291,-30.22042501514691,1.1141986761773786,10000
1272,9.489340404445944,0.3316694145714157,13.020520303538888,2.806365e-20,0.0,0.0004,0.0,0.0,0.0,0.0,2.1545791119354698e-20,0.0,0.7677472858788753,,0.0,0.0,-36.60120662856258,0.6383420831321517,10000
1273,9.121484518305213,0.437841358736787,739.1702783484589,6.27725431306075e-14,0.2481,0.4368,0.863,0.1324,0.0198,0.0017,4.628851830935337e-16,0.009079806346411184,0.00737400716951093,0.03659736536239897,0.1163,2.1332760103181427,-30.6105090672358,0.7399846833312922,10000
1274,7.920308781872893,0.0102521607159962,49.95214384496558,1.3560979908979999e-17,0.0012,0.0249,0.0,0.0,0.0,0.0,2.0971734867791663e-18,0.00039983995197918865,0.15464763614836055,0.3331999599826572,0.001,1.2,-35.938026454846046,1.9915332125851666,10000
1275,7.826913492563935,0.2929403208430235,21.24928473156892,2.235591606e-18,0.0,0.0046,0.0,0.0,0.0,0.0,7.958604480397597e-19,0.0,0.3559954536883154,,0.0,0.0,-35.90298458474606,1.789153513618372,10000
1276,8.905934336659616,0.0454419642856119,807.3245796483427,6.295632745854815e-14,0.2,0.3992,0.8912,0.1146,0.0217,0.001,4.831705100978536e-16,0.007921254611957801,0.0076746933883013405,0.039606273059789004,0.0977,2.0470829068577276,-30.610915262298178,0.723867698941243,10000
1277,2.3942047304293883,0.03060692024834,33.04149090785359,7.602773465e-18,0.0002,0.0138,0.0,0.0,0.0,0.0,1.352200991463541e-18,0.00020000000000000004,0.17785627806595983,1.0000000000000002,0.0001,2.0,-35.728627962422216,1.7652177781503582,10000
1278,7.101290446937393,0.5261947351263904,256.22931499074383,1.0021514721341152e-13,0.0977,0.1858,0.9074,0.0689,0.0,0.0001,2.5444556524350857e-16,0.005392437189053183,0.0025389930795756675,0.05519382998007352,0.0538,1.8159851301115242,-30.031114011737063,0.7827258092257823,10000
1279,13.412960542032527,0.1246956538765951,46.92821560209333,7.2436417156508e-18,0.0009,0.0172,0.0,0.0,0.0,0.0,1.3439987475682074e-18,0.000412232936092399,0.18554185868474538,0.45803659565822114,0.0006,1.5,-36.38914645806312,2.255464896103811,10000
1280,2.8229627752612965,0.4038333948531492,10.683037279308772,7.004094000000001e-19,0.0,0.001,0.0,0.0,0.0,0.0,3.1584854942921114e-19,0.0,0.45094847303478663,,0.0,0.0,-34.829512431379214,0.9305031025825399,10000
1281,13.37965746344828,0.6430857524755675,939.68720117865,6.531041563680011e-14,0.4475,0.7682,0.7717,0.2063,0.0356,0.002,5.404467445507636e-16,0.012600803665850148,0.00827504677900474,0.0281582204823467,0.1889,2.3689782953943888,-30.62799129824197,0.8571621778865087,10000
1282,14.414498354921855,0.2652041236454238,4586.98653049714,1.0839388459972758e-13,0.5509,1.2715,0.8118,0.2521,0.1763,0.0057,1.3140661932877423e-15,0.01582295660095039,0.012123065781250216,0.02872201234516317,0.1874,2.939701173959445,-30.380070792057545,0.975964940143545,10000
1283,12.682689145500923,0.3241354586875267,615.8069756574336,6.225735373980637e-14,0.2367,0.4471,0.836,0.149,0.0136,0.001,4.259562563331344e-16,0.008577567747727013,0.006841862539055923,0.03623814004109427,0.1207,1.9610604805302403,-30.61687997042315,0.8699608623917784,10000
1284,7.333910397743319,0.2415508850468334,10.63634145452786,4.9564294e-19,0.0,0.0006,0.0,0.0,0.0,0.0,3.399983105761054e-19,0.0,0.6859742833744498,,0.0,0.0,-34.99627227832736,1.5189488337062667,10000
1285,3.275281026267806,0.1484913304625908,257.7062357087857,8.546695286680999e-14,0.039,0.0873,0.9701,0.0325,0.0,0.0001,1.7905746225574143e-16,0.0033924992122461146,0.002095049094996765,0.08698715928836191,0.0221,1.7647058823529411,-30.129237046456538,0.3988511507219288,10000
1286,11.138741721624292,0.1366953268420876,112.99521926051692,1.0518125923839159e-16,0.0243,0.1073,0.0,0.0001,0.0,0.0,1.0691217097969497e-17,0.0024963121113786516,0.1016456465285135,0.1027288934723725,0.015,1.62,-35.57262039126992,2.1149561812522713,10000
1287,14.52373661769968,0.415017908670486,1973.8428820036,7.55672364208375e-14,0.5081,0.9845,0.7875,0.2375,0.0747,0.0034,7.645925762080928e-16,0.014740256663866191,0.010118043379938374,0.02901054253860695,0.1912,2.657426778242678,-30.56686789082499,0.8394565012105307,10000
1288,4.407140307068346,0.4081820753665193,3442.487628702708,8.085668603342e-14,0.2398,0.454,0.9315,0.107,0.0506,0.0031,9.86311711757185e-16,0.010189208899507349,0.012198270299496555,0.04249044578610237,0.0892,2.688340807174888,-30.578368901071197,0.8198621655866491,10000
1289,11.534931049293515,0.3534439474398244,17.18169143498439,1.1739311e-18,0.0,0.0014,0.0,0.0,0.0,0.0,5.124962550949829e-19,0.0,0.4365641689661198,,0.0,0.0,-35.054410857107094,1.476780598465954,10000
1290,5.653874136225947,0.6518382783037625,1342.0755279868763,6.615185574685236e-14,0.2665,0.4552,0.8926,0.1275,0.0296,0.0015,6.131896914790574e-16,0.010211669932987555,0.009269425393379598,0.038317710817964555,0.1083,2.4607571560480146,-30.625332575193447,0.723566156318239,10000
1291,10.686881128083073,0.1810671146584974,249.5602307658555,9.527089110856273e-14,0.0928,0.2183,0.8966,0.0726,0.0,0.0002,2.5455254308735704e-16,0.005253720220721289,0.0026718816222395807,0.05661336444742769,0.0525,1.7676190476190476,-30.106896874879357,0.9295959916178804,10000
1292,13.226648656059847,0.2403552998977078,3564.183375271509,9.365467900624401e-14,0.4813,1.1094,0.8231,0.2337,0.1111,0.004,1.0742754767001489e-15,0.014671965023668972,0.011470601235294677,0.030484032876935324,0.1734,2.775663206459054,-30.454685129885544,0.8938825406201023,10000
1293,6.474759862828158,0.5871985104598803,32.67162995328674,7.827604797e-18,0.0007,0.0165,0.0,0.0,0.0,0.0,1.3161008965005456e-18,0.00045822701491697316,0.16813583856519596,0.6546100213099617,0.0003,2.3333333333333335,-35.62348723918085,1.5953620653959542,10000
1294,11.418679727946634,0.1332503079810466,50.58842004423837,1.0713405139000001e-17,0.0008,0.0241,0.0,0.0,0.0,0.0,1.5865366012013301e-18,0.00034633509033807125,0.14808892043351016,0.432918862922589,0.0006,1.3333333333333333,-35.90673408901179,1.6582997495350886,10000
1295,3.8929663524250233,0.6962727836388155,323.8181720711408,7.297413109449001e-14,0.0771,0.1527,0.9371,0.0642,0.0001,0.0002,2.5945560068842593e-16,0.0043217388563718505,0.0035554462491985245,0.056053681665004546,0.0453,1.7019867549668874,-30.322900913945166,0.5071065707001201,10000
1296,10.408663319840157,0.0274144395354211,567.1723934712866,6.193175213630871e-14,0.1489,0.3354,0.8957,0.1031,0.0096,0.0006,3.9871909492307764e-16,0.006630028259930176,0.006438039958009209,0.044526717662392044,0.0778,1.9138817480719794,-30.570319294287653,0.6548324886431975,10000
1297,10.196475724059187,0.5574259322622731,4435.613167843919,1.0496924722337001e-13,0.561,1.2226,0.8273,0.2341,0.1552,0.006,1.2863902710567939e-15,0.01664198292150175,0.01225492518127153,0.029664853692516483,0.1757,3.192942515651679,-30.40476935732303,0.9510627623117766,10000
1298,13.824703554334157,0.6297106289102283,123.41782039134674,1.398555481456917e-16,0.0329,0.0985,0.0,0.0,0.0,0.0,1.2768575692717644e-17,0.002573406544276324,0.09129831359579842,0.07821904389897641,0.0234,1.4059829059829059,-35.51854856135233,2.262954227408794,10000
1299,11.3469327121401,0.2958043686102904,80.09683804295912,4.1146757846388915e-17,0.0107,0.048,0.0,0.0,0.0,0.0,6.067083879221044e-18,0.0018490248482075434,0.14744986474684052,0.17280606058014425,0.0064,1.671875,-36.01809298455739,2.453349755766381,10000
1300,11.489328732678045,0.1279551973741013,9651.398618539071,1.5150845193997397e-13,0.4837,1.4696,0.8554,0.2219,0.3362,0.0122,2.013635811252394e-15,0.015167611435017193,0.013290584026626943,0.031357476607436825,0.1616,2.9931930693069306,-30.218895181337317,1.1241988778149032,10000
1301,11.672383446502298,0.4814252950109738,449.4309858857816,6.383306503756772e-14,0.1588,0.3349,0.8491,0.127,0.0029,0.0007,3.4540156666808875e-16,0.006259566615782737,0.0054110133433951406,0.039417925792082725,0.0913,1.7393209200438116,-30.540561083762423,0.825418243872633,10000
1302,9.00974621675484,0.4410554244993531,97.9277931415709,7.31896694064151e-17,0.0196,0.0829,0.0,0.0,0.0,0.0,8.387705003631029e-18,0.0023837265395219988,0.11460230756139805,0.12161870099602035,0.0118,1.6610169491525424,-35.687417260222674,2.1138212331911315,10000
1303,5.593681072196349,0.6218280572217407,514.1039489814243,6.2399072759856e-14,0.1344,0.2486,0.91,0.0941,0.0042,0.0006,3.81258834648862e-16,0.006376341409693909,0.006110008014320081,0.04744301644117492,0.0699,1.9227467811158798,-30.550700647981095,0.6316096162090729,10000
1304,5.201255969347527,0.2112196921630764,34.61052400967384,4.985978186e-18,0.0003,0.0126,0.0,0.0,0.0,0.0,1.1756749191944535e-18,0.00030000000000000003,0.23579624204847122,1.0000000000000002,0.0001,3.0,-36.39806844191501,1.7889903166339016,10000
1305,13.270487494110675,0.1033579391934625,4774.306539732169,1.1198715874424e-13,0.4481,1.1523,0.832,0.2374,0.1755,0.0071,1.3852011813862673e-15,0.013284136623378384,0.012369285879909106,0.029645473384017816,0.1689,2.6530491415038484,-30.36629642846035,0.9748163036956362,10000
1306,9.627169029310435,0.0357324322552822,5722.217028472675,1.19749825371859e-13,0.3395,0.8564,0.8889,0.164,0.162,0.0092,1.5576215281189974e-15,0.012390291640340565,0.01300729686479389,0.0364957043898102,0.1229,2.762408462164361,-30.355524092530878,1.0197693359678888,10000
1307,2.755909474084137,0.4968385329286221,415.1013188017786,6.44963009925e-14,0.0581,0.1069,0.9627,0.0459,0.0006,0.0007,3.2596569441643367e-16,0.00396156640747572,0.005054021539224999,0.06818530821817075,0.0319,1.8213166144200628,-30.46542826765137,0.44956825229360875,10000
1308,6.206064702225087,0.5429386398444231,5283.5615351623965,1.1036941911142001e-13,0.3528,0.7486,0.8978,0.1494,0.1298,0.0074,1.4258080037145838e-15,0.012984994301411947,0.012918506006407478,0.03680553940309509,0.1201,2.9375520399666946,-30.403821893474362,0.9773832291768125,10000
1309,7.114932620086015,0.4610018693528495,100.50325457646686,1.0275133752793801e-16,0.0303,0.1047,0.0002,0.0,0.0,0.0,1.0475569587685343e-17,0.0030164715994172742,0.10195068832887011,0.09955351813258331,0.018,1.6833333333333333,-35.43628272128986,1.9518713181868275,10000
1310,10.61770667039306,0.2545264822875065,9225.282356680784,1.4665913098430002e-13,0.4853,1.3423,0.8616,0.216,0.3062,0.0116,1.9353529512432914e-15,0.015408508468158798,0.01319626632350953,0.0317504810800717,0.1538,3.1553966189856957,-30.235349665171462,1.1081249249165501,10000
1311,10.48233043420286,0.0263680243578235,311.5106511927432,7.627495839970031e-14,0.0874,0.2141,0.9045,0.0811,0.0001,0.0002,2.4172947544774087e-16,0.00494556062110108,0.003169185280718431,0.056585361797495196,0.0502,1.7410358565737052,-30.291517844632477,0.6856828652835366,10000
1312,4.571468243649807,0.6310970859203792,2275.121558560089,7.27955180176e-14,0.2666,0.4965,0.9131,0.1182,0.0363,0.0018,7.911858893427196e-16,0.010918991090601899,0.010868607173747043,0.04095645570368304,0.0978,2.7259713701431494,-30.605805737580585,0.7543057251016586,10000
1313,8.932463296681771,0.4652325807384444,260.3926279341587,9.961430135036e-14,0.1078,0.2065,0.8903,0.0781,0.0001,0.0001,2.806095381134965e-16,0.005551666245354631,0.0028169603592012983,0.051499686877130156,0.0597,1.8056951423785594,-30.072429353879,0.9355524108410143,10000
1314,6.887551738631992,0.2531161263134133,9029.098088956896,1.397515797341e-13,0.3363,0.8722,0.9022,0.1566,0.2247,0.0104,1.9129048508384387e-15,0.012152983193440613,0.013687894294132844,0.0361373273667577,0.1185,2.837974683544304,-30.283756811398717,1.0812139625877628,10000
1315,12.611770618716102,0.4292354450250471,890.8769801455345,6.438528977455999e-14,0.3125,0.5863,0.8188,0.1784,0.0334,0.0014,5.094370950637517e-16,0.010485006844864418,0.007912321228148625,0.03355202190356614,0.147,2.1258503401360542,-30.618164793004613,0.7953183154101429,10000
1316,13.367826370513976,0.2915288471311641,14.426107188178603,3.021524e-20,0.0,0.0006,0.0,0.0,0.0,0.0,2.1332995599992542e-20,0.0,0.7060342926282412,,0.0,0.0,-37.06325898513253,0.7971625034068955,10000
1317,12.041715753749218,0.055559294364393,31.51883569027664,2.6699432009659003e-18,0.0003,0.0081,0.0,0.0,0.0,0.0,7.34110441922984e-19,0.00017318775765030273,0.27495358015758775,0.5772925255010092,0.0003,1.0,-36.50918028907886,2.4686130826513066,10000
1318,7.532689903117162,0.1289897746081413,1652.044890640208,6.775086354675e-14,0.2237,0.463,0.9032,0.1171,0.0336,0.0015,6.69458460473549e-16,0.009042898230149452,0.00988117974336377,0.04042422096624699,0.0979,2.2849846782431054,-30.62504007777498,0.7160661547429088,10000
1319,9.531162115201376,0.3732838655034906,27.365794754374047,2.728370197e-18,0.0,0.0053,0.0,0.0,0.0,0.0,7.913518669465543e-19,0.0,0.29004563523553045,,0.0,0.0,-35.91184550091199,1.7738160258410838,10000
1320,11.049054990371571,0.166072793550111,14.880256017093592,2.551524e-19,0.0,0.0004,0.0,0.0,0.0,0.0,2.0347988227612712e-19,0.0,0.79748370885842,,0.0,0.0,-35.16376761001546,1.1410941397649348,10000
1321,5.234777415265971,0.2397057292918748,5913.155259369978,1.1581879326276e-13,0.244,0.5273,0.9263,0.1135,0.1189,0.0093,1.558495421606723e-15,0.009992816701939642,0.01345632584921636,0.04095416681122804,0.0918,2.657952069716776,-30.393635734646814,0.9983202433740636,10000
1322,9.890018969451399,0.0605928549969623,46.46605681980506,7.380541066499999e-18,0.0016,0.0174,0.0,0.0,0.0,0.0,1.2799947211356488e-18,0.0006322847288981761,0.17342830418565072,0.39517795556136004,0.0008,2.0,-36.129882264713196,1.7942178023182163,10000
1323,4.899995472593703,0.0690882033846899,49.398076109938245,1.1406789556999998e-17,0.0026,0.0283,0.0,0.0,0.0,0.0,1.5933342400968916e-18,0.0008940939214612967,0.1396829697028215,0.34388227748511413,0.0014,1.8571428571428572,-35.98797048803862,1.5967475003340366,10000
1324,2.544462386564061,0.2780414094148511,13.422928486353722,3.402788e-19,0.0,0.0008,0.0,0.0,0.0,0.0,1.579199416300028e-19,0.0,0.4640898628712773,,0.0,0.0,-34.979230061957104,0.4077869546054233,10000
1325,10.77011178622414,0.4017744387498844,414.6877489200332,6.632401706774989e-14,0.1401,0.2833,0.8745,0.1139,0.0015,0.0006,3.2978605711662114e-16,0.006546104501794547,0.004972347449638721,0.04672451464521447,0.0762,1.8385826771653544,-30.482860458524172,0.7883492865329816,10000
1326,1.11672748119421,0.1233624860901731,2207.1168196080807,6.7987079651e-14,0.0513,0.0904,0.9859,0.0195,0.0068,0.0009,7.427997554091527e-16,0.003718630637934095,0.010925601735244221,0.07248792666538197,0.0277,1.851985559566787,-30.652190318905724,0.7109565903458951,10000
1327,4.34655049284356,0.565328751389335,6816.030869250916,1.2210758944257e-13,0.2829,0.6129,0.9266,0.1191,0.1338,0.0105,1.6602471530853003e-15,0.011880272433210812,0.013596592649682538,0.04199460032948325,0.0972,2.9104938271604937,-30.368763619219326,1.0271108971213176,10000
1328,4.720527268159184,0.6556331437274576,1728.0636618383628,6.775490197211e-14,0.2171,0.4126,0.9177,0.104,0.0288,0.0009,6.848602294959974e-16,0.00925771729601597,0.010107906727957586,0.04264264070021175,0.0884,2.4558823529411766,-30.63464383097532,0.7214879433966634,10000
1329,11.55164363935809,0.1703377936498348,169.04700075125,4.4048986146045914e-14,0.0681,0.1775,0.8741,0.0417,0.0,0.0001,1.421784889742847e-16,0.004468583200924243,0.003227735787218509,0.06561796183442355,0.0426,1.5985915492957747,-30.92750042876013,1.139352291292754,10000
1330,6.245523530976174,0.648002559686393,8827.51855788467,1.402966633488e-13,0.4274,1.1133,0.888,0.1743,0.2401,0.0108,1.877696076281005e-15,0.014982502178780208,0.01338375433500333,0.035054988719654206,0.1322,3.232980332829047,-30.269355406793448,1.0822681347917045,10000
1331,3.8436466479190066,0.2168890666248268,121.8910299792676,4.678995452831051e-14,0.0296,0.0727,0.9559,0.0266,0.0,0.0002,8.224732682813585e-17,0.002798779612033015,0.00175779881936777,0.09455336527138564,0.0178,1.6629213483146068,-30.744223582122352,0.5804008168187681,10000
1332,13.06711115297064,0.6993218437636437,77.14729002361555,2.9573167485257196e-17,0.0092,0.0359,0.0,0.0001,0.0,0.0,4.1992006674887046e-18,0.0016828009929632773,0.1419936051686749,0.18291315140905187,0.0059,1.5593220338983051,-35.788216918215575,2.1495764190056224,10000
1333,5.674316698598078,0.1760658200136925,8695.323994891613,1.3079069924744002e-13,0.2624,0.6451,0.9264,0.1166,0.1569,0.008,1.8176752497452745e-15,0.010703554578179196,0.013897587979910217,0.040790985435134125,0.0946,2.773784355179704,-30.334383630469837,1.0524951799858453,10000
1334,9.924049233346366,0.2084875439918771,2415.033798055965,7.576431586358899e-14,0.3767,0.7241,0.8635,0.1666,0.062,0.0032,8.123492618701006e-16,0.012578375592788415,0.010722056321774318,0.03339096255053999,0.139,2.710071942446043,-30.58049187353602,0.7970769403838948,10000
1335,7.074281367306608,0.6997688597123533,1293.2874612001176,6.674973834046e-14,0.3307,0.5676,0.8652,0.1454,0.0397,0.0021,6.117231607080344e-16,0.011519853371556872,0.009164427845213615,0.034834754676615884,0.1315,2.514828897338403,-30.61572102737787,0.7170054076678887,10000
1336,4.498491932839199,0.0090476290907137,14.841316539027234,4.4391698e-19,0.0,0.0006,0.0,0.0,0.0,0.0,3.5704045599020928e-19,0.0,0.8042955599270144,,0.0,0.0,-35.37642629747498,1.670513867217539,10000
1337,9.2770579058854,0.3710327748166036,3118.271988813947,8.31365709031e-14,0.418,0.8377,0.8591,0.1886,0.0759,0.0025,9.433934316571608e-16,0.01403877874784246,0.011347514353902508,0.0335855950905322,0.1455,2.872852233676976,-30.533329262284795,0.8308549740445265,10000
1338,5.689391950948171,0.4360774768738111,41.25710802780639,1.2086886222999999e-17,0.0012,0.0218,0.0,0.0,0.0,0.0,1.810120918051782e-18,0.00039983995197918865,0.14975907646150613,0.3331999599826572,0.001,1.2,-35.620813275468656,1.7195811106972447,10000
1339,6.679774130378946,0.380759055701228,2822.002925937568,7.713897029718e-14,0.3221,0.6141,0.8965,0.1373,0.0549,0.0021,8.706289900648795e-16,0.012476807527272642,0.011286500023409146,0.03873581970590699,0.112,2.875892857142857,-30.58256230085256,0.7952599295483512,10000
1340,6.196597493281816,0.4633097534987475,28.142990432762595,3.693403238e-18,0.0005,0.0087,0.0,0.0,0.0,0.0,7.54892072487259e-19,0.00033164137045890393,0.20438929189222177,0.6632827409178078,0.0003,1.6666666666666667,-35.939427500261885,1.5870581765831637,10000
1341,3.7075778807442106,0.5502949822308009,570.3037344316466,6.1537217914157e-14,0.094,0.177,0.9435,0.0628,0.0052,0.001,3.9552583283580167e-16,0.005106760998988506,0.00642742467473182,0.05432724467009049,0.0516,1.821705426356589,-30.563476882939906,0.5602041020422507,10000
1342,10.840581684770358,0.5769573032948517,78.89326650403451,3.74255902925068e-17,0.0115,0.0479,0.0,0.0,0.0,0.0,4.870230870731044e-18,0.0018322419903143547,0.130131036883235,0.1593253904621178,0.0062,1.8548387096774193,-35.99030139599465,2.314788444351522,10000
1343,12.910218260981909,0.0170282573303405,949.0517183733185,6.53270453469226e-14,0.2516,0.5525,0.8552,0.1484,0.0335,0.0009,5.373132375303546e-16,0.009057480212221249,0.008224973817152226,0.03599952389595091,0.1248,2.016025641025641,-30.605877888940018,0.7468020568812967,10000
1344,5.371356499907435,0.6414118015697462,160.60237389051295,5.5921473404059235e-14,0.0727,0.1378,0.9123,0.0442,0.0,0.0002,1.38262363011966e-16,0.00474170005081903,0.0024724377702453346,0.06522283426160977,0.0403,1.803970223325062,-30.62516698484553,0.8464176858713216,10000
1345,3.0963345628034844,0.4357204481414892,56.015256945636,2.6480636121999997e-17,0.005,0.044,0.0,0.0,0.0,0.0,2.762532050200576e-18,0.0009579100997358353,0.10432272236487085,0.19158201994716706,0.0037,1.3513513513513513,-35.436588805202405,1.5735948051388542,10000
1346,13.65246413613492,0.4219499408914352,3776.7237627839295,9.731470728700095e-14,0.5976,1.3098,0.7959,0.27,0.1387,0.0053,1.1215357636822614e-15,0.01737635225706984,0.011524833141352657,0.029076894673811644,0.1911,3.1271585557299844,-30.437705813382973,0.9439401211187243,10000
1347,10.21430066140784,0.409203535100028,4678.974728713832,1.0917643816591e-13,0.5136,1.1075,0.8427,0.2256,0.157,0.0086,1.3538454429839014e-15,0.015728516860284775,0.012400527675454387,0.030624059307408056,0.1669,3.0772917914919113,-30.388588264005648,0.9727163666895718,10000
1348,8.966181441019211,0.0969454274853743,52.90747322001885,1.18537380169358e-17,0.0025,0.0222,0.0,0.0,0.0,0.0,2.0054903807434552e-18,0.0007806637839648765,0.1691863256871503,0.3122655135859506,0.0015,1.6666666666666667,-36.12716786363597,2.1452242976431157,10000
1349,12.822859278639967,0.4198288620526382,5978.124576408879,1.3460983772995598e-13,0.6384,1.5941,0.8072,0.284,0.2798,0.013,1.666974140241527e-15,0.018084724209259384,0.012383746748032515,0.028328202082173223,0.1959,3.258805513016845,-30.25540838265926,1.0679007007965537,10000
1350,10.324470371599594,0.5858211158659423,864.7800606173699,6.361785739735801e-14,0.3373,0.5867,0.8291,0.1622,0.029,0.0013,5.067641655071497e-16,0.010898841657485786,0.007965753425832842,0.032312012029308584,0.1461,2.3086926762491444,-30.617712910831447,0.7452367114561064,10000
1351,1.0238130871251734,0.0920135092487157,82.47089080454083,3.8069390269225e-14,0.0053,0.0211,0.9863,0.0105,0.0,0.0003,4.029722831340878e-17,0.0008168584490427808,0.0010585204551065465,0.1541242356684492,0.0047,1.127659574468085,-30.91235138111319,0.2509088989903908,10000
1352,12.038598315038628,0.518021737217295,458.3632280122344,6.360894368072311e-14,0.1942,0.3624,0.8386,0.1385,0.0019,0.0004,3.511964662491667e-16,0.007973392847423858,0.005521180606487541,0.04105763567159556,0.0991,1.9596367305751765,-30.56306931386736,0.8831389514025669,10000
1353,3.951199271354213,0.4862821507235615,8176.975260601836,1.2717940938529998e-13,0.2318,0.5279,0.9406,0.0987,0.1267,0.0088,1.7841010007882355e-15,0.00969929294476473,0.014028222095159774,0.041843369045576916,0.0846,2.739952718676123,-30.357257836742445,1.0407009275873038,10000
1354,2.4918255265531224,0.5443264694209187,29.495953894937134,6.3887464790000006e-18,0.0001,0.0148,0.0,0.0,0.0,0.0,1.071835250228829e-18,0.00010000000000000002,0.16776925704470874,1.0000000000000002,0.0001,1.0,-35.865438120070735,1.665076739241814,10000
1355,14.152634674294555,0.1832687195855255,176.44508705694122,3.751637393602825e-14,0.0635,0.1914,0.8488,0.0392,0.0,0.0003,1.4002473943935053e-16,0.0038920803985764345,0.0037323633589460524,0.06129260470199109,0.042,1.5119047619047619,-31.126309403387875,1.3215419541282074,10000
1356,13.694172496374788,0.2131821954030205,3795.021881590189,9.456747327270002e-14,0.4731,1.1185,0.8242,0.23,0.1208,0.0039,1.1087280766554646e-15,0.014396123222464568,0.011724201126303489,0.030429345217638064,0.172,2.750581395348837,-30.457130521516405,0.9022832625380024,10000
1357,5.0912935579779806,0.0063374926566888,6132.680820353544,1.167924199747e-13,0.2134,0.4683,0.9355,0.1079,0.1033,0.0089,1.5658324591426865e-15,0.008892353535208748,0.01340696989994627,0.0416698853571169,0.0875,2.438857142857143,-30.387370962589642,1.0032994876192165,10000
1358,11.387728664934423,0.4870102541996057,21.02333360796065,1.5275779200000001e-18,0.0,0.0028,0.0,0.0,0.0,0.0,6.303248535576413e-19,0.0,0.4126302464214992,,0.0,0.0,-35.55345677822996,1.5952298973243924,10000
1359,12.063976147390576,0.4353270874214449,1069.2976518183125,6.629236489233529e-14,0.3526,0.6396,0.8203,0.1809,0.0405,0.0023,5.620503767067079e-16,0.011290707329800056,0.008478357615081734,0.03202129134940458,0.1535,2.2970684039087947,-30.60849349403756,0.790652864547099,10000
1360,8.481884936902308,0.2761387055455963,396.7724027991704,6.737878777778127e-14,0.1019,0.2193,0.9078,0.0937,0.0002,0.0003,3.201151803630644e-16,0.005441929847034598,0.004750978622809612,0.05340461086393128,0.0572,1.7814685314685315,-30.439978219313623,0.6433095617838216,10000
1361,7.801109914386413,0.6288146004222445,1132.8008153339115,6.583577750909e-14,0.3237,0.5533,0.8675,0.1388,0.0292,0.0017,5.683223813070297e-16,0.011559636392177391,0.008632424538900006,0.03571095579912694,0.1247,2.5958299919807537,-30.60735339188964,0.7037487156691337,10000
1362,11.1963000908323,0.151378722641925,7688.710484697722,1.3780405573079997e-13,0.4512,1.2533,0.8608,0.2188,0.2614,0.013,1.8008108781879605e-15,0.014324886604703848,0.013067909131105995,0.03174841889340392,0.1494,3.0200803212851404,-30.264837714999747,1.0727050902669197,10000
1363,7.709004081325075,0.1376195561069942,151.5201438967356,4.95929151252776e-14,0.0436,0.1268,0.9219,0.0385,0.0,0.0002,1.1752480046856011e-16,0.0032017072153632804,0.0023697901236835643,0.07343365172851561,0.0287,1.519163763066202,-30.723975437198334,0.775719961499799,10000
1364,1.7295314032447762,0.2635796541965091,49.15429329366959,5.814203185913001e-15,0.0026,0.0343,0.9134,0.0024,0.0,0.0,2.425710571908303e-17,0.000565115860327384,0.0041720430028751995,0.21735225397207078,0.0023,1.1304347826086956,-32.802971001161694,0.5711038350726078,10000
1365,4.188983398631401,0.0412574971120882,1326.6501412916286,6.362965354480001e-14,0.1293,0.2295,0.9468,0.0658,0.0168,0.0006,5.840819830116728e-16,0.006371986442320959,0.009179399076885366,0.04928063760495715,0.0636,2.0330188679245285,-30.64239469486386,0.6522237919905953,10000
1366,14.769590296386946,0.0868442433804337,12.117413263360152,1.340896e-20,0.0,0.0004,0.0,0.0,0.0,0.0,9.552669242098605e-21,0.0,0.7124094070008863,,0.0,0.0,-37.24880502023833,0.17497253250700212,10000
1367,4.521851582767404,0.168672129338637,12.805257778059758,1.8766904000000002e-19,0.0,0.0006,0.0,0.0,0.0,0.0,1.6893755892214612e-19,0.0,0.9001887520826349,,0.0,0.0,-36.012688026490984,1.8094554005621402,10000
1368,2.550197458258459,0.0176887744077523,557.9252259044154,6.042724317457e-14,0.05,0.1053,0.9717,0.0363,0.0039,0.0004,3.7499469579373163e-16,0.003505884927220557,0.006205722387672042,0.07011769854441113,0.0291,1.7182130584192439,-30.56065704662496,0.47509843677004326,10000
1369,3.727873178678456,0.6351728476204112,1020.8521289307296,6.3036710044186e-14,0.1416,0.2679,0.9369,0.0754,0.0143,0.0014,5.323892483942202e-16,0.006706671450443537,0.0084457016874935,0.047363498943810284,0.0658,2.1519756838905777,-30.623262166406484,0.6386919587672348,10000
1370,9.30366485817662,0.3146137210207319,307.93452186524576,7.726888305613604e-14,0.102,0.2099,0.9015,0.0849,0.0,0.0002,2.4015682995278487e-16,0.0056993726220373134,0.0031080665392601873,0.055876202176836406,0.0554,1.8411552346570397,-30.29221453316186,0.7712014496255366,10000
1371,13.24999705426542,0.5563749998913707,1120.6351714395416,6.621187489174809e-14,0.4211,0.744,0.7862,0.2042,0.0457,0.002,5.665907562238768e-16,0.012544050953397477,0.008557237763621921,0.029788769777719014,0.1776,2.3710585585585586,-30.62758547736264,0.8673526369393704,10000
1372,9.478497940916233,0.5689295810544323,155.36887854008918,2.928768346552517e-14,0.0807,0.1882,0.8537,0.0267,0.0,0.0004,1.1437617857006955e-16,0.0047266251277745565,0.00390526545756693,0.05857032376424482,0.0472,1.7097457627118644,-31.372818025402847,1.2987199907322382,10000
1373,6.530153533497312,0.6827561790680526,380.54285867349887,6.787806795227439e-14,0.1313,0.23,0.8963,0.0956,0.0011,0.0007,3.0312843221942337e-16,0.006349020554873059,0.004465778731836554,0.04835506896323732,0.0704,1.8650568181818181,-30.43798143095826,0.6902137716318552,10000
1374,7.674387635810248,0.272820218038251,28.840779187401328,3.446996566e-18,0.0002,0.0073,0.0,0.0,0.0,0.0,8.581723478129582e-19,0.0002,0.2489623448649987,1.0,0.0001,2.0,-35.99258358658993,1.677915258102547,10000
1375,13.81324272102295,0.5602245737278323,44.161259708828126,8.0856442379e-18,0.0006,0.0129,0.0,0.0,0.0,0.0,1.5136922568414422e-18,0.0002827932057170398,0.18720737795342055,0.4713220095283997,0.0005,1.2,-35.60624949447427,1.8756497943109833,10000
1376,3.4565479662191985,0.469042645039493,78.07962543283233,9.75501927403682e-15,0.0162,0.0766,0.8855,0.0037,0.0,0.0,4.488242648565791e-17,0.0019784204342711063,0.004600957232869175,0.12212471816488311,0.0112,1.4464285714285714,-32.35179197320598,0.8674113668333939,10000
1377,7.368816381796117,0.559333866377604,63.2381779259972,2.11623820537e-17,0.0049,0.0362,0.0,0.0,0.0,0.0,2.971088479709228e-18,0.0010806089818140314,0.14039480395779771,0.22053244526816967,0.0032,1.53125,-35.838438682845386,1.7156788211619896,10000
1378,5.008579863743235,0.5049238280456139,16.032229030071086,1.4268911700000003e-18,0.0,0.003,0.0,0.0,0.0,0.0,5.945830539736024e-19,0.0,0.4166982503463122,,0.0,0.0,-35.49506097355818,1.7108261496081498,10000
1379,8.972010939198375,0.2474690054614669,12.717700194270911,1.33101773e-19,0.0,0.0011,0.0,0.0,0.0,0.0,6.829982422056892e-20,0.0,0.5131398529196821,,0.0,0.0,-36.85892364879517,1.4972685720830459,10000
1380,13.04568880676216,0.2466198124894405,364.6977071027294,6.99866802877368e-14,0.1352,0.2717,0.87,0.1091,0.0002,0.0002,2.914765504890531e-16,0.006752529575319649,0.004164743195286635,0.049944745379583204,0.0721,1.8751733703190014,-30.43934821123338,0.9319172898032179,10000
1381,13.773758685873084,0.6283786058457167,122.31777772695592,1.3126588468151401e-16,0.0335,0.0978,0.0,0.0001,0.0,0.0,1.3675241221681767e-17,0.0029083708260959793,0.10417970560181378,0.0868170395849546,0.0206,1.6262135922330097,-35.60001396151779,2.140208139028659,10000
1382,13.170375084196086,0.6651444762159031,46.25192625230245,7.3654369826323e-18,0.0016,0.0117,0.0,0.0,0.0,0.0,1.5822858189526075e-18,0.000582904775926377,0.2148257900629165,0.36431548495398564,0.0011,1.4545454545454546,-36.52236700807888,2.6341507455331756,10000
1383,12.448120336864289,0.6723500061814534,87.28192965566542,4.0587852551700004e-17,0.0119,0.0449,0.0,0.0,0.0,0.0,5.715595128066404e-18,0.0016721598643255333,0.1408203383213239,0.14051763565760783,0.0075,1.5866666666666667,-35.75001421924777,1.9472578260230082,10000
1384,13.941245083374806,0.5275788072459197,57.390268593492095,9.778925872344e-18,0.0025,0.0211,0.0,0.0001,0.0,0.0,2.0205362874825963e-18,0.000727617992351948,0.20662149543406605,0.2910471969407792,0.0016,1.5625,-36.25712864586812,2.0760572235300394,10000
1385,4.425274303292428,0.1204430752450153,2088.6122708404414,6.88544376524073e-14,0.1803,0.3085,0.9438,0.0716,0.0242,0.0008,7.271227776827098e-16,0.00862012886575173,0.010560289248942664,0.04780992160705341,0.0728,2.4766483516483517,-30.635315498986706,0.7249077916828245,10000
1386,1.341124702358384,0.1319698926582215,18.490660947329125,3.51516985e-18,0.0,0.0043,0.0,0.0,0.0,0.0,9.638746463838136e-19,0.0,0.27420428813242514,,0.0,0.0,-35.03477253632014,1.5692030614636185,10000
1387,2.03338451898456,0.5063986636342374,58.776981672677245,7.318177205338801e-15,0.0088,0.0576,0.8982,0.0027,0.0,0.0,3.2661315912081873e-17,0.0013536761961135285,0.004463039770102122,0.1538268404674464,0.0063,1.3968253968253967,-32.60612397401978,0.7239022216920799,10000
1388,3.215371614812828,0.1576171894601976,1555.8265833083428,6.425795226465001e-14,0.1377,0.2042,0.9544,0.0565,0.0169,0.001,6.274950516958572e-16,0.007244247297814397,0.009765251297014312,0.0526089128381583,0.0593,2.3220910623946036,-30.6574555480874,0.6739244439644524,10000
1389,6.30689455766761,0.6250829729715394,41.40768069362071,1.315065028671e-17,0.0016,0.02,0.0,0.0,0.0,0.0,2.049603168557876e-18,0.000509676345338588,0.1558556515360459,0.3185477158366175,0.0012,1.3333333333333333,-35.72942685022469,2.056358524785515,10000
1390,2.7456878659376907,0.1452701417188718,1499.714741473353,6.39800065344e-14,0.108,0.1777,0.9663,0.0451,0.0128,0.0002,6.218334458952507e-16,0.00591245259681386,0.009719183844736102,0.054744931451980186,0.0506,2.1343873517786562,-30.655317608156267,0.6583881000169568,10000
1391,10.927912772490403,0.5568317751361833,33.48797471368793,5.043581753999999e-18,0.001,0.009,0.0,0.0,0.0,0.0,1.2321603966741689e-18,0.0004471241348878406,0.2443026517210628,0.4471241348878406,0.0006,1.6666666666666667,-35.91016768965129,1.6450114995758245,10000
1392,11.587623570025148,0.3826732685064602,86.03834058683998,3.92853016779708e-17,0.0109,0.0536,0.0,0.0,0.0,0.0,4.8399738647180015e-18,0.001529167366668387,0.12320062868276287,0.14029058409801715,0.0071,1.5352112676056338,-35.93402568885098,2.253408892856382,10000
1393,8.327611042338189,0.120061316557131,3529.7604102483056,8.33326197903e-14,0.3215,0.6585,0.8939,0.1436,0.0754,0.0024,9.874378290220623e-16,0.011563180605463684,0.011849355408564763,0.035966347139855935,0.1193,2.694886839899413,-30.547092671136916,0.8293842122207971,10000
1394,10.43880537870366,0.0749073193919467,84.75442932818481,4.7034215702140005e-17,0.0116,0.0672,0.0,0.0,0.0,0.0,5.337503701147008e-18,0.0023467199895750124,0.11348129487155788,0.20230344737715625,0.007,1.6571428571428573,-35.92092091476922,2.140239758760619,10000
1395,6.051136211826223,0.6271514038124499,1379.5332380932432,6.6572306356654e-14,0.2876,0.4946,0.8833,0.1351,0.0347,0.0023,6.203321068383666e-16,0.010516638434804004,0.009318170584552136,0.03656689302783033,0.1168,2.462328767123288,-30.620525745610294,0.7154118411763474,10000
1396,11.31268363064988,0.5219698190584525,208.8519124702672,6.091812416570213e-14,0.1054,0.214,0.8515,0.0646,0.0,0.0002,2.0792566754378765e-16,0.005443532603440569,0.0034131987875761463,0.051646419387481685,0.0622,1.6945337620578778,-30.628405272916755,1.233211639375154,10000
1397,13.583912335525302,0.5424755659953232,129.5174335164651,1.4654701021513815e-16,0.0397,0.1128,0.0,0.0001,0.0,0.0,1.3541424534256023e-17,0.0031421932368703525,0.09240328079280875,0.07914844425366127,0.0251,1.5816733067729083,-35.47520178908101,2.304898653432731,10000
1398,11.012055239305734,0.6512244009673914,2976.905446320918,8.658938474795e-14,0.596,1.3307,0.8014,0.2565,0.0999,0.0023,9.54144516910979e-16,0.017106363224434252,0.011019185777660447,0.028701951718849417,0.1918,3.10740354535975,-30.499119477697718,0.8627767367966495,10000
1399,2.587743639975264,0.2528516643509314,797.6186047418654,6.114222565714e-14,0.075,0.1392,0.9671,0.0424,0.0071,0.0008,4.72833104506703e-16,0.004698904975714776,0.007733331579359786,0.06265206634286367,0.0389,1.9280205655526992,-30.611269015388054,0.5703312100823812,10000
1400,8.063419527747117,0.5731570919719293,1651.157003409993,6.9417472147192e-14,0.3663,0.6595,0.8597,0.1643,0.0442,0.0016,6.852277590542725e-16,0.012436554900364449,0.009871113681600556,0.033951828829823776,0.1382,2.650506512301013,-30.614558232825665,0.7632049434035624,10000
1401,8.890265343381511,0.6819184487263796,2220.740626515492,7.594540660141e-14,0.4697,0.9187,0.8349,0.2056,0.0621,0.0027,8.040340796036408e-16,0.014770579135592488,0.010587000788915562,0.03144683656715454,0.1615,2.908359133126935,-30.576983991365243,0.8031780740677342,10000
1402,13.840892765058324,0.601037908800757,156.71204835443478,2.4546423857110604e-16,0.0666,0.1718,0.002,0.0003,0.0,0.0,1.8562872003654546e-17,0.004076531100161148,0.07562352916136603,0.06120917567809531,0.0419,1.5894988066825775,-35.361992366175926,2.2977862576395203,10000
1403,10.676776803444383,0.2647403402891268,108.964897434297,8.77953857718256e-17,0.0189,0.0959,0.0,0.0001,0.0,0.0,8.977160259804224e-18,0.0020086519032044415,0.10225093472606031,0.10627787847642547,0.0137,1.3795620437956204,-35.755426119563865,2.0899538115346643,10000
1404,5.485139363217024,0.5156137070312191,837.2687835641572,6.258952332151e-14,0.175,0.3,0.9161,0.0871,0.017,0.0013,4.861046955926929e-16,0.007466128468452089,0.007766550531079606,0.042663591248297654,0.0828,2.1135265700483092,-30.606234444629763,0.6345855070772306,10000
1405,13.476935107563436,0.3898164733582397,19.76321805274988,3.3600504e-19,0.0,0.0015,0.0,0.0,0.0,0.0,1.7298439397756328e-19,0.0,0.5148267834838528,,0.0,0.0,-36.279229861429314,1.2154305426275231,10000
1406,13.67489165047204,0.3328805540766599,184.34719798549733,4.0294526209454634e-14,0.0825,0.2208,0.8367,0.0466,0.0,0.0002,1.554315274381934e-16,0.004511253721640371,0.00385738565655906,0.05468186329261056,0.0513,1.608187134502924,-31.05271862025371,1.2553549276874345,10000
1407,13.487868449975688,0.5094439173169708,531.7339298718249,6.114037522714631e-14,0.2308,0.4274,0.8158,0.1558,0.0056,0.0004,3.7733009157778955e-16,0.008353449228396682,0.006171537060018812,0.03619345419582618,0.1195,1.9313807531380753,-30.61855176427388,0.8895462284667588,10000
1408,13.579294827557552,0.6118593832127289,1789.7550260005737,7.473476786023513e-14,0.5653,1.0885,0.7706,0.2504,0.0649,0.0028,7.299731638845063e-16,0.01558004700848103,0.009767517646534505,0.02756067045547679,0.2031,2.7833579517479072,-30.567870764113156,0.8534212716935217,10000
1409,3.7610197285717297,0.1089402256130125,28.80636363642463,4.5020621290000004e-18,0.0002,0.0101,0.0,0.0,0.0,0.0,8.99179482952561e-19,0.00014141428428549925,0.1997261381979833,0.7070714214274962,0.0002,1.0,-35.84520162379188,1.6205860705972939,10000
1410,6.413555458599324,0.5856513799592102,1608.923381836549,6.78864415102581e-14,0.2845,0.5149,0.8916,0.1259,0.0363,0.0015,6.690672771775024e-16,0.010587123486498673,0.009855683436822974,0.03721308782600589,0.1132,2.5132508833922262,-30.62549387342256,0.7318507974489579,10000
1411,9.22478536108888,0.2706353240434863,1190.2995276935856,6.549208527639769e-14,0.2665,0.4774,0.8726,0.1413,0.0369,0.0013,5.801124569073853e-16,0.009698308136890259,0.00885774906172439,0.036391400138424984,0.1186,2.2470489038785835,-30.621704519390338,0.7390404059873212,10000
1412,11.636413137848365,0.3757281944142863,4235.70787244768,1.0189020833961e-13,0.5118,1.1293,0.8282,0.2309,0.1379,0.0043,1.2275738835249684e-15,0.015260713120181952,0.01204800641326932,0.02981772786280178,0.1718,2.979045401629802,-30.42182116358123,0.9423511219985714,10000
1413,2.477883802733265,0.2325012606767868,1082.290270874156,6.1635045521e-14,0.0921,0.1503,0.9633,0.0486,0.0112,0.0005,5.258391353497664e-16,0.00544285967779321,0.008531495854425954,0.05909728206072975,0.0434,2.122119815668203,-30.6381438198866,0.5961210937274424,10000
1414,9.078221344264552,0.6899625632019057,206.33076495145653,6.286491121924315e-14,0.1208,0.2156,0.8565,0.0618,0.0,0.0003,2.0895835631795967e-16,0.005711742151028878,0.0033239266908245764,0.04728263370057018,0.0681,1.7738619676945668,-30.576973693750627,1.121571447354525,10000
1415,8.193542137985133,0.3967345714563627,8240.592266313995,1.366337103073e-13,0.4272,1.0842,0.8839,0.1812,0.2439,0.0102,1.8289742122605956e-15,0.014673498122626229,0.013385966085141714,0.03434807612974304,0.133,3.21203007518797,-30.282811763044684,1.0673229728000884,10000
1416,1.931506131712709,0.3412265733599162,70.03570158634392,2.2599758895880002e-14,0.0082,0.0416,0.9656,0.0111,0.0,0.0,3.9028135942492225e-17,0.0012138465069086097,0.0017269270934393535,0.14803006181812312,0.0064,1.28125,-31.462696546664706,0.5402700279708113,10000
1417,10.19193489356154,0.2243795144473346,24.713740785937933,2.186869412e-18,0.0,0.0043,0.0,0.0,0.0,0.0,7.065897360402533e-19,0.0,0.3231055920225443,,0.0,0.0,-35.69878091002672,1.6405357499583135,10000
1418,1.2347689723927802,0.5403670296659735,1270.395767525519,6.16015028977e-14,0.0576,0.0939,0.9781,0.0287,0.0085,0.0007,5.68532209564493e-16,0.003876819182357783,0.009229193815427516,0.0673058885826004,0.0308,1.87012987012987,-30.665771276807995,0.62952998658642,10000
1419,13.59565843073219,0.0634871125396416,23.73788275112,2.386650836e-18,0.0,0.0033,0.0,0.0,0.0,0.0,7.483495115411686e-19,0.0,0.31355634441919206,,0.0,0.0,-35.63601841267258,1.9894578346793312,10000
1420,13.927047741635374,0.0014524154509246,44.61015475626693,5.2789952697e-18,0.0007,0.0148,0.0,0.0,0.0,0.0,1.065828971691542e-18,0.0004122717511541143,0.20189996717919242,0.5889596445058776,0.0003,2.3333333333333335,-36.5882533219535,1.9037199165091612,10000
1421,6.284375151400276,0.6264132619254678,40.0844893388572,8.434562715e-18,0.0022,0.0203,0.0,0.0,0.0,0.0,1.4131138214639256e-18,0.0010768620910758813,0.16753848056056875,0.4894827686708551,0.0009,2.4444444444444446,-36.04912412063896,1.7995068002967334,10000
1422,3.5627194493316,0.351952765380568,520.4917391810236,6.070765863074e-14,0.0697,0.1463,0.955,0.0543,0.0042,0.0002,3.6396421853635786e-16,0.004297212771525326,0.005995359181124151,0.061652980940105115,0.0394,1.7690355329949239,-30.553558046250203,0.5129097917207075,10000
1423,12.790268594197869,0.5964008138894327,2517.9260737199447,8.353455856261999e-14,0.6149,1.2645,0.7871,0.2593,0.0893,0.0023,8.791177343039301e-16,0.01708592964691093,0.010524000478735005,0.027786517558807823,0.2016,3.0500992063492065,-30.511713653478402,0.8627267321871299,10000
1424,13.601802052207011,0.533930843428741,761.3367517289386,6.241322432573194e-14,0.3425,0.5805,0.7981,0.1772,0.0263,0.001,4.681338571652176e-16,0.010757831942115914,0.007500555566910741,0.03140972829814865,0.1578,2.170468948035488,-30.64411860849196,0.8813886753685495,10000
1425,1.4196073798741713,0.1421444507456453,241.14958930897728,8.967862972109e-14,0.0209,0.0397,0.9869,0.0158,0.0,0.0001,1.5573239612359037e-16,0.0021878751517780846,0.001736560835150298,0.1046830216161763,0.0132,1.5833333333333333,-30.06828899081684,0.305807148308913,10000
1426,10.526635036042183,0.0323399952614352,25.002607528638,3.342235877e-18,0.0,0.0065,0.0,0.0,0.0,0.0,9.457386865963617e-19,0.0,0.28296587117162403,,0.0,0.0,-35.69993975239586,1.7054540071170778,10000
1427,12.40201659863168,0.3324460922091128,22.2710393683506,1.5764574130000001e-18,0.0,0.0035,0.0,0.0,0.0,0.0,6.299801843640447e-19,0.0,0.3996176358263886,,0.0,0.0,-35.97704112141974,1.6840754210733002,10000
1428,9.578298335486624,0.0437937388106786,61.40170247352194,1.25770745041917e-17,0.0023,0.0302,0.0,0.0,0.0,0.0,1.79076710337176e-18,0.0007678085392826127,0.1423834376408386,0.3338297996880925,0.0016,1.4375,-36.183454431713834,1.9927035412115235,10000
1429,14.59664703311896,0.2254026699521725,4100.062741318809,1.0147011042485e-13,0.53,1.241,0.8059,0.2639,0.1477,0.0059,1.218587388898167e-15,0.015473006863377894,0.012009323571207382,0.029194352572411122,0.1837,2.8851388132825257,-30.417843351426438,0.9330763623356724,10000
1430,9.408546114318575,0.4045695372905766,103.71705020818456,8.660833435118019e-17,0.0201,0.0947,0.0,0.0,0.0,0.0,8.183920618160964e-18,0.0020024984394500784,0.09449345353966437,0.0996267880323422,0.0143,1.4055944055944056,-35.731864054872055,2.1555360338724605,10000
1431,8.442494334358617,0.1872221963722472,7783.843123331493,1.347591931137603e-13,0.3825,0.98,0.8855,0.1822,0.2313,0.013,1.8107833879627123e-15,0.013090321258512531,0.013437178912418205,0.03422306211375825,0.1312,2.9153963414634148,-30.300595053416686,1.0720092021807797,10000
1432,7.762514866246702,0.6455916657382897,6265.185278587862,1.310224642658e-13,0.5341,1.2197,0.8595,0.2146,0.2322,0.01,1.6627015907727572e-15,0.016839598457434213,0.012690202402236166,0.03152892427903803,0.1575,3.391111111111111,-30.287506143435888,1.0513382645992866,10000
1433,7.5455780904910545,0.3460464999972572,17.481241744877657,2.0554539800000003e-18,0.0,0.0036,0.0,0.0,0.0,0.0,7.902437607239539e-19,0.0,0.38446190885964465,,0.0,0.0,-35.771383475253906,1.571627596962,10000
1434,8.149358433069564,0.5346365276736172,7515.806131984927,1.3814810164663e-13,0.473,1.223,0.871,0.2002,0.2416,0.0096,1.796721302101419e-15,0.01548454316754972,0.01300576179249473,0.03273687773266326,0.1482,3.1916329284750335,-30.270535019984354,1.0863169582360357,10000
1435,3.593494166241518,0.3954750267136727,898.0726787136241,6.15893540748932e-14,0.1126,0.2059,0.9466,0.0646,0.0132,0.0006,4.949292099029853e-16,0.005797886300071334,0.008035953897180785,0.05149099733633511,0.0562,2.00355871886121,-30.625045053108632,0.6181762273966829,10000
1436,10.940560162458752,0.4285738584912832,17.822116967051745,5.4958641e-19,0.0,0.0018,0.0,0.0,0.0,0.0,2.968247345714413e-19,0.0,0.540087471543267,,0.0,0.0,-36.38541636532476,1.9740957842193532,10000
1437,4.959218297988128,0.5976793247268438,7840.8026491230785,1.2971221280332002e-13,0.3194,0.7916,0.9109,0.1505,0.1754,0.0107,1.756094472601122e-15,0.012201362683124066,0.013538389598393886,0.03820088504422062,0.1066,2.99624765478424,-30.328523037985857,1.0550929961176478,10000
1438,5.825304763021268,0.6441774838976699,8130.747713796534,1.3733060582243e-13,0.4113,1.0306,0.8967,0.1673,0.2036,0.011,1.8414231303592158e-15,0.014515312619094466,0.013408687155579845,0.03529130225892163,0.127,3.2385826771653545,-30.286519808188874,1.079897066222042,10000
1439,5.57531330711435,0.5698683040436645,1442.7998570248888,6.6327657327e-14,0.2593,0.4254,0.9033,0.1082,0.0302,0.002,6.233347304746728e-16,0.010242892300725828,0.009397810138259353,0.03950209140272205,0.1025,2.5297560975609756,-30.628371867904903,0.7152039479509704,10000
1440,10.1389737698364,0.1938762785563191,76.69427026057224,3.411997469625236e-17,0.0093,0.0473,0.0,0.0,0.0,0.0,4.125476409815066e-18,0.0016191396361389377,0.12091088714283826,0.1741010361439718,0.0059,1.576271186440678,-35.927584017759116,2.39127089783164,10000
1441,1.2141167901661991,0.6597726092079851,11.399822025585475,1.4016793e-19,0.0,0.0005,0.0,0.0,0.0,0.0,1.0714203411797044e-19,0.0,0.7643833658524488,,0.0,0.0,-36.03155936923337,1.7890063548975228,10000
1442,9.054117856793647,0.3249206581569256,37.69813679142072,5.936028998999999e-18,0.0003,0.0106,0.0,0.0,0.0,0.0,1.3408830627976082e-18,0.00022359785240462393,0.22588890031088077,0.7453261746820798,0.0002,1.5,-35.90764708720568,1.7269599639044546,10000
1443,4.0434099512945805,0.698085841385716,13.61822669952224,4.440003399999999e-19,0.0,0.0014,0.0,0.0,0.0,0.0,2.33337253270742e-19,0.0,0.5255339517774739,,0.0,0.0,-35.730579136592496,1.4116900766856146,10000
1444,4.5087022132621275,0.6391121070992337,62.85205732811822,3.998559237606e-17,0.0102,0.0493,0.0,0.0,0.0,0.0,5.049703012415603e-18,0.0018138150381169654,0.1262880630834155,0.1778250037369574,0.0057,1.7894736842105263,-35.5972532497251,1.9212327586893945,10000
1445,6.655343762706732,0.3425248254992717,48.07841087161275,1.11692169105e-17,0.0022,0.0231,0.0,0.0001,0.0,0.0,1.777304371104559e-18,0.0007208106247799623,0.15912524444159948,0.327641193081801,0.0014,1.5714285714285714,-36.10315045604073,1.777652890778193,10000
1446,6.14722814443193,0.4028212548525215,39.604555800008,1.10855283456e-17,0.0015,0.0196,0.0,0.0,0.0,0.0,1.7324207396898744e-18,0.0005914473611388421,0.1562776879622067,0.39429824075922804,0.0011,1.3636363636363635,-35.76465188949702,1.818831762642265,10000
1447,11.881503637628592,0.2573346781343101,200.2310426307932,6.123011380461897e-14,0.0891,0.1992,0.8648,0.0626,0.0,0.0001,1.968027077115898e-16,0.005011849046318764,0.003214148978059612,0.05624970871289297,0.0524,1.700381679389313,-30.60042146890538,1.1528611443331385,10000
1448,9.691851338471983,0.3812901701521841,43.900344993699726,6.5399700941836e-18,0.0013,0.0169,0.0,0.0,0.0,0.0,1.2554148639003297e-18,0.0005914947054696771,0.19196033709953012,0.454995927284367,0.0008,1.625,-36.491714933022934,2.0680661219061154,10000
1449,1.9531463632471304,0.2270241931731332,776.8467647028631,6.090701543333199e-14,0.0612,0.1012,0.9755,0.0313,0.0065,0.0003,4.60387282801815e-16,0.004005878269003017,0.0075588547481159835,0.06545552727129113,0.0333,1.837837837837838,-30.606607176806868,0.5446114361541111,10000
1450,5.244959570282791,0.496034770984482,13.698975652128905,1.3522070400000002e-18,0.0,0.0015,0.0,0.0,0.0,0.0,6.05901885115426e-19,0.0,0.448083664107699,,0.0,0.0,-35.102408182246364,1.471308877376192,10000
1451,6.758181776631592,0.2030501753377347,745.7905768615486,6.263178288789e-14,0.1654,0.3041,0.9124,0.0974,0.0169,0.0008,4.686869667883451e-16,0.007474615106284651,0.0074832129180689,0.045191143326993054,0.0822,2.0121654501216546,-30.591247527207027,0.6166108051507445,10000
1452,6.684446126562849,0.1323868528937204,674.5710257389419,6.201961958777271e-14,0.1449,0.2552,0.9204,0.0915,0.0108,0.0008,4.4368849326769063e-16,0.0070423972151429795,0.007154002172486152,0.04860177512175969,0.0717,2.0209205020920504,-30.589959762709512,0.6313647867709128,10000
1453,5.82774422325958,0.4133533698067849,337.99969031109805,7.155213950569842e-14,0.0861,0.1628,0.9325,0.0668,0.0,0.0003,2.717939631215934e-16,0.005476465846494139,0.003798544180498582,0.06360587510446156,0.0441,1.9523809523809523,-30.353131659424573,0.6102244549637333,10000
1454,13.631178305433282,0.134876555961258,1764.04879303806,7.22251782376296e-14,0.3658,0.7565,0.8287,0.197,0.0601,0.0015,7.124581356281482e-16,0.011805633117174603,0.009864401210393342,0.03227346396165829,0.1557,2.3493898522800256,-30.59362157313625,0.8281355393304869,10000
1455,11.853564112064062,0.1976448443893544,535.5776661601791,6.108692148740401e-14,0.1522,0.3534,0.8709,0.118,0.0075,0.0011,3.7667066284500185e-16,0.006264777788882412,0.006166142501102638,0.0411614835011985,0.0855,1.7801169590643275,-30.59382145647235,0.7552264107579029,10000
1456,2.9679648506666,0.6377317491734088,1178.7779091367956,6.34543888365e-14,0.1383,0.2309,0.9452,0.0672,0.0171,0.0006,5.714706628281783e-16,0.006598610851271399,0.009006006886311054,0.047712298273835135,0.0643,2.150855365474339,-30.634896252916786,0.6385265436190695,10000
1457,12.29222427627222,0.6395610470977169,27.904145888529825,2.4515210360000004e-18,0.0001,0.0049,0.0,0.0,0.0,0.0,7.387177037113718e-19,0.0001,0.30133035485458987,1.0,0.0001,1.0,-35.518590188877845,1.3902289732952557,10000
1458,5.2598216508532,0.3391874747649537,474.8460286467077,6.299684484729e-14,0.0933,0.1912,0.9365,0.0701,0.0032,0.0012,3.5549304218822923e-16,0.005093339298586051,0.005643029314404178,0.05459098926673153,0.0501,1.8622754491017963,-30.512536538368543,0.528997243263019,10000
1459,13.262177744851725,0.0341150669529711,420.675850356036,6.5745651505337e-14,0.1161,0.2897,0.8805,0.1103,0.0012,0.0003,3.327284222863832e-16,0.005559241811340076,0.005060843031715541,0.04788321973591797,0.0687,1.6899563318777293,-30.491480882916036,0.7630203443177334,10000
1460,14.435128024387572,0.4940506177759196,410.72377874716045,6.58056216459147e-14,0.1778,0.3343,0.8209,0.1394,0.001,0.0003,3.2071581168905945e-16,0.007110820794903899,0.004873684096698598,0.039993367800359385,0.096,1.8520833333333333,-30.52316073543495,0.9373438352053581,10000
1461,2.7689317073944584,0.2992070575497153,532.315908667434,6.123914016688e-14,0.0599,0.1145,0.9649,0.0443,0.0026,0.0005,3.77580164899657e-16,0.00413435705894267,0.006165667314575783,0.06902098595897613,0.0324,1.8487654320987654,-30.549091812624265,0.49547734935590715,10000
1462,3.685169679563953,0.0699280196430222,1543.6886787685528,6.51372998548e-14,0.1363,0.2403,0.9486,0.066,0.0182,0.0012,6.347149078815828e-16,0.006810056437862222,0.009744261879083869,0.04996373028512269,0.0613,2.223491027732463,-30.646115131791927,0.6759564757527095,10000
1463,5.399901345229077,0.0736395257972838,497.1408018038712,6.194297116330601e-14,0.0799,0.1616,0.9462,0.0635,0.0031,0.0001,3.6027937169231966e-16,0.004981373345578587,0.005816307563653698,0.062345098192472935,0.0429,1.8624708624708626,-30.52752523403652,0.49396873613251074,10000
1464,10.36582331593774,0.4714950822402298,3245.4978213475206,8.675956358124869e-14,0.4693,0.9871,0.8442,0.2136,0.0901,0.0023,1.0008235218756554e-15,0.015230526842325233,0.011535598850014997,0.03245371157537872,0.1579,2.9721342621912603,-30.509370426364306,0.8603934452336476,10000
1465,3.1425684227611774,0.500649173687425,522.9822729853006,6.075755725096001e-14,0.0795,0.1351,0.9544,0.052,0.0028,0.0,3.650172086180807e-16,0.0048621331773104895,0.0060077663608227635,0.06115890789069798,0.0407,1.9533169533169532,-30.557118808030832,0.5230178158046156,10000
1466,2.5385345609745835,0.1307701254557828,7950.674691329307,1.1987923277e-13,0.1267,0.2829,0.9655,0.0639,0.0739,0.0073,1.703307266698685e-15,0.0066954606950822984,0.014208526592480336,0.05284499364705839,0.0528,2.399621212121212,-30.40202795622647,1.0150267258614853,10000
1467,9.635698391002151,0.4661909360322392,1146.710353130916,6.628641806905001e-14,0.3326,0.6018,0.8468,0.16,0.0391,0.0014,5.755560898237679e-16,0.010816164890676095,0.008682866062007091,0.03252003875729433,0.1421,2.3406052076002815,-30.606898365837317,0.7359602717860704,10000
1468,8.835628847733942,0.5783887459565987,28.32445458168428,3.486801027e-18,0.0,0.0067,0.0,0.0,0.0,0.0,9.998208507229548e-19,0.0,0.2867444522875996,,0.0,0.0,-35.88471854179752,1.8961744344451819,10000
1469,9.153827677593464,0.5021916557845721,35.947868258635154,7.183260760196799e-18,0.0006,0.0119,0.0,0.0,0.0,0.0,1.4102189530272414e-18,0.0002827932057170398,0.19632016713654785,0.4713220095283997,0.0005,1.2,-36.07996173910016,2.4616167973002177,10000
1470,2.45253471544992,0.4115756017282833,44.927786406605584,1.7805270362e-17,0.003,0.0339,0.0,0.0,0.0,0.0,2.4118234230523312e-18,0.0007868684236844296,0.13545559118268957,0.2622894745614765,0.0021,1.4285714285714286,-35.61099535169077,1.586002166544613,10000
1471,9.706593907597293,0.1081467239926973,492.5491041331846,6.264677341797656e-14,0.1172,0.2685,0.903,0.098,0.0041,0.0009,3.6444213706072135e-16,0.005629350314067853,0.005817412728173232,0.04803199926679056,0.0659,1.7784522003034902,-30.544363289642185,0.6825300758582459,10000
1472,4.131009310637388,0.255726812730938,68.23316705256558,4.3244272079900003e-17,0.0103,0.0583,0.0,0.0,0.0,0.0,4.797326768454772e-18,0.0018973009711422987,0.11093554215899441,0.1842039777808057,0.0065,1.5846153846153845,-35.42236140926429,1.6969930478900634,10000
1473,12.764567167437091,0.510857687426917,179.32439616008617,3.2273080021777495e-14,0.1007,0.2205,0.82,0.0353,0.0,0.0,1.4096651396106495e-16,0.005555091079693506,0.004367928746371354,0.05516475749447374,0.0579,1.7392055267702937,-31.332632902472287,1.4459663817582704,10000
1474,1.918273123247983,0.1095600629798651,2929.6489653728445,7.24102980354e-14,0.0949,0.173,0.9762,0.0358,0.0159,0.0005,8.378139173517487e-16,0.005590395715190941,0.01157036968612058,0.05890827940137978,0.0449,2.11358574610245,-30.634105182501955,0.7581794338340059,10000
1475,14.016460184461195,0.166979518431754,67.25487820205812,1.8447766507311998e-17,0.0025,0.0325,0.0,0.0,0.0,0.0,2.858847797437888e-18,0.0007546071449398814,0.15496986024323048,0.30184285797595256,0.0017,1.4705882352941178,-36.102578162487376,2.0629219020625564,10000
1476,7.185789301037479,0.2454527450162605,365.9179768570369,6.907682031236492e-14,0.0889,0.1825,0.9261,0.0763,0.0002,0.0003,2.9392128952687275e-16,0.005333153218530781,0.004254991590489583,0.059990474899108893,0.0476,1.8676470588235294,-30.401919893395252,0.6259350113464682,10000
1477,2.8862484228916365,0.4900786976745878,774.918434604695,6.107100494619999e-14,0.1055,0.1739,0.9511,0.0573,0.011,0.001,4.633170865545587e-16,0.00566217105164634,0.007586531234629497,0.053669867788116964,0.052,2.0288461538461537,-30.60810944276271,0.5641391188432152,10000
1478,6.26795888622657,0.1360018984057934,1739.171960343172,6.83186628354e-14,0.1978,0.393,0.9194,0.0999,0.0314,0.0009,6.962516506443268e-16,0.008276132275196165,0.01019123650475719,0.04184091140139618,0.0896,2.2075892857142856,-30.62882825627053,0.7216797012477906,10000
1479,10.965794625719177,0.2933950191718965,174.33975411577424,4.709917916111704e-14,0.0795,0.1822,0.8758,0.044,0.0,0.0,1.5148463533691372e-16,0.004841520322368087,0.003216290348048626,0.06089962669645393,0.0455,1.7472527472527473,-30.849614873519887,1.1267430261230678,10000
1480,2.5769518800954643,0.0567864789971317,33.13173449616193,6.464937694e-18,0.0006,0.0138,0.0,0.0,0.0,0.0,1.1941611927327512e-18,0.0002827932057170398,0.18471348824305486,0.4713220095283997,0.0005,1.2,-35.831124390599385,1.6239371371578637,10000
1481,13.320821448622665,0.6677488368386413,833.8422236526526,6.326527660880104e-14,0.4159,0.7438,0.7693,0.2024,0.031,0.0021,4.923529257047415e-16,0.011780772371103941,0.007782356327139628,0.028325973481856073,0.1875,2.2181333333333333,-30.651846331667645,0.9055892214086718,10000
1482,7.044440743585182,0.2275049657082424,4007.657148589704,9.382476267213998e-14,0.3004,0.6225,0.9046,0.1353,0.0796,0.0049,1.1801263395605145e-15,0.01149474649218903,0.012577983742781556,0.03826480190475709,0.1091,2.7534372135655363,-30.49198326983235,0.8942773905420089,10000
1483,4.630477584906501,0.6660069536176368,2259.7098144288825,7.370925915990001e-14,0.2779,0.5325,0.906,0.1205,0.039,0.0024,7.87766816876199e-16,0.010624426894881647,0.010687487920171192,0.03823111513091633,0.1039,2.674687199230029,-30.593034459763494,0.7578785073267916,10000
1484,10.056568221754633,0.5498917889553697,25.17352540932904,9.543558899999999e-19,0.0,0.0042,0.0,0.0,0.0,0.0,2.681907203406509e-19,0.0,0.2810175146932356,,0.0,0.0,-36.084516443453566,1.2563056114217965,10000
1485,14.651546781490667,0.3270638103487162,198.9902846729533,4.68856616671138e-14,0.1028,0.2285,0.8276,0.0546,0.0,0.0002,1.834365047218315e-16,0.005318462616627143,0.003912422224607234,0.051736017671470264,0.0605,1.6991735537190082,-30.93083753555125,1.3670749941954947,10000
1486,7.364913880233914,0.2940818988017437,10.072984753479876,9.352683e-20,0.0,0.0005,0.0,0.0,0.0,0.0,7.485388279862921e-20,0.0,0.8003466256541488,,0.0,0.0,-36.62280750457301,2.039494532338814,10000
1487,3.422795627241155,0.0801139869327112,567.6247089478401,6.160232094415e-14,0.0702,0.1373,0.9618,0.0478,0.0052,0.0003,3.980932803906744e-16,0.004419179665378122,0.006462309768354255,0.06295127728458863,0.0384,1.828125,-30.554076395708957,0.5046764778807294,10000
1488,11.797034108440808,0.0008627230166449,1984.5814926562568,7.376461904067e-14,0.3187,0.7269,0.8593,0.1688,0.0602,0.0015,7.6387786749722e-16,0.010616228211099412,0.010355613265975892,0.03331103925666587,0.1374,2.319505094614265,-30.582331837123533,0.7773166994848119,10000
1489,12.091187076826726,0.5250037821845928,15.329537411550715,5.181617400000001e-19,0.0,0.0013,0.0,0.0,0.0,0.0,3.2241927055092393e-19,0.0,0.6222367374150857,,0.0,0.0,-35.71327654430831,1.8785460770998663,10000
1490,2.512880904294037,0.2252699789390361,2337.244788926601,6.901524740395e-14,0.1069,0.195,0.9652,0.046,0.0182,0.001,7.588821388075223e-16,0.005906837400234349,0.010995862035612852,0.055255728720620664,0.0507,2.108481262327416,-30.647924211677037,0.7269507891367012,10000
1491,7.756955343115286,0.0623020281451977,201.69301593383267,8.037363705667009e-14,0.0588,0.1492,0.929,0.0493,0.0,0.0002,1.7585179746671634e-16,0.004016947794900837,0.002187928827243767,0.06831543868878974,0.0341,1.7243401759530792,-30.230115935774535,0.7246560949258005,10000
1492,12.894994348745923,0.4273556768203884,12.25583784095542,9.000280000000001e-20,0.0,0.0003,0.0,0.0,0.0,0.0,7.420544863660587e-20,0.0,0.8244793343829955,,0.0,0.0,-35.560081312773406,0.9795149567219661,10000
1493,11.78027872589511,0.209785708488677,74.94249739092382,2.87652225042e-17,0.0065,0.0429,0.0,0.0,0.0,0.0,4.010351241070526e-18,0.001409245754777972,0.13941665983932425,0.2168070391966111,0.0036,1.8055555555555556,-35.842667772038425,1.7854974245204593,10000
1494,11.88462280949544,0.2028873051050431,287.2573166121816,8.44266794101513e-14,0.0974,0.2328,0.8837,0.0896,0.0,0.0,2.373981626949919e-16,0.005170492955196824,0.0028118855834859185,0.053085143277174784,0.0578,1.685121107266436,-30.216741821633303,0.8820192625749678,10000
1495,14.988051458217106,0.1480379456250262,928.4869446116173,6.457820057021042e-14,0.2979,0.6072,0.8195,0.1744,0.0354,0.0011,5.212503969971293e-16,0.009748079888170317,0.008071615380958437,0.03272265823487854,0.1487,2.003362474781439,-30.62233799361377,0.8214131916318533,10000
1496,11.058641724101468,0.6922843106974946,3228.1236071159906,9.1785906799466e-14,0.7087,1.4481,0.7952,0.271,0.1166,0.0041,1.030244631431255e-15,0.01995706039039674,0.011224431586018269,0.028160096501194783,0.2006,3.532901296111665,-30.466981967147976,0.901388873807677,10000
1497,14.55339597561146,0.2538684739464353,2442.224469681831,7.9199065207e-14,0.4519,0.9918,0.8103,0.2235,0.0802,0.0029,8.400210761114675e-16,0.013281049568003378,0.01060645190591495,0.029389355096267708,0.177,2.5531073446327683,-30.546691697058144,0.8277078155857563,10000
1498,8.7441337107603,0.3936997875018959,11.509121190409852,0.0,0.0,0.0001,0.0,0.0,0.0,0.0,0.0,0.0,,,0.0,0.0,,,10000
1499,12.97939017573056,0.3514671089705306,4813.476782833429,1.1341722793288999e-13,0.5814,1.3559,0.8136,0.2662,0.1978,0.007,1.3880095026444376e-15,0.016560942922522505,0.012238083472342804,0.02848459394998711,0.1896,3.0664556962025316,-30.356935586990907,0.9891881355945005,10000
