thickness_cm,energy_mev,w_H,density_g_cm3,transmitted_dose_mgy
6.28,69.37,0.1359,0.9247,0.0441
19.37,450.26,0.0967,0.9032,31.4454
7.53,169.36,0.1032,0.9068,11.2298
18.07,288.15,0.031,0.867,9.5576
11.97,342.69,0.1193,0.9156,29.0854
10.88,120.83,0.0475,0.8761,0.0775
1.57,136.86,0.0206,0.8613,17.6012
17.33,243.19,0.0315,0.8673,3.9507
7.76,257.64,0.0669,0.8868,24.2783
10.74,176.41,0.11,0.9105,6.1009
8.38,270.14,0.0468,0.8757,24.9876
9.54,77.91,0.1457,0.9301,0.0451
19.65,442.29,0.1125,0.9119,29.7202
10.82,10.62,0.0974,0.9036,0.0
12.3,468.3,0.0855,0.897,47.1301
10.9,280.0,0.0935,0.9014,21.7789
2.41,404.67,0.147,0.9308,56.3051
2.59,284.59,0.1493,0.9321,37.5865
5.75,253.52,0.1059,0.9082,27.2312
9.99,487.9,0.0335,0.8684,54.0358
10.18,416.59,0.1192,0.9156,43.2127
9.86,449.24,0.1019,0.906,48.6962
1.87,465.83,0.0735,0.8904,66.0629
13.4,299.0,0.0736,0.8905,19.8012
10.98,230.67,0.1124,0.9118,13.9053
3.97,444.61,0.125,0.9187,59.269
5.79,316.16,0.0443,0.8744,36.4652
2.67,292.83,0.1193,0.9156,38.5946
12.63,132.19,0.1277,0.9202,0.0738
8.97,270.43,0.1249,0.9187,23.7918
11.46,220.95,0.1037,0.907,11.6165
7.76,430.63,0.0632,0.8848,50.0509
9.96,398.43,0.0713,0.8892,41.1361
19.26,115.8,0.0609,0.8835,0.1237
5.67,221.34,0.0793,0.8936,22.8382
13.41,76.84,0.0683,0.8876,0.2374
16.41,237.42,0.1293,0.9211,4.8204
15.26,327.7,0.0757,0.8916,20.0823
13.9,362.18,0.0934,0.9014,28.4516
15.04,103.64,0.1248,0.9186,0.0
1.69,209.72,0.0693,0.8881,28.5058
4.55,267.83,0.1088,0.9098,31.6346
17.28,236.48,0.1411,0.9276,3.3305
13.17,372.18,0.0879,0.8983,30.8755
14.7,76.28,0.089,0.899,0.1376
7.29,173.82,0.0479,0.8763,12.6033
17.89,63.46,0.0606,0.8833,0.0
19.5,474.69,0.0245,0.8635,34.5937
16.83,488.85,0.0385,0.8712,41.9344
17.85,429.57,0.1488,0.9318,30.8799
10.55,255.4,0.0864,0.8975,18.7589
9.0,198.65,0.1006,0.9053,12.7752
9.19,283.1,0.0914,0.9003,25.1259
17.11,464.94,0.1016,0.9059,37.6896
6.63,95.53,0.0236,0.863,1.4998
13.68,179.85,0.0856,0.8971,1.4462
9.64,113.92,0.1179,0.9148,0.0
8.95,366.9,0.1312,0.9222,38.1592
6.42,328.58,0.0776,0.8927,37.7541
9.55,336.34,0.086,0.8973,32.1467
0.94,168.13,0.0443,0.8744,22.8948
17.5,183.37,0.1454,0.93,0.0
16.88,61.37,0.078,0.8929,0.0
19.39,437.14,0.0691,0.888,29.2674
11.45,92.3,0.1411,0.9276,0.0686
17.16,470.86,0.128,0.9204,38.3196
12.42,342.14,0.1075,0.9091,27.8859
17.52,247.14,0.0563,0.881,4.1246
17.14,445.07,0.0286,0.8657,34.5233
18.75,466.88,0.0998,0.9049,34.8613
15.43,113.71,0.1359,0.9247,0.0
16.36,279.38,0.0738,0.8906,11.2405
17.66,416.87,0.1286,0.9207,29.3533
18.91,181.59,0.0588,0.8823,0.0
5.36,112.27,0.0846,0.8965,6.7588
19.42,283.78,0.1001,0.9051,5.8735
15.93,308.38,0.1036,0.907,16.2065
10.0,342.66,0.1151,0.9133,33.0693
8.07,37.09,0.1081,0.9095,0.0058
1.73,401.89,0.0955,0.9025,57.2384
1.82,390.12,0.073,0.8901,55.2575
0.91,199.08,0.0384,0.8711,27.6205
10.86,474.19,0.0492,0.8771,50.6116
6.33,365.43,0.1306,0.9218,43.0566
15.8,479.17,0.0737,0.8905,41.8979
4.26,281.35,0.0956,0.9026,33.7193
12.73,110.22,0.056,0.8808,0.0564
12.51,429.94,0.0874,0.8981,41.0541
9.56,86.69,0.0758,0.8917,0.0
18.22,23.62,0.032,0.8676,0.1154
17.13,476.99,0.1234,0.9179,39.803
14.69,455.62,0.1175,0.9146,41.0993
15.25,175.58,0.0273,0.865,0.2897
10.19,369.81,0.1306,0.9218,36.4765
12.02,425.56,0.0596,0.8828,41.3088
8.67,226.55,0.125,0.9187,17.7483
1.39,339.83,0.1106,0.9108,48.4436
18.86,55.18,0.1313,0.9222,0.1258
1.55,210.62,0.0396,0.8718,28.5332
14.16,404.69,0.0226,0.8624,34.1134
17.44,359.05,0.056,0.8808,21.2401
19.38,292.31,0.121,0.9165,7.0785
16.75,16.68,0.0695,0.8882,0.1815
3.73,391.89,0.0534,0.8794,51.8365
17.93,247.33,0.0731,0.8902,3.3135
2.72,45.49,0.0854,0.897,1.4404
10.74,97.2,0.1194,0.9157,0.0748
13.16,449.6,0.1334,0.9234,43.0283
2.57,375.03,0.1001,0.9051,51.3298
7.88,363.3,0.1243,0.9184,39.8353
10.49,497.84,0.071,0.8891,54.8678
11.82,148.94,0.0533,0.8793,0.2325
17.0,73.94,0.0259,0.8642,0.0622
19.98,68.17,0.1043,0.9074,0.0125
6.48,399.51,0.1069,0.9088,48.0721
0.68,193.04,0.113,0.9122,28.0435
7.4,203.8,0.0718,0.8895,16.7182
15.12,41.83,0.1412,0.9277,0.0814
4.55,364.55,0.0292,0.8661,46.2874
12.81,10.71,0.0837,0.896,0.0
2.15,162.67,0.1386,0.9262,20.4094
18.32,78.92,0.0329,0.8681,0.0
6.06,464.23,0.0628,0.8845,58.4996
4.4,402.36,0.0648,0.8856,51.819
11.53,470.66,0.1321,0.9227,48.433
8.97,310.19,0.0813,0.8947,29.5085
10.62,158.59,0.0409,0.8725,3.574
11.81,474.96,0.0939,0.9016,49.6166
14.5,184.69,0.0562,0.8809,0.0017
11.08,213.71,0.0308,0.8669,11.4358
3.62,407.62,0.1245,0.9185,54.5674
16.28,248.33,0.0624,0.8843,6.8916
12.56,104.99,0.0395,0.8717,0.2254
13.2,327.49,0.089,0.899,23.9148
9.14,200.4,0.0377,0.8707,12.9656
18.87,492.41,0.0556,0.8806,38.3678
5.93,354.6,0.0284,0.8656,41.9953
18.3,408.09,0.085,0.8967,26.9486
15.25,112.26,0.1374,0.9256,0.0
4.73,35.77,0.1151,0.9133,0.0
2.14,13.12,0.088,0.8984,0.1532
14.71,74.37,0.04,0.872,0.0
7.38,337.59,0.0667,0.8867,36.8697
5.36,316.7,0.116,0.9138,37.0507
5.98,125.53,0.1277,0.9202,7.3495
10.87,37.07,0.0812,0.8947,0.0
17.31,16.34,0.0378,0.8708,0.0
1.86,400.64,0.1407,0.9274,56.4486
10.96,230.52,0.0433,0.8738,14.0083
0.8,186.95,0.1367,0.9252,26.7656
5.55,84.31,0.116,0.9138,2.1223
5.77,261.07,0.0669,0.8868,28.6551
2.3,194.93,0.0394,0.8717,25.1409
3.04,408.82,0.0665,0.8866,55.4931
4.05,408.64,0.1371,0.9254,53.2036
7.4,411.77,0.0357,0.8696,47.7849
11.14,445.37,0.1477,0.9312,46.0246
13.72,144.63,0.0505,0.8778,0.0
15.98,438.18,0.066,0.8863,35.9429
8.28,175.56,0.0968,0.9032,10.7599
1.99,256.75,0.0427,0.8735,34.8264
8.37,330.89,0.0802,0.8941,34.3435
10.51,322.77,0.14,0.927,28.8758
11.64,175.97,0.0248,0.8636,4.6794
3.24,168.9,0.1418,0.928,19.5671
15.68,439.5,0.0357,0.8696,36.2045
1.83,340.01,0.1277,0.9202,47.7059
14.64,339.21,0.0726,0.8899,23.146
15.58,294.39,0.0577,0.8817,15.075
3.36,314.55,0.1226,0.9174,40.6237
10.78,348.7,0.0715,0.8893,32.246
2.71,444.76,0.1201,0.9161,61.6001
16.49,129.31,0.1017,0.9059,0.0
15.42,102.39,0.0315,0.8673,0.0
11.15,181.58,0.04,0.872,6.3795
13.06,402.15,0.0817,0.8949,35.9583
11.0,472.46,0.0724,0.8898,50.6724
15.5,405.19,0.0624,0.8843,31.4833
4.94,150.5,0.1099,0.9104,13.38
0.86,458.2,0.0741,0.8908,67.313
7.63,449.45,0.0812,0.8947,53.1429
5.23,426.23,0.1003,0.9052,54.2989
6.36,265.25,0.0587,0.8823,27.6845
15.56,44.58,0.1056,0.9081,0.0
12.71,246.06,0.1096,0.9103,12.9685
18.89,350.66,0.0456,0.8751,17.1469
13.72,371.46,0.1299,0.9214,30.0961
12.42,43.55,0.0231,0.8627,0.1237
7.73,135.44,0.0812,0.8947,6.2594
9.72,491.03,0.1059,0.9082,55.44
14.98,84.23,0.1002,0.9051,0.109
11.78,396.91,0.0415,0.8728,37.2916
0.74,269.48,0.0902,0.8996,38.8701
6.35,463.0,0.0601,0.8831,57.3821
14.02,360.07,0.0652,0.8859,27.0072
13.33,269.48,0.141,0.9275,15.7763
17.02,269.51,0.057,0.8813,8.3026
12.89,368.47,0.133,0.9232,31.2134
7.55,60.27,0.0369,0.8703,0.0
1.03,193.55,0.1092,0.9101,27.182
2.71,50.82,0.0939,0.9016,2.8259
11.2,323.09,0.0426,0.8734,27.4109
15.68,38.25,0.1444,0.9294,0.2548
14.1,73.31,0.0463,0.8755,0.0
3.48,402.23,0.0365,0.8701,53.9013
4.33,74.61,0.137,0.9254,2.8121
5.33,28.8,0.0404,0.8722,0.0766
15.09,305.56,0.1022,0.9062,17.3202
12.59,357.28,0.0593,0.8826,29.886
14.08,12.41,0.1109,0.911,0.2621
15.45,133.13,0.0935,0.9014,0.0
3.66,260.47,0.1021,0.9062,32.3827
19.58,218.55,0.1374,0.9256,0.0
11.79,34.04,0.0849,0.8967,0.0671
19.79,263.14,0.1011,0.9056,2.3096
12.3,465.5,0.0885,0.8987,46.7232
10.3,355.05,0.0292,0.8661,33.8805
9.8,153.91,0.13,0.9215,4.7644
3.43,199.66,0.0296,0.8663,23.5698
18.58,35.12,0.068,0.8874,0.0
2.67,228.02,0.0857,0.8971,28.9056
2.14,44.36,0.0896,0.8993,2.7465
6.85,92.11,0.066,0.8863,0.8219
9.04,481.25,0.1082,0.9095,55.2891
0.57,416.11,0.133,0.9232,60.935
0.88,11.63,0.0562,0.8809,0.0513
16.79,400.76,0.1224,0.9173,28.8454
19.09,314.96,0.1144,0.9129,11.4987
0.81,101.53,0.1359,0.9247,13.5954
6.59,446.26,0.1275,0.9201,54.7285
19.87,117.93,0.1358,0.9247,0.0074
2.77,38.93,0.0335,0.8684,0.4232
10.68,387.31,0.0495,0.8772,37.9687
11.66,65.62,0.068,0.8874,0.0
3.64,358.75,0.1395,0.9267,46.6055
2.63,24.57,0.0556,0.8806,0.0
9.67,455.65,0.1456,0.9301,50.3264
0.67,462.82,0.1066,0.9086,68.3625
2.02,197.02,0.0377,0.8707,25.7475
19.34,226.92,0.1011,0.9056,0.1035
9.75,40.04,0.0312,0.8672,0.0891
7.22,269.22,0.129,0.9209,26.9351
6.84,149.54,0.0978,0.9038,9.508
14.7,266.22,0.13,0.9215,12.1548
7.33,321.73,0.0622,0.8842,34.4359
4.89,313.14,0.1362,0.9249,37.8813
2.61,405.06,0.0507,0.8779,55.7571
12.51,12.46,0.1376,0.9257,0.0083
6.52,227.39,0.0964,0.903,21.6572
4.2,479.82,0.034,0.8687,64.0776
0.62,428.07,0.1195,0.9157,62.8021
7.14,170.91,0.1334,0.9234,12.4395
19.28,365.99,0.1411,0.9276,19.0797
9.47,11.48,0.0276,0.8652,0.2817
17.86,137.57,0.0629,0.8846,0.0191
2.07,460.2,0.0788,0.8933,64.9683
19.57,367.01,0.0717,0.8894,18.4532
16.41,173.17,0.1405,0.9273,0.0
14.94,26.19,0.026,0.8643,0.0
17.57,463.16,0.1496,0.9323,36.7437
7.58,392.62,0.0863,0.8975,44.7262
16.52,470.55,0.1439,0.9291,39.8394
0.82,336.96,0.1382,0.926,48.7954
4.37,75.06,0.0301,0.8666,3.1838
3.2,408.77,0.1058,0.9082,55.6002
2.09,487.0,0.0515,0.8783,68.8055
7.03,121.06,0.0253,0.8639,4.7713
4.99,488.34,0.0925,0.9009,63.8665
5.33,463.26,0.0231,0.8627,59.2526
11.78,15.44,0.0465,0.8756,0.0
1.04,32.64,0.1078,0.9093,3.0864
5.98,368.48,0.0406,0.8723,44.1206
4.68,358.97,0.1291,0.921,45.1112
9.25,370.16,0.1415,0.9278,37.9192
11.71,35.43,0.0741,0.8908,0.0
8.59,231.39,0.1395,0.9267,18.8336
8.94,141.11,0.1389,0.9264,4.2081
17.14,98.41,0.1219,0.917,0.0
13.87,295.39,0.11,0.9105,18.4263
12.41,20.24,0.1081,0.9095,0.0
0.62,122.49,0.0356,0.8696,17.5169
3.64,196.94,0.0836,0.896,22.8177
17.97,282.49,0.1129,0.9121,8.3375
6.49,113.57,0.1398,0.9269,5.0926
18.68,127.46,0.0613,0.8837,0.0
2.22,123.01,0.0536,0.8795,14.0593
18.1,372.61,0.1141,0.9128,21.9375
4.81,391.03,0.0536,0.8795,49.4917
17.65,51.04,0.1064,0.9085,0.0
10.41,434.13,0.1225,0.9174,45.4768
18.01,289.49,0.0521,0.8787,9.6364
6.31,113.83,0.1272,0.92,5.2864
2.14,324.12,0.0921,0.9007,44.4349
6.51,55.33,0.1336,0.9235,0.0
1.55,97.88,0.0431,0.8737,11.7278
2.23,468.24,0.1261,0.9194,66.0202
14.95,211.5,0.0935,0.9014,3.5858
14.6,218.57,0.1321,0.9227,5.4197
3.44,296.74,0.092,0.9006,38.0313
12.49,498.56,0.1345,0.924,51.4863
10.54,371.52,0.0686,0.8877,35.7951
0.86,414.9,0.0899,0.8994,60.5467
12.22,382.13,0.1351,0.9243,34.3062
9.56,474.83,0.0232,0.8628,53.3517
2.21,151.47,0.0465,0.8756,18.4404
19.2,18.58,0.1205,0.9163,0.4222
11.64,358.45,0.1241,0.9183,31.935
8.54,54.57,0.0281,0.8655,0.1427
10.04,369.31,0.0461,0.8754,36.5095
3.57,291.38,0.1105,0.9108,36.8363
6.51,42.29,0.051,0.878,0.5514
12.99,115.15,0.047,0.8759,0.2956
9.21,273.19,0.0687,0.8878,23.7331
15.21,340.85,0.0245,0.8635,22.8424
8.6,469.23,0.1024,0.9063,54.5415
1.8,344.54,0.0626,0.8844,48.4631
1.68,172.53,0.1213,0.9167,23.2371
5.57,58.41,0.0687,0.8878,0.039
4.71,98.42,0.0559,0.8807,6.0261
2.02,61.72,0.1485,0.9317,5.1565
15.87,47.34,0.0365,0.8701,0.1924
16.11,165.18,0.1472,0.931,0.1336
17.71,17.27,0.0749,0.8912,0.0933
5.74,38.71,0.1039,0.9071,0.0178
0.58,24.03,0.0529,0.8791,2.4261
10.8,354.27,0.0804,0.8942,33.4495
8.39,415.14,0.0705,0.8888,46.159
11.94,167.6,0.0314,0.8673,2.5527
1.39,57.31,0.1088,0.9098,6.4205
1.98,392.39,0.1422,0.9282,54.9386
14.9,261.01,0.1188,0.9153,11.4401
3.01,358.4,0.0592,0.8826,48.5493
15.7,287.98,0.0683,0.8876,13.6875
5.69,453.62,0.049,0.877,57.3525
13.34,226.2,0.0675,0.8871,8.7605
11.01,139.09,0.0854,0.897,0.0348
16.43,196.97,0.1072,0.909,0.3494
10.55,373.14,0.0454,0.875,36.3726
9.14,385.21,0.0279,0.8653,40.6909
2.16,263.02,0.1337,0.9235,35.2903
19.18,185.98,0.047,0.8759,0.0
16.7,423.75,0.0964,0.903,32.0943
7.85,369.9,0.0506,0.8778,40.6312
19.38,181.06,0.1113,0.9112,0.0384
11.06,193.42,0.0574,0.8816,8.176
5.85,428.2,0.138,0.9259,53.4124
15.57,103.61,0.0338,0.8686,0.0592
10.17,178.83,0.1396,0.9268,7.9314
3.87,227.7,0.1051,0.9078,26.8662
2.21,67.68,0.097,0.9033,5.9251
2.93,350.72,0.0372,0.8705,47.2635
15.37,86.65,0.0321,0.8677,0.0
2.95,26.11,0.0234,0.8629,0.1891
13.07,114.94,0.0259,0.8642,0.0
6.11,331.28,0.026,0.8643,38.3526
3.4,141.41,0.1105,0.9108,14.8106
8.68,56.83,0.0846,0.8965,0.3919
13.98,17.89,0.0248,0.8636,0.0
14.96,478.42,0.0923,0.9008,43.6412
2.44,110.5,0.1,0.905,11.7613
2.46,361.48,0.1201,0.9161,49.4933
9.98,428.01,0.0588,0.8823,45.6397
12.39,290.26,0.1146,0.913,20.0213
17.44,486.17,0.0278,0.8653,40.2251
2.86,43.26,0.0204,0.8612,1.2977
7.92,369.71,0.0216,0.8619,40.6148
1.27,65.5,0.0631,0.8847,7.454
16.19,194.44,0.0257,0.8641,0.0
17.9,409.73,0.0419,0.873,27.5486
6.95,245.45,0.0504,0.8777,23.7992
12.02,95.3,0.0588,0.8823,0.0
11.89,202.78,0.0755,0.8915,8.3964
0.63,347.29,0.0279,0.8653,50.6759
2.31,94.02,0.0643,0.8854,9.8751
9.16,277.33,0.1306,0.9218,24.3919
8.89,237.69,0.1462,0.9304,18.6422
3.36,383.7,0.0817,0.8949,51.3196
2.63,77.3,0.1458,0.9302,6.8603
6.59,130.84,0.0903,0.8997,7.3151
8.93,369.3,0.0406,0.8723,38.8932
2.92,395.23,0.0483,0.8766,53.913
5.95,443.99,0.0859,0.8972,55.2606
17.47,457.96,0.0533,0.8793,36.135
15.09,377.79,0.1225,0.9174,28.3071
5.26,271.69,0.0326,0.8679,30.8004
13.48,427.43,0.132,0.9226,39.0062
14.24,239.42,0.0645,0.8855,8.9911
18.46,244.78,0.1365,0.9251,2.0209
9.86,198.43,0.1432,0.9288,11.4021
19.83,320.54,0.0373,0.8705,11.1241
12.65,256.14,0.1253,0.9189,14.9126
8.01,80.95,0.0563,0.881,0.0883
2.25,310.44,0.0846,0.8965,42.0089
6.16,195.6,0.0538,0.8796,17.3948
17.67,295.34,0.0546,0.88,11.2875
14.14,195.65,0.0647,0.8856,2.6887
12.86,445.36,0.1143,0.9129,42.5367
0.88,136.4,0.1047,0.9076,18.7188
12.28,328.11,0.1424,0.9283,26.1997
14.31,289.82,0.1111,0.9111,16.4431
9.38,243.26,0.0217,0.8619,18.94
4.41,226.84,0.06,0.883,25.5011
10.51,488.31,0.1468,0.9307,53.2188
6.05,142.21,0.0802,0.8941,9.9161
11.99,188.13,0.0361,0.8699,5.8679
12.84,112.98,0.0737,0.8905,0.0
7.2,69.16,0.0419,0.873,0.2158
5.37,62.01,0.0957,0.9026,0.0568
9.78,498.97,0.0536,0.8795,56.5219
2.36,195.75,0.1433,0.9288,24.9194
17.84,199.44,0.0726,0.8899,0.0
15.52,62.29,0.042,0.8731,0.0
9.62,293.25,0.0967,0.9032,25.6543
9.64,20.03,0.1335,0.9234,0.421
13.56,308.39,0.0316,0.8674,20.9673
6.67,200.33,0.0772,0.8925,17.0349
12.37,83.99,0.0827,0.8955,0.0559
12.91,95.62,0.1375,0.9256,0.0
9.57,493.73,0.0848,0.8966,55.8189
19.67,59.03,0.0201,0.8611,0.1832
9.51,406.9,0.1173,0.9145,42.9708
17.05,407.63,0.0876,0.8982,29.1768
15.11,74.57,0.0687,0.8878,0.145
6.06,277.18,0.0263,0.8645,29.9481
10.1,116.13,0.1063,0.9085,0.0323
13.29,163.79,0.1443,0.9294,0.0
19.49,225.64,0.0655,0.886,0.0
19.03,445.89,0.0707,0.8889,30.9951
17.46,299.88,0.0765,0.8921,12.3051
1.22,193.04,0.0819,0.895,26.7087
3.73,70.96,0.0984,0.9041,3.3921
12.21,411.34,0.0995,0.9047,38.4491
19.2,492.57,0.0242,0.8633,38.1267
7.32,247.57,0.0647,0.8856,23.2092
11.41,468.29,0.0508,0.8779,48.8463
12.85,344.6,0.0866,0.8976,27.2477
5.62,339.67,0.0256,0.8641,40.6417
10.64,186.3,0.063,0.8846,8.2226
5.04,491.53,0.0257,0.8641,64.3376
13.39,53.96,0.0785,0.8932,0.093
8.17,441.91,0.0764,0.892,50.9846
2.38,440.68,0.1,0.905,61.4769
10.0,455.04,0.0325,0.8679,49.9074
4.32,160.84,0.0338,0.8686,15.9608
15.35,98.18,0.0549,0.8802,0.0
11.89,448.46,0.1349,0.9242,45.0028
18.8,110.1,0.0791,0.8935,0.0
11.35,268.05,0.0725,0.8899,18.8383
10.42,173.56,0.0669,0.8868,6.8859
17.6,291.38,0.0372,0.8705,10.7948
1.98,193.72,0.0966,0.9031,25.4239
8.05,298.34,0.125,0.9187,29.7207
1.78,410.45,0.0351,0.8693,58.3075
9.56,445.76,0.1428,0.9285,48.8241
17.51,307.08,0.1186,0.9152,13.1175
17.48,439.14,0.1279,0.9203,33.0006
13.92,303.43,0.0886,0.8987,19.4432
14.77,129.95,0.1159,0.9137,0.0
19.3,29.66,0.1488,0.9318,0.1893
7.48,14.36,0.0843,0.8964,0.0
14.29,172.5,0.0667,0.8867,0.0
2.11,204.62,0.146,0.9303,26.9061
0.97,84.9,0.1169,0.9143,10.9547
3.12,13.91,0.0686,0.8877,0.1697
9.71,262.45,0.0451,0.8748,21.4902
13.62,420.24,0.1496,0.9323,37.1291
13.61,159.83,0.1106,0.9108,0.0247
19.82,426.79,0.0553,0.8804,26.7542
15.15,484.31,0.0304,0.8667,44.1691
18.09,423.63,0.1499,0.9324,29.5846
7.14,193.16,0.0227,0.8625,15.6642
9.07,284.6,0.0405,0.8723,25.6548
9.98,371.24,0.0232,0.8628,36.8724
10.26,421.91,0.1378,0.9258,44.1117
4.89,452.95,0.1255,0.919,58.982
16.15,292.21,0.111,0.9111,13.4374
16.67,56.52,0.0772,0.8925,0.0
10.47,117.53,0.04,0.872,0.0
1.28,32.32,0.1301,0.9216,2.3613
17.3,387.49,0.0391,0.8715,25.1911
9.01,162.54,0.0666,0.8866,7.7181
0.84,64.44,0.0441,0.8743,7.5596
1.55,459.06,0.0298,0.8664,65.6091
1.89,314.09,0.0719,0.8895,43.5296
11.33,425.54,0.1021,0.9062,42.4047
8.91,121.72,0.1143,0.9129,1.6809
10.07,352.05,0.0292,0.8661,33.6418
13.12,123.13,0.1301,0.9216,0.0
15.91,482.17,0.0609,0.8835,42.6363
0.91,378.34,0.1231,0.9177,55.0012
5.8,288.82,0.1266,0.9196,32.4909
14.8,126.89,0.1314,0.9223,0.1053
6.1,177.84,0.0442,0.8743,15.3069
10.48,79.39,0.0216,0.8619,0.0
12.38,413.15,0.1023,0.9063,38.6482
2.33,16.54,0.0386,0.8712,0.3043
4.16,86.11,0.1348,0.9241,4.8552
11.17,195.39,0.0829,0.8956,8.4049
11.93,258.0,0.0937,0.9015,16.4255
5.0,228.08,0.0565,0.8811,24.6681
12.57,29.66,0.089,0.899,0.0794
15.44,219.44,0.1354,0.9245,3.8095
9.27,431.42,0.0673,0.887,47.7249
12.92,101.3,0.0296,0.8663,0.2032
4.85,440.46,0.1202,0.9161,56.4943
1.09,221.28,0.0945,0.902,30.7446
15.98,444.95,0.1456,0.9301,36.6786
6.94,214.76,0.1119,0.9115,19.0631
18.96,452.68,0.0525,0.8789,32.281
9.24,463.22,0.0615,0.8838,52.2309
6.72,463.12,0.0472,0.876,57.2671
9.77,479.46,0.1447,0.9296,53.7752
1.84,463.06,0.0737,0.8905,66.1637
2.56,410.88,0.0536,0.8795,56.9273
19.76,117.29,0.1027,0.9065,0.1088
17.24,380.31,0.1276,0.9202,24.6804
17.84,411.52,0.0494,0.8772,28.111
3.65,431.36,0.1294,0.9212,57.619
13.19,361.21,0.1033,0.9068,29.1716
10.03,230.68,0.0503,0.8777,15.7153
1.51,411.48,0.0675,0.8871,58.8296
14.18,337.14,0.1058,0.9082,23.9267
6.2,239.78,0.0296,0.8663,24.4023
2.77,74.68,0.0576,0.8817,5.9545
10.68,440.7,0.1119,0.9115,46.066
18.4,304.96,0.0928,0.901,11.2912
3.31,498.99,0.0983,0.9041,68.693
11.5,272.15,0.0495,0.8772,19.1679
3.98,189.16,0.0963,0.903,20.5465
12.72,417.89,0.1381,0.926,39.1227
16.55,145.79,0.0916,0.9004,0.0
18.66,141.94,0.0231,0.8627,0.0
4.24,206.06,0.0559,0.8807,23.2608
12.91,439.76,0.0975,0.9036,41.4917
9.59,419.08,0.0591,0.8825,45.0639
4.89,318.24,0.1303,0.9217,38.5764
12.99,326.8,0.1171,0.9144,24.6361
10.48,233.84,0.0444,0.8744,15.2455
8.73,415.61,0.1115,0.9113,45.7219
8.44,433.33,0.1196,0.9158,49.1251
14.8,225.63,0.0959,0.9027,6.0095
4.64,486.07,0.068,0.8874,64.3891
14.04,158.5,0.1461,0.9304,0.0
14.26,62.85,0.0667,0.8867,0.2321
14.12,392.51,0.0523,0.8788,32.3852
1.39,288.68,0.1478,0.9313,40.9639
13.67,96.67,0.0887,0.8988,0.0126
6.67,389.31,0.073,0.8901,45.6048
5.42,344.51,0.1129,0.9121,41.4522
2.22,473.38,0.1306,0.9218,66.5299
18.17,217.4,0.0573,0.8815,0.0
3.94,435.11,0.0292,0.8661,57.7647
9.8,13.26,0.1228,0.9175,0.0
1.39,286.88,0.0719,0.8895,40.4749
10.88,328.05,0.1161,0.9139,28.9214
1.5,497.34,0.0247,0.8636,71.8752
19.62,390.18,0.0746,0.891,21.661
3.47,418.48,0.096,0.9028,56.2342
16.51,386.6,0.0474,0.8761,26.7482
5.95,219.13,0.0511,0.8781,21.3913
6.28,347.87,0.0951,0.9023,40.0521
10.74,179.16,0.0776,0.8927,6.499
19.01,170.15,0.0217,0.8619,0.2736
11.27,427.55,0.0891,0.899,42.704
12.07,464.55,0.0496,0.8773,47.032
9.0,148.12,0.0375,0.8706,5.6362
10.35,59.68,0.1045,0.9075,0.0
6.39,304.2,0.061,0.8835,33.4459
9.64,273.89,0.0389,0.8714,23.3034
3.13,25.94,0.0844,0.8964,0.0
15.9,321.16,0.0829,0.8956,18.4875
3.9,490.2,0.0338,0.8686,66.2859
9.38,37.69,0.1007,0.9054,0.0
18.32,199.52,0.1417,0.9279,0.1075
18.45,289.94,0.1425,0.9284,8.6015
9.07,135.23,0.1452,0.9299,3.2249
8.24,221.75,0.0509,0.878,17.817
5.52,401.21,0.1095,0.9102,49.7512
19.82,90.88,0.086,0.8973,0.0324
7.23,104.24,0.0362,0.8699,2.0979
6.67,169.06,0.0685,0.8877,12.6897
15.39,99.82,0.0889,0.8989,0.144
9.9,349.62,0.0328,0.868,34.0442
5.78,376.79,0.1433,0.9288,45.7014
5.8,187.78,0.0988,0.9043,17.1019
1.7,238.33,0.1353,0.9244,32.7686
18.31,51.52,0.1032,0.9068,0.0
15.64,19.05,0.0789,0.8934,0.0
3.41,198.63,0.0286,0.8657,23.6672
5.01,260.83,0.0771,0.8924,29.4676
4.63,260.46,0.0612,0.8837,30.4139
11.32,14.34,0.0691,0.888,0.0
9.49,498.45,0.1193,0.9156,57.0094
14.88,306.34,0.1381,0.926,17.83
12.37,128.7,0.0562,0.8809,0.0479
1.85,418.35,0.0751,0.8913,59.2758
5.32,32.48,0.0413,0.8727,0.0709
2.53,272.96,0.0751,0.8913,35.7823
16.54,22.74,0.1016,0.9059,0.0144
2.42,305.39,0.0779,0.8928,41.4906
4.36,37.98,0.1154,0.9135,0.2299
8.4,110.83,0.1443,0.9294,0.5938
6.32,391.91,0.1248,0.9186,46.9461
16.41,162.67,0.0357,0.8696,0.0753
16.86,206.26,0.0594,0.8827,0.0
15.76,311.98,0.1418,0.928,17.0418
16.43,310.83,0.0534,0.8794,15.9943
14.72,294.73,0.0713,0.8892,16.7517
6.71,389.22,0.0722,0.8897,45.7378
11.64,320.0,0.1322,0.9227,26.1552
17.96,351.43,0.0321,0.8677,18.9973
19.55,441.77,0.0424,0.8733,29.5115
2.57,358.22,0.064,0.8852,48.8171
2.95,48.35,0.0537,0.8795,1.6527
18.01,342.59,0.13,0.9215,17.7863
4.75,179.72,0.0236,0.863,18.1967
12.41,333.09,0.144,0.9292,26.813
9.25,221.31,0.064,0.8852,15.868
7.69,396.57,0.1063,0.9085,45.3644
13.02,342.4,0.1395,0.9267,27.403
1.67,340.4,0.064,0.8852,48.1166
10.27,92.83,0.054,0.8797,0.0
4.92,91.56,0.1249,0.9187,4.3969
8.46,233.15,0.1163,0.914,19.3168
15.91,414.12,0.1094,0.9102,32.228
18.48,373.73,0.0457,0.8751,21.42
13.01,131.03,0.0939,0.9016,0.0
1.83,85.07,0.1119,0.9115,9.1632
15.98,360.16,0.0945,0.902,23.8005
5.75,220.73,0.0997,0.9048,22.0584
8.2,53.56,0.0811,0.8946,0.087
6.96,39.78,0.0953,0.9024,0.3335
8.43,230.26,0.0927,0.901,18.9477
9.69,418.54,0.1294,0.9212,44.4984
3.14,286.06,0.1289,0.9209,37.1429
13.14,357.21,0.1167,0.9142,28.7311
7.22,214.21,0.0777,0.8927,18.6265
8.26,349.95,0.1469,0.9308,36.8781
7.69,336.59,0.0679,0.8873,36.079
9.2,208.76,0.0895,0.8992,14.0094
19.1,11.53,0.0397,0.8718,0.249
13.36,354.61,0.1068,0.9087,27.8223
10.74,47.1,0.0305,0.8668,0.0
5.04,344.9,0.1442,0.9293,42.2899
16.53,289.18,0.0597,0.8828,12.273
10.67,435.77,0.0337,0.8685,45.29
7.48,242.77,0.0395,0.8717,22.8649
13.83,35.33,0.0614,0.8838,0.0
18.97,67.48,0.1296,0.9213,0.0
17.81,29.83,0.0281,0.8655,0.08
11.55,54.49,0.0361,0.8699,0.3155
10.68,163.53,0.0704,0.8887,4.4229
9.15,440.54,0.071,0.8891,49.0292
5.06,194.49,0.1032,0.9068,19.5982
4.11,179.27,0.0863,0.8975,19.0394
4.29,280.35,0.0795,0.8937,33.8848
13.11,382.83,0.0281,0.8655,32.7484
4.48,351.36,0.1261,0.9194,44.2598
11.29,84.98,0.1247,0.9186,0.0
1.75,414.58,0.033,0.8681,58.9211
16.23,210.09,0.0335,0.8684,1.3775
10.36,361.57,0.0477,0.8762,34.7841
10.17,12.91,0.0359,0.8697,0.0
11.57,269.64,0.1314,0.9223,18.8147
14.64,97.17,0.1,0.905,0.0
15.1,455.37,0.0203,0.8612,40.0261
0.74,393.98,0.0948,0.9021,57.7349
12.87,96.77,0.0591,0.8825,0.0
14.45,90.61,0.1097,0.9103,0.0
14.87,96.45,0.0511,0.8781,0.0299
3.92,245.52,0.1111,0.9111,29.0694
15.96,159.39,0.0574,0.8816,0.0
2.67,97.79,0.0956,0.9026,9.4513
6.36,435.01,0.0637,0.885,53.4288
4.11,135.2,0.1214,0.9168,12.4881
17.46,29.58,0.0232,0.8628,0.0
2.8,249.59,0.0571,0.8814,32.1462
0.55,18.23,0.0655,0.886,1.3718
17.11,184.5,0.1029,0.9066,0.2225
8.38,105.41,0.1155,0.9135,0.2127
9.21,205.11,0.087,0.8979,13.5596
2.47,483.65,0.1493,0.9321,67.8658
1.28,254.39,0.098,0.9039,35.7908
16.97,268.63,0.0816,0.8949,8.7433
10.76,227.71,0.138,0.9259,13.9219
17.22,300.66,0.0394,0.8717,12.9682
15.7,400.18,0.0346,0.869,30.9645
9.62,367.7,0.1179,0.9148,37.2977
2.36,244.0,0.0978,0.9038,32.1156
13.64,272.49,0.0646,0.8855,15.14
7.75,415.04,0.0239,0.8631,47.7849
8.61,178.72,0.1087,0.9098,10.5919
17.25,348.3,0.1191,0.9155,20.1183
14.66,149.32,0.1005,0.9053,0.0732
16.31,396.63,0.1232,0.9178,29.1337
12.61,129.35,0.125,0.9187,0.1666
10.51,86.84,0.0523,0.8788,0.4223
13.79,243.51,0.0976,0.9037,10.7169
1.82,238.48,0.0221,0.8622,32.2765
14.4,292.32,0.078,0.8929,16.5993
3.48,71.67,0.0854,0.897,4.2281
16.66,301.81,0.1348,0.9241,14.0078
5.29,71.31,0.0563,0.881,1.0832
16.42,476.14,0.0705,0.8888,40.7456
8.95,393.17,0.0337,0.8685,42.1074
3.77,225.97,0.0706,0.8888,26.6504
14.24,435.61,0.0479,0.8763,38.9781
2.71,280.51,0.1188,0.9153,37.0973
6.83,23.54,0.0394,0.8717,0.0
9.61,237.73,0.0908,0.8999,17.3602
16.29,257.84,0.0565,0.8811,8.2171
17.68,396.88,0.0272,0.865,26.5499
1.26,419.49,0.0315,0.8673,60.6896
7.77,297.17,0.0641,0.8853,30.1165
3.94,457.34,0.0259,0.8642,61.106
18.02,189.1,0.0661,0.8864,0.1808
3.99,336.84,0.124,0.9182,42.9269
17.8,441.52,0.0726,0.8899,33.0185
12.87,87.25,0.1021,0.9062,0.0
18.26,399.2,0.1299,0.9214,25.6086
17.08,316.71,0.0494,0.8772,14.9632
9.25,413.47,0.0498,0.8774,44.7917
8.74,407.61,0.1093,0.9101,44.8844
1.77,322.29,0.1346,0.924,44.9314
12.96,121.07,0.1173,0.9145,0.0
4.81,280.48,0.028,0.8654,33.1819
13.15,233.34,0.0921,0.9007,10.2336
2.99,206.09,0.0511,0.8781,25.2624
7.19,439.44,0.0687,0.8878,52.4416
9.15,377.73,0.0562,0.8809,39.401
4.15,279.1,0.1438,0.9291,34.1518
0.67,64.72,0.1199,0.9159,8.4631
0.69,61.28,0.0869,0.8978,7.8539
16.85,153.64,0.0249,0.8637,0.1081
5.72,341.34,0.0945,0.902,40.7207
15.73,202.04,0.1087,0.9098,0.5464
2.36,226.72,0.1418,0.928,29.2057
19.28,243.28,0.0452,0.8749,0.3047
8.52,343.62,0.0331,0.8682,35.5419
12.03,383.41,0.1017,0.9059,35.0618
8.37,151.25,0.0587,0.8823,6.6508
15.05,472.74,0.1319,0.9225,42.6615
5.17,227.09,0.0491,0.877,24.6727
17.47,163.59,0.1332,0.9233,0.2252
19.12,135.35,0.0264,0.8645,0.0
12.23,397.41,0.0916,0.9004,36.7286
13.28,459.34,0.0414,0.8728,43.7252
18.65,150.14,0.0247,0.8636,0.0
12.7,397.41,0.143,0.9286,36.0808
16.03,106.14,0.1459,0.9302,0.1794
4.53,417.19,0.0612,0.8837,53.8704
18.35,114.92,0.1363,0.925,0.1205
1.43,68.9,0.1252,0.9189,7.7408
10.02,267.04,0.043,0.8736,21.5011
18.34,185.23,0.1315,0.9223,0.2328
16.75,478.63,0.0426,0.8734,40.561
13.54,23.43,0.1287,0.9208,0.3042
19.59,409.19,0.0477,0.8762,24.6834
7.17,483.29,0.0257,0.8641,58.9169
16.45,378.94,0.0707,0.8889,25.7824
14.81,36.04,0.1225,0.9174,0.1595
5.12,287.01,0.1479,0.9313,33.528
1.01,175.28,0.0578,0.8818,24.0589
3.69,405.33,0.0698,0.8884,54.2159
4.68,453.34,0.0944,0.9019,59.4839
2.86,466.68,0.0496,0.8773,64.9644
3.89,262.12,0.1045,0.9075,32.364
10.65,149.1,0.0299,0.8664,2.4153
17.23,124.56,0.115,0.9133,0.0159
1.42,415.24,0.0664,0.8865,59.405
5.16,204.31,0.0841,0.8963,20.889
1.52,11.83,0.1201,0.9161,0.0673
11.15,19.02,0.0777,0.8927,0.1835
4.06,186.02,0.0301,0.8666,20.3937
16.19,90.11,0.0761,0.8919,0.3064
11.23,17.45,0.1235,0.9179,0.0
8.64,317.74,0.0239,0.8631,31.2347
3.52,464.12,0.0406,0.8723,63.2678
3.87,465.76,0.1198,0.9159,62.7922
12.93,25.94,0.0868,0.8977,0.0397
15.3,478.41,0.0633,0.8848,43.2191
8.15,333.33,0.0378,0.8708,34.3166
19.25,476.0,0.1275,0.9201,35.1049
3.45,38.6,0.1097,0.9103,0.0
3.63,103.5,0.1012,0.9057,8.3235
11.73,338.12,0.0236,0.863,28.7265
12.43,465.98,0.129,0.9209,46.624
17.05,387.95,0.0846,0.8965,26.3373
1.75,107.49,0.0851,0.8968,12.9172
6.87,150.6,0.0891,0.899,9.8777
3.32,410.43,0.0444,0.8744,55.3284
6.53,204.32,0.1072,0.909,18.5082
18.65,42.63,0.1478,0.9313,0.1969
6.22,33.48,0.0608,0.8834,0.1508
11.59,176.24,0.1492,0.9321,4.8079
10.15,96.16,0.0656,0.8861,0.0
16.99,385.19,0.0423,0.8733,26.2061
2.36,26.36,0.1091,0.91,0.0
3.45,240.8,0.0836,0.896,29.5985
9.07,84.0,0.1091,0.91,0.0
7.52,341.14,0.1014,0.9058,37.0547
13.0,117.54,0.0374,0.8706,0.0
8.36,414.87,0.1376,0.9257,46.7688
19.57,376.9,0.0975,0.9036,19.6562
8.69,237.13,0.1387,0.9263,18.9201
6.58,447.25,0.1223,0.9173,54.5282
2.23,348.96,0.1463,0.9305,48.3839
14.73,498.29,0.0732,0.8903,47.3029
6.65,48.32,0.0719,0.8895,0.127
9.16,184.05,0.0396,0.8718,10.2815
14.01,145.52,0.101,0.9055,0.1572
19.1,76.61,0.1274,0.9201,0.0823
8.85,409.53,0.1077,0.9092,44.863
13.89,76.22,0.076,0.8918,0.0
15.37,407.4,0.0319,0.8675,32.3096
18.58,336.21,0.0219,0.862,15.5349
0.61,234.49,0.0413,0.8727,33.9525
17.06,350.82,0.0388,0.8713,20.5138
6.81,356.84,0.0487,0.8768,40.7613
6.05,494.38,0.1272,0.92,62.8276
16.49,444.94,0.0856,0.8971,35.762
12.24,206.29,0.0873,0.898,7.8558
3.15,418.45,0.1391,0.9265,57.0612
9.3,148.05,0.1279,0.9203,4.6821
15.95,406.41,0.0872,0.898,31.0741
4.31,401.66,0.0508,0.8779,52.2705
8.67,253.99,0.1085,0.9097,22.0547
15.56,450.22,0.0291,0.866,38.447
12.32,212.47,0.0655,0.886,8.6122
3.89,120.36,0.1181,0.915,10.5901
4.38,286.19,0.0299,0.8664,34.9128
12.72,193.12,0.0321,0.8677,5.374
9.22,359.66,0.081,0.8945,36.849
2.34,391.21,0.1254,0.919,54.5425
14.64,461.4,0.1246,0.9185,41.4767
9.59,375.82,0.149,0.9319,38.3741
9.39,205.72,0.1088,0.9098,13.471
14.57,138.96,0.0618,0.884,0.0
17.98,71.46,0.1388,0.9263,0.0782
10.96,273.96,0.0995,0.9047,20.6243
1.15,190.99,0.1102,0.9106,26.7238
4.53,351.53,0.135,0.9243,43.9511
6.37,33.49,0.0459,0.8752,0.3313
5.1,448.18,0.1421,0.9282,57.629
15.33,425.67,0.0678,0.8873,35.1833
5.44,249.92,0.0799,0.8939,27.4248
8.88,108.14,0.0675,0.8871,0.0
3.93,192.54,0.1395,0.9267,21.3663
2.72,277.68,0.075,0.8912,36.2975
6.94,499.14,0.1375,0.9256,61.9993
10.58,316.07,0.1031,0.9067,27.3494
1.7,78.65,0.1365,0.9251,8.6775
15.34,94.41,0.1095,0.9102,0.1872
15.08,114.18,0.1256,0.9191,0.0177
15.05,400.99,0.1392,0.9266,31.8455
1.82,401.02,0.1116,0.9114,56.7169
4.31,71.74,0.0879,0.8983,2.5747
5.38,82.54,0.0414,0.8728,2.1061
9.19,458.16,0.1238,0.9181,51.2145
1.82,178.69,0.0835,0.8959,23.5505
2.49,442.93,0.1031,0.9067,61.5996
13.04,459.73,0.0788,0.8933,44.3725
3.41,351.7,0.1401,0.9271,46.3781
19.45,178.49,0.0496,0.8773,0.0
6.61,492.14,0.1314,0.9223,61.1587
2.77,227.05,0.1304,0.9217,28.829
2.4,396.27,0.1332,0.9233,55.2161
7.04,150.15,0.081,0.8945,9.5235
18.37,145.53,0.1431,0.9287,0.0
19.1,231.99,0.1274,0.9201,0.0
17.52,169.71,0.1318,0.9225,0.0
3.12,70.33,0.1185,0.9152,4.9274
17.37,430.26,0.0995,0.9047,31.5598
18.84,480.07,0.0677,0.8872,36.5991
11.64,367.74,0.0831,0.8957,33.3021
18.81,281.48,0.0797,0.8938,7.2642
8.34,152.43,0.131,0.9221,7.2182
8.91,231.01,0.0457,0.8751,17.869
2.54,308.14,0.1062,0.9084,41.7721
5.27,192.9,0.1062,0.9084,18.9099
8.28,226.66,0.0391,0.8715,18.1303
11.75,198.82,0.1102,0.9106,7.5471
10.51,440.69,0.0522,0.8787,46.5585
11.95,97.65,0.0732,0.8903,0.1324
8.62,254.6,0.0805,0.8943,21.7536
7.67,398.09,0.0703,0.8887,45.9642
10.36,297.13,0.138,0.9259,24.8004
6.5,281.7,0.1179,0.9148,30.1629
15.57,464.37,0.0926,0.9009,40.3232
2.11,192.97,0.1114,0.9113,25.1569
18.51,104.09,0.0852,0.8969,0.0594
8.02,33.98,0.0304,0.8667,0.4136
4.25,293.76,0.1055,0.908,35.9783
1.88,337.07,0.0225,0.8624,46.9352
2.23,47.84,0.1056,0.9081,2.7932
12.67,354.48,0.092,0.9006,29.1816
0.6,72.59,0.1405,0.9273,9.6553
17.18,42.37,0.1306,0.9218,0.1063
14.09,225.96,0.1386,0.9262,7.326
8.75,51.83,0.085,0.8967,0.4788
9.31,380.22,0.052,0.8786,39.7661
2.36,245.81,0.1418,0.928,32.2509
3.29,157.01,0.0427,0.8735,17.7179
19.13,84.08,0.0646,0.8855,0.0
1.95,366.6,0.0242,0.8633,51.5845
16.12,209.67,0.134,0.9237,1.1184
4.16,51.81,0.0479,0.8763,0.1399
15.79,192.65,0.136,0.9248,0.2215
7.63,328.88,0.1023,0.9063,35.2469
13.96,266.36,0.1487,0.9318,13.9817
5.64,323.22,0.0415,0.8728,38.1159
4.38,112.8,0.0329,0.8681,8.7248
15.27,442.73,0.0992,0.9046,37.8014
14.6,498.66,0.1189,0.9154,47.6671
4.76,470.92,0.1146,0.913,61.5991
2.69,469.33,0.0808,0.8944,65.6475
6.99,385.55,0.1277,0.9202,44.7844
11.53,380.39,0.0641,0.8853,35.5467
17.78,56.81,0.0567,0.8812,0.0
1.56,13.22,0.1098,0.9104,0.0
0.66,28.67,0.1301,0.9216,2.7129
12.39,406.33,0.0433,0.8738,37.7531
19.29,257.52,0.1034,0.9069,2.0419
8.13,108.3,0.1309,0.922,1.2038
15.25,219.88,0.1384,0.9261,4.3126
6.54,22.82,0.0634,0.8849,0.2928
7.7,421.29,0.1404,0.9272,48.7348
0.8,390.43,0.125,0.9187,56.8977
7.52,48.56,0.0962,0.9029,0.0
0.99,317.94,0.072,0.8896,45.9212
13.94,358.66,0.1127,0.912,27.5959
8.4,10.06,0.1026,0.9064,0.0
7.48,335.53,0.11,0.9105,36.0623
5.09,44.9,0.1297,0.9213,0.0
10.57,20.49,0.1266,0.9196,0.0
3.78,322.81,0.0621,0.8842,41.3491
18.98,286.5,0.109,0.91,7.3406
4.99,346.21,0.1286,0.9207,42.5344
7.84,446.23,0.0959,0.9027,52.5934
5.63,402.09,0.0802,0.8941,49.6158
2.52,11.57,0.0897,0.8993,0.4183
1.04,315.42,0.1444,0.9294,45.4376
13.58,82.18,0.0945,0.902,0.0
4.04,463.13,0.092,0.9006,61.8174
13.09,325.88,0.0657,0.8861,24.3254
12.2,123.76,0.0351,0.8693,0.0
16.46,424.96,0.0643,0.8854,33.0667
13.72,72.31,0.054,0.8797,0.1007
7.78,245.79,0.1259,0.9192,22.5801
14.32,352.08,0.1112,0.9112,25.8659
16.86,159.49,0.0711,0.8891,0.111
1.07,33.59,0.0579,0.8818,3.1277
16.52,27.69,0.1298,0.9214,0.0
8.95,138.5,0.0349,0.8692,3.7644
8.96,27.51,0.1207,0.9164,0.0211
13.78,417.95,0.0326,0.8679,36.9099
8.16,479.06,0.1151,0.9133,56.5126
7.87,481.04,0.1309,0.922,57.6382
19.6,178.35,0.0325,0.8679,0.0
19.54,467.12,0.0334,0.8684,33.5538
2.61,13.65,0.0579,0.8818,0.1356
0.73,298.99,0.0741,0.8908,43.3236
9.46,185.91,0.046,0.8753,10.2173
16.27,395.87,0.044,0.8742,28.983
2.01,403.96,0.0754,0.8915,56.8996
7.42,17.15,0.0785,0.8932,0.0
19.44,336.0,0.0409,0.8725,14.081
15.75,252.56,0.0208,0.8614,8.4674
3.63,152.29,0.0951,0.9023,15.7976
9.87,486.34,0.1285,0.9207,54.5072
5.47,489.96,0.108,0.9094,63.4879
17.71,174.32,0.1209,0.9165,0.3984
10.7,106.61,0.0272,0.865,0.0
4.4,192.81,0.0947,0.9021,20.9595
7.9,121.58,0.0279,0.8653,3.501
12.03,54.62,0.1421,0.9282,0.0
6.58,401.63,0.0244,0.8634,47.9586
15.65,305.4,0.0439,0.8741,16.9028
6.33,297.53,0.0558,0.8807,32.8331
13.71,240.39,0.0942,0.9018,10.2742
10.32,215.85,0.1272,0.92,12.9984
9.8,238.99,0.1459,0.9302,17.3044
7.14,248.45,0.0603,0.8832,23.825
5.47,463.38,0.0718,0.8895,59.4455
8.6,481.41,0.1116,0.9114,56.2007
11.56,139.78,0.1223,0.9173,0.0
1.06,250.4,0.1011,0.9056,35.6675
7.88,180.81,0.0267,0.8647,12.4611
13.8,308.94,0.0375,0.8706,20.4631
14.2,61.66,0.0251,0.8638,0.0
8.58,64.1,0.1024,0.9063,0.0196
0.72,454.92,0.0567,0.8812,66.8282
17.98,470.04,0.1009,0.9055,36.5236
8.34,453.88,0.1039,0.9071,52.4553
17.12,353.34,0.0881,0.8985,20.9001
14.33,122.56,0.0359,0.8697,0.0
4.26,328.68,0.0234,0.8629,41.086
17.12,488.48,0.0589,0.8824,40.8362
19.18,295.33,0.0809,0.8945,8.6929
12.71,372.53,0.0823,0.8953,32.357
2.75,242.72,0.1202,0.9161,31.3094
4.55,463.69,0.1334,0.9234,61.0788
18.96,359.72,0.1121,0.9117,18.272
13.65,414.08,0.0711,0.8891,36.7045
1.27,336.45,0.0864,0.8975,47.8517
3.78,134.46,0.0867,0.8977,12.7994
12.04,362.57,0.1297,0.9213,31.4849
17.24,102.88,0.026,0.8643,0.0
12.94,320.72,0.1099,0.9104,24.1102
10.99,367.19,0.1321,0.9227,34.3062
19.48,488.58,0.0838,0.8961,36.65
9.4,303.28,0.0996,0.9048,27.9448
3.48,167.54,0.0807,0.8944,18.5579
16.81,286.39,0.0213,0.8617,11.442
13.36,170.77,0.0739,0.8906,1.0224
14.0,446.23,0.036,0.8698,40.4932
1.12,150.78,0.1057,0.9081,20.3541
13.22,150.35,0.0278,0.8653,0.3432
4.34,447.43,0.1374,0.9256,59.1783
15.36,290.27,0.0405,0.8723,15.25
8.29,72.94,0.0369,0.8703,0.2672
2.02,211.34,0.0477,0.8762,28.0101
9.71,211.09,0.1147,0.9131,13.4061
2.87,54.54,0.0426,0.8734,2.6845
18.95,201.81,0.0611,0.8836,0.1334
5.9,319.75,0.1413,0.9277,36.9407
5.53,249.17,0.1306,0.9218,27.1593
8.76,330.31,0.0842,0.8963,33.4599
4.41,263.58,0.086,0.8973,31.4496
14.11,344.2,0.0671,0.8869,25.309
4.99,454.22,0.1214,0.9168,59.0254
5.02,214.46,0.0497,0.8773,22.6258
9.69,248.42,0.1316,0.9224,18.9669
19.79,64.18,0.1031,0.9067,0.0
11.33,288.16,0.1438,0.9291,21.6916
13.77,77.59,0.0791,0.8935,0.0
8.15,177.2,0.0499,0.8774,11.626
12.25,433.17,0.1332,0.9233,42.4433
16.68,44.57,0.0487,0.8768,0.3966
9.18,383.88,0.043,0.8736,40.1329
0.74,49.41,0.1158,0.9137,5.9611
10.06,119.75,0.0798,0.8939,0.0
8.75,196.31,0.0569,0.8813,12.9594
14.97,159.03,0.0376,0.8707,0.0
6.0,298.39,0.1279,0.9203,33.2138
10.63,278.79,0.1241,0.9183,21.9674
10.46,199.26,0.1315,0.9223,10.5921
1.7,381.52,0.143,0.9286,53.7634
18.39,139.88,0.1448,0.9296,0.0265
19.82,243.7,0.1311,0.9221,0.0991
7.28,204.64,0.082,0.8951,17.6263
16.54,44.56,0.0554,0.8805,0.1344
15.32,103.34,0.0941,0.9018,0.0
12.19,440.96,0.146,0.9303,43.4428
1.29,85.51,0.0233,0.8628,10.3311
8.17,494.0,0.1481,0.9315,58.8339
9.14,205.51,0.0639,0.8851,14.0333
9.48,78.9,0.0228,0.8625,0.038
7.14,416.37,0.1098,0.9104,49.1159
16.7,177.04,0.0468,0.8757,0.0
17.79,241.44,0.0934,0.9014,2.8
12.52,45.93,0.0233,0.8628,0.05
8.4,391.76,0.1497,0.9323,43.2096
0.67,229.73,0.032,0.8676,33.4905
1.64,82.86,0.0378,0.8708,9.451
10.86,491.06,0.0479,0.8763,53.5586
12.55,453.48,0.1495,0.9322,44.4947
18.66,321.83,0.1031,0.9067,13.094
12.84,335.35,0.1263,0.9195,26.0212
19.72,309.46,0.0639,0.8851,9.5094
6.6,474.83,0.0578,0.8818,59.3156
8.27,66.26,0.0729,0.8901,0.0
15.61,355.05,0.1415,0.9278,23.8529
11.77,260.82,0.0914,0.9003,17.0406
5.26,64.75,0.0311,0.8671,0.0499
1.4,370.19,0.0263,0.8645,52.9643
0.78,480.89,0.123,0.9176,70.9032
2.73,258.44,0.0315,0.8673,33.4161
4.9,422.95,0.0432,0.8738,54.2188
4.79,454.78,0.0765,0.8921,59.2557
11.0,225.79,0.1347,0.9241,13.6275
5.39,488.61,0.1188,0.9153,63.1485
17.73,362.34,0.1084,0.9096,21.1373
7.99,371.97,0.1481,0.9315,40.673
17.49,92.79,0.1203,0.9162,0.1276
0.69,239.16,0.0461,0.8754,34.796
6.71,237.71,0.108,0.9094,23.0774
11.08,497.74,0.1117,0.9114,53.8413
12.07,329.81,0.0642,0.8853,26.9557
3.94,139.59,0.0944,0.9019,13.5928
9.58,481.53,0.1229,0.9176,54.2847
10.82,268.82,0.0703,0.8887,20.0348
8.26,92.01,0.1243,0.9184,0.0578
2.13,495.66,0.0755,0.8915,70.5739
3.59,359.08,0.0262,0.8644,47.2785
13.13,212.24,0.0483,0.8766,7.9144
3.69,259.47,0.02,0.861,31.8212
12.38,457.17,0.0264,0.8645,45.3715
11.2,456.12,0.0497,0.8773,47.6078
7.68,101.54,0.069,0.888,1.0373
12.37,75.38,0.0339,0.8686,0.0
1.52,449.57,0.0422,0.8732,64.583
18.56,115.23,0.1051,0.9078,0.0
1.77,472.98,0.0732,0.8903,67.7319
8.7,312.05,0.084,0.8962,30.3531
12.66,365.22,0.1041,0.9073,31.025
8.07,336.83,0.1076,0.9092,35.2869
1.19,405.99,0.0976,0.9037,58.6329
5.06,473.54,0.0248,0.8636,61.5617
5.96,450.32,0.1018,0.906,56.3402
15.36,288.06,0.0933,0.9013,14.6623
13.58,22.85,0.0237,0.863,0.0
11.15,106.62,0.1199,0.9159,0.0
1.96,33.27,0.0768,0.8922,1.6362
1.66,457.72,0.0315,0.8673,65.448
18.77,33.25,0.0778,0.8928,0.0
2.33,242.54,0.1254,0.919,31.919
15.57,381.26,0.0798,0.8939,28.0299
2.89,235.78,0.0436,0.874,29.6809
8.22,318.83,0.0881,0.8985,32.389
15.85,195.35,0.0849,0.8967,0.0
12.55,66.64,0.034,0.8687,0.1552
14.82,337.41,0.1007,0.9054,22.7171
3.34,492.14,0.1377,0.9257,67.8267
17.56,114.43,0.0959,0.9027,0.0
18.58,88.74,0.0962,0.9029,0.0
2.55,351.1,0.0998,0.9049,47.9019
6.65,51.62,0.1426,0.9284,0.0
1.66,27.51,0.0788,0.8933,0.9305
9.55,273.19,0.0377,0.8707,23.0464
18.98,393.73,0.1437,0.929,23.6513
1.51,415.76,0.149,0.9319,59.6183
12.31,445.44,0.0903,0.8997,43.5334
6.74,74.95,0.0945,0.902,0.0922
6.91,111.3,0.0714,0.8893,3.8273
1.64,131.26,0.1421,0.9282,16.3023
12.03,44.81,0.0664,0.8865,0.0
10.64,213.21,0.0624,0.8843,12.0627
12.28,90.01,0.0936,0.9015,0.0
6.5,284.57,0.0497,0.8773,30.3688
19.76,449.97,0.0904,0.8997,30.7775
11.83,369.52,0.1173,0.9145,33.3364
8.42,200.15,0.0596,0.8828,14.2179
10.74,130.11,0.1154,0.9135,0.3742
5.68,307.24,0.0302,0.8666,35.6214
8.05,98.12,0.0907,0.8999,0.279
19.72,186.04,0.1256,0.9191,0.0201
0.53,97.16,0.0648,0.8856,13.4706
16.84,69.58,0.094,0.9017,0.0
0.74,115.87,0.128,0.9204,16.1604
1.12,199.28,0.0218,0.862,27.4887
11.93,339.73,0.094,0.9017,28.519
4.29,353.97,0.0527,0.879,45.3251
6.48,75.6,0.059,0.8824,0.0367
9.18,186.57,0.0243,0.8634,10.5986
7.48,252.56,0.0219,0.862,23.7178
13.44,499.95,0.0389,0.8714,49.8134
8.07,265.26,0.1468,0.9307,24.381
18.61,266.17,0.0318,0.8675,5.344
11.24,297.62,0.0657,0.8861,23.6596
11.61,132.47,0.0448,0.8746,0.0
1.14,312.02,0.0268,0.8647,44.5031
14.12,400.7,0.0747,0.8911,33.5479
2.52,65.2,0.0247,0.8636,4.9168
7.48,422.55,0.115,0.9133,49.0555
0.51,292.22,0.1132,0.9123,42.78
3.08,100.32,0.0369,0.8703,9.2983
2.84,10.23,0.1319,0.9225,0.0
10.35,479.99,0.1285,0.9207,52.4086
6.57,423.29,0.1033,0.9068,51.1581
15.86,206.72,0.0399,0.8719,1.0885
7.99,310.29,0.0976,0.9037,31.2424
10.78,446.93,0.0512,0.8782,46.6415
1.17,92.22,0.0991,0.9045,11.9743
2.94,221.44,0.1003,0.9052,27.8955
11.12,339.14,0.0504,0.8777,29.9277
2.47,194.95,0.1181,0.915,24.9729
14.94,20.23,0.0507,0.8779,0.0308
3.03,14.96,0.0379,0.8708,0.0655
17.63,294.88,0.1313,0.9222,11.3956
6.68,30.21,0.1041,0.9073,0.0
16.9,338.57,0.1486,0.9317,18.8911
1.97,368.67,0.0265,0.8646,51.6958
14.7,24.41,0.1369,0.9253,0.131
14.85,480.11,0.1399,0.9269,44.3012
16.57,302.59,0.0263,0.8645,14.0794
13.09,382.71,0.0368,0.8702,33.019
7.06,210.1,0.0678,0.8873,18.2212
8.81,339.72,0.0449,0.8747,34.2588
14.23,267.46,0.1146,0.913,13.4307
8.79,160.83,0.1349,0.9242,7.4853
8.78,122.38,0.0738,0.8906,1.715
14.86,483.4,0.0868,0.8977,44.5843
11.49,282.56,0.1303,0.9217,20.7424
11.17,452.16,0.1241,0.9183,46.8152
5.23,388.73,0.1094,0.9102,48.555
1.44,175.53,0.0755,0.8915,23.5994
7.7,282.79,0.1234,0.9179,28.0476
1.12,241.28,0.064,0.8852,33.9948
12.49,431.74,0.0785,0.8932,41.2441
15.51,495.26,0.077,0.8923,45.2721
16.8,40.33,0.0808,0.8944,0.0729
3.03,255.85,0.1014,0.9058,32.8305
16.71,432.83,0.0401,0.8721,33.7927
9.74,119.8,0.1045,0.9075,0.0
3.04,241.44,0.0355,0.8695,30.137
2.49,477.4,0.1188,0.9153,66.4256
10.95,304.97,0.0217,0.8619,25.3856
17.75,209.12,0.0805,0.8943,0.0803
10.56,40.63,0.062,0.8841,0.3213
16.02,64.92,0.0242,0.8633,0.2881
17.97,323.41,0.0791,0.8935,15.1145
2.76,195.73,0.0889,0.8989,24.1621
6.72,181.16,0.0242,0.8633,14.4291
7.37,361.11,0.0553,0.8804,40.2262
13.41,16.73,0.0943,0.9019,0.3402
4.59,139.04,0.0852,0.8969,12.201
10.67,452.16,0.0511,0.8781,47.7302
15.57,381.9,0.065,0.8858,28.3598
17.58,401.19,0.118,0.9149,27.4325
16.52,292.05,0.1416,0.9279,12.9583
1.09,259.65,0.0773,0.8925,37.4857
7.47,261.94,0.1377,0.9257,25.0079
10.77,425.07,0.053,0.8791,43.6069
5.51,87.08,0.1254,0.919,2.6562
17.85,416.28,0.1231,0.9177,28.9195
19.11,39.64,0.1497,0.9323,0.1328
1.66,122.81,0.0634,0.8849,15.1719
17.92,26.26,0.1345,0.924,0.1351
6.79,494.58,0.1126,0.9119,61.4068
10.78,480.48,0.1469,0.9308,51.7065
16.71,33.64,0.1013,0.9057,0.0
5.89,447.45,0.1052,0.9079,56.2345
15.22,56.53,0.0959,0.9027,0.0
11.98,35.32,0.0578,0.8818,0.0
7.7,363.08,0.1014,0.9058,39.9737
11.88,468.83,0.0485,0.8767,48.09
6.06,145.08,0.0456,0.8751,10.198
12.18,258.18,0.0997,0.9048,15.6475
16.95,472.21,0.1363,0.925,38.9776
10.04,426.44,0.1096,0.9103,45.063
10.69,294.69,0.1121,0.9117,24.3966
7.2,453.29,0.0905,0.8998,54.558
8.15,194.59,0.0541,0.8798,13.826
17.51,161.24,0.023,0.8627,0.1045
1.28,147.03,0.0501,0.8776,19.6893
5.51,37.7,0.0706,0.8888,0.0
8.38,384.52,0.1449,0.9297,42.0705
4.2,150.59,0.0255,0.864,14.685
17.97,70.51,0.0523,0.8788,0.2753
3.3,94.79,0.0216,0.8619,8.1824
9.36,277.89,0.0687,0.8878,24.0762
17.46,35.15,0.056,0.8808,0.0
0.53,335.57,0.037,0.8703,49.4073
14.25,105.25,0.0811,0.8946,0.0
15.34,207.73,0.1357,0.9246,2.4722
16.7,222.35,0.0632,0.8848,2.2766
11.39,240.43,0.0931,0.9012,14.8825
15.43,126.37,0.0621,0.8842,0.0
8.34,411.98,0.0869,0.8978,46.1932
7.87,456.88,0.0668,0.8867,53.9604
12.92,37.49,0.0819,0.895,0.345
2.56,418.28,0.0771,0.8924,57.6892
11.76,377.82,0.1457,0.9301,34.8462
6.12,177.52,0.0257,0.8641,15.4126
1.85,417.45,0.0593,0.8826,59.1961
16.84,477.63,0.1391,0.9265,39.8648
1.87,64.56,0.0364,0.87,6.3535
1.17,73.85,0.1174,0.9146,9.131
19.89,214.16,0.0386,0.8712,0.0799
6.25,499.31,0.0277,0.8652,63.3819
18.28,307.5,0.0632,0.8848,11.8271
19.4,356.27,0.0738,0.8906,17.265
15.2,147.07,0.0241,0.8633,0.1804
8.36,369.96,0.0732,0.8903,39.9315
3.01,387.68,0.1168,0.9142,52.0567
19.31,305.39,0.1148,0.9131,9.6083
10.65,387.99,0.1461,0.9304,38.4807
10.68,265.61,0.0276,0.8652,19.7571
16.32,302.58,0.0368,0.8702,14.8565
2.1,468.41,0.0848,0.8966,66.2232
18.88,191.28,0.1289,0.9209,0.0293
14.87,58.96,0.051,0.878,0.0
18.34,225.96,0.0925,0.9009,0.0
8.48,338.58,0.1289,0.9209,34.6276
8.4,365.48,0.0296,0.8663,39.2864
17.0,196.65,0.1071,0.9089,0.0
2.62,104.94,0.062,0.8841,10.9238
14.28,47.4,0.0713,0.8892,0.0863
12.0,75.1,0.1051,0.9078,0.0698
1.93,115.56,0.0334,0.8684,13.7723
14.67,131.83,0.0407,0.8724,0.0
7.44,490.32,0.0764,0.892,59.4754
2.42,78.44,0.0388,0.8713,7.3685
17.54,94.98,0.1075,0.9091,0.0
18.58,434.85,0.0672,0.887,30.6594
11.32,199.71,0.1032,0.9068,8.6724
2.37,23.82,0.1408,0.9274,0.0
13.62,478.14,0.1437,0.929,46.1041
9.58,64.34,0.0271,0.8649,0.0
5.93,195.38,0.1214,0.9168,18.5466
9.44,237.85,0.0427,0.8735,18.3692
0.82,170.95,0.0365,0.8701,23.9238
5.16,215.81,0.0434,0.8739,22.6284
16.86,358.38,0.0582,0.882,22.1461
11.53,293.41,0.0499,0.8774,22.3803
10.16,257.43,0.1291,0.921,19.5287
9.42,215.17,0.0464,0.8755,14.9121
6.51,472.25,0.0253,0.8639,58.5097
8.08,449.11,0.0753,0.8914,52.3959
12.24,365.47,0.1378,0.9258,31.7923
16.75,158.66,0.0983,0.9041,0.0167
19.38,171.15,0.1126,0.9119,0.0495
18.23,471.48,0.0407,0.8724,36.5553
8.77,468.53,0.0637,0.885,53.7741
16.44,239.44,0.0378,0.8708,4.9504
9.36,251.48,0.1337,0.9235,20.3578
8.99,312.89,0.1414,0.9278,29.9955
1.88,330.84,0.1481,0.9315,46.1061
15.74,265.81,0.0449,0.8747,10.1779
19.84,389.44,0.0674,0.8871,21.4421
6.81,131.97,0.1135,0.9124,6.926
19.49,282.96,0.0907,0.8999,6.0637
14.76,308.19,0.0882,0.8985,18.7701
7.86,274.45,0.0754,0.8915,26.3454
1.37,168.15,0.1453,0.9299,22.6761
7.34,241.55,0.1061,0.9084,22.5415
11.52,196.24,0.0708,0.8889,8.2206
3.81,331.1,0.0787,0.8933,42.8865
8.55,212.62,0.0814,0.8948,16.4251
13.41,381.51,0.0782,0.893,32.3478
16.59,179.02,0.1311,0.9221,0.0539
1.6,58.57,0.1196,0.9158,5.87
13.51,131.03,0.1151,0.9133,0.0
6.37,341.13,0.1389,0.9264,39.3922
9.06,350.0,0.1181,0.915,35.4001
10.84,61.93,0.0558,0.8807,0.3059
19.89,87.41,0.0266,0.8646,0.0
11.61,336.34,0.1008,0.9054,28.8953
14.42,64.15,0.0769,0.8923,0.0
4.5,165.05,0.1349,0.9242,16.5282
14.89,331.9,0.1097,0.9103,21.799
3.53,92.89,0.1102,0.9106,7.3177
1.34,254.09,0.1069,0.9088,35.759
13.94,477.37,0.0304,0.8667,45.5261
12.86,479.36,0.0309,0.867,47.5142
1.89,159.41,0.0452,0.8749,20.1262
11.79,365.61,0.0429,0.8736,33.0776
0.73,422.19,0.1367,0.9252,61.8256
0.98,204.04,0.1044,0.9074,28.6989
11.1,167.48,0.1193,0.9156,4.6184
13.09,422.74,0.0607,0.8834,39.2248
2.1,159.17,0.124,0.9182,19.7833
15.46,351.23,0.1256,0.9191,23.5662
0.87,487.44,0.0618,0.884,71.4335
2.95,364.56,0.0553,0.8804,49.0944
7.83,373.56,0.0755,0.8915,41.1109
16.55,445.2,0.0748,0.8911,35.9334
8.46,46.31,0.0843,0.8964,0.4053
8.46,351.18,0.115,0.9133,36.7883
12.18,283.42,0.1105,0.9108,19.3681
2.63,348.16,0.0459,0.8752,47.3941
1.04,363.41,0.0853,0.8969,52.3205
4.27,201.29,0.1403,0.9272,22.5021
10.79,61.5,0.1149,0.9132,0.0
13.26,35.45,0.143,0.9286,0.0
11.05,393.23,0.1385,0.9262,38.2183
7.66,413.09,0.136,0.9248,47.6962
6.86,177.84,0.0869,0.8978,13.8834
18.98,280.69,0.0601,0.8831,6.4605
2.38,128.23,0.0652,0.8859,14.9293
9.38,279.94,0.0587,0.8823,24.2288
10.12,365.07,0.0792,0.8936,35.7233
15.14,112.13,0.0971,0.9034,0.0
18.87,371.26,0.0267,0.8647,20.5104
15.31,401.16,0.0703,0.8887,31.8241
5.23,448.53,0.0865,0.8976,57.1674
16.06,490.12,0.0616,0.8839,43.5486
2.06,491.46,0.1363,0.925,70.1441
10.4,112.97,0.1273,0.92,0.0
18.59,252.68,0.1404,0.9272,2.9823
11.29,319.35,0.0678,0.8873,27.0017
2.46,410.11,0.1366,0.9251,57.0832
7.85,402.4,0.1239,0.9181,45.5158
19.28,399.54,0.1172,0.9145,23.9468
7.02,356.62,0.1063,0.9085,40.2613
6.3,283.52,0.1106,0.9108,30.327
4.23,96.81,0.065,0.8858,6.4721
5.55,41.13,0.1186,0.9152,0.0
0.59,70.32,0.0383,0.8711,9.5284
17.79,277.86,0.069,0.888,8.0402
11.69,49.66,0.103,0.9066,0.079
17.55,224.74,0.1271,0.9199,0.7131
6.67,208.08,0.1319,0.9225,18.7266
11.13,409.9,0.0406,0.8723,40.706
12.79,271.66,0.1269,0.9198,17.0552
13.79,470.11,0.0699,0.8884,44.5574
6.76,257.05,0.0286,0.8657,25.8528
10.0,441.98,0.0394,0.8717,47.1315
8.63,148.46,0.1016,0.9059,5.9677
6.0,227.89,0.0391,0.8715,23.1089
14.0,53.34,0.0594,0.8827,0.0944
5.34,264.45,0.0249,0.8637,29.9495
4.43,209.48,0.1266,0.9196,23.0828
17.93,318.09,0.0787,0.8933,13.8416
4.73,149.08,0.0817,0.8949,13.4461
0.66,252.68,0.0751,0.8913,36.7895
16.85,217.55,0.0931,0.9012,0.9779
10.23,103.84,0.0787,0.8933,0.0442
13.16,403.59,0.062,0.8841,35.4853
9.3,248.63,0.0238,0.8631,19.9556
5.78,311.04,0.0376,0.8707,35.8692
0.89,169.7,0.1355,0.9245,23.7314
11.93,419.93,0.1387,0.9263,40.4403
11.58,108.02,0.0555,0.8805,0.0
3.89,271.94,0.1266,0.9196,33.2611
6.55,400.63,0.097,0.9033,47.7378
9.01,76.95,0.0807,0.8944,0.335
1.88,79.34,0.0548,0.8801,8.3756
15.99,455.31,0.105,0.9077,38.4269
15.62,182.82,0.1314,0.9223,0.0797
11.59,440.07,0.0356,0.8696,44.0331
12.64,204.54,0.1339,0.9236,7.1232
7.51,11.46,0.1105,0.9108,0.1231
11.24,164.36,0.025,0.8638,3.9925
8.25,74.05,0.028,0.8654,0.45
5.93,86.46,0.0377,0.8707,1.829
10.89,298.65,0.1243,0.9184,24.4372
0.54,335.6,0.036,0.8698,49.5522
1.07,243.96,0.049,0.877,34.4045
3.64,202.22,0.0898,0.8994,23.6287
11.39,372.24,0.1413,0.9277,34.7256
1.21,168.07,0.1462,0.9304,22.909
8.05,255.57,0.0699,0.8884,23.403
5.98,426.49,0.1404,0.9272,52.6347
17.16,218.86,0.0706,0.8888,0.7692
5.36,423.41,0.0372,0.8705,53.5087
13.04,266.57,0.0954,0.9025,15.6829
8.05,276.95,0.1484,0.9316,26.7656
10.21,178.36,0.0715,0.8893,7.6859
6.98,269.07,0.0861,0.8974,27.1177
6.89,149.1,0.1061,0.9084,9.6128
3.19,14.55,0.0947,0.9021,0.3494
2.41,80.75,0.0418,0.873,7.7718
11.36,138.15,0.0772,0.8925,0.2759
16.26,378.06,0.0228,0.8625,25.9274
12.62,216.34,0.114,0.9127,8.359
4.58,264.73,0.0291,0.866,31.4576
9.33,121.67,0.0465,0.8756,0.5164
13.98,360.39,0.1023,0.9063,28.1331
5.47,207.72,0.0723,0.8898,20.9445
1.39,32.23,0.1281,0.9205,2.3514
17.04,295.83,0.1288,0.9208,12.2568
14.79,347.98,0.0417,0.8729,24.9149
8.73,463.36,0.1421,0.9282,52.8857
5.96,107.88,0.0539,0.8796,5.1551
7.08,110.76,0.1457,0.9301,3.3781
1.48,105.56,0.0378,0.8708,12.7454
6.75,446.06,0.115,0.9133,54.4986
14.64,89.52,0.0712,0.8892,0.1905
16.58,336.71,0.1124,0.9118,19.3822
10.79,379.26,0.0969,0.9033,36.8467
7.13,333.58,0.0937,0.9015,36.2597
15.4,278.14,0.0495,0.8772,13.0367
1.85,323.56,0.1402,0.9271,45.293
19.68,477.58,0.0829,0.8956,34.5129
16.55,315.66,0.1,0.905,16.6147
8.54,109.69,0.1488,0.9318,0.4054
6.76,276.67,0.1205,0.9163,28.8454
19.92,425.74,0.036,0.8698,26.3598
6.08,323.51,0.1471,0.9309,37.0165
15.46,82.16,0.0374,0.8706,0.0
2.87,128.88,0.0422,0.8732,13.5673
1.54,360.39,0.0706,0.8888,50.9417
5.97,161.16,0.0928,0.901,12.7775
11.06,300.13,0.143,0.9286,24.4369
2.7,323.39,0.1463,0.9305,43.3516
10.36,387.16,0.1099,0.9104,38.5384
12.36,456.79,0.0698,0.8884,45.3136
1.99,431.72,0.0366,0.8701,60.8488
14.67,454.1,0.1134,0.9124,40.8965
8.12,209.75,0.0932,0.9013,16.3708
17.78,298.81,0.0276,0.8652,11.2888
12.68,229.34,0.032,0.8676,10.8648
8.23,311.96,0.0408,0.8724,31.4745
4.78,438.14,0.1265,0.9196,56.5558
16.53,180.42,0.1256,0.9191,0.0
3.06,20.03,0.0277,0.8652,0.0546
18.77,92.29,0.0288,0.8658,0.2165
2.65,83.95,0.0202,0.8611,7.7261
10.69,444.91,0.1361,0.9249,46.3227
19.11,253.41,0.1396,0.9268,2.0547
4.07,395.64,0.091,0.9001,51.8648
7.56,479.5,0.0693,0.8881,57.7016
12.39,132.56,0.072,0.8896,0.0
7.35,408.19,0.0627,0.8845,47.4172
5.33,226.08,0.0207,0.8614,23.894
2.43,235.07,0.0639,0.8851,30.5864
14.67,163.94,0.0205,0.8613,0.2282
8.66,308.98,0.0321,0.8677,29.6653
14.33,364.9,0.1313,0.9222,28.0159
8.92,376.26,0.1248,0.9186,39.8
14.97,275.21,0.023,0.8627,13.2076
1.19,56.07,0.0763,0.892,6.3153
13.14,146.88,0.0338,0.8686,0.0
2.84,247.24,0.1003,0.9052,31.6439
1.63,292.8,0.074,0.8907,40.8771
19.36,375.04,0.1318,0.9225,19.9741
11.4,250.11,0.1198,0.9159,16.1932
1.15,442.53,0.0732,0.8903,64.2293
13.73,420.49,0.1196,0.9158,37.1951
4.15,166.22,0.0678,0.8873,17.3348
6.62,56.49,0.0612,0.8837,0.0482
0.83,381.28,0.1072,0.909,55.3212
13.84,76.47,0.1291,0.921,0.1147
3.6,256.32,0.1031,0.9067,31.2882
4.67,352.21,0.0296,0.8663,44.3175
13.92,34.85,0.0206,0.8613,0.0
4.61,392.66,0.0235,0.8629,50.0002
3.34,166.12,0.0613,0.8837,18.7364
14.31,364.36,0.028,0.8654,27.8256
4.27,82.37,0.0624,0.8843,3.9263
6.71,372.26,0.0371,0.8704,43.2618
19.78,370.03,0.0279,0.8653,18.4121
10.83,274.7,0.1124,0.9118,20.7235
16.72,37.86,0.1293,0.9211,0.0
15.27,74.38,0.0956,0.9026,0.0
16.97,326.73,0.1185,0.9152,16.8127
8.03,418.9,0.1129,0.9121,47.9169
3.52,222.3,0.1211,0.9166,26.8005
19.97,29.82,0.0321,0.8677,0.101
17.13,76.01,0.1266,0.9196,0.1419
14.57,429.78,0.094,0.9017,37.0046
0.51,438.52,0.1443,0.9294,65.003
20.0,474.86,0.0228,0.8625,33.8373
1.66,496.56,0.0442,0.8743,71.2022
15.29,79.99,0.1218,0.917,0.1913
3.54,140.18,0.067,0.8869,14.3377
10.68,394.04,0.1282,0.9205,39.3851
6.93,391.8,0.0664,0.8865,45.6916
6.66,351.28,0.0258,0.8642,40.033
4.85,235.28,0.0588,0.8823,26.5471
19.25,43.26,0.0855,0.897,0.0
8.52,311.61,0.0955,0.9025,30.5207
9.49,419.07,0.0625,0.8844,44.9201
2.62,423.84,0.1067,0.9087,58.3621
1.45,246.87,0.0533,0.8793,34.1644
8.4,127.78,0.0589,0.8824,3.1085
7.17,318.63,0.0576,0.8817,34.0922
9.88,366.66,0.1114,0.9113,36.5227
9.6,278.25,0.0598,0.8829,23.8383
4.57,130.13,0.1118,0.9115,11.1469
11.51,164.49,0.1129,0.9121,3.3429
2.84,427.07,0.1455,0.93,58.8796
7.52,133.77,0.0844,0.8964,5.8524
11.61,36.23,0.0908,0.8999,0.0
4.46,134.58,0.1157,0.9136,11.4068
9.53,109.53,0.0223,0.8623,0.0
18.63,454.53,0.1495,0.9322,33.6252
8.94,288.78,0.0323,0.8678,26.2766
13.77,294.4,0.0977,0.9037,18.2007
15.66,433.73,0.0591,0.8825,35.6916
14.49,219.37,0.0448,0.8746,6.0853
2.03,20.7,0.1244,0.9184,0.3725
9.0,128.94,0.0926,0.9009,2.5499
17.83,267.59,0.0964,0.903,6.5472
13.86,329.77,0.0735,0.8904,23.86
9.44,140.8,0.0703,0.8887,3.2709
3.42,269.46,0.0511,0.8781,34.0326
14.87,136.89,0.1499,0.9324,0.0493
1.25,400.71,0.0279,0.8653,57.9039
9.33,220.74,0.0239,0.8631,15.3371
1.37,444.66,0.0969,0.9033,63.855
12.89,297.93,0.0568,0.8812,20.4784
7.72,179.79,0.1141,0.9128,12.2102
5.6,241.3,0.0652,0.8859,25.7578
14.06,432.8,0.1257,0.9191,38.9718
8.31,474.24,0.0751,0.8913,55.5504
6.96,202.26,0.1049,0.9077,17.1228
8.0,434.52,0.0317,0.8674,50.4402
8.31,201.26,0.0842,0.8963,14.3055
2.03,135.69,0.1413,0.9277,16.4538
17.41,153.7,0.0951,0.9023,0.1516
19.02,245.78,0.0691,0.888,1.2367
6.49,151.04,0.0412,0.8727,10.6547
8.67,462.28,0.053,0.8791,52.9456
10.91,393.33,0.0212,0.8617,38.8581
8.67,373.2,0.1263,0.9195,40.0667
14.48,290.73,0.0753,0.8914,16.4393
8.8,127.58,0.0603,0.8832,2.2276
15.21,235.63,0.1331,0.9232,6.699
14.22,29.38,0.1341,0.9238,0.1908
4.05,484.81,0.1248,0.9186,64.7568
19.39,266.44,0.0447,0.8746,3.8632
12.66,15.15,0.0449,0.8747,0.1309
7.77,77.33,0.1136,0.9125,0.0
10.19,87.87,0.1207,0.9164,0.0
13.91,22.3,0.0711,0.8891,0.2074
0.71,146.57,0.1011,0.9056,20.6221
17.4,476.74,0.0668,0.8867,38.6721
11.91,473.85,0.0624,0.8843,48.9338
18.99,79.52,0.0647,0.8856,0.1709
14.45,390.89,0.1357,0.9246,31.0692
9.49,69.98,0.1212,0.9167,0.0
13.26,470.89,0.1479,0.9313,45.8677
16.72,228.25,0.0321,0.8677,3.0132
16.91,112.84,0.0284,0.8656,0.0
18.84,402.96,0.0478,0.8763,25.336
14.65,373.53,0.1197,0.9158,28.8839
5.19,40.19,0.0854,0.897,0.1562
11.04,313.76,0.1367,0.9252,26.6409
12.72,148.56,0.1058,0.9082,0.5719
3.78,309.42,0.0534,0.8794,39.4739
9.69,225.05,0.0317,0.8674,15.3872
5.86,286.52,0.0472,0.876,31.8838
10.91,102.64,0.0327,0.868,0.2792
12.53,354.47,0.024,0.8632,29.7588
4.41,317.11,0.0652,0.8859,39.2316
8.07,114.88,0.0462,0.8754,2.1146
2.62,122.66,0.065,0.8858,13.7346
14.25,196.95,0.1174,0.9146,2.8528
16.03,393.09,0.126,0.9193,28.7598
13.11,370.33,0.0615,0.8838,31.2691
15.83,281.71,0.1445,0.9295,12.5198
10.83,118.72,0.0924,0.9008,0.0
11.8,287.52,0.0469,0.8758,20.6468
13.27,410.23,0.1195,0.9157,36.5521
9.32,279.02,0.0755,0.8915,24.4308
12.47,414.01,0.1306,0.9218,38.8143
18.33,81.84,0.0602,0.8831,0.0
7.74,10.3,0.0834,0.8959,0.0573
17.97,104.04,0.0254,0.864,0.0
6.22,246.69,0.0386,0.8712,25.0867
9.41,417.83,0.0464,0.8755,45.1123
7.89,419.78,0.0949,0.9022,48.404
17.07,86.24,0.1337,0.9235,0.0078
10.46,240.59,0.0696,0.8883,16.604
10.25,397.49,0.0883,0.8986,40.3203
0.53,316.0,0.0418,0.873,46.2406
13.1,439.65,0.1012,0.9057,41.3961
1.9,485.84,0.1244,0.9184,69.1657
8.72,486.4,0.1185,0.9152,56.3955
12.17,386.23,0.0839,0.8961,35.0658
13.43,305.77,0.0471,0.8759,20.8484
8.2,251.69,0.094,0.9017,22.2713
4.85,428.82,0.1409,0.9275,55.5113
9.12,226.88,0.0936,0.9015,17.1972
8.37,222.24,0.0405,0.8723,17.836
19.23,107.77,0.0433,0.8738,0.1696
11.13,276.45,0.0753,0.8914,20.768
8.54,438.68,0.1226,0.9174,49.7659
4.56,370.34,0.0247,0.8636,46.9847
3.13,26.4,0.0769,0.8923,0.0843
17.06,184.06,0.0322,0.8677,0.0346
1.74,473.98,0.0958,0.9027,67.7575
7.64,296.57,0.1429,0.9286,30.0306
6.22,378.35,0.0588,0.8823,44.8254
9.66,138.11,0.1347,0.9241,2.4917
17.71,165.4,0.0375,0.8706,0.0
15.99,111.7,0.0302,0.8666,0.1408
8.83,129.56,0.1485,0.9317,2.7043
4.78,32.92,0.1022,0.9062,0.0
3.45,276.37,0.1398,0.9269,34.9198
12.51,79.79,0.0731,0.8902,0.0524
17.61,305.32,0.1168,0.9142,12.6448
6.89,370.94,0.0496,0.8773,42.3999
7.35,264.27,0.052,0.8786,26.0124
12.0,264.57,0.12,0.916,17.0735
9.88,414.28,0.1363,0.925,44.0622
12.74,68.21,0.0663,0.8865,0.2702
1.85,449.0,0.0984,0.9041,64.0305
0.75,261.26,0.0458,0.8752,37.7703
8.23,11.48,0.0873,0.898,0.1103
11.84,113.31,0.1467,0.9307,0.2751
4.28,251.25,0.0386,0.8712,29.6816
18.71,24.18,0.063,0.8846,0.2596
8.8,187.92,0.1052,0.9079,11.6946
1.39,357.27,0.0321,0.8677,51.0514
6.75,460.69,0.0741,0.8908,56.6628
6.86,91.01,0.0876,0.8982,1.0558
12.34,73.3,0.1299,0.9214,0.0
15.94,212.07,0.0531,0.8792,1.8567
16.79,192.84,0.0341,0.8688,0.0
6.81,197.24,0.133,0.9232,17.0993
14.95,190.58,0.1051,0.9078,0.6016
11.49,43.96,0.0263,0.8645,0.0784
11.21,379.66,0.1055,0.908,35.7144
5.16,198.81,0.0838,0.8961,19.7994
4.64,92.3,0.1117,0.9114,4.8627
14.59,16.99,0.1252,0.9189,0.0
2.77,399.8,0.0648,0.8856,54.8801
9.05,157.85,0.1056,0.9081,6.2551
19.23,248.57,0.038,0.8709,1.084
10.92,402.14,0.0895,0.8992,40.0341
11.72,342.98,0.1041,0.9073,29.6554
12.56,352.27,0.1442,0.9293,29.1721
16.13,170.05,0.053,0.8791,0.0
14.88,59.0,0.0322,0.8677,0.1977
6.47,471.65,0.0566,0.8811,58.6906
7.35,415.72,0.1411,0.9276,48.733
4.4,11.17,0.1416,0.9279,0.0
18.89,149.19,0.1126,0.9119,0.0
10.29,282.24,0.1393,0.9266,22.9258
1.21,264.84,0.1283,0.9206,37.4542
0.98,237.26,0.0728,0.89,33.7475
11.29,33.0,0.1133,0.9123,0.3252
5.21,58.49,0.0893,0.8991,0.0713
17.67,239.43,0.0724,0.8898,2.9772
11.93,202.87,0.0329,0.8681,7.7816
5.13,185.5,0.0983,0.9041,18.647
14.19,368.76,0.0408,0.8724,28.5182
8.06,462.1,0.0442,0.8743,54.0407
13.13,439.77,0.0493,0.8771,41.2762
9.06,250.96,0.0898,0.8994,20.9205
13.59,208.76,0.1306,0.9218,5.8199
18.15,157.84,0.1444,0.9294,0.0
9.15,412.95,0.1244,0.9184,44.7798
17.29,79.27,0.1073,0.909,0.0032
18.14,291.05,0.1104,0.9107,9.5014
5.56,189.51,0.0947,0.9021,18.1276
15.67,78.63,0.1115,0.9113,0.0149
9.46,130.42,0.0317,0.8674,1.9488
12.74,404.78,0.0953,0.9024,36.4667
9.07,74.99,0.0572,0.8815,0.2725
15.68,237.83,0.073,0.8901,6.1499
1.0,374.57,0.0663,0.8865,54.3677
11.44,101.64,0.0933,0.9013,0.0
19.89,341.07,0.0564,0.881,13.6915
13.16,210.0,0.1083,0.9096,7.1866
19.25,468.01,0.133,0.9232,34.195
13.6,425.81,0.1177,0.9147,38.1303
19.63,239.34,0.0338,0.8686,0.0
6.7,364.06,0.1335,0.9234,42.0794
7.0,328.57,0.0617,0.8839,36.0775
2.46,467.57,0.0434,0.8739,65.4217
5.63,119.29,0.08,0.894,7.2865
7.96,369.22,0.0211,0.8616,40.2823
5.36,147.11,0.0694,0.8882,12.1064
8.03,326.56,0.0304,0.8667,34.0314
0.96,127.05,0.1489,0.9319,17.3165
18.75,419.43,0.1379,0.9258,27.3855
13.73,173.06,0.047,0.8759,0.1711
13.74,274.68,0.1137,0.9125,15.5387
3.44,471.11,0.0516,0.8784,64.2764
5.99,331.03,0.1151,0.9133,38.189
11.76,102.61,0.0514,0.8783,0.0
7.27,185.28,0.1151,0.9133,14.3921
5.12,90.53,0.0577,0.8817,3.8279
18.94,278.88,0.0341,0.8688,6.127
9.64,443.08,0.0257,0.8641,48.2299
12.83,224.56,0.025,0.8638,9.5907
1.62,18.38,0.0565,0.8811,0.0
15.56,352.77,0.1322,0.9227,23.8899
3.8,63.27,0.0315,0.8673,2.6322
2.13,300.07,0.1294,0.9212,41.2172
18.3,350.92,0.0475,0.8761,18.6482
6.18,160.59,0.0289,0.8659,12.567
0.82,388.62,0.0256,0.8641,56.8248
4.92,194.43,0.0458,0.8752,20.0888
4.57,278.38,0.1378,0.9258,33.4381
8.98,159.09,0.1443,0.9294,7.0224
6.72,237.4,0.0562,0.8809,22.9147
0.77,175.51,0.0438,0.8741,24.9403
11.85,59.88,0.0365,0.8701,0.0
12.45,260.71,0.0938,0.9016,15.5105
16.85,426.89,0.12,0.916,32.3147
3.71,421.46,0.1013,0.9057,56.2382
8.07,169.66,0.0629,0.8846,10.3113
8.81,216.7,0.0412,0.8727,16.0537
4.33,180.94,0.0624,0.8843,19.1292
19.24,196.2,0.0267,0.8647,0.4771
8.6,331.64,0.0708,0.8889,33.3606
7.81,130.28,0.0642,0.8853,4.6132
17.85,348.51,0.0462,0.8754,18.7594
6.76,275.31,0.1375,0.9256,28.5149
11.36,191.0,0.1146,0.913,7.4312
13.06,379.02,0.0788,0.8933,32.3261
15.19,413.72,0.0294,0.8662,33.4922
12.65,379.89,0.0474,0.8761,33.2473
13.76,112.05,0.1219,0.917,0.0609
18.81,110.61,0.0694,0.8882,0.0
8.13,339.74,0.0743,0.8909,35.1706
19.88,118.04,0.0576,0.8817,0.0
4.54,324.41,0.1371,0.9254,40.3335
2.1,219.97,0.0215,0.8618,28.8566
19.15,317.39,0.0863,0.8975,11.6654
13.28,58.24,0.1278,0.9203,0.0
7.51,479.46,0.0257,0.8641,57.9232
7.31,199.51,0.0994,0.9047,16.1468
15.74,449.0,0.059,0.8824,37.8782
4.36,59.47,0.1022,0.9062,0.8422
16.7,163.96,0.0992,0.9046,0.1197
12.33,256.81,0.0312,0.8672,15.4411
11.24,57.59,0.035,0.8692,0.0
14.35,423.92,0.0901,0.8996,36.8023
17.35,86.56,0.0902,0.8996,0.0
1.83,446.56,0.099,0.9044,63.5296
10.53,386.22,0.0934,0.9014,37.9121
13.18,360.34,0.0222,0.8622,29.1162
8.55,67.42,0.1361,0.9249,0.0
14.26,52.41,0.1366,0.9251,0.0
7.75,82.96,0.0275,0.8651,0.0
6.36,41.37,0.0474,0.8761,0.1716
8.59,419.03,0.0794,0.8937,46.6728
14.75,166.63,0.0226,0.8624,0.0
1.72,461.0,0.0583,0.8821,65.9961
13.55,460.03,0.1112,0.9112,43.7689
2.58,469.55,0.0352,0.8694,65.8834
5.6,21.65,0.1184,0.9151,0.0
3.85,480.65,0.1236,0.918,65.2653
17.69,278.65,0.0773,0.8925,8.2808
15.85,489.83,0.0792,0.8936,43.489
16.35,204.43,0.0794,0.8937,0.2532
11.04,136.36,0.0308,0.8669,0.0
15.92,462.53,0.0894,0.8992,39.6759
11.72,299.19,0.1458,0.9302,22.4579
3.21,200.1,0.071,0.8891,23.8251
15.56,209.58,0.1279,0.9203,2.2557
6.4,237.43,0.1107,0.9109,23.4398
11.71,456.59,0.0904,0.8997,46.5743
5.08,244.13,0.1247,0.9186,27.1093
16.39,475.56,0.0489,0.8769,40.6982
3.59,413.66,0.1469,0.9308,55.5191
7.7,317.7,0.0396,0.8718,33.3479
17.01,146.85,0.084,0.8962,0.0
14.83,109.95,0.1263,0.9195,0.0
19.2,96.96,0.104,0.9072,0.0
10.39,117.55,0.0968,0.9032,0.0
6.89,230.04,0.0681,0.8875,21.3715
6.07,409.14,0.0933,0.9013,49.9134
11.68,141.41,0.1215,0.9168,0.0
11.8,388.46,0.1369,0.9253,36.3971
7.85,416.65,0.1407,0.9274,47.6691
4.01,402.61,0.1266,0.9196,52.9019
12.48,115.01,0.1368,0.9252,0.0
11.38,444.01,0.1243,0.9184,45.4206
7.08,372.33,0.055,0.8802,42.5587
4.23,319.02,0.0974,0.9036,39.9389
0.72,248.08,0.072,0.8896,35.5446
7.08,323.63,0.099,0.9044,35.4359
15.56,48.89,0.1049,0.9077,0.2663
1.45,368.94,0.094,0.9017,52.5211
10.28,272.46,0.0695,0.8882,21.8063
2.97,136.81,0.0819,0.895,14.7214
12.07,461.08,0.0983,0.9041,46.5261
19.78,287.43,0.0435,0.8739,5.9067
13.89,201.1,0.14,0.927,4.1329
7.78,154.61,0.1114,0.9113,8.3785
19.26,204.46,0.1244,0.9184,0.0
11.15,210.35,0.1268,0.9197,10.6352
15.6,15.15,0.0365,0.8701,0.0
19.66,411.96,0.058,0.8819,25.0063
5.69,207.62,0.027,0.8649,20.6603
6.71,427.42,0.0567,0.8812,51.3777
0.98,415.63,0.0276,0.8652,60.2418
19.76,272.87,0.1248,0.9186,3.5902
13.3,90.0,0.0351,0.8693,0.0
5.98,487.99,0.093,0.9012,62.0851
14.0,122.21,0.1134,0.9124,0.1306
19.58,279.74,0.1173,0.9145,5.3338
14.49,310.48,0.0508,0.8779,19.4005
0.66,312.39,0.0451,0.8748,45.6925
0.58,309.97,0.0527,0.879,45.1631
16.58,458.41,0.1176,0.9147,37.624
5.49,315.15,0.0367,0.8702,36.592
9.07,275.26,0.0918,0.9005,24.4677
17.12,230.99,0.0339,0.8686,2.5738
13.1,120.01,0.0934,0.9014,0.3536
6.39,457.12,0.1134,0.9124,56.5303
8.07,177.63,0.116,0.9138,11.4272
17.87,75.67,0.0249,0.8637,0.0
2.3,114.41,0.0323,0.8678,12.7378
3.91,323.62,0.1383,0.9261,41.3603
9.84,438.02,0.0638,0.8851,47.2862
12.02,441.21,0.0372,0.8705,43.5928
16.74,290.09,0.1158,0.9137,12.1606
3.31,341.86,0.119,0.9154,45.0394
16.38,72.77,0.1127,0.912,0.0
19.29,431.15,0.0744,0.8909,28.6777
6.14,354.34,0.0614,0.8838,41.6818
8.54,495.99,0.0735,0.8904,58.5715
12.1,53.22,0.0836,0.896,0.0
16.12,314.17,0.1349,0.9242,16.776
15.07,241.25,0.134,0.9237,7.7946
3.32,328.1,0.1082,0.9095,43.4717
12.8,308.11,0.0851,0.8968,21.88
0.64,215.42,0.1074,0.9091,31.09
8.0,195.18,0.1082,0.9095,14.3887
13.8,270.38,0.1439,0.9291,14.6048
6.96,419.62,0.1028,0.9065,49.899
15.84,15.95,0.13,0.9215,0.0668
14.16,327.48,0.067,0.8869,22.3374
14.65,56.22,0.0535,0.8794,0.0
14.05,109.21,0.1002,0.9051,0.0
16.8,273.67,0.1418,0.928,9.4818
19.47,320.23,0.1322,0.9227,11.3531
14.07,199.3,0.0333,0.8683,3.6654
9.55,363.62,0.0895,0.8992,36.5044
17.15,57.6,0.121,0.9165,0.0537
8.33,109.44,0.0416,0.8729,1.0379
12.95,233.88,0.027,0.8649,10.6141
16.51,402.54,0.1124,0.9118,29.3712
4.88,145.98,0.1401,0.9271,12.4172
1.55,470.78,0.0833,0.8958,67.8653
13.88,435.23,0.0332,0.8683,39.0554
0.97,101.53,0.0349,0.8692,13.4564
17.46,91.36,0.064,0.8852,0.0
16.21,114.97,0.0973,0.9035,0.0
15.05,250.45,0.0356,0.8696,9.3722
9.18,36.65,0.0451,0.8748,0.0
13.35,26.74,0.0693,0.8881,0.0
18.52,78.04,0.1261,0.9194,0.0
17.99,162.56,0.1141,0.9128,0.079
6.82,327.7,0.128,0.9204,35.9354
17.37,105.4,0.15,0.9325,0.0
5.73,237.33,0.0903,0.8997,24.5671
16.01,87.27,0.0301,0.8666,0.2374
18.46,283.99,0.1397,0.9268,7.709
0.83,249.84,0.0925,0.9009,36.0736
15.49,306.68,0.1347,0.9241,16.8632
11.31,268.35,0.1389,0.9264,18.9201
17.69,146.39,0.1116,0.9114,0.0
7.58,275.37,0.0879,0.8983,27.325
10.23,40.12,0.0416,0.8729,0.0
4.48,105.35,0.0563,0.881,7.5136
0.93,87.74,0.0202,0.8611,11.5902
6.6,34.66,0.0327,0.868,0.0
12.18,205.4,0.037,0.8703,7.8235
10.44,214.96,0.0886,0.8987,12.9398
13.65,67.44,0.1206,0.9163,0.0
9.56,58.21,0.0733,0.8903,0.0
20.0,350.63,0.1214,0.9168,15.0897
18.32,168.91,0.0924,0.9008,0.0
3.23,103.8,0.0517,0.8784,9.4475
16.78,456.53,0.0952,0.9024,36.6346
8.06,116.08,0.0713,0.8892,2.6738
17.99,325.94,0.0373,0.8705,14.9582
14.74,479.67,0.091,0.9001,44.4978
18.11,221.05,0.1353,0.9244,0.0811
6.58,117.54,0.1277,0.9202,5.0209
16.41,144.04,0.1291,0.921,0.1216
14.49,376.3,0.0706,0.8888,29.4142
18.08,247.55,0.0741,0.8908,3.0992
6.33,320.21,0.101,0.9055,36.1646
18.19,125.64,0.1152,0.9134,0.0
2.52,472.06,0.1135,0.9124,66.1703
10.01,410.45,0.024,0.8632,43.0268
17.2,209.89,0.1179,0.9148,0.0
12.06,470.56,0.1349,0.9242,48.143
12.91,297.68,0.128,0.9204,20.1817
13.54,83.36,0.0684,0.8876,0.0
1.34,124.54,0.1227,0.9175,16.3669
12.26,480.27,0.0332,0.8683,49.3007
7.27,237.3,0.1394,0.9267,21.9623
17.78,117.55,0.1459,0.9302,0.0961
4.16,331.31,0.0925,0.9009,41.8962
8.49,51.7,0.1158,0.9137,0.0
8.86,253.82,0.0266,0.8646,21.514
15.75,469.2,0.0373,0.8705,40.8187
10.08,380.46,0.128,0.9204,38.4276
10.58,165.7,0.078,0.8929,4.6402
2.8,485.78,0.1328,0.923,67.7075
1.74,471.91,0.0349,0.8692,67.6256
16.4,427.05,0.1073,0.909,33.4097
17.59,163.75,0.1266,0.9196,0.2183
12.99,346.65,0.1275,0.9201,27.8386
10.61,148.68,0.0398,0.8719,2.2462
11.16,64.04,0.0425,0.8734,0.0
14.01,88.79,0.1494,0.9322,0.0722
15.04,427.76,0.1203,0.9162,35.7059
19.17,472.64,0.0963,0.903,35.2667
16.8,448.16,0.1264,0.9195,35.3927
16.02,397.15,0.1313,0.9222,29.915
16.13,182.02,0.0303,0.8667,0.0151
11.37,300.73,0.0652,0.8859,23.387
0.53,457.89,0.0779,0.8928,67.8323
5.45,291.53,0.1325,0.9229,33.5856
16.42,499.73,0.0952,0.9024,44.2731
12.02,405.26,0.1377,0.9257,38.2138
19.97,314.8,0.0786,0.8932,9.6958
1.61,249.12,0.0327,0.868,34.2827
9.26,288.1,0.0816,0.8949,25.7039
10.76,101.73,0.0284,0.8656,0.0775
4.23,301.24,0.1442,0.9293,37.4024
9.6,287.75,0.0234,0.8629,25.1318
12.79,373.8,0.1072,0.909,32.1557
16.88,243.35,0.111,0.9111,4.9204
11.74,330.13,0.0371,0.8704,27.5131
9.12,472.98,0.0937,0.9015,53.7973
18.52,221.68,0.0453,0.8749,0.1663
19.96,137.68,0.0503,0.8777,0.373
8.06,424.06,0.0863,0.8975,48.4761
16.25,377.47,0.1355,0.9245,26.0613
11.85,197.17,0.1442,0.9293,7.2904
1.27,440.1,0.1109,0.911,63.4088
10.97,288.64,0.1364,0.925,22.6451
19.62,348.84,0.0513,0.8782,15.3861
3.33,474.3,0.0803,0.8942,64.9965
11.53,483.96,0.0598,0.8829,51.0074
16.13,187.17,0.0756,0.8916,0.179
7.68,465.65,0.0432,0.8738,55.3417
10.04,139.78,0.1225,0.9174,2.2015
8.0,76.72,0.0414,0.8728,0.0
1.87,446.65,0.1007,0.9054,63.5441
7.55,349.25,0.0611,0.8836,37.9837
17.44,405.51,0.0893,0.8991,28.3019
10.2,109.72,0.0685,0.8877,0.0427
7.23,341.3,0.1458,0.9302,37.7514
15.95,253.32,0.1415,0.9278,8.1451
13.26,129.98,0.0382,0.871,0.0
5.14,442.38,0.082,0.8951,57.0012
7.47,139.24,0.0543,0.8799,6.6016
9.61,440.41,0.1157,0.9136,47.802
17.34,435.79,0.0862,0.8974,33.0475
3.08,252.31,0.0484,0.8766,32.0243
18.68,221.94,0.1004,0.9052,0.0874
15.54,94.53,0.0852,0.8969,0.0
10.53,346.28,0.0431,0.8737,32.003
12.93,229.03,0.0843,0.8964,9.7591
12.14,137.7,0.111,0.9111,0.1688
18.46,204.08,0.1404,0.9272,0.0
15.35,162.59,0.0907,0.8999,0.1498
20.0,174.82,0.1365,0.9251,0.0
16.49,265.52,0.0875,0.8981,8.5268
15.39,264.49,0.0557,0.8806,11.0383
19.87,322.69,0.0545,0.88,11.0279
11.26,260.19,0.0827,0.8955,17.8456
4.47,389.63,0.1116,0.9114,50.2615
6.46,103.31,0.1172,0.9145,2.9607
4.99,340.46,0.0866,0.8976,41.7753
12.77,437.19,0.0541,0.8798,41.5992
3.82,151.76,0.1072,0.909,15.5323
1.71,356.02,0.1356,0.9246,50.3642
17.33,14.69,0.1148,0.9131,0.0
4.0,52.79,0.1087,0.9098,0.4039
2.91,256.91,0.1165,0.9141,33.0192
10.57,314.92,0.1445,0.9295,27.822
2.87,461.06,0.1135,0.9124,63.853
19.57,222.29,0.1419,0.928,0.096
7.36,322.48,0.1464,0.9305,34.3394
19.34,41.68,0.1122,0.9117,0.0
5.9,187.9,0.1084,0.9096,17.1541
6.32,131.55,0.0734,0.8904,8.1336
11.78,92.53,0.0664,0.8865,0.1428
16.29,80.58,0.1166,0.9141,0.0
14.06,264.0,0.1194,0.9157,13.4142
17.15,92.06,0.0783,0.8931,0.0
15.04,221.75,0.0446,0.8745,5.3545
3.63,262.42,0.1436,0.929,32.8053
19.09,71.69,0.0416,0.8729,0.0437
5.99,210.53,0.0923,0.9008,20.0037
12.6,149.28,0.054,0.8797,0.0
4.64,154.13,0.1322,0.9227,14.3959
16.04,459.53,0.0608,0.8834,38.5269
10.63,12.52,0.1414,0.9278,0.0807
19.14,160.66,0.0446,0.8745,0.0
4.73,225.75,0.0501,0.8776,24.9932
1.01,123.38,0.0829,0.8956,16.8127
6.1,323.57,0.0541,0.8798,36.9509
3.91,86.95,0.0901,0.8996,5.5822
3.81,121.43,0.1097,0.9103,10.9519
9.33,139.2,0.0754,0.8915,3.1584
5.92,11.67,0.1402,0.9271,0.0
7.82,243.68,0.074,0.8907,21.9886
10.13,272.88,0.0704,0.8887,22.1332
17.9,197.37,0.0299,0.8664,0.0
15.36,319.41,0.0313,0.8672,19.1016
4.49,390.69,0.1048,0.9076,50.0659
8.22,97.63,0.0878,0.8983,0.0297
14.38,389.01,0.1039,0.9071,31.3247
10.36,113.34,0.1357,0.9246,0.1319
7.52,42.55,0.088,0.8984,0.0
14.51,74.7,0.0627,0.8845,0.0
4.48,16.75,0.033,0.8681,0.0
6.63,416.19,0.1411,0.9276,49.7397
4.31,317.75,0.0277,0.8652,39.611
8.3,384.21,0.0834,0.8959,41.9552
13.58,188.14,0.1206,0.9163,2.3958
13.6,57.54,0.1102,0.9106,0.2177
7.61,457.51,0.0629,0.8846,54.2166
3.25,319.3,0.098,0.9039,41.6382
2.16,347.39,0.0731,0.8902,47.9263
2.85,220.59,0.0871,0.8979,27.6323
0.51,107.42,0.1454,0.93,14.9661
15.92,380.74,0.0488,0.8768,27.4917
7.92,115.26,0.0587,0.8823,2.4473
19.39,199.04,0.0672,0.887,0.4075
3.89,328.83,0.1406,0.9273,41.6985
5.27,455.28,0.0753,0.8914,58.3398
9.22,134.03,0.0588,0.8823,2.6789
1.4,176.73,0.1297,0.9213,24.0435
14.09,38.18,0.0426,0.8734,0.0
3.45,97.77,0.0899,0.8994,8.1644
15.05,436.84,0.051,0.878,37.5197
5.2,423.07,0.0266,0.8646,53.5688
1.5,92.72,0.133,0.9232,11.2389
7.86,250.62,0.0811,0.8946,22.9555
13.2,163.01,0.0553,0.8804,0.0
5.77,52.5,0.1267,0.9197,0.0969
10.82,61.71,0.0282,0.8655,0.0
18.19,75.52,0.1435,0.9289,0.0
17.55,265.61,0.0562,0.8809,6.6619
5.07,420.01,0.1164,0.914,53.6715
13.06,476.4,0.0652,0.8859,46.7736
15.84,465.96,0.0314,0.8673,39.9139
17.19,224.53,0.0724,0.8898,1.6131
11.1,221.77,0.1399,0.9269,12.7752
12.38,115.33,0.1075,0.9091,0.0
1.1,279.93,0.1201,0.9161,39.8803
11.65,111.34,0.0719,0.8895,0.1256
12.56,85.12,0.0246,0.8635,0.1693
18.07,40.78,0.0449,0.8747,0.0
0.65,164.03,0.1359,0.9247,23.6557
6.88,142.53,0.1091,0.91,8.3685
2.27,256.13,0.0977,0.9037,34.0944
3.8,202.6,0.0919,0.9005,23.2594
4.1,328.88,0.0938,0.9016,42.1104
5.49,198.23,0.1359,0.9247,19.3465
10.17,78.28,0.0496,0.8773,0.0355
9.83,184.25,0.0657,0.8861,9.2975
13.33,152.07,0.1227,0.9175,0.3416
8.85,177.05,0.0203,0.8612,9.8235
15.72,377.65,0.1449,0.9297,27.1107
19.78,122.22,0.0602,0.8831,0.0653
13.64,139.35,0.0431,0.8737,0.0
1.66,355.86,0.1197,0.9158,50.2368
2.17,408.06,0.0804,0.8942,57.1289
13.8,367.0,0.081,0.8945,29.1674
3.64,209.72,0.0452,0.8749,24.6162
16.66,346.62,0.0282,0.8655,20.9761
1.41,226.41,0.0808,0.8944,31.2059
18.18,239.49,0.1027,0.9065,1.928
9.53,439.05,0.06,0.883,48.0476
11.07,159.41,0.0912,0.9002,2.9676
19.86,274.23,0.0369,0.8703,3.6004
14.96,78.9,0.1207,0.9164,0.0
9.92,131.89,0.1004,0.9052,0.5813
14.67,319.42,0.0362,0.8699,20.5453
6.52,273.32,0.1262,0.9194,28.8379
7.71,448.43,0.1421,0.9282,52.4585
9.76,404.0,0.0355,0.8695,42.1816
9.72,402.37,0.1014,0.9058,42.033
0.73,207.71,0.0956,0.9026,29.3005
19.35,417.39,0.0545,0.88,26.2933
1.04,339.74,0.0695,0.8882,49.153
16.18,478.07,0.0844,0.8964,41.2637
11.63,405.27,0.0295,0.8662,39.2915
3.91,87.43,0.0699,0.8884,5.462
2.96,377.03,0.0329,0.8681,50.9887
15.85,186.87,0.0364,0.87,0.0
4.39,216.06,0.0275,0.8651,24.2955
17.64,51.07,0.0517,0.8784,0.083
11.13,429.74,0.0412,0.8727,43.4835
6.91,165.17,0.0637,0.885,11.6881
18.77,29.51,0.076,0.8918,0.1876
10.53,142.28,0.1016,0.9059,1.4725
18.73,220.29,0.0389,0.8714,0.3687
12.73,348.6,0.1415,0.9278,28.8367
10.77,190.24,0.1073,0.909,8.197
7.28,329.64,0.0925,0.9009,36.2125
9.75,481.6,0.0818,0.895,53.9787
3.33,326.79,0.1003,0.9052,42.6272
14.35,252.13,0.0425,0.8734,10.4208
18.58,171.49,0.0869,0.8978,0.347
5.9,125.33,0.1179,0.9148,7.7133
13.6,189.19,0.1091,0.91,2.6766
16.48,114.89,0.1495,0.9322,0.1858
17.86,88.38,0.1261,0.9194,0.0095
16.13,85.4,0.0753,0.8914,0.3781
19.24,377.36,0.0248,0.8636,20.5084
16.92,352.65,0.0262,0.8644,21.2268
7.31,89.09,0.0733,0.8903,0.0
10.43,150.61,0.0352,0.8694,2.9479
10.33,123.31,0.0774,0.8926,0.1441
10.36,427.71,0.1414,0.9278,44.8548
8.32,83.36,0.1156,0.9136,0.0
6.03,223.59,0.1006,0.9053,22.1306
8.12,440.67,0.1359,0.9247,51.1165
4.1,266.38,0.0959,0.9027,32.5212
12.61,184.01,0.0676,0.8872,4.1245
7.58,100.73,0.0939,0.9016,1.0279
1.22,170.26,0.071,0.8891,23.1559
15.08,336.82,0.0689,0.8879,22.1139
16.29,142.88,0.0969,0.9033,0.0158
8.78,238.09,0.1307,0.9219,19.3875
5.95,46.11,0.0984,0.9041,0.0
6.53,85.38,0.0959,0.9027,0.5451
19.54,47.65,0.1125,0.9119,0.0114
15.45,443.04,0.0431,0.8737,37.5241
18.32,82.07,0.0473,0.876,0.1264
12.09,114.88,0.0658,0.8862,0.0
1.79,255.81,0.0731,0.8902,35.6426
11.03,294.53,0.0566,0.8811,23.4457
5.92,371.11,0.076,0.8918,44.9184
14.21,306.49,0.0958,0.9027,19.2189
15.5,408.68,0.0492,0.8771,32.5561
14.62,417.43,0.0412,0.8727,34.9676
3.73,174.29,0.1153,0.9134,19.203
9.44,212.93,0.0551,0.8803,14.3183
3.92,14.68,0.037,0.8703,0.0
1.77,203.16,0.1039,0.9071,27.1442
4.99,76.85,0.044,0.8742,2.4223
14.72,273.0,0.0807,0.8944,13.6966
12.31,332.36,0.0742,0.8908,26.6085
18.32,362.71,0.1384,0.9261,20.2628
0.92,159.59,0.1412,0.9277,22.2437
3.17,390.64,0.0396,0.8718,52.3716
0.98,23.81,0.1196,0.9158,1.7808
15.57,14.73,0.1342,0.9238,0.0
16.84,285.55,0.0237,0.863,11.4206
9.53,182.72,0.1464,0.9305,9.3941
2.08,189.87,0.0876,0.8982,24.6752
1.49,307.55,0.0655,0.886,43.4388
15.63,347.74,0.1092,0.9101,22.7565
16.4,388.52,0.136,0.9248,27.3907
11.58,174.99,0.0952,0.9024,4.7082
15.41,59.05,0.0877,0.8982,0.3185
6.93,51.43,0.0492,0.8771,0.0
16.54,413.07,0.0317,0.8674,30.8408
19.61,292.41,0.0651,0.8858,7.1455
4.94,352.21,0.0586,0.8822,43.4432
12.38,322.71,0.0421,0.8732,24.7032
9.47,211.62,0.0805,0.8943,13.9256
11.7,99.89,0.1323,0.9228,0.2164
16.37,388.3,0.1067,0.9087,27.3677
9.4,472.82,0.0978,0.9038,53.3321
10.21,222.66,0.1389,0.9264,14.7976
13.34,281.19,0.1268,0.9197,17.1013
5.4,341.84,0.0708,0.8889,41.31
4.39,227.44,0.1291,0.921,26.1484
11.97,374.65,0.1236,0.918,33.7322
2.85,442.02,0.1023,0.9063,61.0819
17.03,97.49,0.0757,0.8916,0.0
17.45,146.94,0.1162,0.9139,0.0
18.69,339.55,0.0443,0.8744,16.2078
9.09,441.58,0.1232,0.9178,49.3821
1.83,77.35,0.1437,0.929,8.0564
17.28,222.8,0.0899,0.8994,0.9323
18.82,85.26,0.0284,0.8656,0.0491
17.34,131.62,0.0434,0.8739,0.1774
12.42,449.89,0.082,0.8951,44.2537
9.76,317.6,0.1072,0.909,29.3021
8.44,330.12,0.1158,0.9137,33.5101
19.17,425.1,0.0407,0.8724,27.7787
19.22,141.32,0.0244,0.8634,0.1073
9.74,62.88,0.1057,0.9081,0.0107
3.98,252.02,0.027,0.8649,30.6895
7.92,436.71,0.0352,0.8694,50.6827
7.59,49.0,0.0937,0.9015,0.0
19.07,155.31,0.1257,0.9191,0.0
3.6,225.26,0.1353,0.9244,27.2688
3.88,305.66,0.0573,0.8815,38.3027
5.82,111.81,0.044,0.8742,5.9253
6.83,242.48,0.1412,0.9277,23.5619
2.78,192.14,0.1087,0.9098,23.7123
15.13,391.88,0.065,0.8858,30.4531
16.69,146.18,0.0926,0.9009,0.0
11.28,222.42,0.1192,0.9156,12.2619
0.92,60.51,0.1119,0.9115,7.3703
4.96,187.03,0.0201,0.8611,18.9231
2.05,318.33,0.0229,0.8626,44.1274
1.6,334.47,0.0405,0.8723,47.3379
16.53,240.12,0.0215,0.8618,5.2647
6.36,281.0,0.0342,0.8688,30.4421
12.97,330.76,0.0349,0.8692,25.4811
13.87,419.74,0.0936,0.9015,37.0692
10.71,326.39,0.0632,0.8848,28.8127
19.66,126.63,0.1128,0.912,0.0
6.42,330.08,0.1404,0.9272,37.5627
13.08,18.7,0.1184,0.9151,0.0
5.6,429.92,0.1187,0.9153,54.3802
0.81,28.43,0.0373,0.8705,2.8065
15.15,72.37,0.1347,0.9241,0.0233
17.98,315.47,0.0256,0.8641,13.6334
1.09,441.61,0.0758,0.8917,64.2173
1.29,167.63,0.0696,0.8883,22.7649
14.79,159.0,0.1369,0.9253,0.1669
5.46,269.61,0.0756,0.8916,30.0189
12.12,178.19,0.0283,0.8656,3.526
12.77,307.32,0.0622,0.8842,22.1553
6.06,151.92,0.0235,0.8629,11.3992
15.59,28.49,0.033,0.8681,0.3107
4.11,435.7,0.0945,0.902,57.7621
2.32,129.6,0.0438,0.8741,14.9193
8.9,144.06,0.0934,0.9014,5.0468
1.02,312.68,0.0665,0.8866,45.1869
15.95,153.69,0.1479,0.9313,0.2245
2.87,111.45,0.1015,0.9058,11.361
7.71,437.56,0.0405,0.8723,50.9086
10.51,249.91,0.1476,0.9312,17.9728
1.44,154.81,0.0507,0.8779,20.4127
16.28,288.75,0.0849,0.8967,13.0702
3.2,103.26,0.1138,0.9126,9.5514
9.75,293.71,0.0907,0.8999,26.1159
16.93,267.43,0.1492,0.9321,8.3517
2.62,236.63,0.0464,0.8755,30.513
6.77,442.81,0.1006,0.9053,53.796
13.1,264.96,0.1056,0.9081,15.1457
18.93,232.73,0.0487,0.8768,0.1697
17.09,45.12,0.0385,0.8712,0.0331
5.68,439.46,0.055,0.8802,55.0078
19.19,270.58,0.0691,0.888,4.5901
7.2,281.5,0.1141,0.9128,28.3226
8.46,122.76,0.1464,0.9305,2.5074
17.05,372.78,0.118,0.9149,23.8221
9.31,278.21,0.1089,0.9099,24.2512
8.35,355.46,0.0236,0.863,37.5971
4.17,122.35,0.1213,0.9167,10.6873
12.51,255.2,0.0408,0.8724,14.5347
17.27,182.29,0.1448,0.9296,0.0
16.07,190.94,0.1431,0.9287,0.0
19.7,340.13,0.1495,0.9322,14.0089
17.95,65.11,0.1377,0.9257,0.2893
16.4,56.76,0.0304,0.8667,0.0
2.55,133.13,0.0326,0.8679,14.9557
12.08,410.39,0.0201,0.8611,38.8557
4.37,57.62,0.0649,0.8857,0.7301
14.93,142.13,0.0894,0.8992,0.1104
1.71,473.27,0.0451,0.8748,67.7456
1.01,373.25,0.1077,0.9092,53.9594
13.14,126.2,0.0859,0.8972,0.1778
6.6,413.0,0.1081,0.9095,50.1228
6.76,81.84,0.0692,0.8881,0.0
3.65,50.83,0.0998,0.9049,0.6099
7.2,69.73,0.0318,0.8675,0.0711
9.75,345.32,0.0231,0.8627,33.6252
18.18,129.77,0.0762,0.8919,0.215
16.85,461.5,0.1122,0.9117,37.8119
15.14,198.43,0.1389,0.9264,1.4177
11.37,436.74,0.1051,0.9078,43.9503
3.42,480.13,0.1002,0.9051,65.1708
16.57,401.52,0.0795,0.8937,29.111
1.7,106.64,0.0262,0.8644,12.7769
18.49,309.23,0.0644,0.8854,11.7227
1.66,174.38,0.0568,0.8812,22.9197
15.14,42.26,0.05,0.8775,0.0655
15.69,224.06,0.1342,0.9238,3.8287
4.96,110.35,0.0446,0.8745,7.2452
14.15,410.33,0.0568,0.8812,34.94
13.11,365.05,0.06,0.883,30.1607
10.05,478.52,0.0998,0.9049,53.2856
19.01,448.36,0.045,0.8748,31.9009
14.76,201.4,0.0762,0.8919,2.5968
12.33,229.93,0.0539,0.8796,11.5654
19.76,442.81,0.0718,0.8895,29.5197
3.52,24.23,0.099,0.9044,0.0
4.07,49.55,0.0789,0.8934,0.0296
17.0,419.58,0.0925,0.9009,31.3898
17.65,76.76,0.0928,0.901,0.1772
12.31,148.84,0.0267,0.8647,0.0
14.96,231.93,0.1304,0.9217,6.8017
19.36,144.63,0.1439,0.9291,0.0759
13.09,474.08,0.1271,0.9199,46.789
1.09,487.38,0.1102,0.9106,71.4342
3.17,413.28,0.1193,0.9156,55.8002
18.95,96.56,0.0346,0.869,0.1247
17.06,317.7,0.0917,0.9004,15.4497
4.43,423.0,0.0528,0.879,55.7228
6.47,458.76,0.0965,0.9031,57.1538
0.61,82.82,0.1392,0.9266,11.1036
12.37,252.84,0.0734,0.8904,14.6106
9.18,166.71,0.0753,0.8914,7.8412
6.81,350.76,0.1243,0.9184,39.5828
16.26,296.31,0.1109,0.911,13.3118
2.29,119.19,0.1026,0.9064,13.0178
9.63,147.28,0.0271,0.8649,4.1542
16.59,426.55,0.1214,0.9168,32.837
16.71,193.47,0.0934,0.9014,0.1641
1.2,315.76,0.0418,0.873,45.096
19.54,331.22,0.1123,0.9118,13.1943
4.13,106.92,0.0398,0.8719,8.3313
5.66,476.18,0.0557,0.8806,60.8022
14.33,21.8,0.1066,0.9086,0.0
13.15,406.35,0.0792,0.8936,36.0539
1.33,410.63,0.1274,0.9201,59.1206
19.38,161.0,0.0964,0.903,0.2083
18.88,76.92,0.0788,0.8933,0.0
2.08,136.43,0.0258,0.8642,16.6673
18.53,412.79,0.1387,0.9263,27.1622
13.86,232.65,0.1282,0.9205,8.9194
15.57,184.32,0.1211,0.9166,0.2325
12.04,108.18,0.0298,0.8664,0.0877
4.74,92.73,0.1228,0.9175,4.9294
14.56,107.73,0.0356,0.8696,0.0
10.97,180.97,0.0753,0.8914,6.6264
14.98,223.89,0.0299,0.8664,5.5457
8.45,22.99,0.1121,0.9117,0.0
16.08,84.52,0.0434,0.8739,0.0
14.75,299.35,0.0523,0.8788,17.2285
4.36,278.24,0.1095,0.9102,33.8645
12.67,296.14,0.0909,0.9,20.7177
7.38,112.28,0.0598,0.8829,2.9082
16.82,473.01,0.0452,0.8749,39.3881
2.01,152.21,0.1421,0.9282,19.1448
6.25,429.18,0.032,0.8676,52.7899
8.34,73.04,0.0562,0.8809,0.1888
16.19,185.95,0.0724,0.8898,0.0
6.35,346.61,0.1374,0.9256,39.9247
16.48,204.27,0.0235,0.8629,0.0
15.68,235.19,0.0892,0.8991,5.6853
5.5,467.94,0.0572,0.8815,59.5541
4.17,311.91,0.0669,0.8868,38.8444
5.11,274.31,0.0919,0.9005,31.4496
7.39,427.9,0.0611,0.8836,49.9891
14.28,314.61,0.0394,0.8717,20.5308
19.52,267.23,0.075,0.8912,3.3689
11.67,498.8,0.0284,0.8656,53.0906
2.34,338.15,0.0508,0.8779,46.5769
19.12,419.71,0.0322,0.8677,27.0182
18.65,40.1,0.0991,0.9045,0.178
15.76,92.25,0.0704,0.8887,0.102
7.59,154.33,0.0333,0.8683,9.2206
9.42,215.25,0.1344,0.9239,14.7415
1.92,289.86,0.0558,0.8807,39.9534
11.42,156.94,0.035,0.8692,2.1718
14.45,124.65,0.0657,0.8861,0.0
9.66,88.14,0.1042,0.9073,0.0
5.04,30.18,0.101,0.9055,0.0
4.96,107.38,0.134,0.9237,6.8297
17.92,170.79,0.1444,0.9294,0.0062
2.12,413.79,0.0537,0.8795,58.1238
8.58,85.36,0.0415,0.8728,0.0
18.04,192.86,0.1085,0.9097,0.0268
19.62,474.72,0.0902,0.8996,34.3514
5.48,410.89,0.0592,0.8826,51.7967
5.82,471.16,0.1058,0.9082,59.8537
5.9,415.92,0.0569,0.8813,51.1316
4.18,109.07,0.0251,0.8638,8.5747
15.79,281.88,0.1007,0.9054,12.8268
6.04,287.24,0.1052,0.9079,31.7743
4.77,305.76,0.11,0.9105,36.8184
1.38,129.85,0.1294,0.9212,16.543
10.31,322.74,0.027,0.8649,29.1759
11.29,150.65,0.127,0.9198,1.608
18.28,418.42,0.0732,0.8903,28.3942
19.48,287.79,0.0663,0.8865,6.7191
19.36,105.37,0.0934,0.9014,0.1904
10.61,482.62,0.1197,0.9158,52.4105
17.45,287.85,0.0429,0.8736,10.2203
11.61,478.79,0.0421,0.8732,50.0542
17.09,72.27,0.1065,0.9086,0.0
2.2,226.1,0.0367,0.8702,29.8891
4.65,227.88,0.0769,0.8923,25.5682
0.96,429.55,0.0644,0.8854,62.6566
2.18,299.49,0.1045,0.9075,41.1215
7.09,228.83,0.0884,0.8986,20.8474
2.02,231.36,0.1343,0.9239,31.0488
5.08,409.63,0.1396,0.9268,51.8939
16.96,359.92,0.0684,0.8876,21.7367
14.67,388.12,0.1077,0.9092,30.4618
18.11,138.05,0.0704,0.8887,0.0
15.04,267.77,0.069,0.888,11.8125
2.89,365.7,0.0222,0.8622,49.3077
2.54,444.3,0.0652,0.8859,61.89
19.76,456.25,0.1418,0.928,31.4957
18.58,498.97,0.0337,0.8685,39.8241
14.9,37.26,0.0378,0.8708,0.0
3.21,398.54,0.1299,0.9214,53.3284
9.39,350.11,0.0248,0.8636,35.1156
2.98,224.76,0.128,0.9204,28.4194
16.85,300.78,0.1435,0.9289,13.8912
3.64,312.37,0.1448,0.9296,39.1895
5.85,469.28,0.103,0.9066,59.3696
2.42,261.19,0.0613,0.8837,34.5702
9.66,105.85,0.0416,0.8729,0.0208
9.14,372.79,0.142,0.9281,38.5589
2.01,351.87,0.1066,0.9086,49.0161
7.46,317.93,0.0299,0.8664,33.2252
3.16,24.84,0.0799,0.8939,0.0
9.86,285.35,0.0557,0.8806,24.3783
13.27,257.13,0.0767,0.8922,13.6476
12.15,197.77,0.0615,0.8838,6.6267
14.57,408.26,0.0471,0.8759,34.0909
0.91,125.32,0.1172,0.9145,16.9796
8.32,497.31,0.1485,0.9317,59.2667
14.75,219.46,0.1036,0.907,5.1261
13.93,93.48,0.1428,0.9285,0.0
16.74,260.39,0.1267,0.9197,7.6682
17.58,498.55,0.0849,0.8967,41.9311
7.84,142.33,0.0461,0.8754,6.4825
4.27,256.31,0.0748,0.8911,30.3566
15.6,135.43,0.0225,0.8624,0.0
9.79,87.83,0.0257,0.8641,0.1184
8.63,61.08,0.0478,0.8763,0.0217
12.72,439.2,0.0605,0.8833,41.838
19.09,410.09,0.0329,0.8681,25.4306
15.95,240.23,0.1451,0.9298,6.2003
17.19,441.69,0.13,0.9215,34.0367
19.03,327.12,0.0627,0.8845,13.4305
17.06,131.74,0.0999,0.9049,0.0
1.74,176.81,0.0812,0.8947,23.5321
19.0,216.14,0.0433,0.8738,0.0
2.25,443.66,0.0473,0.876,61.9991
14.56,88.57,0.0642,0.8853,0.3169
13.28,113.44,0.0258,0.8642,0.0839
0.73,139.07,0.1065,0.9086,19.4564
18.41,137.11,0.1344,0.9239,0.0
4.05,445.8,0.0829,0.8956,59.2423
10.27,276.38,0.1428,0.9285,22.5795
0.95,173.51,0.1108,0.9109,24.1107
6.9,413.57,0.0338,0.8686,49.3557
6.05,94.83,0.0784,0.8931,2.7735
3.16,90.05,0.0789,0.8934,7.7477
10.52,425.29,0.0342,0.8688,44.3705
19.55,104.99,0.0261,0.8644,0.0
7.72,366.33,0.0715,0.8893,40.2246
6.97,369.29,0.131,0.9221,42.2403
6.87,404.24,0.0612,0.8837,47.7047
11.84,149.89,0.0961,0.9029,0.37
11.55,399.59,0.0241,0.8633,38.1499
3.86,419.91,0.0403,0.8722,55.7094
1.8,193.66,0.1287,0.9208,25.6257
7.67,393.69,0.0376,0.8707,44.4927
14.05,358.96,0.0262,0.8644,27.7064
17.46,38.65,0.0662,0.8864,0.0551
0.87,220.25,0.1277,0.9202,31.0658
3.57,356.53,0.0266,0.8646,46.9837
11.03,173.58,0.069,0.888,5.5599
2.97,177.01,0.0996,0.9048,21.3499
16.05,139.69,0.0244,0.8634,0.0
16.29,119.46,0.1046,0.9075,0.0
17.28,71.81,0.0305,0.8668,0.0864
16.43,395.75,0.0921,0.9007,29.0558
16.55,176.19,0.1172,0.9145,0.0
5.15,183.3,0.0319,0.8675,17.562
8.12,403.81,0.1256,0.9191,45.37
10.1,447.05,0.0565,0.8811,47.9631
8.64,205.52,0.0511,0.8781,14.7486
2.06,156.9,0.1473,0.931,19.775
15.49,22.96,0.0964,0.903,0.2578
11.67,263.45,0.0383,0.8711,17.3998
6.57,352.59,0.0569,0.8813,40.6054
1.19,65.22,0.1493,0.9321,7.3816
16.48,81.11,0.0754,0.8915,0.0
17.88,329.03,0.0936,0.9015,15.9061
17.86,313.8,0.1158,0.9137,13.3755
10.03,370.7,0.0224,0.8623,36.6607
4.68,156.25,0.0464,0.8755,14.9617
10.68,61.87,0.0963,0.903,0.0
0.69,480.41,0.0887,0.8988,70.5945
9.59,123.35,0.0793,0.8936,0.8261
18.92,91.75,0.0657,0.8861,0.0
16.04,72.63,0.0596,0.8828,0.1314
16.82,208.78,0.1009,0.9055,0.0
11.2,64.81,0.0867,0.8977,0.0
4.65,206.7,0.1395,0.9267,22.1111
16.81,227.1,0.1024,0.9063,2.4221
16.51,27.92,0.0991,0.9045,0.3176
5.27,75.96,0.1131,0.9122,1.1454
7.14,310.79,0.1228,0.9175,33.2593
18.67,462.24,0.045,0.8748,34.2683
8.74,31.38,0.1485,0.9317,0.0
16.26,434.54,0.0323,0.8678,34.6333
1.62,415.11,0.0866,0.8976,59.2944
18.8,289.55,0.1062,0.9084,7.9017
1.59,251.05,0.1438,0.9291,34.7426
17.1,27.88,0.0319,0.8675,0.1731
18.98,260.96,0.0479,0.8763,3.652
12.52,193.85,0.1234,0.9179,5.9178
14.11,196.98,0.0578,0.8818,2.9682
8.74,477.0,0.088,0.8984,55.2232
10.06,48.87,0.0955,0.9025,0.1225
19.02,25.2,0.0585,0.8822,0.0
10.13,53.26,0.0399,0.8719,0.098
12.13,414.87,0.0603,0.8832,39.5015
5.57,353.47,0.0539,0.8796,42.7713
9.34,94.2,0.13,0.9215,0.0
7.93,120.35,0.1321,0.9227,3.1209
19.67,137.21,0.0531,0.8792,0.0
1.22,348.85,0.0586,0.8822,50.1361
9.5,419.23,0.1308,0.9219,44.9651
14.15,445.22,0.1226,0.9174,39.9215
7.04,127.11,0.0842,0.8963,5.8739
15.1,409.17,0.1187,0.9153,33.1551
11.37,27.64,0.1242,0.9183,0.0242
11.53,208.78,0.0541,0.8798,10.0984
8.13,464.54,0.0813,0.8947,54.6825
11.13,34.51,0.0993,0.9046,0.0
2.76,14.0,0.0828,0.8955,0.164
17.85,124.67,0.0463,0.8755,0.183
0.81,333.79,0.0871,0.8979,48.5227
17.4,311.45,0.1241,0.9183,14.1703
16.26,64.54,0.0331,0.8682,0.0
19.51,43.09,0.0571,0.8814,0.255
3.63,383.02,0.1111,0.9111,50.759
10.76,31.29,0.1452,0.9299,0.0
2.09,312.2,0.1317,0.9224,43.4399
4.26,169.8,0.0499,0.8774,17.335
10.86,158.61,0.0424,0.8733,3.6249
5.23,179.22,0.1499,0.9324,17.2354
5.54,228.17,0.1346,0.924,23.6125
4.5,259.65,0.1301,0.9216,30.6452
17.75,464.74,0.1329,0.9231,36.5047
5.8,426.31,0.0951,0.9023,53.4222
9.78,72.21,0.0233,0.8628,0.0
8.93,364.36,0.0209,0.8615,38.0492
3.8,428.23,0.139,0.9264,57.1206
14.34,469.72,0.0828,0.8955,43.6966
18.05,142.01,0.0761,0.8919,0.2596
6.16,257.37,0.0517,0.8784,27.1523
0.92,261.51,0.0867,0.8977,37.3233
9.63,134.14,0.0397,0.8718,2.1501
10.38,227.14,0.1092,0.9101,14.5308
19.82,392.44,0.0957,0.9026,21.3684
14.54,313.52,0.092,0.9006,19.2931
8.02,457.27,0.0999,0.9049,53.3187
11.3,431.76,0.1361,0.9249,43.6439
5.26,128.15,0.1449,0.9297,9.6502
3.18,323.08,0.0373,0.8705,42.3124
19.15,113.53,0.0596,0.8828,0.2322
3.54,460.16,0.1182,0.915,62.4186
11.31,388.51,0.0265,0.8646,37.0652
7.12,339.39,0.1131,0.9122,37.663
9.89,444.12,0.0929,0.9011,48.0665
1.6,215.84,0.1089,0.9099,29.391
6.3,100.15,0.0526,0.8789,3.3583
6.37,101.52,0.0365,0.8701,2.9941
9.31,13.44,0.0948,0.9021,0.0
3.15,35.7,0.0797,0.8938,0.2222
10.76,340.94,0.0246,0.8635,30.9694
12.32,89.36,0.1028,0.9065,0.0
3.64,343.01,0.0247,0.8636,44.4377
10.15,485.31,0.031,0.867,53.7913
2.78,288.51,0.1477,0.9312,38.2098
15.92,196.64,0.0741,0.8908,0.2743
19.58,129.32,0.139,0.9264,0.0
11.7,14.69,0.047,0.8759,0.3153
6.87,348.77,0.1059,0.9082,39.5415
4.44,55.67,0.1461,0.9304,0.0278
14.14,381.55,0.1156,0.9136,30.7764
6.16,140.3,0.131,0.9221,9.6882
6.53,475.84,0.0204,0.8612,59.0452
15.25,12.17,0.1467,0.9307,0.0
17.15,98.6,0.028,0.8654,0.2678
19.36,248.51,0.0582,0.882,0.7729
1.23,250.84,0.1393,0.9266,34.9533
2.07,187.48,0.109,0.91,24.4127
16.9,17.14,0.0868,0.8977,0.1859
4.69,379.99,0.0261,0.8644,47.6521
8.59,382.11,0.0241,0.8633,40.8488
8.33,277.46,0.0548,0.8801,26.4411
15.18,353.37,0.0378,0.8708,24.6069
17.84,341.21,0.1094,0.9102,17.9637
12.37,33.64,0.0415,0.8728,0.0
18.18,111.67,0.0577,0.8817,0.0
17.34,124.25,0.1473,0.931,0.2487
1.86,65.89,0.0236,0.863,6.6423
19.84,71.74,0.1088,0.9098,0.0
11.96,171.15,0.1253,0.9189,3.4499
7.46,447.95,0.0754,0.8915,53.1887
15.08,162.29,0.0269,0.8648,0.0
10.66,326.8,0.0686,0.8877,29.2366
16.5,121.71,0.0961,0.9029,0.0
14.53,408.15,0.0675,0.8871,34.2725
16.09,424.23,0.124,0.9182,33.2791
4.22,449.85,0.0633,0.8848,59.8198
16.64,147.04,0.0252,0.8639,0.0
6.74,308.57,0.0413,0.8727,33.832
9.49,162.11,0.0683,0.8876,6.7175
10.35,338.54,0.1036,0.907,31.3242
1.93,487.28,0.1464,0.9305,69.3133
8.16,38.23,0.0884,0.8986,0.0
14.42,283.8,0.1143,0.9129,15.567
11.69,333.98,0.0673,0.887,28.5044
13.44,102.36,0.0232,0.8628,0.1545
8.46,306.71,0.1217,0.9169,29.9953
12.98,201.49,0.0305,0.8668,5.9403
8.85,289.41,0.0456,0.8751,26.8322
9.51,379.83,0.053,0.8791,39.2065
2.19,466.2,0.0206,0.8613,65.3736
3.3,196.4,0.1345,0.924,23.1936
16.29,72.86,0.1352,0.9244,0.3675
8.0,178.01,0.0227,0.8625,11.8334
2.82,371.24,0.0733,0.8903,50.2804
3.31,291.43,0.034,0.8687,37.9885
16.36,222.03,0.0217,0.8619,2.368
9.72,39.18,0.055,0.8802,0.0313
6.22,489.22,0.0904,0.8997,61.7574
9.18,174.73,0.0649,0.8857,9.1064
9.73,32.4,0.1298,0.9214,0.011
16.44,207.22,0.1371,0.9254,0.5949
6.05,447.22,0.1036,0.907,56.2259
11.81,172.79,0.0742,0.8908,3.7588
16.96,209.66,0.1366,0.9251,0.0
6.23,206.49,0.1336,0.9235,19.072
3.98,351.7,0.0714,0.8893,45.3652
13.63,479.25,0.051,0.878,46.2
14.79,345.8,0.08,0.894,24.248
14.23,317.65,0.0912,0.9002,21.17
4.46,450.13,0.0391,0.8715,59.3779
10.97,156.03,0.0425,0.8734,2.685
1.7,345.04,0.0566,0.8811,48.6367
18.31,423.67,0.0593,0.8826,29.0153
11.92,202.38,0.0412,0.8727,8.0035
7.07,53.93,0.1032,0.9068,0.2797
7.88,150.76,0.1344,0.9239,7.6915
15.51,161.75,0.0374,0.8706,0.0509
11.4,431.41,0.0314,0.8673,43.1
4.25,178.89,0.0878,0.8983,19.1263
6.64,467.11,0.0856,0.8971,57.345
18.82,485.3,0.0426,0.8734,37.9506
17.47,147.8,0.0203,0.8612,0.3357
0.97,364.65,0.1281,0.9205,52.7758
16.17,301.19,0.0261,0.8644,14.7674
11.63,27.55,0.036,0.8698,0.0
3.5,172.77,0.0575,0.8816,19.3954
8.79,413.37,0.0569,0.8813,45.4608
18.57,133.76,0.077,0.8923,0.0
12.95,88.93,0.0497,0.8773,0.2289
6.56,172.22,0.0358,0.8697,13.7098
5.0,423.45,0.0507,0.8779,53.9745
16.23,282.26,0.1365,0.9251,11.9966
4.07,262.52,0.0367,0.8702,31.8971
7.59,123.01,0.1301,0.9216,4.0604
19.92,429.57,0.0749,0.8912,26.9925
19.9,215.26,0.0357,0.8696,0.1687
14.7,430.47,0.0754,0.8915,37.2134
12.37,351.16,0.0592,0.8826,29.2035
8.05,80.23,0.142,0.9281,0.0
16.72,448.29,0.1497,0.9323,36.263
13.11,127.1,0.0923,0.9008,0.0806
7.57,190.32,0.1038,0.9071,14.2251
12.07,491.65,0.1307,0.9219,51.2986
18.54,269.69,0.0322,0.8677,6.05
19.52,340.47,0.0659,0.8862,14.8015
19.96,266.74,0.1212,0.9167,2.7854
11.98,214.26,0.0807,0.8944,9.6104
1.69,496.84,0.0518,0.8785,71.5468
14.7,17.21,0.1443,0.9294,0.1386
10.51,216.07,0.0404,0.8722,12.8257
18.23,140.98,0.0964,0.903,0.0
9.26,446.28,0.115,0.9133,49.8214
2.53,174.47,0.1312,0.9222,21.273
13.74,28.03,0.0883,0.8986,0.1259
16.76,356.58,0.0704,0.8887,22.0339
3.99,87.52,0.1213,0.9167,5.5561
13.69,88.93,0.136,0.9248,0.0
7.81,78.6,0.0605,0.8833,0.0
13.92,483.59,0.1456,0.9301,46.3866
1.98,417.65,0.056,0.8808,59.1377
4.72,131.96,0.0456,0.8751,11.2534
10.15,130.22,0.1209,0.9165,0.5082
2.51,294.31,0.1442,0.9293,39.3857
16.07,237.83,0.0796,0.8938,5.8876
9.02,407.64,0.1403,0.9272,44.7615
1.8,100.72,0.1025,0.9064,11.5931
0.64,475.9,0.1133,0.9123,70.3151
10.58,14.58,0.1425,0.9284,0.1661
6.26,295.58,0.0522,0.8787,32.4323
18.92,455.1,0.1024,0.9063,33.0511
7.26,341.29,0.0576,0.8817,37.9909
16.46,17.53,0.0857,0.8971,0.373
13.5,379.0,0.1189,0.9154,31.6459
2.3,72.93,0.1288,0.9208,6.4
17.01,276.19,0.077,0.8923,9.7047
10.63,423.54,0.1243,0.9184,43.7301
13.3,291.2,0.0951,0.9023,18.6898
14.93,384.3,0.1273,0.92,29.8835
10.0,457.6,0.062,0.8841,49.8049
1.84,59.34,0.0882,0.8985,5.6751
4.72,239.77,0.068,0.8874,27.2371
8.39,330.18,0.0961,0.9029,34.1235
1.31,29.71,0.1183,0.9151,1.986
16.63,466.46,0.0507,0.8779,38.5308
14.67,254.16,0.0967,0.9032,10.5689
6.62,282.11,0.1239,0.9181,30.3888
10.27,322.38,0.1499,0.9324,29.4138
13.58,92.33,0.0323,0.8678,0.0
17.93,419.61,0.1159,0.9137,29.6536
1.3,481.99,0.0435,0.8739,69.78
15.66,156.18,0.1399,0.9269,0.1907
11.17,95.6,0.0889,0.8989,0.22
1.91,89.07,0.1185,0.9152,9.8305
7.35,287.06,0.1001,0.9051,28.9544
3.16,349.14,0.0213,0.8617,46.4514
17.31,67.62,0.123,0.9176,0.398
10.77,478.33,0.0278,0.8653,51.686
10.23,410.97,0.1266,0.9196,42.5648
8.81,97.08,0.081,0.8945,0.2496
17.46,325.5,0.0406,0.8723,15.6415
14.67,218.65,0.04,0.872,5.4632
9.09,325.89,0.1222,0.9172,31.6826
17.83,154.83,0.0739,0.8906,0.3536
12.43,271.95,0.1418,0.928,17.6032
4.33,182.59,0.1206,0.9163,19.5208
8.03,490.2,0.112,0.9116,58.7157
5.98,499.55,0.0739,0.8906,63.684
10.08,315.69,0.085,0.8967,28.4055
2.12,383.92,0.0764,0.892,53.8125
16.99,55.74,0.031,0.867,0.0
8.61,254.55,0.1082,0.9095,22.2764
3.38,42.7,0.073,0.8901,0.3318
4.26,221.08,0.049,0.877,25.0617
3.77,403.9,0.0727,0.89,53.6445
4.58,211.98,0.0288,0.8658,23.1874
12.94,253.95,0.0757,0.8916,13.971
19.34,35.6,0.0449,0.8747,0.4322
13.39,404.7,0.0502,0.8776,35.7637
17.26,453.11,0.1059,0.9082,35.4384
6.75,120.78,0.0349,0.8692,5.4698
18.63,127.87,0.0222,0.8622,0.0
1.17,187.42,0.1494,0.9322,26.0416
4.56,246.02,0.0356,0.8696,28.061
17.65,334.74,0.1021,0.9062,16.8729
12.0,292.6,0.0859,0.8972,21.1813
5.2,466.74,0.0663,0.8865,59.9671
4.63,314.35,0.1462,0.9304,38.4234
6.68,395.17,0.0372,0.8705,46.6609
8.32,63.5,0.1493,0.9321,0.3988
2.04,250.68,0.072,0.8896,33.4032
7.06,78.67,0.104,0.9072,0.0
14.04,335.4,0.0602,0.8831,24.0133
9.43,280.96,0.0679,0.8873,24.1083
4.12,411.37,0.1176,0.9147,53.916
1.13,318.45,0.0975,0.9036,45.7642
9.07,61.66,0.0667,0.8867,0.0
0.8,241.55,0.1471,0.9309,34.7097
1.29,329.02,0.0636,0.885,47.1684
10.92,448.93,0.0729,0.8901,46.6995
12.23,200.07,0.115,0.9133,6.8687
9.68,220.23,0.1217,0.9169,15.1963
5.1,133.17,0.125,0.9187,10.3582
2.27,25.35,0.1209,0.9165,0.3481
18.09,351.08,0.1211,0.9166,18.8078
6.07,226.92,0.0857,0.8971,22.7765
1.22,293.52,0.0611,0.8836,41.7721
14.41,131.23,0.0275,0.8651,0.1785
4.57,169.8,0.0928,0.901,16.8347
1.96,283.22,0.117,0.9143,39.0482
6.5,12.1,0.1339,0.9236,0.0
12.61,210.33,0.0366,0.8701,8.1325
6.32,448.1,0.1131,0.9122,55.4149
16.35,417.73,0.1296,0.9213,31.7208
14.96,212.91,0.0202,0.8611,3.7575
18.19,29.91,0.1043,0.9074,0.1644
9.99,216.38,0.1382,0.926,13.7125
3.71,279.08,0.0302,0.8666,34.749
15.66,68.32,0.0791,0.8935,0.0
8.7,345.29,0.0209,0.8615,35.4554
13.83,388.36,0.1246,0.9185,32.3488
1.25,158.04,0.0205,0.8613,21.3516
10.88,23.53,0.0355,0.8695,0.206
7.72,377.83,0.091,0.9001,41.9139
18.91,17.64,0.0765,0.8921,0.1782
1.57,17.93,0.044,0.8742,0.004
10.51,19.62,0.0537,0.8795,0.0
1.98,170.68,0.0828,0.8955,21.6274
19.05,148.21,0.1116,0.9114,0.1397
2.79,269.57,0.0712,0.8892,35.2545
17.88,439.82,0.0935,0.9014,32.6104
3.48,263.4,0.0485,0.8767,33.0992
4.44,16.47,0.141,0.9275,0.0
13.02,179.92,0.0916,0.9004,2.387
9.04,440.25,0.1032,0.9068,49.0946
16.79,470.34,0.094,0.9017,39.0171
8.96,157.42,0.0443,0.8744,6.8324
13.52,143.05,0.0881,0.8985,0.0484
13.81,483.12,0.0848,0.8966,46.3317
17.22,97.51,0.0702,0.8886,0.0
10.32,86.6,0.125,0.9187,0.0
11.41,348.01,0.0905,0.8998,30.7645
14.02,113.54,0.1406,0.9273,0.0131
16.14,323.76,0.0297,0.8663,17.9843
11.24,143.82,0.0677,0.8872,0.5392
8.47,21.22,0.1485,0.9317,0.0
10.94,256.6,0.0952,0.9024,17.9233
11.98,449.92,0.0655,0.886,44.7833
19.87,452.6,0.0357,0.8696,30.5874
18.68,139.22,0.0791,0.8935,0.0
12.48,188.8,0.1055,0.908,5.1816
11.57,368.39,0.0858,0.8972,33.8127
0.83,248.68,0.1431,0.9287,35.4529
12.84,13.28,0.1464,0.9305,0.0
15.17,138.64,0.057,0.8813,0.0
1.8,427.31,0.0853,0.8969,60.7902
7.3,490.27,0.0879,0.8983,59.6202
16.94,57.53,0.0863,0.8975,0.0
0.88,332.93,0.0422,0.8732,48.5575
7.32,293.16,0.147,0.9308,30.2931
12.13,318.32,0.0693,0.8881,25.355
11.01,128.44,0.0863,0.8975,0.0
9.55,66.47,0.0494,0.8772,0.0
11.87,177.3,0.1203,0.9162,4.4556
9.84,110.03,0.0485,0.8767,0.0
8.0,328.71,0.1082,0.9095,33.6837
8.96,121.26,0.0707,0.8889,1.1599
7.59,42.24,0.1177,0.9147,0.0
14.94,151.41,0.1197,0.9158,0.3323
17.03,139.28,0.1156,0.9136,0.1097
8.8,117.28,0.0357,0.8696,0.8614
13.94,449.28,0.078,0.8929,41.5922
16.5,71.37,0.1406,0.9273,0.0
4.32,376.6,0.0905,0.8998,48.7093
9.35,434.77,0.0201,0.8611,47.704
11.0,86.63,0.0981,0.904,0.1995
14.59,454.16,0.1093,0.9101,40.2534
3.66,55.89,0.0646,0.8855,1.6569
6.11,311.23,0.0278,0.8653,35.0596
5.71,348.19,0.1413,0.9277,41.7912
6.85,137.85,0.1322,0.9227,7.5072
12.8,244.71,0.0532,0.8793,12.8747
13.3,167.61,0.1422,0.9282,0.4595
9.21,431.9,0.1485,0.9317,47.2372
13.38,18.9,0.1222,0.9172,0.0834
13.89,61.45,0.0698,0.8884,0.0
5.27,59.64,0.0727,0.89,0.2413
17.24,232.75,0.1131,0.9122,2.1896
3.84,199.7,0.1363,0.925,22.3441
10.52,190.04,0.0449,0.8747,8.7584
10.77,185.8,0.0882,0.8985,7.8597
15.57,405.37,0.0976,0.9037,31.7079
3.27,158.02,0.1246,0.9185,17.702
3.94,196.12,0.1353,0.9244,21.8556
16.32,89.49,0.1286,0.9207,0.0926
3.83,77.95,0.1044,0.9074,4.702
10.72,203.72,0.0399,0.8719,10.5802
19.24,110.41,0.0309,0.867,0.3502
1.67,209.75,0.0855,0.897,28.3645
17.31,499.12,0.0883,0.8986,42.5661
12.32,79.76,0.0728,0.89,0.0
10.11,385.93,0.082,0.8951,38.8948
3.27,199.28,0.0741,0.8908,23.8648
1.67,433.93,0.1024,0.9063,62.151
6.46,299.74,0.1022,0.9062,32.8695
15.56,446.46,0.1424,0.9283,37.6756
12.68,402.01,0.0225,0.8624,36.389
14.3,499.71,0.0511,0.8781,48.4334
6.49,257.62,0.0907,0.8999,26.6166
17.86,101.05,0.1207,0.9164,0.0
5.15,396.28,0.0649,0.8857,49.4898
5.47,369.94,0.0882,0.8985,45.0425
11.41,455.48,0.1169,0.9143,47.0826
16.46,369.17,0.0382,0.871,24.2306
16.12,476.65,0.0371,0.8704,41.3998
13.41,320.2,0.1125,0.9119,22.5575
12.6,177.79,0.0465,0.8756,3.1048
3.19,72.71,0.0924,0.9008,5.0985
9.45,471.69,0.0928,0.901,53.2078
8.06,75.85,0.0529,0.8791,0.0067
1.69,474.05,0.1218,0.917,68.1174
12.01,382.13,0.0753,0.8914,34.9119
3.98,424.99,0.1196,0.9158,56.4673
10.18,35.58,0.1156,0.9136,0.6139
1.96,54.36,0.0242,0.8633,4.8159
4.18,83.28,0.0432,0.8738,4.2748
11.66,412.63,0.1193,0.9156,40.0533
19.05,432.52,0.1447,0.9296,28.8085
5.9,178.56,0.0257,0.8641,15.8123
11.04,233.36,0.078,0.8929,14.6144
12.36,308.62,0.0932,0.9013,23.2709
18.8,105.39,0.1118,0.9115,0.1625
10.35,255.65,0.0814,0.8948,18.7536
6.4,395.9,0.0662,0.8864,47.4184
9.67,57.37,0.0914,0.9003,0.1347
5.43,217.59,0.1429,0.9286,22.437
9.68,357.44,0.0793,0.8936,35.3463
16.52,201.23,0.1237,0.918,0.0
12.99,100.91,0.058,0.8819,0.0
18.37,157.16,0.0838,0.8961,0.168
3.53,256.17,0.0475,0.8761,31.8801
16.25,12.42,0.0407,0.8724,0.0
16.18,67.82,0.0486,0.8767,0.0
15.88,69.33,0.1332,0.9233,0.1378
10.94,248.39,0.0393,0.8716,16.3425
5.23,97.78,0.064,0.8852,4.8041
17.71,465.06,0.1109,0.911,36.5897
17.56,112.79,0.1017,0.9059,0.0
7.85,470.55,0.1194,0.9157,55.6285
4.89,260.05,0.116,0.9138,29.9567
10.74,95.27,0.1422,0.9282,0.0
7.56,280.85,0.1062,0.9084,27.7254
1.69,418.36,0.0203,0.8612,59.698
8.31,194.08,0.142,0.9281,13.5722
12.67,400.75,0.1064,0.9085,36.4842
3.77,401.21,0.0391,0.8715,53.3357
14.31,325.67,0.1181,0.915,21.8631
10.3,151.01,0.1003,0.9052,3.4786
7.18,187.58,0.0477,0.8762,15.0342
5.17,482.81,0.0462,0.8754,62.8291
4.28,158.05,0.0782,0.893,15.8269
10.03,340.66,0.1317,0.9224,32.3482
2.2,92.69,0.0751,0.8913,9.8074
17.45,352.54,0.1043,0.9074,20.1323
15.79,54.18,0.078,0.8929,0.0441
2.05,473.98,0.1385,0.9262,67.1358
19.29,471.22,0.0447,0.8746,34.3623
2.13,411.75,0.0863,0.8975,57.8454
18.13,13.31,0.0265,0.8646,0.206
17.61,336.56,0.1312,0.9222,17.3473
5.25,125.39,0.0757,0.8916,8.93
5.11,165.21,0.0973,0.9035,15.547
3.92,154.85,0.0956,0.9026,16.3379
15.48,321.84,0.0217,0.8619,19.1419
4.45,336.84,0.1482,0.9315,42.0374
3.86,11.9,0.0661,0.8864,0.1079
9.0,231.56,0.0272,0.865,17.8886
9.47,138.88,0.0576,0.8817,3.1044
16.06,430.83,0.1375,0.9256,34.9761
13.75,11.39,0.0994,0.9047,0.3966
6.69,90.05,0.0881,0.8985,0.8491
15.32,164.53,0.1129,0.9121,0.0
4.84,200.51,0.0956,0.9026,21.0882
10.31,86.95,0.0723,0.8898,0.0
11.32,172.15,0.0964,0.903,4.6787
12.97,498.93,0.0299,0.8664,50.8529
1.59,348.31,0.0855,0.897,48.9922
4.2,474.23,0.1163,0.914,63.3203
18.65,127.02,0.1043,0.9074,0.0
15.63,123.02,0.0662,0.8864,0.1801
2.04,30.48,0.102,0.9061,0.9118
3.56,246.15,0.127,0.9198,30.2842
4.15,334.65,0.0802,0.8941,42.1614
4.94,84.04,0.0975,0.9036,3.3647
17.76,60.32,0.0833,0.8958,0.0
1.57,236.53,0.0558,0.8807,32.1764
12.82,487.93,0.0451,0.8748,48.9109
18.45,488.76,0.1168,0.9142,39.2231
14.5,488.12,0.118,0.9149,46.1151
13.89,352.18,0.1311,0.9221,26.8106
2.93,189.69,0.0952,0.9024,22.7408
17.58,360.55,0.0965,0.9031,21.1177
4.14,125.21,0.0289,0.8659,10.7419
3.16,34.57,0.037,0.8703,0.1337
19.27,396.05,0.0611,0.8836,22.9676
1.22,273.18,0.0999,0.9049,38.5771
4.34,231.59,0.1115,0.9113,26.6386
8.89,26.99,0.0257,0.8641,0.0
2.74,212.17,0.1333,0.9233,26.6782
18.47,18.23,0.0553,0.8804,0.1622
9.24,253.58,0.0602,0.8831,20.8019
6.95,87.36,0.1274,0.9201,0.3833
17.54,194.89,0.1489,0.9319,0.0334
19.36,337.53,0.0489,0.8769,14.1789
13.1,409.7,0.1171,0.9144,36.6613
12.63,151.13,0.1243,0.9184,0.0
10.03,476.25,0.1003,0.9052,52.6529
16.21,106.26,0.0317,0.8674,0.2377
19.71,244.36,0.108,0.9094,0.0
11.38,170.65,0.1283,0.9206,4.0733
13.61,381.25,0.1254,0.919,31.7527
14.67,163.95,0.0982,0.904,0.0916
9.92,314.31,0.11,0.9105,28.2969
11.35,385.85,0.1375,0.9256,36.5822
14.89,323.57,0.1494,0.9322,20.887
13.03,197.91,0.1232,0.9178,5.0237
17.39,441.27,0.1309,0.922,33.5925
10.5,229.96,0.0925,0.9009,14.4915
14.01,180.97,0.0845,0.8965,1.0812
14.29,233.39,0.0657,0.8861,7.6197
1.78,79.64,0.1005,0.9053,8.8779
17.26,196.11,0.0951,0.9023,0.0
4.75,132.8,0.0305,0.8668,10.9323
17.87,61.36,0.0865,0.8976,0.121
18.12,207.24,0.0987,0.9043,0.0612
7.22,136.29,0.0282,0.8655,6.9448
0.55,489.22,0.0451,0.8748,72.4402
4.35,320.12,0.1307,0.9219,39.9088
13.77,282.79,0.1426,0.9284,16.7396
1.17,85.03,0.0534,0.8794,10.7661
19.83,468.23,0.0341,0.8688,33.073
13.99,141.89,0.0772,0.8925,0.0
4.89,383.31,0.0473,0.876,48.2209
8.51,187.33,0.0472,0.876,12.2349
18.61,105.0,0.1469,0.9308,0.0
7.57,347.42,0.0794,0.8937,37.9493
9.3,374.76,0.0725,0.8899,38.7705
19.89,356.26,0.0428,0.8735,15.9846
1.82,28.29,0.0301,0.8666,0.9277
19.65,388.93,0.0804,0.8942,21.0712
7.32,405.67,0.1157,0.9136,47.0197
14.23,142.1,0.023,0.8627,0.0
4.22,24.54,0.0766,0.8921,0.1855
15.0,51.74,0.116,0.9138,0.0
12.16,255.06,0.056,0.8808,15.2976
19.0,110.67,0.0273,0.865,0.0
5.86,51.44,0.0927,0.901,0.0
14.66,316.01,0.0397,0.8718,19.9219
16.66,189.15,0.0978,0.9038,0.0
12.5,205.23,0.0966,0.9031,7.4368
9.11,349.92,0.0973,0.9035,35.393
10.99,314.34,0.0867,0.8977,26.7247
19.26,275.34,0.1387,0.9263,5.1834
4.68,292.69,0.1457,0.9301,35.0569
7.3,54.44,0.127,0.9198,0.0033
16.53,464.94,0.0877,0.8982,38.6238
12.76,290.62,0.0417,0.8729,19.7461
7.32,49.17,0.0403,0.8722,0.1192
10.68,283.91,0.1429,0.9286,22.4395
7.64,363.57,0.1128,0.912,40.2132
2.28,468.75,0.0338,0.8686,66.0369
3.57,380.39,0.1293,0.9211,50.4642
8.09,277.26,0.1484,0.9316,26.5094
9.34,42.18,0.1214,0.9168,0.0
15.79,282.15,0.1184,0.9151,12.5575
10.88,239.22,0.0734,0.8904,15.6364
3.92,301.54,0.1056,0.9081,38.0087
14.71,249.17,0.0437,0.874,9.6872
2.91,19.15,0.0376,0.8707,0.0
5.96,281.84,0.0355,0.8695,31.1972
2.56,347.49,0.124,0.9182,47.3716
3.5,374.05,0.1085,0.9097,49.5029
5.87,144.17,0.06,0.883,10.4519
16.08,464.71,0.138,0.9259,39.3981
2.91,373.98,0.0584,0.8821,50.7791
5.61,397.93,0.0574,0.8816,49.281
8.0,266.17,0.0571,0.8814,24.5806
0.62,12.58,0.0405,0.8723,0.8306
6.32,88.45,0.087,0.8979,1.3387
12.89,199.83,0.1083,0.9096,6.1318
7.21,34.5,0.0384,0.8711,0.0
3.75,114.22,0.0542,0.8798,9.7195
10.15,152.97,0.0308,0.8669,3.6213
9.47,412.77,0.14,0.927,43.926
2.74,82.53,0.1203,0.9162,7.0695
6.54,309.54,0.1076,0.9092,34.1407
10.11,141.11,0.0835,0.8959,2.3705
2.1,183.84,0.0676,0.8872,23.9786
14.29,488.1,0.1262,0.9194,46.2761
1.87,405.01,0.0398,0.8719,57.3403
10.85,218.9,0.111,0.9111,12.5183
17.0,248.28,0.1409,0.9275,5.3356
7.26,494.47,0.0932,0.9013,60.5656
19.69,473.37,0.0993,0.9046,34.1341
18.36,18.77,0.042,0.8731,0.0
11.28,153.47,0.0234,0.8629,1.8973
17.17,425.9,0.1211,0.9166,31.4888
4.08,30.38,0.0914,0.9003,0.3865
5.37,264.63,0.1192,0.9156,29.6198
18.81,42.79,0.0907,0.8999,0.3672
15.38,478.97,0.1299,0.9214,43.0102
4.73,406.06,0.1355,0.9245,51.9347
15.06,168.44,0.0566,0.8811,0.0
18.42,234.5,0.1211,0.9166,0.5926
1.36,107.45,0.1455,0.93,13.4899
15.47,260.44,0.0681,0.8875,10.3012
13.23,24.33,0.0441,0.8743,0.0
14.01,34.68,0.1374,0.9256,0.0592
18.66,355.18,0.098,0.9039,18.173
9.18,45.99,0.1323,0.9228,0.0
10.76,424.63,0.0733,0.8903,43.1796
15.12,255.79,0.0816,0.8949,9.8348
17.44,394.89,0.0891,0.899,26.1286
1.05,82.15,0.047,0.8759,10.1747
5.19,364.42,0.0783,0.8931,45.0484
17.71,368.38,0.0463,0.8755,22.118
13.87,149.68,0.0987,0.9043,0.0
13.84,380.27,0.0522,0.8787,31.4003
9.02,277.08,0.0604,0.8832,24.7641
10.0,324.85,0.1259,0.9192,30.4126
19.63,352.95,0.1252,0.9189,16.2947
8.81,289.36,0.0832,0.8958,27.0619
16.49,241.7,0.0962,0.9029,5.4164
14.24,463.9,0.0392,0.8716,42.7533
0.78,110.61,0.0364,0.87,14.8922
8.95,314.8,0.0269,0.8648,30.3943
17.22,404.94,0.0622,0.8842,28.7771
14.0,238.74,0.1038,0.9071,9.465
16.46,159.56,0.0594,0.8827,0.0
7.4,284.4,0.1253,0.9189,28.992
1.88,167.04,0.1297,0.9213,21.7389
6.33,366.85,0.0456,0.8751,42.8172
2.24,484.28,0.0574,0.8816,68.0986
15.11,41.83,0.0533,0.8793,0.0
7.05,384.99,0.0916,0.9004,44.3525
5.13,428.92,0.1366,0.9251,54.8397
18.7,43.0,0.1095,0.9102,0.2522
18.28,38.81,0.1371,0.9254,0.0
16.23,198.63,0.1329,0.9231,0.0
2.97,398.52,0.1206,0.9163,54.2049
18.45,494.52,0.0736,0.8905,39.7562
3.9,290.68,0.1466,0.9306,35.9722
16.7,224.42,0.1006,0.9053,2.473
17.08,310.95,0.1365,0.9251,14.3774
7.98,157.14,0.1081,0.9095,8.3334
18.7,327.46,0.0888,0.8988,14.0626
16.69,109.7,0.0775,0.8926,0.0
3.82,136.97,0.0237,0.863,13.4643
8.34,385.41,0.0255,0.864,41.9667
12.86,457.74,0.064,0.8852,44.1281
15.87,438.05,0.0291,0.866,35.9133
17.92,323.18,0.0352,0.8694,14.905
5.3,253.29,0.1201,0.9161,27.9588
4.22,280.15,0.1123,0.9118,34.1531
15.63,193.78,0.0699,0.8884,0.0
15.37,58.75,0.03,0.8665,0.2311
19.08,369.61,0.0443,0.8744,19.6816
7.3,219.04,0.0445,0.8745,19.2681
4.87,187.56,0.0433,0.8738,19.0404
2.39,358.03,0.0949,0.9022,49.2227
15.13,245.94,0.0349,0.8692,8.8656
18.46,178.86,0.1134,0.9124,0.1468
6.92,19.82,0.0243,0.8634,0.0
16.8,405.56,0.0372,0.8705,29.3604
6.71,242.84,0.1135,0.9124,23.8072
8.99,45.09,0.1133,0.9123,0.0357
2.36,461.39,0.1069,0.9088,64.8636
15.2,30.53,0.0665,0.8866,0.0
11.86,402.75,0.1426,0.9284,38.2913
15.87,153.12,0.0989,0.9044,0.0
8.98,189.28,0.143,0.9286,11.3103
7.24,388.01,0.0432,0.8738,44.9406
10.63,258.81,0.0868,0.8977,18.6172
2.46,216.44,0.0635,0.8849,27.9322
6.28,111.24,0.1163,0.914,4.856
9.91,243.33,0.0955,0.9025,17.7243
18.32,344.18,0.0284,0.8656,16.8768
1.15,429.65,0.0837,0.896,62.5061
4.96,367.31,0.077,0.8923,45.4474
0.52,125.35,0.1214,0.9168,17.8957
6.15,367.87,0.0839,0.8961,43.7134
19.9,300.96,0.0771,0.8924,7.7303
19.7,352.75,0.123,0.9176,15.9744
4.33,323.3,0.087,0.8979,40.0466
17.22,411.93,0.0867,0.8977,29.2609
6.42,22.84,0.1369,0.9253,0.0378
8.99,233.7,0.0641,0.8853,18.0396
4.88,247.84,0.0996,0.9048,28.0251
10.45,404.67,0.0718,0.8895,41.4175
1.35,194.85,0.0825,0.8954,26.7287
7.8,80.67,0.086,0.8973,0.0729
12.18,152.22,0.1287,0.9208,0.0
19.64,315.8,0.0474,0.8761,11.0323
3.26,55.79,0.1202,0.9161,2.186
2.72,472.97,0.1319,0.9225,66.1387
5.38,230.29,0.0416,0.8729,24.298
5.03,253.19,0.0262,0.8644,28.3313
13.31,368.22,0.0802,0.8941,30.1846
18.81,214.52,0.0684,0.8876,0.0
5.92,91.88,0.1486,0.9317,2.5269
12.88,213.99,0.1364,0.925,7.5718
0.82,254.27,0.0833,0.8958,36.2798
10.78,240.01,0.0216,0.8619,15.5367
4.76,388.81,0.0977,0.9037,49.1399
0.91,382.6,0.071,0.8891,55.3773
10.62,381.41,0.1032,0.9068,37.2532
7.41,317.31,0.0954,0.9025,33.7046
17.32,265.22,0.0319,0.8675,7.403
16.07,304.65,0.0732,0.8903,15.5982
17.15,165.22,0.0412,0.8727,0.0
8.93,59.92,0.0518,0.8785,0.2442
5.66,65.5,0.0904,0.8997,0.1719
7.7,407.89,0.0395,0.8717,46.561
15.31,495.43,0.0342,0.8688,45.5714
6.47,73.61,0.0883,0.8986,0.0
1.38,188.93,0.0639,0.8851,25.3655
8.98,452.57,0.0618,0.884,50.9725
6.59,477.51,0.1236,0.918,59.1542
1.61,454.52,0.1275,0.9201,65.136
2.31,56.65,0.0718,0.8895,4.2969
15.68,378.96,0.1261,0.9194,27.1692
18.26,400.2,0.1308,0.9219,26.0217
13.91,389.06,0.0832,0.8958,32.2971
7.47,270.3,0.1238,0.9181,26.5168
6.04,314.39,0.0374,0.8706,35.7974
15.32,447.88,0.1389,0.9264,38.3076
3.51,76.58,0.0714,0.8893,4.8767
4.23,86.98,0.058,0.8819,5.2358
8.11,214.91,0.0472,0.876,17.1559
18.68,71.49,0.0843,0.8964,0.0
6.61,247.0,0.0399,0.8719,24.3747
13.58,375.06,0.1268,0.9197,30.7066
13.21,165.77,0.1358,0.9247,0.0
13.25,220.87,0.033,0.8681,8.0529
19.05,311.49,0.086,0.8973,11.0749
15.49,253.3,0.0798,0.8939,8.9128
3.95,69.43,0.0408,0.8724,2.6392
9.62,66.4,0.1358,0.9247,0.152
6.91,122.41,0.054,0.8797,5.5336
9.2,184.86,0.1302,0.9216,10.8909
17.29,94.36,0.0207,0.8614,0.2396
7.04,217.35,0.1242,0.9183,19.4837
5.39,76.32,0.1461,0.9304,1.2793
13.21,263.55,0.1415,0.9278,14.828
8.53,305.8,0.0366,0.8701,29.6457
12.13,476.01,0.1484,0.9316,48.8132
1.92,381.63,0.1304,0.9217,53.7688
7.87,73.88,0.0592,0.8826,0.0
5.58,284.11,0.1247,0.9186,32.0722
8.58,288.93,0.0463,0.8755,27.1944
3.29,15.07,0.1434,0.9289,0.0
4.88,480.49,0.1451,0.9298,62.9621
7.74,265.06,0.0583,0.8821,25.3068
15.2,287.44,0.0379,0.8708,14.824
5.39,61.15,0.1431,0.9287,0.0
19.57,24.91,0.0806,0.8943,0.3504
16.58,41.31,0.0583,0.8821,0.0
2.61,168.27,0.1113,0.9112,20.391
4.2,22.41,0.0678,0.8873,0.2115
8.72,450.44,0.1176,0.9147,51.0206
13.52,292.13,0.1415,0.9278,18.6531
13.7,23.99,0.0948,0.9021,0.0
7.65,122.46,0.1025,0.9064,4.5571
8.61,446.06,0.0819,0.895,50.8543
8.19,204.08,0.1315,0.9223,15.1676
15.27,244.43,0.1299,0.9214,7.7631
3.11,277.01,0.0899,0.8994,35.7558
8.78,90.16,0.1154,0.9135,0.0
19.42,218.02,0.1035,0.9069,0.0
10.54,230.62,0.1147,0.9131,14.6929
2.51,180.73,0.0532,0.8793,22.6335
8.77,271.15,0.0573,0.8815,24.3039
10.53,176.01,0.1369,0.9253,6.7529
8.47,110.3,0.066,0.8863,0.7181
3.24,263.0,0.0719,0.8895,33.5731
18.7,283.6,0.064,0.8852,7.3583
8.79,219.84,0.1447,0.9296,16.4651
1.56,490.25,0.1496,0.9323,70.7896
11.47,302.27,0.0221,0.8622,23.6966
3.96,276.41,0.0975,0.9036,34.2698
0.89,375.43,0.1295,0.9212,54.5783
14.92,267.86,0.0353,0.8694,12.2356
7.04,288.49,0.0501,0.8776,30.3805
16.32,201.58,0.0317,0.8674,0.0
10.91,221.12,0.0749,0.8912,12.8596
2.02,72.61,0.0461,0.8754,7.1632
1.53,321.22,0.0211,0.8616,45.0141
1.42,199.66,0.0871,0.8979,27.0694
12.7,414.72,0.0691,0.888,38.717
9.53,163.88,0.0543,0.8799,6.7655
2.77,163.96,0.0451,0.8748,19.4964
10.48,128.88,0.1326,0.9229,0.0
15.03,138.34,0.0671,0.8869,0.2001
18.11,307.6,0.0475,0.8761,12.2844
10.52,322.27,0.0426,0.8734,28.5595
18.97,192.68,0.1332,0.9233,0.0
11.73,370.06,0.0878,0.8983,33.5205
5.17,133.17,0.0641,0.8853,10.6572
17.23,358.45,0.0441,0.8743,21.3755
15.13,389.82,0.0737,0.8905,29.8277
4.51,252.23,0.1108,0.9109,29.4646
4.26,377.63,0.035,0.8692,48.6098
9.73,25.28,0.0463,0.8755,0.0596
6.7,354.64,0.1013,0.9057,40.6968
4.89,400.14,0.0833,0.8958,50.9671
9.31,492.8,0.0711,0.8891,56.5282
19.06,248.32,0.0341,0.8688,1.8477
7.89,111.28,0.1105,0.9108,2.1767
14.26,263.29,0.0643,0.8854,12.9667
17.23,59.06,0.1488,0.9318,0.0
9.15,448.61,0.0605,0.8833,50.0655
13.8,312.15,0.0949,0.9022,21.118
11.95,243.15,0.0963,0.903,14.2009
8.73,447.14,0.024,0.8632,50.5094
1.34,116.97,0.1436,0.929,14.868
1.53,370.2,0.086,0.8973,52.8221
7.01,407.07,0.1294,0.9212,48.0603
18.31,74.82,0.0528,0.879,0.108
4.65,354.22,0.1144,0.9129,44.5808
14.33,136.17,0.123,0.9176,0.0
16.25,108.58,0.0713,0.8892,0.022
6.65,90.68,0.0761,0.8919,1.2231
16.19,208.2,0.0312,0.8672,0.4362
19.26,63.51,0.1087,0.9098,0.0
0.62,475.09,0.0462,0.8754,69.9974
0.66,341.01,0.0497,0.8773,50.1364
13.93,154.65,0.112,0.9116,0.2132
14.69,232.26,0.1384,0.9261,7.2988
3.48,202.39,0.0752,0.8914,23.9013
18.31,42.91,0.0427,0.8735,0.0
16.57,32.86,0.1261,0.9194,0.0
7.76,208.42,0.141,0.9275,16.71
8.28,311.48,0.0729,0.8901,31.2804
14.61,367.81,0.1018,0.906,27.8502
10.13,177.03,0.0801,0.8941,7.3676
10.0,271.9,0.0454,0.875,22.1119
15.07,118.88,0.0853,0.8969,0.0
6.98,186.47,0.0614,0.8838,14.8997
17.81,188.61,0.1407,0.9274,0.0839
13.19,455.12,0.0616,0.8839,43.7794
10.25,382.53,0.0688,0.8878,38.1177
9.58,439.81,0.0312,0.8672,47.9168
19.32,136.19,0.1202,0.9161,0.0
8.08,214.17,0.1003,0.9052,16.9288
19.46,160.61,0.0519,0.8785,0.2298
15.96,47.89,0.0514,0.8783,0.3929
16.34,271.49,0.0604,0.8832,10.0499
14.0,65.65,0.0399,0.8719,0.099
2.15,478.6,0.0316,0.8674,67.9875
18.49,464.71,0.0872,0.898,35.2434
9.97,442.92,0.1168,0.9142,48.0381
12.21,113.09,0.0708,0.8889,0.0
5.08,411.09,0.0395,0.8717,52.3176
13.56,196.33,0.0602,0.8831,4.1247
10.37,149.97,0.081,0.8945,3.2124
17.03,452.37,0.1477,0.9312,36.0672
19.62,170.03,0.1332,0.9233,0.0
18.33,200.07,0.0767,0.8922,0.0
19.44,307.9,0.0555,0.8805,9.6075
19.06,364.16,0.0325,0.8679,19.0541
10.23,120.14,0.1165,0.9141,0.1366
9.49,110.16,0.0541,0.8798,0.0
12.41,459.64,0.1278,0.9203,45.6064
2.3,197.23,0.0775,0.8926,25.6167
0.67,408.05,0.0557,0.8806,59.8374
7.49,67.09,0.0858,0.8972,0.2058
2.79,403.16,0.0874,0.8981,55.5734
7.1,429.79,0.0267,0.8647,51.0747
14.19,56.45,0.0713,0.8892,0.2784
13.96,67.73,0.0468,0.8757,0.0
3.81,288.08,0.0868,0.8977,35.8616
19.9,202.0,0.0541,0.8798,0.4494
6.75,351.97,0.0327,0.868,40.0436
8.34,350.72,0.125,0.9187,37.0635
15.59,163.88,0.1403,0.9272,0.0873
16.03,390.46,0.1106,0.9108,28.6709
1.85,316.14,0.0776,0.8927,43.7618
10.41,134.28,0.0878,0.8983,0.8157
11.55,40.59,0.1025,0.9064,0.0
7.52,214.06,0.1493,0.9321,17.9841
16.44,343.17,0.098,0.9039,21.0396
13.61,155.36,0.0915,0.9003,0.188
12.64,269.86,0.0589,0.8824,16.9283
16.33,121.66,0.0683,0.8876,0.1212
18.99,279.44,0.0363,0.87,6.5441
12.89,149.59,0.0309,0.867,0.0
16.73,227.69,0.0982,0.904,2.7722
14.77,494.19,0.1116,0.9114,46.3148
11.03,422.82,0.1308,0.9219,42.6606
6.8,13.25,0.1451,0.9298,0.0
7.42,454.3,0.0948,0.9021,54.2152
9.77,446.85,0.1264,0.9195,48.4137
19.62,33.27,0.1404,0.9272,0.1829
13.2,463.38,0.1103,0.9107,44.8234
2.96,228.68,0.0552,0.8804,28.6751
13.55,227.27,0.1221,0.9172,8.7079
4.36,19.44,0.0221,0.8622,0.182
9.39,295.77,0.132,0.9226,26.7628
7.17,258.37,0.0967,0.9032,24.8308
4.09,359.49,0.1036,0.907,45.9256
2.61,104.58,0.0512,0.8782,11.0601
7.58,220.27,0.0354,0.8695,19.2001
12.51,36.34,0.1412,0.9277,0.2999
10.18,238.07,0.0947,0.9021,16.5107
13.83,236.59,0.0581,0.882,9.8149
18.32,292.9,0.1466,0.9306,9.8221
6.97,290.37,0.0699,0.8884,30.5043
2.12,283.26,0.0944,0.9019,38.5331
12.96,101.26,0.0214,0.8618,0.3231
7.99,111.65,0.1326,0.9229,1.6083
17.91,435.09,0.0492,0.8771,31.5058
15.78,111.07,0.1062,0.9084,0.0636
9.39,116.3,0.1019,0.906,0.0
12.23,91.82,0.1393,0.9266,0.2228
9.38,108.28,0.1029,0.9066,0.0
11.52,390.15,0.0907,0.8999,36.9488
15.02,202.3,0.1074,0.9091,2.2501
5.72,242.17,0.1053,0.9079,25.3619
9.91,318.64,0.0583,0.8821,29.4309
7.11,14.36,0.1476,0.9312,0.0
0.8,212.17,0.0322,0.8677,30.1634
13.25,124.97,0.1033,0.9068,0.2514
19.74,436.74,0.0281,0.8655,28.2857
14.35,335.31,0.1254,0.919,23.0797
12.56,406.81,0.0556,0.8806,37.2934
17.0,309.5,0.0965,0.9031,14.4028
16.84,286.53,0.1212,0.9167,11.5889
7.28,113.37,0.0996,0.9048,3.3482
10.17,46.91,0.1496,0.9323,0.0406
14.51,243.18,0.1461,0.9304,9.3475
10.21,347.35,0.0554,0.8805,32.8209
11.85,360.36,0.0692,0.8881,32.0481
16.19,109.68,0.0324,0.8678,0.0
2.18,454.14,0.1368,0.9252,64.4467
4.16,133.96,0.0459,0.8752,12.0479
1.03,446.67,0.1298,0.9214,65.0754
13.21,21.38,0.1404,0.9272,0.1114
14.7,75.36,0.045,0.8748,0.2306
13.47,78.56,0.1379,0.9258,0.0
18.64,268.65,0.1377,0.9257,5.1576
6.81,246.62,0.1477,0.9312,24.2337
13.61,363.31,0.0932,0.9013,28.761
11.25,470.73,0.0582,0.882,49.887
15.36,207.1,0.0974,0.9036,2.1956
11.12,144.14,0.117,0.9143,0.8141
6.24,10.97,0.1015,0.9058,0.0
15.59,371.32,0.0486,0.8767,26.906
1.15,462.1,0.0719,0.8895,67.5045
18.38,429.05,0.1043,0.9074,30.1159
19.1,407.86,0.0449,0.8747,25.515
2.39,353.88,0.0793,0.8936,48.6445
0.74,134.8,0.0619,0.884,19.0794
4.3,386.44,0.0363,0.87,49.8965
2.58,208.43,0.0737,0.8905,26.1481
1.28,269.77,0.0826,0.8954,37.8513
18.61,263.57,0.1198,0.9159,4.5552
13.92,317.07,0.0293,0.8661,21.5626
9.27,10.25,0.0662,0.8864,0.2455
5.71,498.45,0.0608,0.8834,64.1168
12.89,396.8,0.1198,0.9159,35.4872
9.71,307.21,0.091,0.9001,27.7407
6.42,259.67,0.1147,0.9131,26.3645
12.91,36.96,0.0244,0.8634,0.3343
1.14,152.51,0.0685,0.8877,20.8112
7.17,411.99,0.0788,0.8933,48.0059
15.67,148.2,0.0686,0.8877,0.0
1.37,260.7,0.0989,0.9044,36.7456
8.76,186.24,0.1137,0.9125,11.5617
6.68,315.34,0.0239,0.8631,35.0123
14.21,255.1,0.1409,0.9275,11.2362
14.12,288.89,0.0367,0.8702,16.9177
13.31,380.53,0.0717,0.8894,32.186
11.89,336.22,0.1192,0.9156,27.9553
15.92,333.53,0.0317,0.8674,20.1243
5.32,491.88,0.1194,0.9157,63.7819
0.53,13.54,0.0338,0.8686,0.9263
5.65,434.31,0.0663,0.8865,54.1776
14.72,476.49,0.1016,0.9059,43.8353
3.02,126.7,0.1367,0.9252,13.1679
9.15,324.57,0.11,0.9105,31.394
10.09,379.7,0.0318,0.8675,38.0318
6.66,140.68,0.0309,0.867,8.7416
0.88,415.05,0.1225,0.9174,60.2977
10.41,318.74,0.0434,0.8739,28.693
5.81,305.03,0.0639,0.8851,34.8808
18.02,249.29,0.1402,0.9271,3.5838
3.35,189.28,0.1424,0.9283,21.5815
4.48,213.05,0.0556,0.8806,23.1271
13.73,137.63,0.1362,0.9249,0.0
11.83,454.97,0.0727,0.89,46.3047
18.33,139.86,0.0952,0.9024,0.0
8.61,289.82,0.0574,0.8816,27.5374
11.84,127.24,0.1107,0.9109,0.0
8.84,361.18,0.0318,0.8675,37.7571
12.41,363.73,0.0532,0.8793,31.5493
9.68,160.28,0.0332,0.8683,5.6012
10.21,305.09,0.0421,0.8732,26.653
8.06,238.05,0.098,0.9039,20.3638
11.0,14.55,0.0238,0.8631,0.0457
13.34,242.17,0.1095,0.9102,11.2488
6.36,253.64,0.098,0.9039,26.382
12.02,315.26,0.0665,0.8866,25.2392
11.62,80.69,0.0843,0.8964,0.0739
16.05,483.05,0.1428,0.9285,42.4682
19.7,88.18,0.0902,0.8996,0.0
15.53,11.09,0.0588,0.8823,0.3909
16.19,80.45,0.0253,0.8639,0.0995
2.91,238.89,0.1264,0.9195,30.3507
2.56,189.07,0.1036,0.907,23.7793
3.36,32.44,0.1347,0.9241,0.0
1.13,366.63,0.022,0.8621,52.8291
2.45,253.55,0.1125,0.9119,33.7121
11.57,406.06,0.0676,0.8872,39.2746
17.12,233.13,0.0548,0.8801,3.1098
16.33,54.1,0.0996,0.9048,0.0
15.67,31.53,0.0924,0.9008,0.0
4.46,84.65,0.0601,0.8831,4.5082
19.89,166.61,0.1035,0.9069,0.0
3.36,389.53,0.0239,0.8631,52.4472
17.15,239.67,0.0326,0.8679,3.6043
8.17,487.45,0.0536,0.8795,57.6466
15.93,368.13,0.0915,0.9003,25.2025
15.69,303.42,0.0552,0.8804,16.509
18.65,66.31,0.059,0.8824,0.1823
17.16,281.09,0.1157,0.9136,10.2773
2.05,152.11,0.0346,0.869,19.1073
3.63,216.09,0.0629,0.8846,25.8051
3.74,250.51,0.0219,0.862,30.4822
6.53,326.18,0.1051,0.9078,36.7685
17.08,19.24,0.0467,0.8757,0.0
1.66,344.53,0.0772,0.8925,48.7431
19.52,57.03,0.1084,0.9096,0.2889
6.88,145.14,0.0218,0.862,8.9094
1.86,133.66,0.0274,0.8651,16.1431
13.62,436.54,0.1176,0.9147,40.1198
8.76,78.56,0.0759,0.8917,0.1009
1.08,337.12,0.0389,0.8714,48.4428
11.81,132.84,0.1264,0.9195,0.1996
18.29,414.42,0.1451,0.9298,27.8371
6.21,136.02,0.1151,0.9133,8.6897
15.65,35.9,0.0412,0.8727,0.0711
4.78,474.55,0.0733,0.8903,62.0443
18.54,497.72,0.0526,0.8789,39.838
1.18,185.83,0.1256,0.9191,25.2687
3.04,352.03,0.0444,0.8744,47.1638
12.74,405.98,0.1407,0.9274,36.8772
8.46,403.6,0.1446,0.9295,44.4256
8.05,176.97,0.0669,0.8868,11.6575
12.5,336.44,0.1027,0.9065,26.8103
9.15,356.49,0.0765,0.8921,36.2274
13.84,396.87,0.0319,0.8675,33.8965
17.27,317.39,0.1485,0.9317,15.4222
11.95,403.5,0.1499,0.9324,37.5592
9.81,73.36,0.0809,0.8945,0.0
7.62,354.45,0.0452,0.8749,39.1005
17.4,74.35,0.061,0.8835,0.3938
14.01,80.02,0.0417,0.8729,0.1228
9.52,434.52,0.0372,0.8705,47.4209
4.84,499.04,0.0414,0.8728,65.7793
1.13,122.59,0.0264,0.8645,16.2429
16.43,45.35,0.1329,0.9231,0.0
19.39,112.16,0.082,0.8951,0.0
19.65,266.59,0.0594,0.8827,3.3631
5.6,111.77,0.0477,0.8762,6.1454
3.4,189.65,0.0447,0.8746,22.0999
10.58,244.09,0.0653,0.8859,16.5018
6.3,17.94,0.1009,0.9055,0.2444
17.23,67.3,0.144,0.9292,0.0268
10.9,342.36,0.1478,0.9313,30.788
18.03,119.24,0.1298,0.9214,0.2341
6.12,466.35,0.1313,0.9222,58.4004
18.36,381.11,0.0638,0.8851,22.8222
5.64,482.28,0.0754,0.8915,61.8117
6.47,258.05,0.0488,0.8768,26.7893
0.99,232.56,0.0832,0.8958,33.2586
17.25,490.99,0.1089,0.9099,41.3703
11.43,184.54,0.1237,0.918,6.1144
2.84,287.52,0.0468,0.8757,37.8113
9.69,360.36,0.1442,0.9293,36.144
4.38,266.94,0.1435,0.9289,31.6111
13.54,75.95,0.0395,0.8717,0.0569
3.22,10.16,0.0801,0.8941,0.0894
3.08,345.9,0.0458,0.8752,46.0709
7.57,60.57,0.1104,0.9107,0.0
12.26,32.92,0.1387,0.9263,0.0
8.65,487.78,0.1194,0.9157,57.1223
5.16,472.92,0.1158,0.9137,61.5173
16.99,220.75,0.0412,0.8727,1.4958
5.56,360.63,0.0222,0.8622,43.7153
4.36,398.69,0.1497,0.9323,51.5083
18.43,321.3,0.0421,0.8732,13.8217
10.34,380.95,0.1137,0.9125,37.867
10.13,392.48,0.0428,0.8735,39.6802
18.27,400.17,0.0239,0.8631,25.9778
19.79,419.29,0.089,0.899,25.8322
16.25,18.79,0.0919,0.9005,0.0
0.57,137.81,0.0441,0.8743,19.4888
10.08,118.64,0.1411,0.9276,0.0
5.21,235.81,0.0368,0.8702,25.409
10.65,485.04,0.1325,0.9229,52.6419
3.88,391.23,0.0227,0.8625,51.292
1.75,296.23,0.1022,0.9062,41.0873
9.88,374.37,0.028,0.8654,37.7023
9.05,389.95,0.112,0.9116,41.6545
15.12,485.54,0.1271,0.9199,44.6797
12.69,300.47,0.1092,0.9101,21.0399
18.21,372.87,0.0435,0.8739,21.9953
11.27,352.91,0.0345,0.869,31.7596
4.81,234.78,0.1022,0.9062,25.9176
15.19,42.66,0.1429,0.9286,0.0
1.65,115.04,0.0715,0.8893,14.5331
1.11,295.35,0.0844,0.8964,42.4141
10.57,214.75,0.0479,0.8763,12.0741
4.33,355.63,0.1052,0.9079,45.4924
11.47,43.97,0.1499,0.9324,0.0365
6.07,219.47,0.127,0.9198,21.7058
0.63,472.89,0.1381,0.926,69.6272
12.55,364.5,0.0685,0.8877,31.121
19.07,450.74,0.0579,0.8818,31.9091
2.37,142.1,0.0761,0.8919,16.6797
17.05,491.8,0.105,0.9077,41.9036
17.91,306.61,0.1007,0.9054,12.0668
12.15,189.78,0.1302,0.9216,5.7117
7.65,373.69,0.0395,0.8717,41.7518
10.29,64.38,0.0368,0.8702,0.0129
4.8,68.06,0.0665,0.8866,0.9854
14.66,246.43,0.0586,0.8822,9.1984
11.75,329.69,0.0259,0.8642,27.4161
10.96,306.96,0.041,0.8725,25.5617
9.89,413.04,0.0298,0.8664,43.4093
15.69,245.13,0.1499,0.9324,7.5333
1.52,342.24,0.1139,0.9126,48.7972
5.94,236.49,0.1179,0.9148,24.7153
14.33,188.42,0.1307,0.9219,1.3141
19.51,76.4,0.0425,0.8734,0.057
17.84,35.71,0.0787,0.8933,0.2765
13.39,451.9,0.0353,0.8694,42.699
14.58,307.66,0.1336,0.9235,19.0574
18.0,423.82,0.0479,0.8763,29.8253
10.78,227.92,0.1216,0.9169,13.9903
19.56,51.79,0.0433,0.8738,0.091
19.82,441.03,0.1071,0.9089,29.0365
4.3,49.39,0.1293,0.9211,0.0
5.18,492.19,0.0577,0.8817,64.0196
11.01,388.75,0.044,0.8742,37.8075
17.44,160.04,0.0903,0.8997,0.0124
8.43,391.18,0.1381,0.926,42.487
16.96,310.01,0.0692,0.8881,14.5158
8.9,352.86,0.0697,0.8883,36.2401
5.65,362.15,0.1313,0.9222,43.8612
11.26,277.29,0.1103,0.9107,20.464
9.3,298.45,0.1106,0.9108,26.8291
3.67,172.43,0.0966,0.9031,18.9625
5.85,395.44,0.0563,0.881,48.5201
14.26,423.92,0.0319,0.8675,36.8555
0.65,229.27,0.1221,0.9172,33.1129
15.96,255.9,0.1034,0.9069,8.7346
1.91,458.59,0.0901,0.8996,65.0937
0.95,494.39,0.0982,0.904,72.4014
12.54,293.02,0.0739,0.8906,20.4303
7.3,136.25,0.0448,0.8746,6.268
12.9,257.7,0.0371,0.8704,14.6995
5.71,284.94,0.0321,0.8677,31.9738
8.15,416.61,0.0948,0.9021,47.1066
7.59,180.8,0.1238,0.9181,12.8701
19.04,442.06,0.1341,0.9238,30.7969
19.43,411.57,0.0497,0.8773,25.362
12.28,10.23,0.0461,0.8754,0.0
19.45,80.96,0.0726,0.8899,0.0
17.51,422.56,0.0319,0.8675,30.4118
11.28,429.3,0.0916,0.9004,43.2717
11.46,52.79,0.0869,0.8978,0.2055
8.51,492.49,0.0662,0.8864,57.6944
4.68,365.21,0.0917,0.9004,46.2957
9.1,358.44,0.0892,0.8991,36.4911
7.35,298.8,0.1019,0.906,31.0998
3.31,90.53,0.0924,0.9008,7.4298
12.98,60.96,0.1418,0.928,0.0
9.19,96.17,0.056,0.8808,0.0
15.84,210.26,0.0955,0.9025,1.93
15.63,69.55,0.1394,0.9267,0.0
1.32,394.36,0.0829,0.8956,56.5932
17.68,17.64,0.0444,0.8744,0.0
12.36,94.96,0.0602,0.8831,0.0
5.61,231.97,0.1132,0.9123,24.4654
11.61,487.79,0.0465,0.8756,51.3784
3.51,142.96,0.0917,0.9004,14.8818
10.74,248.35,0.0414,0.8728,16.785
11.21,300.26,0.1242,0.9183,23.6862
3.59,13.8,0.044,0.8742,0.0513
7.62,135.17,0.062,0.8841,5.8593
8.46,464.96,0.1088,0.9098,53.7387
17.47,195.02,0.0209,0.8615,0.1019
4.83,76.21,0.1378,0.9258,2.1896
9.07,360.31,0.1264,0.9195,36.8085
19.93,475.1,0.0913,0.9002,34.0931
15.92,139.92,0.0892,0.8991,0.3219
5.59,327.11,0.0605,0.8833,38.4066
18.4,71.11,0.0958,0.9027,0.2669
1.6,459.33,0.0228,0.8625,65.8817
6.93,97.16,0.0202,0.8611,1.5088
13.6,310.52,0.0607,0.8834,21.2428
15.58,267.84,0.1288,0.9208,11.3527
12.07,356.06,0.1196,0.9158,30.5751
19.03,467.21,0.0982,0.904,34.7817
19.16,237.97,0.1237,0.918,0.3818
12.66,18.13,0.0519,0.8785,0.0059
4.24,477.39,0.0597,0.8828,63.808
4.39,214.7,0.0388,0.8713,23.9212
12.7,458.01,0.104,0.9072,44.5028
3.94,250.44,0.072,0.8896,30.3947
10.52,433.79,0.1147,0.9131,44.9915
13.77,27.53,0.0219,0.862,0.0439
1.08,455.18,0.1191,0.9155,66.0425
3.74,328.31,0.0504,0.8777,42.3391
10.56,426.27,0.0725,0.8899,43.8945
2.53,189.05,0.0403,0.8722,23.4438
18.15,433.64,0.071,0.8891,30.8111
19.51,132.15,0.1165,0.9141,0.01
12.59,350.81,0.0406,0.8723,28.9618
4.09,366.34,0.0913,0.9002,47.5413
9.01,497.3,0.0615,0.8838,57.6477
0.71,238.7,0.0387,0.8713,34.4732
11.56,158.83,0.1498,0.9324,2.3085
17.69,488.27,0.0683,0.8876,39.9537
8.74,47.46,0.0703,0.8887,0.3954
5.37,284.86,0.0918,0.9005,32.5238
19.98,378.5,0.0351,0.8693,19.3469
5.48,463.49,0.1415,0.9278,59.044
14.82,234.8,0.0532,0.8793,7.5514
16.14,155.6,0.0433,0.8738,0.0018
1.12,154.1,0.0276,0.8652,21.0303
0.74,48.5,0.0424,0.8733,5.9259
7.4,489.09,0.0453,0.8749,59.3402
4.71,120.42,0.0659,0.8862,9.1982
14.02,207.17,0.0912,0.9002,4.8292
13.49,261.07,0.0417,0.8729,13.6759
5.83,356.63,0.1187,0.9153,42.6284
10.71,219.33,0.0832,0.8958,12.6236
1.62,224.46,0.0755,0.8915,30.9589
3.37,282.68,0.0652,0.8859,35.9261
1.26,132.71,0.0355,0.8695,17.7027
4.17,436.44,0.0372,0.8705,57.6469
11.64,374.11,0.1199,0.9159,33.725
8.46,46.05,0.0568,0.8812,0.2319
15.21,176.02,0.0234,0.8629,0.0016
5.98,489.57,0.0837,0.896,62.2869
0.89,442.01,0.0249,0.8637,64.7676
2.59,29.73,0.074,0.8907,0.1481
9.45,193.7,0.0234,0.8629,11.0641
9.54,491.02,0.061,0.8835,55.6642
14.21,167.55,0.1063,0.9085,0.0
14.27,166.33,0.0854,0.897,0.2503
13.34,434.8,0.1432,0.9288,40.2873
14.79,452.25,0.1444,0.9294,40.0584
8.18,259.96,0.036,0.8698,23.7818
15.66,282.75,0.0819,0.895,12.9709
4.63,355.1,0.1211,0.9166,44.5836
18.34,12.61,0.1155,0.9135,0.0501
4.55,452.68,0.0619,0.884,59.1363
6.46,449.05,0.1066,0.9086,55.1079
15.7,291.26,0.086,0.8973,14.302
14.26,221.37,0.1097,0.9103,6.0019
11.3,301.77,0.0723,0.8898,24.1312
18.14,289.03,0.0565,0.8811,9.2596
2.67,292.51,0.0744,0.8909,38.6912
0.55,411.91,0.0922,0.9007,60.9948
14.19,422.47,0.1107,0.9109,36.7938
0.51,425.85,0.0863,0.8975,62.7863
0.96,360.04,0.1144,0.9129,52.4342
7.91,241.5,0.0529,0.8791,21.2904
15.19,262.27,0.0308,0.8669,10.6724
13.81,33.42,0.0648,0.8856,0.0
8.01,385.37,0.0504,0.8777,42.7465
10.56,72.09,0.1484,0.9316,0.0
1.26,201.29,0.1051,0.9078,27.7147
8.16,36.97,0.0409,0.8725,0.0
5.77,498.67,0.0214,0.8618,64.3523
1.63,250.41,0.0233,0.8628,34.5511
12.2,198.56,0.0946,0.902,6.7549
6.58,416.57,0.0208,0.8614,50.4257
11.36,231.84,0.0403,0.8722,13.0709
6.32,229.11,0.1341,0.9238,22.3359
18.74,267.72,0.0834,0.8959,5.2278
1.02,238.87,0.0804,0.8942,33.748
17.57,322.17,0.0313,0.8672,14.9243
2.61,160.91,0.0336,0.8685,18.99
1.16,497.64,0.0767,0.8922,72.3138
9.6,136.47,0.0992,0.9046,2.3776
0.99,472.92,0.0251,0.8638,68.9211
10.61,170.96,0.027,0.8649,5.4736
0.94,13.0,0.0427,0.8735,0.1377
13.86,467.26,0.0919,0.9005,44.3129
7.37,143.31,0.1189,0.9154,7.4005
10.13,374.58,0.0567,0.8812,37.1688
16.94,134.49,0.0264,0.8645,0.0
11.1,390.24,0.1452,0.9299,37.7836
18.19,486.12,0.0265,0.8646,39.0915
18.36,124.2,0.0604,0.8832,0.0628
7.24,80.81,0.117,0.9143,0.24
18.47,169.26,0.0384,0.8711,0.0363
4.03,89.47,0.1146,0.913,5.9196
12.96,367.23,0.1205,0.9163,31.0036
11.88,52.41,0.1006,0.9053,0.3558
11.04,218.65,0.048,0.8764,12.3545
9.49,223.72,0.1236,0.918,15.743
19.71,478.11,0.026,0.8643,34.8688
2.13,201.23,0.0707,0.8889,26.2519
15.52,131.16,0.0621,0.8842,0.2392
14.03,234.94,0.1493,0.9321,8.6313
10.48,336.49,0.023,0.8627,30.533
11.04,235.93,0.027,0.8649,14.7139
13.63,490.74,0.0207,0.8614,48.0171
6.61,191.95,0.033,0.8681,16.8423
5.19,401.04,0.0409,0.8725,50.2577
5.66,477.11,0.0428,0.8735,61.1883
19.17,273.15,0.0729,0.8901,5.01
11.07,271.31,0.0992,0.9046,19.9871
6.56,29.56,0.1367,0.9252,0.0
1.06,349.22,0.1047,0.9076,50.5922
5.15,248.39,0.046,0.8753,27.4752
11.43,68.17,0.094,0.9017,0.1391
18.92,286.89,0.0401,0.8721,7.5794
7.71,493.93,0.0497,0.8773,60.0378
2.28,311.7,0.1482,0.9315,42.5061
8.75,422.21,0.1341,0.9238,46.6258
15.59,404.65,0.0523,0.8788,31.3924
7.3,165.08,0.1047,0.9076,10.8992
4.39,80.67,0.0323,0.8678,4.015
1.2,192.95,0.0797,0.8938,26.7325
5.61,310.37,0.1151,0.9133,35.8513
10.59,453.79,0.0876,0.8982,48.3688
17.31,34.66,0.0708,0.8889,0.071
11.14,121.33,0.074,0.8907,0.0294
5.88,104.58,0.1394,0.9267,4.4999
2.63,455.69,0.1185,0.9152,63.4117
10.43,318.08,0.0216,0.8619,28.5871
1.63,276.13,0.0974,0.9036,38.3445
12.14,491.14,0.0506,0.8778,50.9
7.04,68.23,0.1364,0.925,0.0
14.12,228.88,0.0768,0.8922,7.8356
8.54,59.66,0.0785,0.8932,0.0
17.74,217.71,0.0427,0.8735,0.0
3.04,146.56,0.0771,0.8924,15.7088
17.25,416.27,0.1024,0.9063,30.006
12.07,313.11,0.0655,0.886,24.1917
0.55,323.28,0.1056,0.9081,47.1784
19.94,234.02,0.0484,0.8766,0.0006
5.37,461.82,0.1362,0.9249,59.2167
15.8,76.04,0.0917,0.9004,0.0
17.01,327.42,0.1236,0.918,16.7219
1.75,229.97,0.1487,0.9318,31.417
10.79,458.77,0.0497,0.8773,48.2568
19.38,417.98,0.0638,0.8851,26.0711
1.45,162.59,0.0326,0.8679,21.7515
17.94,401.98,0.122,0.9171,27.0215
15.45,364.13,0.1078,0.9093,25.5734
14.97,455.29,0.1443,0.9294,40.5274
17.05,494.94,0.0959,0.9027,42.5237
16.5,204.89,0.0414,0.8728,0.0
4.67,321.62,0.1024,0.9063,39.6845
16.22,190.52,0.1089,0.9099,0.0401
10.6,14.16,0.0803,0.8942,0.2039
3.74,412.93,0.0401,0.8721,54.8624
6.49,14.67,0.1472,0.931,0.1288
15.07,173.05,0.0255,0.864,0.0
15.7,429.44,0.0806,0.8943,35.3017
19.76,470.57,0.0929,0.9011,33.6071
9.04,11.04,0.0851,0.8968,0.2205
14.0,428.51,0.0362,0.8699,37.9087
2.98,337.54,0.1487,0.9318,44.7368
12.2,150.11,0.1441,0.9293,0.1559
5.17,92.11,0.0647,0.8856,3.9044
18.85,166.13,0.1131,0.9122,0.0
2.63,190.47,0.1273,0.92,23.995
3.1,383.67,0.1052,0.9079,51.672
19.5,163.54,0.1451,0.9298,0.2985
16.63,336.36,0.0903,0.8997,18.9916
1.57,185.5,0.1316,0.9224,24.6549
7.0,186.45,0.023,0.8627,14.5414
9.76,22.03,0.0458,0.8752,0.0965
6.6,452.34,0.1385,0.9262,55.2369
1.51,320.67,0.1176,0.9147,45.192
17.42,190.44,0.0892,0.8991,0.0
12.74,286.22,0.0663,0.8865,18.8302
17.52,174.97,0.0319,0.8675,0.0812
17.16,153.92,0.0571,0.8814,0.0
5.21,392.5,0.0996,0.9048,49.3243
6.38,75.92,0.1074,0.9091,0.0
17.04,108.84,0.0272,0.865,0.0
10.84,197.94,0.0818,0.895,9.578
1.98,333.9,0.0826,0.8954,46.4656
13.06,437.25,0.0781,0.893,40.9449
14.57,268.34,0.1262,0.9194,12.765
12.57,298.66,0.1424,0.9283,21.3442
16.01,433.58,0.1415,0.9278,35.1824
8.32,444.36,0.0982,0.904,51.1404
14.77,303.68,0.0339,0.8686,17.8784
17.5,127.67,0.0363,0.87,0.0
17.6,116.43,0.0574,0.8816,0.0
1.02,48.83,0.0523,0.8788,5.4391
5.83,148.49,0.0967,0.9032,11.3455
9.86,474.07,0.0807,0.8944,53.0173
10.98,223.88,0.136,0.9248,12.9452
6.42,218.12,0.0901,0.8996,20.6281
0.6,476.06,0.1314,0.9223,70.2921
17.63,484.66,0.1431,0.9287,40.0165
19.53,10.58,0.1379,0.9258,0.0872
1.63,327.17,0.0403,0.8722,46.1126
18.31,74.52,0.0216,0.8619,0.0209
8.39,64.06,0.0408,0.8724,0.0
5.03,476.56,0.1277,0.9202,61.9172
4.41,175.55,0.0819,0.895,17.8879
1.72,18.58,0.058,0.8819,0.1574
13.86,131.38,0.1381,0.926,0.0593
12.0,454.26,0.0813,0.8947,45.8543
14.44,100.41,0.0536,0.8795,0.0
14.25,341.04,0.1115,0.9113,24.5798
12.78,85.33,0.0255,0.864,0.0
18.68,193.06,0.1341,0.9238,0.275
7.64,234.27,0.1138,0.9126,20.7119
17.55,350.98,0.0231,0.8627,19.6951
3.86,410.89,0.1092,0.9101,54.2115
19.01,460.27,0.0587,0.8823,33.4936
11.93,195.9,0.1208,0.9164,7.357
8.51,240.01,0.0816,0.8949,19.9346
15.33,321.52,0.1474,0.9311,19.6612
17.6,277.63,0.0452,0.8749,8.565
1.18,411.71,0.083,0.8956,59.4085
19.1,83.7,0.0678,0.8873,0.1328
8.67,103.16,0.0579,0.8818,0.2126
16.16,353.45,0.0581,0.882,22.6637
14.42,143.2,0.141,0.9275,0.1342
1.63,449.5,0.0921,0.9007,64.4091
6.57,438.23,0.073,0.8901,53.3935
1.66,420.82,0.1333,0.9233,59.9392
18.65,339.73,0.0431,0.8737,16.0941
18.88,406.25,0.0468,0.8757,25.6534
19.89,53.25,0.0567,0.8812,0.3812
8.64,475.97,0.0458,0.8752,55.0132
1.66,206.56,0.143,0.9286,27.8766
8.85,76.06,0.1025,0.9064,0.1873
19.9,222.07,0.1304,0.9217,0.0
4.26,426.07,0.0311,0.8671,56.0467
11.9,297.13,0.0319,0.8675,22.176
11.95,459.09,0.1317,0.9224,46.3639
5.13,354.06,0.0297,0.8663,43.3359
5.39,173.99,0.0457,0.8751,15.7372
7.2,211.86,0.0277,0.8652,18.4106
15.24,325.84,0.0559,0.8807,20.094
8.94,268.46,0.0858,0.8972,23.5284
7.37,236.63,0.1453,0.9299,21.7547
10.59,311.86,0.1449,0.9297,27.1002
13.48,150.35,0.088,0.8984,0.1736
17.37,489.2,0.09,0.8995,41.2831
2.69,314.42,0.0535,0.8794,42.0622
10.33,130.35,0.1306,0.9218,0.2233
8.19,68.01,0.0224,0.8623,0.0667
18.58,376.66,0.0227,0.8625,21.6589
8.05,65.99,0.1397,0.9268,0.0746
7.26,360.2,0.1288,0.9208,40.3585
19.97,128.8,0.1233,0.9178,0.0
14.91,473.73,0.145,0.9297,43.2403
19.16,37.74,0.044,0.8742,0.0
9.06,146.15,0.1243,0.9184,5.0395
15.85,485.55,0.1237,0.918,43.0708
5.77,350.66,0.0368,0.8702,42.0764
1.97,100.61,0.1392,0.9266,11.3301
14.22,170.68,0.0627,0.8845,0.277
19.63,395.73,0.1456,0.9301,22.3673
1.57,102.69,0.1038,0.9071,12.4309
10.64,252.51,0.1149,0.9132,17.5305
11.97,127.78,0.0303,0.8667,0.0
6.13,449.1,0.1442,0.9293,55.7083
7.99,81.91,0.1453,0.9299,0.0
9.24,228.05,0.0457,0.8751,16.8174
9.72,321.34,0.0827,0.8955,30.1337
13.76,340.63,0.1498,0.9324,25.1003
4.94,66.46,0.1454,0.93,0.4124
7.16,178.86,0.0916,0.9004,13.5045
14.45,343.75,0.0253,0.8639,24.1626
5.1,467.83,0.106,0.9083,60.5988
13.79,322.64,0.0499,0.8774,22.2102
1.59,137.01,0.1427,0.9285,17.4005
14.07,355.48,0.1112,0.9112,26.62
16.09,473.02,0.1089,0.9099,40.8477
15.05,471.54,0.1433,0.9288,42.241
5.3,190.63,0.1418,0.928,18.7711
2.08,45.52,0.1319,0.9225,3.0546
9.12,439.29,0.0331,0.8682,48.4495
2.95,389.63,0.132,0.9226,52.8888
3.24,441.69,0.0951,0.9023,60.1718
13.39,322.72,0.0485,0.8767,23.0927
3.24,96.48,0.0962,0.9029,8.5094
11.68,336.58,0.0344,0.8689,28.3881
14.15,238.97,0.1414,0.9278,9.3238
17.11,149.74,0.0877,0.8982,0.0
13.63,358.14,0.0705,0.8888,28.2454
7.67,220.84,0.1354,0.9245,18.9509
17.62,380.71,0.0851,0.8968,23.8356
12.21,273.82,0.0926,0.9009,18.3107
9.3,467.62,0.0393,0.8716,52.9093
7.31,73.08,0.0483,0.8766,0.0
6.61,339.52,0.1345,0.924,38.6187
9.46,403.85,0.0389,0.8714,42.9103
12.71,115.52,0.0901,0.8996,0.0873
4.82,309.99,0.1272,0.92,37.5477
15.9,424.66,0.1268,0.9197,33.832
2.61,381.72,0.0798,0.8939,52.2973
7.68,232.59,0.1117,0.9114,20.4039
15.57,166.05,0.0721,0.8897,0.2044
13.27,300.02,0.0345,0.869,19.9621
9.76,450.85,0.0334,0.8684,49.5339
3.77,276.67,0.0973,0.9035,34.6194
5.74,143.98,0.1126,0.9119,10.5281
5.35,456.62,0.1114,0.9113,58.4795
19.52,310.83,0.0652,0.8859,10.1561
11.35,326.07,0.0471,0.8759,27.4957
16.68,486.76,0.0751,0.8913,41.6062
18.55,303.83,0.0902,0.8996,10.8669
3.19,439.11,0.145,0.9297,59.8244
19.71,122.59,0.1133,0.9123,0.0
10.61,230.19,0.0938,0.9016,14.5161
15.85,496.98,0.0357,0.8696,44.6969
2.15,391.3,0.057,0.8813,54.7898
16.46,281.42,0.1178,0.9148,11.5468
10.25,492.84,0.0487,0.8768,54.793
10.7,322.71,0.1129,0.9121,28.2694
1.08,294.91,0.0396,0.8718,42.0071
15.3,196.23,0.0625,0.8844,0.6584
18.08,92.28,0.0744,0.8909,0.0
2.24,55.26,0.1417,0.9279,4.498
17.42,340.97,0.1037,0.907,18.2361
12.19,350.06,0.0774,0.8926,29.6334
8.81,153.21,0.0324,0.8678,6.5173
14.88,135.71,0.1199,0.9159,0.0
10.99,136.58,0.0903,0.8997,0.0
9.0,180.95,0.0334,0.8684,10.0419
9.31,82.35,0.1479,0.9313,0.0296
18.03,459.33,0.0996,0.9048,35.1445
13.67,340.22,0.1386,0.9262,25.5111
11.91,167.4,0.101,0.9055,2.4017
0.8,133.27,0.0326,0.8679,18.4618
10.11,51.18,0.0709,0.889,0.0
9.9,126.93,0.0743,0.8909,0.5362
16.22,206.94,0.0698,0.8884,0.4737
18.22,425.21,0.1091,0.91,29.657
10.41,474.67,0.0867,0.8977,51.8424
11.29,406.48,0.1307,0.9219,39.7757
4.3,244.65,0.0712,0.8892,28.5994
3.03,139.21,0.0237,0.863,15.4489
13.63,334.26,0.111,0.9111,24.3183
2.38,443.59,0.0857,0.8971,62.0831
7.43,270.04,0.1071,0.9089,26.6203
17.38,36.57,0.067,0.8869,0.0
18.15,25.86,0.1258,0.9192,0.0003
18.37,281.8,0.1443,0.9294,7.7574
10.42,202.38,0.1111,0.9111,10.6725
3.3,90.1,0.0915,0.9003,7.2114
9.81,55.51,0.0612,0.8837,0.0359
19.98,81.52,0.0503,0.8777,0.2693
6.01,322.64,0.143,0.9286,37.3359
18.69,398.09,0.1099,0.9104,24.5879
0.51,364.42,0.0262,0.8644,53.4156
16.0,23.87,0.0492,0.8771,0.1119
2.1,305.31,0.0539,0.8796,41.7613
6.63,443.9,0.1266,0.9196,54.1654
17.41,498.03,0.0349,0.8692,41.918
11.99,66.79,0.1298,0.9214,0.0
9.6,156.96,0.1459,0.9302,5.5787
2.54,98.83,0.133,0.9232,10.0317
12.83,398.5,0.0444,0.8744,35.901
14.2,430.71,0.1499,0.9324,38.1264
8.9,444.83,0.1343,0.9239,50.0799
15.02,395.52,0.03,0.8665,31.1994
9.86,55.37,0.0817,0.8949,0.0
14.24,469.29,0.0233,0.8628,43.5182
19.8,410.32,0.0428,0.8735,24.661
1.42,48.25,0.0328,0.868,4.3186
17.47,499.44,0.1244,0.9184,42.1944
15.15,42.19,0.059,0.8824,0.0
18.79,370.5,0.1409,0.9275,20.3058
11.22,374.72,0.1006,0.9053,35.0596
12.07,383.06,0.0457,0.8751,34.7689
11.88,308.05,0.1318,0.9225,23.8928
16.21,489.02,0.1325,0.9229,43.2893
3.69,397.57,0.0817,0.8949,52.9163
14.91,354.1,0.0285,0.8657,25.185
19.8,482.73,0.0303,0.8667,35.3282
9.78,13.82,0.0341,0.8688,0.0
14.81,382.98,0.1065,0.9086,29.5291
19.69,248.3,0.0882,0.8985,0.4799
15.73,497.72,0.1252,0.9189,45.5938
10.15,328.36,0.0682,0.8875,30.3913
11.05,321.3,0.0302,0.8666,27.7655
12.81,198.5,0.1127,0.912,5.7582
6.76,83.03,0.1349,0.9242,0.2899
2.23,304.51,0.0849,0.8967,41.2821
7.7,416.39,0.1104,0.9107,47.9329
2.21,214.77,0.0829,0.8956,28.0165
17.62,107.98,0.0444,0.8744,0.2589
13.07,144.08,0.0584,0.8821,0.1265
15.09,70.55,0.1078,0.9093,0.2172
13.36,304.52,0.0882,0.8985,20.7699
7.82,403.8,0.0997,0.9048,45.8802
3.19,267.35,0.0214,0.8618,34.3676
17.04,333.84,0.129,0.9209,18.2865
4.58,186.42,0.0872,0.898,19.0692
11.51,240.63,0.1023,0.9063,14.4797
0.55,486.52,0.1002,0.9051,71.9642
11.11,139.2,0.1255,0.919,0.1355
19.22,289.85,0.1473,0.931,7.4619
3.34,27.69,0.0809,0.8945,0.1356
3.01,423.38,0.0521,0.8787,57.9243
6.2,361.32,0.1281,0.9205,42.439
10.03,61.77,0.0705,0.8888,0.0257
15.33,330.17,0.0902,0.8996,20.6593
12.5,331.07,0.0445,0.8745,26.1538
12.62,143.24,0.0341,0.8688,0.0
17.0,182.91,0.1026,0.9064,0.0798
18.87,166.02,0.111,0.9111,0.4683
1.94,39.27,0.0245,0.8635,2.3967
5.14,37.75,0.0675,0.8871,0.0
2.29,68.52,0.1491,0.932,6.515
17.41,95.5,0.0819,0.895,0.0
0.85,183.22,0.1094,0.9102,25.6299
19.34,467.68,0.1123,0.9118,33.642
13.4,204.12,0.0333,0.8683,5.5006
9.94,90.84,0.0331,0.8682,0.0
12.0,273.33,0.0547,0.8801,18.4065
5.95,362.61,0.0801,0.8941,42.9022
15.45,337.69,0.1354,0.9245,21.5986
15.53,373.96,0.1338,0.9236,27.2738
3.25,349.01,0.0265,0.8646,46.2707
4.46,204.45,0.0319,0.8675,22.4503
3.04,191.16,0.0396,0.8718,22.8731
6.6,310.91,0.0709,0.889,34.422
12.7,254.26,0.0661,0.8864,14.4693
2.4,114.18,0.1173,0.9145,12.9478
1.22,75.38,0.1224,0.9173,8.8449
12.1,390.46,0.1049,0.9077,35.5275
10.42,284.49,0.1129,0.9121,23.4943
6.08,211.76,0.0984,0.9041,20.1587
5.45,166.85,0.05,0.8775,14.9817
19.55,155.84,0.1198,0.9159,0.0575
15.56,330.25,0.072,0.8896,20.2936
19.08,363.88,0.082,0.8951,19.0586
15.43,108.73,0.0782,0.893,0.0
5.68,191.96,0.1137,0.9125,18.365
2.97,139.67,0.0582,0.882,15.5956
13.82,240.24,0.0224,0.8623,10.0913
0.52,439.46,0.1354,0.9245,64.9705
9.01,86.19,0.0629,0.8846,0.0
8.61,259.68,0.0704,0.8887,22.7195
3.87,144.86,0.105,0.9077,14.487
18.19,150.8,0.1169,0.9143,0.0
4.09,430.51,0.1468,0.9307,56.7897
19.85,364.04,0.1353,0.9244,17.492
15.17,471.39,0.0628,0.8845,42.1676
7.83,450.25,0.0878,0.8983,52.7753
16.69,431.25,0.0632,0.8848,33.1324
10.85,482.78,0.0783,0.8931,51.7059
1.55,203.13,0.1069,0.9088,27.2938
16.06,248.01,0.1259,0.9192,7.4052
12.23,346.37,0.0911,0.9001,28.9057
13.91,120.65,0.1443,0.9294,0.0
2.7,27.96,0.0424,0.8733,0.3708
13.22,279.39,0.1136,0.9125,17.4459
6.53,284.32,0.0772,0.8925,30.5912
13.6,406.19,0.1307,0.9219,35.667
18.44,244.32,0.0805,0.8943,1.7787
6.15,454.01,0.0649,0.8857,56.5435
10.68,221.36,0.0352,0.8694,12.8476
17.49,86.52,0.1288,0.9208,0.0207
11.44,397.0,0.066,0.8863,38.2116
10.19,328.14,0.0502,0.8776,30.1631
8.45,476.46,0.0354,0.8695,55.8148
17.51,243.34,0.0803,0.8942,3.8428
7.33,406.95,0.0906,0.8998,47.3432
14.11,321.52,0.0215,0.8618,21.5405
16.43,71.76,0.1246,0.9185,0.1962
4.77,293.45,0.1009,0.9055,34.6866
4.94,193.64,0.0828,0.8955,19.7152
3.71,213.72,0.1345,0.924,25.2899
4.69,56.65,0.0865,0.8976,0.0
15.11,349.51,0.1471,0.9309,24.2323
7.83,27.8,0.1106,0.9108,0.0
1.4,159.41,0.0582,0.882,21.2758
8.74,293.19,0.0329,0.8681,27.7996
0.5,205.31,0.0858,0.8972,29.7328
18.26,35.84,0.0325,0.8679,0.0
7.16,27.76,0.0371,0.8704,0.198
17.9,195.61,0.0212,0.8617,0.1642
16.93,216.92,0.0711,0.8891,0.9825
17.22,290.2,0.1476,0.9312,11.0273
11.49,423.91,0.1193,0.9156,42.345
11.73,459.59,0.1182,0.915,46.8772
2.74,356.77,0.0889,0.8989,48.7066
15.68,292.49,0.0527,0.879,14.4785
9.67,387.61,0.1152,0.9134,39.8514
3.67,189.28,0.1088,0.9098,21.5219
17.69,355.15,0.0811,0.8946,20.4009
16.77,285.38,0.0811,0.8946,11.5434
17.28,447.6,0.0751,0.8913,34.7303
7.71,91.53,0.0212,0.8617,0.0
12.45,490.68,0.1173,0.9145,49.9174
0.69,496.44,0.0421,0.8732,73.495
8.05,223.55,0.1383,0.9261,18.0902
16.8,219.03,0.0536,0.8795,1.7382
7.53,294.39,0.1133,0.9123,29.798
2.21,378.6,0.1221,0.9172,52.6497
15.45,452.31,0.1074,0.9091,38.6984
15.12,118.85,0.0853,0.8969,0.3465
15.68,251.75,0.0544,0.8799,8.3478
15.83,346.89,0.0477,0.8762,22.4693
2.9,385.45,0.0378,0.8708,52.6228
10.72,176.41,0.0251,0.8638,6.5579
7.1,402.88,0.0569,0.8813,47.2273
8.2,417.09,0.1209,0.9165,46.8685
7.32,210.95,0.07,0.8885,17.9629
1.89,326.46,0.1054,0.908,45.4124
5.94,257.95,0.1132,0.9123,27.6181
12.68,426.33,0.0453,0.8749,40.0494
15.5,45.88,0.0346,0.869,0.0
17.86,268.44,0.1035,0.9069,6.8176
11.46,116.4,0.0292,0.8661,0.1232
15.04,120.21,0.0877,0.8982,0.0
5.34,115.14,0.0684,0.8876,7.3401
7.4,177.45,0.1407,0.9274,12.9158
12.53,24.41,0.1181,0.915,0.0
19.73,134.1,0.1364,0.925,0.0
13.35,294.37,0.1333,0.9233,18.9681
13.7,356.89,0.1273,0.92,28.0499
17.22,405.47,0.0887,0.8988,28.5547
19.87,434.79,0.0943,0.9019,27.6688
18.22,360.27,0.0496,0.8773,19.9826
7.87,225.49,0.0749,0.8912,18.9403
2.75,349.26,0.1139,0.9126,47.3284
10.84,145.56,0.0395,0.8717,1.8344
5.78,446.86,0.092,0.9006,56.1757
16.2,47.34,0.1038,0.9071,0.0824
0.51,299.12,0.1206,0.9163,43.7892
11.02,284.56,0.1186,0.9152,22.1209
17.13,346.17,0.0265,0.8646,19.6782
14.8,258.77,0.0374,0.8706,11.1759
13.76,458.71,0.0361,0.8699,43.1432
5.96,137.35,0.1271,0.9199,9.4581
17.73,130.72,0.0783,0.8931,0.0
11.63,43.8,0.1435,0.9289,0.0
11.39,304.16,0.0703,0.8887,24.3169
17.53,94.81,0.1426,0.9284,0.0
11.45,26.56,0.0962,0.9029,0.0
12.08,230.29,0.0313,0.8672,11.7219
13.94,430.79,0.0927,0.901,38.9522
1.57,474.04,0.1179,0.9148,68.3932
10.02,236.4,0.0418,0.873,16.7505
10.43,380.95,0.0425,0.8734,37.6832
9.61,197.81,0.0863,0.8975,11.3522
4.3,437.47,0.0601,0.8831,57.4031
10.61,196.89,0.1275,0.9201,9.812
14.28,264.35,0.1134,0.9124,13.1039
8.98,379.9,0.1355,0.9245,40.4635
3.63,267.67,0.0729,0.8901,33.3371
6.47,461.0,0.1161,0.9139,56.7062
1.1,105.34,0.0738,0.8906,14.1445
19.28,421.29,0.1316,0.9224,27.1637
14.29,394.03,0.0466,0.8756,31.9675
7.01,460.98,0.1056,0.9081,56.2143
7.1,295.7,0.1495,0.9322,30.9861
6.02,186.84,0.0557,0.8806,16.7447
13.86,478.88,0.0833,0.8958,45.5127
16.6,422.45,0.0252,0.8639,32.2401
9.35,344.86,0.0585,0.8822,34.4764
8.52,401.88,0.1001,0.9051,44.5314
10.35,129.56,0.0266,0.8646,0.2455
4.05,421.51,0.0226,0.8624,55.7684
2.48,262.75,0.1221,0.9172,34.88
4.42,54.16,0.074,0.8907,0.0
5.56,226.3,0.0444,0.8744,23.3283
18.44,215.95,0.0895,0.8992,0.3295
10.94,267.46,0.118,0.9149,19.3687
19.26,110.22,0.0425,0.8734,0.0
13.89,234.77,0.1364,0.925,9.283
13.95,90.81,0.0961,0.9029,0.0
10.76,94.18,0.1204,0.9162,0.1137
5.68,489.56,0.114,0.9127,62.5138
2.42,332.57,0.1235,0.9179,45.2248
8.07,326.89,0.1253,0.9189,33.4708
6.91,391.78,0.0519,0.8785,45.4124
19.06,498.41,0.1363,0.925,39.0875
8.82,488.51,0.0612,0.8837,57.0063
11.72,322.33,0.1036,0.907,26.2253
1.13,188.59,0.1488,0.9318,26.2621
9.1,377.93,0.0562,0.8809,39.477
12.84,477.05,0.121,0.9165,47.178
2.05,327.63,0.0313,0.8672,45.5628
8.4,470.34,0.033,0.8681,54.8383
9.96,73.16,0.0429,0.8736,0.0
4.18,42.69,0.042,0.8731,0.0
1.12,114.05,0.0538,0.8796,15.1046
1.89,249.27,0.0813,0.8947,33.7253
4.91,492.52,0.1463,0.9305,64.35
6.46,47.51,0.0322,0.8677,0.0
6.92,14.25,0.0411,0.8726,0.0
10.94,428.11,0.1313,0.9222,44.0588
12.21,28.81,0.0896,0.8993,0.1107
9.01,181.93,0.0816,0.8949,10.7167
5.33,367.66,0.078,0.8929,44.6962
4.16,119.35,0.054,0.8797,9.9357
18.54,121.42,0.1057,0.9081,0.0
15.2,139.78,0.0835,0.8959,0.3068
6.75,419.84,0.0815,0.8948,50.54
16.95,150.32,0.1051,0.9078,0.0
14.0,146.12,0.0921,0.9007,0.3436
4.43,274.12,0.0864,0.8975,32.8128
16.97,477.15,0.0299,0.8664,39.6992
5.82,388.48,0.03,0.8665,47.1948
7.53,307.75,0.0417,0.8729,32.1479
1.43,57.38,0.0294,0.8662,5.7222
18.21,39.01,0.0218,0.862,0.0
15.13,238.32,0.0526,0.8789,7.3111
19.08,176.94,0.0815,0.8948,0.0
5.43,182.51,0.0512,0.8782,17.0726
15.8,221.45,0.0278,0.8653,3.6978
18.93,133.76,0.1022,0.9062,0.0
17.16,187.26,0.0491,0.877,0.0
12.28,376.9,0.0219,0.862,33.4627
11.29,234.65,0.1438,0.9291,13.8269
10.75,145.59,0.0613,0.8837,1.5683
4.35,244.9,0.1474,0.9311,28.5526
11.39,335.87,0.1426,0.9284,28.8784
10.11,269.1,0.0653,0.8859,21.5478
6.45,321.83,0.1299,0.9214,36.0824
11.39,50.62,0.0701,0.8886,0.1147
18.59,470.71,0.0538,0.8796,35.7346
9.17,29.09,0.0792,0.8936,0.1498
1.99,425.59,0.0784,0.8931,60.2285
8.85,256.97,0.0277,0.8652,21.7217
16.64,22.13,0.0406,0.8723,0.1994
13.9,365.78,0.0618,0.884,29.0129
2.71,116.53,0.0354,0.8695,12.1541
14.01,277.09,0.0278,0.8653,14.8304
7.39,87.55,0.0325,0.8679,0.2052
11.38,325.28,0.1213,0.9167,27.1365
10.09,465.31,0.0862,0.8974,50.6343
3.16,444.93,0.0508,0.8779,60.7009
10.79,241.24,0.0258,0.8642,16.0928
14.4,492.59,0.084,0.8962,46.9406
1.39,363.18,0.0436,0.874,52.1132
17.14,439.26,0.0864,0.8975,33.7405
18.98,483.38,0.122,0.9171,37.0596
14.45,465.72,0.0219,0.862,42.7672
2.81,69.49,0.0767,0.8922,5.0113
3.72,99.42,0.0899,0.8994,8.0472
11.84,161.3,0.0957,0.9026,1.8928
1.62,290.42,0.1188,0.9153,40.482
16.02,431.58,0.0417,0.8729,34.6561
8.04,340.16,0.0459,0.8752,35.9359
10.16,20.5,0.0855,0.897,0.2566
5.21,197.91,0.0254,0.864,19.6357
14.13,177.52,0.0769,0.8923,0.0
14.1,488.08,0.0237,0.863,46.7335
13.88,341.1,0.03,0.8665,25.3671
7.47,112.36,0.0483,0.8766,3.148
13.49,216.21,0.114,0.9127,7.0147
17.47,375.53,0.1097,0.9103,23.5832
11.01,277.52,0.1388,0.9263,20.7345
15.84,69.59,0.0895,0.8992,0.0
0.62,430.14,0.1239,0.9181,63.0403
14.86,92.58,0.0663,0.8865,0.3416
13.27,17.9,0.0932,0.9013,0.0997
3.78,330.74,0.0321,0.8677,42.2477
19.21,487.85,0.0227,0.8625,37.0904
16.45,276.87,0.027,0.8649,10.8943
10.69,326.4,0.0324,0.8678,28.6475
15.36,404.94,0.1422,0.9282,32.2463
16.15,85.97,0.108,0.9094,0.0302
5.41,41.79,0.1477,0.9312,0.1049
4.58,417.63,0.1464,0.9305,54.0796
10.27,37.07,0.0955,0.9025,0.0
19.78,400.05,0.108,0.9094,23.2361
7.72,34.37,0.0935,0.9014,0.1254
10.05,313.04,0.1482,0.9315,28.1681
12.62,450.92,0.0901,0.8996,43.9294
1.33,101.57,0.1275,0.9201,12.8302
18.21,110.86,0.1243,0.9184,0.0994
13.08,113.85,0.0349,0.8692,0.0148
18.67,151.04,0.1186,0.9152,0.0
19.59,276.23,0.0608,0.8834,4.645
14.38,53.18,0.1068,0.9087,0.1279
11.76,343.51,0.0847,0.8966,29.2775
8.1,357.26,0.1498,0.9324,38.5806
19.95,415.03,0.1318,0.9225,24.7962
16.97,166.62,0.1059,0.9082,0.0524
12.54,498.87,0.1435,0.9289,51.5725
16.78,462.24,0.1228,0.9175,38.081
18.42,269.7,0.093,0.9012,5.836
16.72,98.96,0.064,0.8852,0.0
6.77,92.1,0.0474,0.8761,1.2406
7.18,225.23,0.0254,0.864,20.0553
6.19,72.66,0.0361,0.8699,0.3544
8.73,387.31,0.0342,0.8688,42.1467
7.92,107.76,0.1467,0.9307,1.0932
15.83,27.9,0.057,0.8813,0.0
6.53,305.58,0.0854,0.897,33.6703
4.09,324.5,0.0782,0.893,40.9702
17.72,82.42,0.0757,0.8916,0.0
3.2,488.3,0.1144,0.9129,67.2982
1.89,324.82,0.1088,0.9098,45.2866
9.27,12.75,0.1019,0.906,0.0006
12.01,333.29,0.1156,0.9136,27.7671
2.68,164.67,0.0523,0.8788,19.5233
10.23,336.38,0.0264,0.8645,31.331
15.92,422.42,0.0459,0.8752,33.6848
1.21,120.09,0.1162,0.9139,15.7531
6.41,42.05,0.1313,0.9222,0.0
2.15,90.45,0.0547,0.8801,9.7606
4.7,228.84,0.1354,0.9245,25.3519
13.91,347.1,0.089,0.899,25.7887
14.18,246.0,0.0621,0.8842,10.2521
8.24,27.5,0.0865,0.8976,0.0
19.55,105.02,0.1146,0.913,0.0
17.05,356.28,0.1162,0.9139,21.5573
14.61,30.03,0.0929,0.9011,0.0
16.91,155.94,0.0922,0.9007,0.247
10.74,39.76,0.1441,0.9293,0.1247
10.65,170.25,0.1099,0.9104,5.8598
11.14,200.46,0.1214,0.9168,9.0623
15.62,222.27,0.1295,0.9212,3.7249
15.8,462.93,0.1148,0.9131,39.7665
15.56,448.78,0.1221,0.9172,38.2641
17.0,496.08,0.121,0.9165,42.6904
13.81,278.18,0.0505,0.8778,16.0183
6.6,204.58,0.0583,0.8821,18.2769
15.34,289.32,0.1396,0.9268,14.3068
17.11,150.76,0.1038,0.9071,0.0
16.02,299.14,0.0685,0.8877,14.8929
1.04,298.9,0.061,0.8835,42.7583
12.55,56.73,0.0905,0.8998,0.0217
18.56,244.18,0.1359,0.9247,1.7029
4.19,146.12,0.1443,0.9294,13.9518
19.0,383.7,0.1022,0.9062,21.8701
7.1,444.02,0.0954,0.9025,53.2786
2.24,328.7,0.0397,0.8718,44.82
13.24,107.22,0.0318,0.8675,0.3076
13.59,468.53,0.0291,0.866,44.8101
16.57,322.0,0.0353,0.8694,17.1831
18.68,359.7,0.0245,0.8635,19.0019
7.34,499.72,0.1147,0.9131,61.2328
13.23,450.4,0.0691,0.888,42.6258
9.43,412.32,0.0475,0.8761,44.2536
4.72,137.94,0.0461,0.8754,11.8069
3.39,209.78,0.0425,0.8734,25.1837
2.04,309.39,0.027,0.8649,42.8701
10.7,412.65,0.0881,0.8985,41.8867
10.63,415.54,0.0959,0.9027,42.4786
8.51,148.47,0.063,0.8846,6.2788
13.1,45.48,0.1205,0.9163,0.0
16.72,372.19,0.1365,0.9251,24.6024
5.21,400.68,0.1041,0.9073,50.4459
9.57,84.81,0.0296,0.8663,0.2281
4.43,489.51,0.0369,0.8703,64.9114
10.86,493.49,0.1402,0.9271,53.7599
18.13,82.33,0.1193,0.9156,0.4114
0.51,19.77,0.0967,0.9032,1.9908
2.81,351.73,0.083,0.8956,47.4275
3.59,326.17,0.106,0.9083,42.0295
6.39,68.84,0.1082,0.9095,0.0
13.41,395.06,0.1317,0.9224,34.1534
12.56,152.92,0.1015,0.9058,0.0
8.34,260.16,0.1002,0.9051,23.16
13.51,415.67,0.0237,0.863,36.8221
3.86,184.56,0.0406,0.8723,20.4195
4.4,172.73,0.0315,0.8673,17.5812
7.84,158.86,0.0565,0.8811,9.3364
10.44,397.13,0.1494,0.9322,39.937
13.18,260.8,0.1028,0.9065,14.2258
14.37,356.69,0.0299,0.8664,26.6105
16.4,309.39,0.039,0.8714,15.7524
6.54,31.2,0.0613,0.8837,0.2461
7.69,126.44,0.0978,0.9038,4.6853
7.14,226.67,0.0562,0.8809,20.167
3.51,180.67,0.0812,0.8947,20.8131
11.34,37.01,0.0494,0.8772,0.0
10.7,359.09,0.1433,0.9288,33.7622
12.31,184.12,0.0548,0.8801,4.5572
7.69,428.54,0.0625,0.8844,49.9445
7.91,118.94,0.0478,0.8763,3.1049
16.51,172.23,0.072,0.8896,0.2348
8.86,239.12,0.0628,0.8845,19.2994
4.15,130.7,0.1206,0.9163,11.9318
2.83,121.55,0.0867,0.8977,12.9572
15.2,275.88,0.1051,0.9078,12.6315
1.58,393.98,0.1229,0.9176,56.4066
11.08,385.32,0.0328,0.868,36.8073
6.73,74.33,0.1254,0.919,0.0
4.01,189.52,0.0554,0.8805,20.6683
6.35,494.36,0.0398,0.8719,62.4322
15.6,369.45,0.0523,0.8788,25.9195
10.73,255.31,0.0534,0.8794,18.3409
1.44,232.38,0.114,0.9127,31.8828
17.21,413.8,0.0283,0.8656,29.6082
19.19,273.34,0.021,0.8615,4.947
18.97,270.04,0.063,0.8846,5.0765
15.25,226.45,0.0761,0.8919,5.534
5.97,14.61,0.12,0.916,0.0
1.33,168.14,0.0806,0.8943,22.5237
10.9,304.09,0.0236,0.863,25.6701
5.35,127.01,0.1219,0.917,8.738
3.27,218.71,0.0644,0.8854,26.6417
18.14,362.36,0.1151,0.9133,20.0895
11.94,20.24,0.0701,0.8886,0.0594
18.36,444.81,0.0674,0.8871,32.0665
11.56,25.0,0.1253,0.9189,0.0
9.12,237.09,0.0257,0.8641,18.4508
14.03,97.06,0.0462,0.8754,0.1929
12.08,401.77,0.1084,0.9096,37.8892
5.87,231.06,0.0976,0.9037,23.5271
6.81,297.21,0.0605,0.8833,31.3197
16.41,120.11,0.0811,0.8946,0.0
2.76,35.76,0.1013,0.9057,0.1037
18.02,293.07,0.1226,0.9174,10.2579
4.94,419.97,0.0393,0.8716,53.9704
8.24,366.37,0.1429,0.9286,39.3946
13.52,164.41,0.0218,0.862,0.0342
4.76,109.28,0.067,0.8869,7.121
9.27,251.98,0.027,0.8649,20.8734
12.61,329.81,0.1009,0.9055,25.8777
12.04,376.05,0.1275,0.9201,33.9186
2.37,319.15,0.0815,0.8948,42.9919
3.3,227.6,0.108,0.9094,27.8323
0.81,438.41,0.0767,0.8922,64.2733
13.1,182.57,0.0692,0.8881,3.1129
19.82,189.49,0.1149,0.9132,0.0
11.62,483.19,0.044,0.8742,50.5408
13.56,266.71,0.0327,0.868,14.4161
16.55,40.63,0.1,0.905,0.2474
4.76,27.65,0.1059,0.9082,0.0301
13.15,56.54,0.1108,0.9109,0.1068
13.54,111.4,0.1499,0.9324,0.0621
12.16,494.4,0.0269,0.8648,51.3366
5.03,252.37,0.1223,0.9173,28.7077
12.84,20.18,0.065,0.8858,0.0695
13.03,285.0,0.0401,0.8721,18.2845
10.1,373.59,0.133,0.9232,37.4175
5.42,45.63,0.1317,0.9224,0.0727
3.35,167.11,0.0926,0.9009,18.5962
12.83,180.73,0.1064,0.9085,2.6267
6.37,307.06,0.1188,0.9153,34.3082
19.87,382.1,0.0232,0.8628,19.8215
19.45,14.74,0.1102,0.9106,0.0
9.68,345.68,0.1474,0.9311,33.5274
4.41,255.8,0.0367,0.8702,30.1056
3.25,257.77,0.1431,0.9287,32.9213
7.2,65.43,0.0799,0.8939,0.1775
19.0,91.21,0.1386,0.9262,0.0
13.23,184.9,0.0803,0.8942,2.7917
11.34,210.0,0.1303,0.9217,10.6163
6.28,66.05,0.1421,0.9282,0.0037
15.26,308.96,0.1493,0.9321,17.6158
11.83,483.72,0.0692,0.8881,50.2051
14.06,259.15,0.0317,0.8674,12.2734
15.46,475.79,0.0788,0.8933,42.2304
2.39,371.25,0.0516,0.8784,51.0849
11.26,99.77,0.059,0.8824,0.0504
2.22,194.77,0.123,0.9176,25.0261
13.32,294.0,0.1156,0.9136,19.2639
12.8,66.55,0.0804,0.8942,0.0846
7.89,259.05,0.1081,0.9095,23.8655
18.52,153.87,0.0345,0.869,0.0382
6.49,21.34,0.1278,0.9203,0.3487
14.36,489.46,0.0825,0.8954,46.5236
13.5,93.51,0.0285,0.8657,0.0
6.37,263.42,0.1315,0.9223,27.2903
5.89,247.43,0.1209,0.9165,25.9393
14.71,20.6,0.105,0.9077,0.0
16.92,419.65,0.0722,0.8897,31.3933
9.14,386.02,0.1252,0.9189,40.6998
7.6,398.37,0.034,0.8687,45.3932
3.6,255.87,0.06,0.883,31.7421
18.83,456.85,0.036,0.8698,33.2031
10.89,279.7,0.038,0.8709,21.6245
14.74,418.53,0.1133,0.9123,35.3778
2.59,39.07,0.0903,0.8997,0.934
14.53,352.89,0.1056,0.9081,25.6524
7.42,11.65,0.1247,0.9186,0.1026
12.74,326.54,0.1403,0.9272,25.049
1.52,262.28,0.0473,0.876,36.5238
7.96,434.51,0.1025,0.9064,50.1997
10.55,229.14,0.1442,0.9293,14.5335
14.69,191.67,0.0612,0.8837,1.2711
8.9,396.29,0.043,0.8736,42.8371
12.21,79.07,0.1116,0.9114,0.3414
17.36,228.21,0.0756,0.8916,1.539
19.41,227.34,0.0919,0.9005,0.0
10.48,207.32,0.0298,0.8664,11.2239
8.59,351.16,0.0785,0.8932,36.5493
3.23,270.83,0.1481,0.9315,34.6441
6.16,110.9,0.1188,0.9153,5.2461
7.04,17.01,0.0931,0.9012,0.0
18.78,125.25,0.0485,0.8767,0.1166
13.39,345.4,0.0958,0.9027,26.5821
13.35,371.98,0.0781,0.893,30.8878
16.39,132.08,0.1112,0.9112,0.0
10.65,392.09,0.0932,0.9013,38.7185
3.26,73.37,0.1224,0.9173,4.565
18.59,271.25,0.1006,0.9053,5.7126
12.49,19.93,0.0757,0.8916,0.0
13.46,224.56,0.061,0.8835,8.4844
15.57,106.71,0.0953,0.9024,0.1257
9.96,451.46,0.1083,0.9096,48.8883
8.87,206.22,0.0878,0.8983,14.4427
7.99,203.13,0.0647,0.8856,15.6227
11.59,243.6,0.0539,0.8796,15.0256
18.87,130.46,0.099,0.9044,0.0
19.99,109.6,0.0293,0.8661,0.0
3.5,301.24,0.0595,0.8827,38.5116
3.44,238.81,0.1244,0.9184,29.5142
0.96,195.27,0.0478,0.8763,27.228
7.9,476.73,0.0908,0.8999,57.0043
16.7,360.29,0.0567,0.8812,22.4914
13.99,361.74,0.0825,0.8954,28.3708
6.94,285.26,0.0274,0.8651,30.0163
1.54,129.54,0.06,0.883,16.3465
18.91,130.62,0.0278,0.8653,0.0
14.52,11.78,0.0832,0.8958,0.0
3.66,209.65,0.085,0.8967,24.3902
11.06,303.78,0.0232,0.8628,24.5541
19.11,205.95,0.1191,0.9155,0.0
5.53,89.48,0.0872,0.898,2.6658
9.85,141.49,0.1037,0.907,2.9391
2.09,418.02,0.1246,0.9185,58.8789
3.49,33.47,0.1148,0.9131,0.0
19.13,97.51,0.1037,0.907,0.409
14.02,201.2,0.113,0.9122,4.1146
11.21,406.7,0.1442,0.9293,40.3081
14.5,429.96,0.1229,0.9176,37.3904
13.53,260.34,0.0953,0.9024,13.4534
10.44,428.97,0.029,0.8659,44.7093
6.46,273.63,0.0726,0.8899,28.7949
14.71,411.24,0.0756,0.8916,34.0187
7.26,19.82,0.04,0.872,0.2382
12.9,387.16,0.1156,0.9136,34.0589
16.75,96.73,0.1183,0.9151,0.0
19.67,77.05,0.0814,0.8948,0.0
15.32,297.71,0.1071,0.9089,15.6975
11.8,487.09,0.146,0.9303,50.8658
16.93,368.73,0.0299,0.8664,23.0066
19.01,244.68,0.0384,0.8711,0.9563
11.9,440.84,0.147,0.9308,43.8636
19.5,86.03,0.103,0.9066,0.1074
14.63,249.63,0.0316,0.8674,10.1612
8.98,457.03,0.1103,0.9107,51.5439
5.12,325.4,0.1157,0.9136,38.9486
15.56,122.03,0.1443,0.9294,0.2332
8.47,289.85,0.1349,0.9242,27.356
15.56,128.5,0.0319,0.8675,0.1901
4.72,327.1,0.1179,0.9148,39.9428
6.46,295.18,0.1173,0.9145,32.056
11.09,344.67,0.0882,0.8985,30.9382
14.83,124.48,0.1478,0.9313,0.0964
2.15,226.91,0.0961,0.9029,29.9935
18.24,346.94,0.0315,0.8673,17.8069
13.81,417.76,0.0641,0.8853,36.5185
6.41,315.91,0.1438,0.9291,35.3798
14.45,189.0,0.057,0.8813,1.3788
8.65,406.43,0.1471,0.9309,44.7071
12.02,434.77,0.0369,0.8703,42.5205
9.73,148.06,0.1203,0.9162,4.2605
17.48,455.2,0.0327,0.868,35.5081
13.94,33.03,0.0297,0.8663,0.1293
5.45,132.44,0.0649,0.8857,9.4317
3.77,15.88,0.1047,0.9076,0.0
1.47,215.6,0.0378,0.8708,29.7571
6.37,193.22,0.0817,0.8949,17.0794
3.69,253.18,0.0762,0.8919,30.9763
10.24,271.63,0.0457,0.8751,21.7767
13.91,489.45,0.1464,0.9305,47.277
19.4,304.31,0.0227,0.8625,8.9994
16.15,322.32,0.1046,0.9075,17.9355
12.69,209.68,0.0859,0.8972,7.4246
12.72,203.52,0.0817,0.8949,6.7905
14.98,91.8,0.1471,0.9309,0.2007
8.84,239.44,0.091,0.9001,19.4028
11.3,118.25,0.1173,0.9145,0.0
10.93,255.01,0.062,0.8841,17.3047
2.73,375.03,0.0202,0.8611,51.1478
4.65,221.63,0.0325,0.8679,24.4737
9.36,26.28,0.0646,0.8855,0.0
5.95,167.99,0.0952,0.9024,13.95
16.77,230.79,0.0814,0.8948,3.1468
13.64,17.74,0.0618,0.884,0.0
8.42,173.59,0.0817,0.8949,10.2629
14.38,187.99,0.0611,0.8836,1.0713
11.23,49.82,0.1186,0.9152,0.0
8.91,273.15,0.1317,0.9224,24.2643
13.85,170.24,0.136,0.9248,0.0
18.88,156.99,0.0334,0.8684,0.0278
7.43,284.2,0.0828,0.8955,28.6835
11.41,481.72,0.1136,0.9125,50.9704
19.52,47.42,0.1376,0.9257,0.0628
2.89,121.25,0.0321,0.8677,12.5511
13.73,399.13,0.0319,0.8675,34.1174
16.49,392.39,0.0666,0.8866,27.8367
8.98,401.92,0.0222,0.8622,43.3973
16.29,282.43,0.1062,0.9084,11.8143
9.6,123.76,0.0928,0.901,0.5402
12.32,253.48,0.1208,0.9164,14.8289
4.16,202.74,0.0372,0.8705,22.6689
6.55,231.33,0.0654,0.886,22.5257
13.23,83.76,0.0252,0.8639,0.0
15.44,412.27,0.0626,0.8844,32.5731
13.43,292.09,0.0942,0.9018,18.8419
19.37,318.07,0.1369,0.9253,11.4367
3.97,124.62,0.0674,0.8871,11.3083
18.62,300.32,0.1253,0.9189,10.1144
6.49,249.37,0.0855,0.897,25.3445
4.15,163.84,0.059,0.8824,17.0964
12.11,283.79,0.1479,0.9313,19.456
1.63,374.21,0.1433,0.9288,53.4303
10.94,351.37,0.147,0.9308,32.0795
8.29,15.12,0.0429,0.8736,0.0
16.6,222.8,0.0811,0.8946,2.0471
17.82,21.19,0.0907,0.8999,0.0
15.1,276.95,0.0332,0.8683,12.8101
3.52,83.82,0.0455,0.875,5.9215
11.65,268.87,0.136,0.9248,18.4697
8.53,81.12,0.0245,0.8635,0.0
14.62,140.19,0.0598,0.8829,0.0
6.72,309.39,0.0889,0.8989,33.5432
17.15,146.32,0.1095,0.9102,0.2023
12.9,448.0,0.0549,0.8802,43.0961
17.7,183.08,0.1359,0.9247,0.0693
0.74,116.67,0.1256,0.9191,15.9597
4.03,271.68,0.0644,0.8854,32.7717
11.87,355.43,0.0836,0.896,30.7163
3.85,73.35,0.1461,0.9304,3.8046
15.56,420.02,0.059,0.8824,33.524
11.68,449.86,0.1253,0.9189,45.8366
13.37,368.53,0.0522,0.8787,30.3005
18.35,103.29,0.0776,0.8927,0.0
4.39,122.24,0.0535,0.8794,10.1256
10.09,260.13,0.0332,0.8683,20.0804
2.24,477.01,0.0881,0.8985,67.5471
16.95,349.84,0.0342,0.8688,20.4092
0.75,276.25,0.1192,0.9156,40.2364
14.49,391.66,0.1063,0.9085,31.6635
19.24,444.55,0.1174,0.9146,30.7267
8.05,140.19,0.1356,0.9246,5.9849
5.15,268.91,0.0974,0.9036,30.4619
7.46,273.22,0.0284,0.8656,27.2743
17.18,469.07,0.1379,0.9258,38.2099
7.74,376.78,0.1461,0.9304,42.4184
14.04,152.55,0.0239,0.8631,0.0434
5.56,470.33,0.1096,0.9103,60.1025
8.66,498.67,0.1223,0.9173,58.6381
10.73,367.32,0.0379,0.8708,34.4203
7.96,40.08,0.1493,0.9321,0.0515
1.45,387.33,0.043,0.8736,55.3768
12.87,87.75,0.0434,0.8739,0.0
13.0,369.51,0.1044,0.9074,31.1415
13.62,29.64,0.1157,0.9136,0.0582
6.09,444.1,0.1008,0.9054,55.2093
19.61,222.13,0.0927,0.901,0.3951
10.68,236.58,0.1418,0.928,15.4589
12.89,257.56,0.1122,0.9117,14.1375
10.24,375.98,0.0792,0.8936,37.0466
12.77,179.85,0.1363,0.925,3.0895
17.35,202.38,0.0515,0.8783,0.0
1.82,408.16,0.1269,0.9198,57.9199
14.82,292.05,0.1248,0.9186,16.142
3.6,333.3,0.1341,0.9238,43.2392
6.17,45.26,0.1185,0.9152,0.2274
4.33,222.31,0.1416,0.9279,25.4471
19.79,307.15,0.0729,0.8901,8.9608
10.64,54.68,0.0246,0.8635,0.0916
9.39,463.85,0.0471,0.8759,52.0058
12.61,345.4,0.0321,0.8677,28.2187
10.72,377.44,0.0895,0.8992,36.2827
12.95,198.66,0.0515,0.8783,5.6694
6.23,28.0,0.1043,0.9074,0.0
6.56,100.97,0.0612,0.8837,2.5247
15.41,466.67,0.0732,0.8903,41.3175
6.74,182.08,0.1437,0.929,14.7587
5.32,412.15,0.0789,0.8934,52.0146
5.64,26.24,0.044,0.8742,0.0
8.96,417.08,0.0483,0.8766,45.5991
1.27,179.74,0.0336,0.8685,24.7082
17.31,203.23,0.1112,0.9112,0.4346
11.4,32.24,0.0964,0.903,0.1606
15.44,432.69,0.1009,0.9055,35.6112
9.31,205.88,0.117,0.9143,13.101
12.65,471.94,0.0886,0.8987,47.2607
16.48,310.14,0.0206,0.8613,15.8338
1.01,310.04,0.0896,0.8993,44.9319
10.7,200.81,0.0574,0.8816,10.1261
5.77,364.47,0.0355,0.8695,44.0534
14.11,206.01,0.0613,0.8837,4.3114
17.0,252.26,0.1114,0.9113,5.4981
10.16,313.82,0.0204,0.8612,28.0418
2.01,335.66,0.0652,0.8859,46.6514
5.94,268.36,0.0264,0.8645,29.265
7.06,425.83,0.1356,0.9246,50.8837
9.9,469.96,0.0948,0.9021,51.6894
13.62,313.12,0.1225,0.9174,21.5365
16.99,130.42,0.1252,0.9189,0.0
2.73,151.44,0.0316,0.8674,17.3636
2.29,444.67,0.1223,0.9173,62.4313
0.73,389.93,0.1295,0.9212,57.0354
17.25,362.51,0.1168,0.9142,22.2905
8.76,351.62,0.1366,0.9251,36.3727
4.61,344.96,0.021,0.8615,43.0784
19.24,66.49,0.1061,0.9084,0.0
13.13,77.14,0.0495,0.8772,0.0
11.95,11.88,0.1027,0.9065,0.0
11.91,113.9,0.0871,0.8979,0.3172
6.34,98.88,0.0292,0.8661,2.9471
5.72,188.13,0.1242,0.9183,17.6728
4.83,39.92,0.0631,0.8847,0.1933
15.09,394.21,0.0929,0.9011,30.7199
11.93,352.47,0.0276,0.8652,31.0004
2.91,260.83,0.0357,0.8696,33.6283
16.07,432.37,0.0626,0.8844,34.786
14.3,419.81,0.036,0.8698,36.0928
11.4,199.07,0.066,0.8863,8.3274
10.03,459.47,0.042,0.8731,50.2733
15.4,439.51,0.1273,0.92,36.7706
10.4,441.3,0.0827,0.8955,46.8374
4.08,304.57,0.0631,0.8847,37.9694
10.18,107.32,0.0406,0.8723,0.0
11.53,409.54,0.086,0.8973,39.4219
11.35,255.2,0.0338,0.8686,16.9562
4.95,418.66,0.1145,0.913,53.1746
14.97,250.22,0.0375,0.8706,9.3007
10.43,166.37,0.1302,0.9216,5.1071
1.82,139.57,0.1478,0.9313,17.9162
9.06,234.49,0.048,0.8764,18.2973
3.62,301.11,0.0877,0.8982,38.3585
0.56,349.16,0.1267,0.9197,51.2129
1.3,26.25,0.1105,0.9108,1.3067
5.14,160.31,0.0363,0.87,14.6316
16.94,35.9,0.142,0.9281,0.0
17.68,420.31,0.0789,0.8934,29.94
14.38,22.46,0.0729,0.8901,0.0
8.66,278.63,0.0848,0.8966,25.6507
0.57,431.87,0.0965,0.9031,63.9419
18.91,38.37,0.0775,0.8926,0.0
11.76,211.68,0.1337,0.9235,9.3201
3.43,398.89,0.0243,0.8634,53.2173
17.72,326.93,0.1427,0.9285,15.9645
12.81,61.81,0.0769,0.8923,0.0
1.05,350.83,0.0976,0.9037,50.4996
3.26,45.61,0.1308,0.9219,0.9144
18.79,132.75,0.0257,0.8641,0.0084
2.39,389.47,0.1286,0.9207,54.2743
8.67,383.95,0.1373,0.9255,41.6958
14.86,374.14,0.1004,0.9052,28.2207
17.91,388.43,0.1077,0.9092,24.5786
14.27,181.81,0.0702,0.8886,0.5653
1.58,172.64,0.1329,0.9231,22.8519
5.79,326.77,0.068,0.8874,37.8512
12.26,371.58,0.0863,0.8975,32.6338
13.19,191.44,0.0582,0.882,3.9238
13.47,21.91,0.1022,0.9062,0.0
18.24,371.99,0.0207,0.8614,21.5346
10.74,476.51,0.0438,0.8741,51.4116
7.77,172.66,0.0627,0.8845,11.2288
8.39,80.56,0.0263,0.8645,0.0
16.82,157.83,0.1433,0.9288,0.0
10.68,92.78,0.0677,0.8872,0.0
9.07,31.52,0.0957,0.9026,0.1512
9.41,199.17,0.1149,0.9132,12.0595
4.0,479.41,0.0447,0.8746,64.2149
5.31,489.53,0.0389,0.8714,63.7489
17.03,331.86,0.0493,0.8771,17.902
16.89,18.01,0.0607,0.8834,0.0
2.37,22.36,0.0743,0.8909,0.0
17.26,212.68,0.0552,0.8804,0.0
14.52,309.34,0.0842,0.8963,19.5242
4.41,25.79,0.1413,0.9277,0.0
19.98,257.0,0.0741,0.8908,1.2978
2.52,26.05,0.0601,0.8831,0.1184
8.72,31.47,0.0221,0.8622,0.2719
19.38,369.31,0.0956,0.9026,19.3418
15.59,295.18,0.0692,0.8881,14.8601
10.69,482.42,0.0858,0.8972,52.5135
17.88,213.57,0.0616,0.8839,0.0
16.47,255.63,0.1094,0.9102,7.5856
13.99,470.48,0.0839,0.8961,44.1705
5.47,468.89,0.0949,0.9022,60.1769
1.67,252.32,0.1273,0.92,34.5053
18.87,394.01,0.0349,0.8692,24.0147
0.57,100.75,0.1258,0.9192,13.8693
19.01,35.48,0.1378,0.9258,0.0
18.67,135.93,0.1495,0.9322,0.0
18.12,404.92,0.0406,0.8723,26.556
5.19,217.41,0.0554,0.8805,22.8344
1.31,496.21,0.0548,0.8801,71.9947
9.88,137.03,0.137,0.9254,1.8145
5.61,299.47,0.1339,0.9236,34.4538
16.73,291.68,0.0648,0.8856,12.7173
9.36,235.96,0.0717,0.8894,17.8789
17.8,109.19,0.1406,0.9273,0.0
8.67,487.63,0.0626,0.8844,56.8493
10.66,118.68,0.1311,0.9221,0.45
4.88,236.04,0.0355,0.8695,26.3855
0.6,327.74,0.0511,0.8781,48.0198
3.09,421.9,0.0225,0.8624,57.343
14.47,439.8,0.1473,0.931,38.9792
11.61,369.44,0.14,0.927,33.5793
2.75,185.68,0.1354,0.9245,22.7906
15.25,103.58,0.0432,0.8738,0.3098
13.24,33.76,0.0996,0.9048,0.0
5.72,72.9,0.1142,0.9128,0.5089
8.78,453.81,0.0214,0.8618,51.8119
18.14,370.55,0.1387,0.9263,21.3222
3.21,303.22,0.0379,0.8708,39.6654
14.62,166.75,0.1319,0.9225,0.2127
12.59,439.98,0.0546,0.88,42.2249
17.15,410.69,0.1123,0.9118,29.3988
13.42,342.61,0.0271,0.8649,25.9633
15.41,318.8,0.0388,0.8713,18.4344
9.86,363.55,0.1422,0.9282,36.1931
11.34,14.15,0.0907,0.8999,0.2014
1.85,25.66,0.0481,0.8765,0.3788
7.91,265.56,0.0919,0.9005,24.6404
16.48,452.51,0.1114,0.9113,36.8688
6.85,120.79,0.1213,0.9167,5.2024
1.42,372.06,0.1284,0.9206,53.1549
15.11,112.68,0.0899,0.8994,0.0939
4.98,105.16,0.0426,0.8734,6.4847
19.01,272.52,0.0684,0.8876,5.0041
13.29,135.44,0.0911,0.9001,0.0
1.49,492.21,0.0601,0.8831,71.1414
12.2,488.01,0.119,0.9154,50.241
15.51,281.32,0.0332,0.8683,13.1253
15.79,485.94,0.0961,0.9029,43.4402
18.33,151.39,0.0613,0.8837,0.1023
1.08,280.57,0.0348,0.8691,40.367
6.98,343.06,0.0306,0.8668,38.551
18.26,331.66,0.0246,0.8635,15.4842
9.0,35.49,0.0386,0.8712,0.0
4.74,13.78,0.0921,0.9007,0.0
6.97,55.27,0.149,0.9319,0.2667
19.29,168.88,0.127,0.9198,0.0
5.13,189.0,0.035,0.8692,18.7724
3.89,80.72,0.1006,0.9053,4.8902
15.27,444.9,0.0511,0.8781,37.7534
13.2,276.2,0.1469,0.9308,16.3568
10.65,469.56,0.1462,0.9304,50.5618
6.41,413.75,0.087,0.8979,50.2487
1.35,247.77,0.1007,0.9054,34.7293
5.44,355.17,0.0892,0.8991,43.2946
10.39,444.51,0.1047,0.9076,47.2106
15.63,163.57,0.1144,0.9129,0.0
8.61,280.92,0.0816,0.8949,26.4308
17.28,260.81,0.075,0.8912,6.3372
6.7,264.67,0.1309,0.922,27.1836
15.46,402.64,0.0599,0.8829,31.5243
3.71,94.72,0.0606,0.8833,7.5019
10.79,262.96,0.0623,0.8843,19.3557
8.51,238.89,0.1179,0.9148,19.9116
5.91,32.06,0.0539,0.8796,0.0
9.48,341.57,0.0957,0.9026,33.4606
11.63,411.7,0.0209,0.8615,39.9685
1.49,344.35,0.1028,0.9065,48.9454
7.96,272.01,0.126,0.9193,26.076
14.65,387.71,0.0895,0.8992,30.8172
5.21,228.18,0.1136,0.9125,24.3394
19.46,355.73,0.0862,0.8974,16.9835
13.83,246.58,0.1385,0.9262,11.1267
